MCC,F1,Precision,Accuracy,Recall,AUROC,AUPRC,Stage,Method,Evaluation,Fold,Threshold,ClassWeight,Sampler,ThresholdMode,HeldOutDrug
0.28888888888888886,0.3333333333333333,0.3333333333333333,0.9166666666666666,0.3333333333333333,0.9197530864197531,0.43953638953638957,A0,A0_no_imbalance,CV,1,0.2,none,none,fixed,
0.16320277505018704,0.16666666666666666,0.3333333333333333,0.9305555555555556,0.1111111111111111,0.9197530864197531,0.43953638953638957,A0,A0_no_imbalance,CV,1,0.5,none,none,fixed,
0.26117157449298234,0.3076923076923077,0.23529411764705882,0.875,0.4444444444444444,0.7641975308641975,0.28138863455080104,A0,A0_no_imbalance,CV,2,0.2,none,none,fixed,
0.32387513781564786,0.2,1.0,0.9444444444444444,0.1111111111111111,0.7641975308641975,0.28138863455080104,A0,A0_no_imbalance,CV,2,0.5,none,none,fixed,
0.31909295994661596,0.36363636363636365,0.3076923076923077,0.9027777777777778,0.4444444444444444,0.9053497942386831,0.4542671835759393,A0,A0_no_imbalance,CV,3,0.2,none,none,fixed,
0.30550504633038933,0.3076923076923077,0.5,0.9375,0.2222222222222222,0.9053497942386831,0.4542671835759393,A0,A0_no_imbalance,CV,3,0.5,none,none,fixed,
0.5096367047620117,0.5185185185185185,0.3888888888888889,0.9097222222222222,0.7777777777777778,0.9436213991769548,0.5857473544973545,A0,A0_no_imbalance,CV,4,0.2,none,none,fixed,
0.48007935851918326,0.46153846153846156,0.75,0.9513888888888888,0.3333333333333333,0.9436213991769548,0.5857473544973545,A0,A0_no_imbalance,CV,4,0.5,none,none,fixed,
0.30261376633440124,0.34782608695652173,0.2857142857142857,0.8958333333333334,0.4444444444444444,0.9082304526748971,0.5610316992500901,A0,A0_no_imbalance,CV,5,0.2,none,none,fixed,
0.48007935851918326,0.46153846153846156,0.75,0.9513888888888888,0.3333333333333333,0.9082304526748971,0.5610316992500901,A0,A0_no_imbalance,CV,5,0.5,none,none,fixed,
0.33734954246999327,0.38095238095238093,0.3333333333333333,0.9097222222222222,0.4444444444444444,0.8189300411522633,0.3671852235258032,A0,A0_no_imbalance,CV,6,0.2,none,none,fixed,
0.36406772895810957,0.3333333333333333,0.6666666666666666,0.9444444444444444,0.2222222222222222,0.8189300411522633,0.3671852235258032,A0,A0_no_imbalance,CV,6,0.5,none,none,fixed,
0.43566760954221007,0.47619047619047616,0.45454545454545453,0.9236111111111112,0.5,0.842910447761194,0.4236269644334161,A0,A0_no_imbalance,CV,7,0.2,none,none,fixed,
0.30611483744878115,0.18181818181818182,1.0,0.9375,0.1,0.842910447761194,0.4236269644334161,A0,A0_no_imbalance,CV,7,0.5,none,none,fixed,
0.43566760954221007,0.47619047619047616,0.45454545454545453,0.9236111111111112,0.5,0.9033582089552239,0.5669361962229609,A0,A0_no_imbalance,CV,8,0.2,none,none,fixed,
0.434433417644404,0.3333333333333333,1.0,0.9444444444444444,0.2,0.9033582089552239,0.5669361962229609,A0,A0_no_imbalance,CV,8,0.5,none,none,fixed,
0.3380419915627369,0.38461538461538464,0.3125,0.8888888888888888,0.5,0.762686567164179,0.4217863053698967,A0,A0_no_imbalance,CV,9,0.2,none,none,fixed,
0.3426866003587208,0.3076923076923077,0.6666666666666666,0.9375,0.2,0.762686567164179,0.4217863053698967,A0,A0_no_imbalance,CV,9,0.5,none,none,fixed,
0.3923576976430904,0.42857142857142855,0.3333333333333333,0.8888888888888888,0.6,0.8861940298507464,0.3076648025177437,A0,A0_no_imbalance,CV,10,0.2,none,none,fixed,
-0.03242040430182119,0.0,0.0,0.9166666666666666,0.0,0.8861940298507464,0.3076648025177437,A0,A0_no_imbalance,CV,10,0.5,none,none,fixed,
0.0841334546665505,0.13333333333333333,0.25,0.8555555555555555,0.09090909090909091,0.6323360184119677,0.22912745535328266,A0,A0_no_imbalance,LOGO,1,0.2,none,none,fixed,Atovaquone
0.17387722105220368,0.15384615384615385,0.5,0.8777777777777778,0.09090909090909091,0.6323360184119677,0.22912745535328266,A0,A0_no_imbalance,LOGO,1,0.5,none,none,fixed,Atovaquone
0.2651439066774996,0.3076923076923077,0.25,0.9,0.4,0.8858823529411765,0.5304615384615385,A0,A0_no_imbalance,LOGO,2,0.2,none,none,fixed,Chlorpromazine_Hcl
0.4370483222197017,0.3333333333333333,1.0,0.9555555555555556,0.2,0.8858823529411765,0.5304615384615385,A0,A0_no_imbalance,LOGO,2,0.5,none,none,fixed,Chlorpromazine_Hcl
0.4083088605285075,0.4,0.2857142857142857,0.9333333333333333,0.6666666666666666,0.9233716475095785,0.3333333333333333,A0,A0_no_imbalance,LOGO,3,0.2,none,none,fixed,Clofazimine
0.39192475766909796,0.4,0.5,0.9666666666666667,0.3333333333333333,0.9233716475095785,0.3333333333333333,A0,A0_no_imbalance,LOGO,3,0.5,none,none,fixed,Clofazimine
0.2618924633082486,0.25,0.16666666666666666,0.9333333333333333,0.5,0.5170454545454545,0.2611111111111111,A0,A0_no_imbalance,LOGO,4,0.2,none,none,fixed,Curcumine
-0.01598006930251483,0.0,0.0,0.9666666666666667,0.0,0.5170454545454545,0.2611111111111111,A0,A0_no_imbalance,LOGO,4,0.5,none,none,fixed,Curcumine
0.059391387091649865,0.13333333333333333,0.16666666666666666,0.8555555555555555,0.1111111111111111,0.6694101508916325,0.20908295646635802,A0,A0_no_imbalance,LOGO,5,0.2,none,none,fixed,Econazole
0.20100756305184242,0.18181818181818182,0.5,0.9,0.1111111111111111,0.6694101508916325,0.20908295646635802,A0,A0_no_imbalance,LOGO,5,0.5,none,none,fixed,Econazole
0.2918001232638926,0.3333333333333333,0.2857142857142857,0.9111111111111111,0.4,0.831764705882353,0.3793074849678624,A0,A0_no_imbalance,LOGO,6,0.2,none,none,fixed,Etravirine
0.29250896965085227,0.2857142857142857,0.5,0.9444444444444444,0.2,0.831764705882353,0.3793074849678624,A0,A0_no_imbalance,LOGO,6,0.5,none,none,fixed,Etravirine
0.5802378669525132,0.5882352941176471,0.8333333333333334,0.9222222222222223,0.45454545454545453,0.8532796317606445,0.6813506582856428,A0,A0_no_imbalance,LOGO,7,0.2,none,none,fixed,Fulvestrant
0.40400883715070857,0.3076923076923077,1.0,0.9,0.18181818181818182,0.8532796317606445,0.6813506582856428,A0,A0_no_imbalance,LOGO,7,0.5,none,none,fixed,Fulvestrant
0.0,0.0,0.0,0.9333333333333333,0.0,,,A0,A0_no_imbalance,LOGO,8,0.2,none,none,fixed,Gefitinib
0.0,0.0,0.0,0.9777777777777777,0.0,,,A0,A0_no_imbalance,LOGO,8,0.5,none,none,fixed,Gefitinib
0.6381991713220434,0.6666666666666666,0.625,0.9444444444444444,0.7142857142857143,0.9561101549053357,0.7612815755672897,A0,A0_no_imbalance,LOGO,9,0.2,none,none,fixed,Lumefantrine
0.5191151312382635,0.4444444444444444,1.0,0.9444444444444444,0.2857142857142857,0.9561101549053357,0.7612815755672897,A0,A0_no_imbalance,LOGO,9,0.5,none,none,fixed,Lumefantrine
0.19025295692965058,0.16666666666666666,0.6666666666666666,0.7777777777777778,0.09523809523809523,0.5948930296756383,0.3384157967007862,A0,A0_no_imbalance,LOGO,10,0.2,none,none,fixed,Nelfinavir
0.27326786250001056,0.17391304347826086,1.0,0.7888888888888889,0.09523809523809523,0.5948930296756383,0.3384157967007862,A0,A0_no_imbalance,LOGO,10,0.5,none,none,fixed,Nelfinavir
-0.036563621206356534,0.0,0.0,0.9222222222222223,0.0,0.8153409090909091,0.08116883116883117,A0,A0_no_imbalance,LOGO,11,0.2,none,none,fixed,Physcion
-0.022727272727272728,0.0,0.0,0.9555555555555556,0.0,0.8153409090909091,0.08116883116883117,A0,A0_no_imbalance,LOGO,11,0.5,none,none,fixed,Physcion
0.0,0.0,0.0,0.9555555555555556,0.0,,,A0,A0_no_imbalance,LOGO,12,0.2,none,none,fixed,Pranlukast
0.0,0.0,0.0,0.9777777777777777,0.0,,,A0,A0_no_imbalance,LOGO,12,0.5,none,none,fixed,Pranlukast
0.5570860145311556,0.5,0.3333333333333333,0.9333333333333333,1.0,1.0,1.0,A0,A0_no_imbalance,LOGO,13,0.2,none,none,fixed,Rapamycin
0.8118441408859887,0.8,1.0,0.9888888888888889,0.6666666666666666,1.0,1.0,A0,A0_no_imbalance,LOGO,13,0.5,none,none,fixed,Rapamycin
0.2857142857142857,0.3333333333333333,0.3333333333333333,0.9111111111111111,0.3333333333333333,0.7797619047619048,0.4327020202020202,A0,A0_no_imbalance,LOGO,14,0.2,none,none,fixed,Rilpivirine
0.39661488976905146,0.2857142857142857,1.0,0.9444444444444444,0.16666666666666666,0.7797619047619048,0.4327020202020202,A0,A0_no_imbalance,LOGO,14,0.5,none,none,fixed,Rilpivirine
0.594515160329885,0.5454545454545454,1.0,0.9444444444444444,0.375,0.8285060975609756,0.6288465007215007,A0,A0_no_imbalance,LOGO,15,0.2,none,none,fixed,Sorafenib
0.339364905854808,0.2222222222222222,1.0,0.9222222222222223,0.125,0.8285060975609756,0.6288465007215007,A0,A0_no_imbalance,LOGO,15,0.5,none,none,fixed,Sorafenib
0.339364905854808,0.2222222222222222,0.125,0.9222222222222223,1.0,0.9887640449438202,0.5,A0,A0_no_imbalance,LOGO,16,0.2,none,none,fixed,Taxol
0.7031230493106524,0.6666666666666666,0.5,0.9888888888888889,1.0,0.9887640449438202,0.5,A0,A0_no_imbalance,LOGO,16,0.5,none,none,fixed,Taxol
0.3808866325636431,0.42105263157894735,0.4,0.9236111111111112,0.4444444444444444,0.8979423868312757,0.4298090798090798,B1,B1_class_weight,CV,1,0.2,balanced,none,fixed,
0.21449799456256347,0.18181818181818182,0.5,0.9375,0.1111111111111111,0.8979423868312757,0.4298090798090798,B1,B1_class_weight,CV,1,0.5,balanced,none,fixed,
0.23354968324845687,0.2857142857142857,0.25,0.8958333333333334,0.3333333333333333,0.7650205761316873,0.3017469570802046,B1,B1_class_weight,CV,2,0.2,balanced,none,fixed,
0.32387513781564786,0.2,1.0,0.9444444444444444,0.1111111111111111,0.7650205761316873,0.3017469570802046,B1,B1_class_weight,CV,2,0.5,balanced,none,fixed,
0.24976635242618936,0.3,0.2727272727272727,0.9027777777777778,0.3333333333333333,0.9160493827160494,0.4547870967493393,B1,B1_class_weight,CV,3,0.2,balanced,none,fixed,
0.0,0.0,0.0,0.9375,0.0,0.9160493827160494,0.4547870967493393,B1,B1_class_weight,CV,3,0.5,balanced,none,fixed,
0.5599539151544296,0.5517241379310345,0.4,0.9097222222222222,0.8888888888888888,0.9436213991769548,0.5190226014938658,B1,B1_class_weight,CV,4,0.2,balanced,none,fixed,
0.48007935851918326,0.46153846153846156,0.75,0.9513888888888888,0.3333333333333333,0.9436213991769548,0.5190226014938658,B1,B1_class_weight,CV,4,0.5,balanced,none,fixed,
0.26117157449298234,0.3076923076923077,0.23529411764705882,0.875,0.4444444444444444,0.8847736625514403,0.46592074657927696,B1,B1_class_weight,CV,5,0.2,balanced,none,fixed,
0.48007935851918326,0.46153846153846156,0.75,0.9513888888888888,0.3333333333333333,0.8847736625514403,0.46592074657927696,B1,B1_class_weight,CV,5,0.5,balanced,none,fixed,
0.33734954246999327,0.38095238095238093,0.3333333333333333,0.9097222222222222,0.4444444444444444,0.8559670781893003,0.46436850834609933,B1,B1_class_weight,CV,6,0.2,balanced,none,fixed,
0.36406772895810957,0.3333333333333333,0.6666666666666666,0.9444444444444444,0.2222222222222222,0.8559670781893003,0.46436850834609933,B1,B1_class_weight,CV,6,0.5,balanced,none,fixed,
0.43566760954221007,0.47619047619047616,0.45454545454545453,0.9236111111111112,0.5,0.8578358208955225,0.46172705314009665,B1,B1_class_weight,CV,7,0.2,balanced,none,fixed,
0.30611483744878115,0.18181818181818182,1.0,0.9375,0.1,0.8578358208955225,0.46172705314009665,B1,B1_class_weight,CV,7,0.5,balanced,none,fixed,
0.371398290485425,0.4166666666666667,0.35714285714285715,0.9027777777777778,0.5,0.9097014925373135,0.5743656573474685,B1,B1_class_weight,CV,8,0.2,balanced,none,fixed,
0.434433417644404,0.3333333333333333,1.0,0.9444444444444444,0.2,0.9097014925373135,0.5743656573474685,B1,B1_class_weight,CV,8,0.5,balanced,none,fixed,
0.39056407060681303,0.43478260869565216,0.38461538461538464,0.9097222222222222,0.5,0.7936567164179104,0.41561805153910414,B1,B1_class_weight,CV,9,0.2,balanced,none,fixed,
0.30611483744878115,0.18181818181818182,1.0,0.9375,0.1,0.7936567164179104,0.41561805153910414,B1,B1_class_weight,CV,9,0.5,balanced,none,fixed,
0.35153060860574914,0.3870967741935484,0.2857142857142857,0.8680555555555556,0.6,0.8798507462686568,0.2908483994296312,B1,B1_class_weight,CV,10,0.2,balanced,none,fixed,
-0.02284439085438665,0.0,0.0,0.9236111111111112,0.0,0.8798507462686568,0.2908483994296312,B1,B1_class_weight,CV,10,0.5,balanced,none,fixed,
0.12185013633258501,0.21052631578947367,0.25,0.8333333333333334,0.18181818181818182,0.666283084004603,0.2360106836082726,B1,B1_class_weight,LOGO,1,0.2,balanced,none,fixed,Atovaquone
0.17387722105220368,0.15384615384615385,0.5,0.8777777777777778,0.09090909090909091,0.666283084004603,0.2360106836082726,B1,B1_class_weight,LOGO,1,0.5,balanced,none,fixed,Atovaquone
0.242535625036333,0.2857142857142857,0.2222222222222222,0.8888888888888888,0.4,0.888235294117647,0.5247826086956522,B1,B1_class_weight,LOGO,2,0.2,balanced,none,fixed,Chlorpromazine_Hcl
0.621581560508061,0.5714285714285714,1.0,0.9666666666666667,0.4,0.888235294117647,0.5247826086956522,B1,B1_class_weight,LOGO,2,0.5,balanced,none,fixed,Chlorpromazine_Hcl
0.377009613867732,0.36363636363636365,0.25,0.9222222222222223,0.6666666666666666,0.9042145593869733,0.321256038647343,B1,B1_class_weight,LOGO,3,0.2,balanced,none,fixed,Clofazimine
0.39192475766909796,0.4,0.5,0.9666666666666667,0.3333333333333333,0.9042145593869733,0.321256038647343,B1,B1_class_weight,LOGO,3,0.5,balanced,none,fixed,Clofazimine
0.20100756305184242,0.18181818181818182,0.1111111111111111,0.9,0.5,0.6704545454545454,0.26639344262295084,B1,B1_class_weight,LOGO,4,0.2,balanced,none,fixed,Curcumine
0.48863636363636365,0.5,0.5,0.9777777777777777,0.5,0.6704545454545454,0.26639344262295084,B1,B1_class_weight,LOGO,4,0.5,balanced,none,fixed,Curcumine
0.11785113019775792,0.21052631578947367,0.2,0.8333333333333334,0.2222222222222222,0.6844993141289437,0.20536063529108384,B1,B1_class_weight,LOGO,5,0.2,balanced,none,fixed,Econazole
0.20100756305184242,0.18181818181818182,0.5,0.9,0.1111111111111111,0.6844993141289437,0.20536063529108384,B1,B1_class_weight,LOGO,5,0.5,balanced,none,fixed,Econazole
0.242535625036333,0.2857142857142857,0.2222222222222222,0.8888888888888888,0.4,0.8741176470588236,0.4035156999862882,B1,B1_class_weight,LOGO,6,0.2,balanced,none,fixed,Etravirine
0.29250896965085227,0.2857142857142857,0.5,0.9444444444444444,0.2,0.8741176470588236,0.4035156999862882,B1,B1_class_weight,LOGO,6,0.5,balanced,none,fixed,Etravirine
0.5802378669525132,0.5882352941176471,0.8333333333333334,0.9222222222222223,0.45454545454545453,0.832566168009206,0.6017261428698378,B1,B1_class_weight,LOGO,7,0.2,balanced,none,fixed,Fulvestrant
0.40400883715070857,0.3076923076923077,1.0,0.9,0.18181818181818182,0.832566168009206,0.6017261428698378,B1,B1_class_weight,LOGO,7,0.5,balanced,none,fixed,Fulvestrant
0.0,0.0,0.0,0.8888888888888888,0.0,,,B1,B1_class_weight,LOGO,8,0.2,balanced,none,fixed,Gefitinib
0.0,0.0,0.0,0.9777777777777777,0.0,,,B1,B1_class_weight,LOGO,8,0.5,balanced,none,fixed,Gefitinib
0.6516029421642824,0.6666666666666666,0.5454545454545454,0.9333333333333333,0.8571428571428571,0.950946643717728,0.7380952380952381,B1,B1_class_weight,LOGO,9,0.2,balanced,none,fixed,Lumefantrine
0.5191151312382635,0.4444444444444444,1.0,0.9444444444444444,0.2857142857142857,0.950946643717728,0.7380952380952381,B1,B1_class_weight,LOGO,9,0.5,balanced,none,fixed,Lumefantrine
-0.008756782291545561,0.13333333333333333,0.2222222222222222,0.7111111111111111,0.09523809523809523,0.6307798481711524,0.355946029034016,B1,B1_class_weight,LOGO,10,0.2,balanced,none,fixed,Nelfinavir
0.27326786250001056,0.17391304347826086,1.0,0.7888888888888889,0.09523809523809523,0.6307798481711524,0.355946029034016,B1,B1_class_weight,LOGO,10,0.5,balanced,none,fixed,Nelfinavir
-0.050251890762960605,0.0,0.0,0.8777777777777778,0.0,0.8863636363636364,0.12692307692307692,B1,B1_class_weight,LOGO,11,0.2,balanced,none,fixed,Physcion
-0.022727272727272728,0.0,0.0,0.9555555555555556,0.0,0.8863636363636364,0.12692307692307692,B1,B1_class_weight,LOGO,11,0.5,balanced,none,fixed,Physcion
0.0,0.0,0.0,0.9,0.0,,,B1,B1_class_weight,LOGO,12,0.2,balanced,none,fixed,Pranlukast
0.0,0.0,0.0,0.9777777777777777,0.0,,,B1,B1_class_weight,LOGO,12,0.5,balanced,none,fixed,Pranlukast
0.6394270834691721,0.6,0.42857142857142855,0.9555555555555556,1.0,0.9961685823754789,0.9166666666666665,B1,B1_class_weight,LOGO,13,0.2,balanced,none,fixed,Rapamycin
0.5708263279047433,0.5,1.0,0.9777777777777777,0.3333333333333333,0.9961685823754789,0.9166666666666665,B1,B1_class_weight,LOGO,13,0.5,balanced,none,fixed,Rapamycin
0.22956556456066263,0.2857142857142857,0.25,0.8888888888888888,0.3333333333333333,0.8353174603174602,0.443560606060606,B1,B1_class_weight,LOGO,14,0.2,balanced,none,fixed,Rilpivirine
0.2618924633082486,0.25,0.5,0.9333333333333333,0.16666666666666666,0.8353174603174602,0.443560606060606,B1,B1_class_weight,LOGO,14,0.5,balanced,none,fixed,Rilpivirine
0.4355935609701779,0.46153846153846156,0.6,0.9222222222222223,0.375,0.8201219512195121,0.6211909983291563,B1,B1_class_weight,LOGO,15,0.2,balanced,none,fixed,Sorafenib
0.339364905854808,0.2222222222222222,1.0,0.9222222222222223,0.125,0.8201219512195121,0.6211909983291563,B1,B1_class_weight,LOGO,15,0.5,balanced,none,fixed,Sorafenib
0.49150079726066076,0.4,0.25,0.9666666666666667,1.0,0.9887640449438202,0.5,B1,B1_class_weight,LOGO,16,0.2,balanced,none,fixed,Taxol
0.7031230493106524,0.6666666666666666,0.5,0.9888888888888889,1.0,0.9887640449438202,0.5,B1,B1_class_weight,LOGO,16,0.5,balanced,none,fixed,Taxol
0.5693582527572367,0.5833333333333334,0.4666666666666667,0.9305555555555556,0.7777777777777778,0.9123456790123456,0.4405239640533758,B2,B2_random_oversampling,CV,1,0.2,none,random_oversampling,fixed,
0.16320277505018704,0.16666666666666666,0.3333333333333333,0.9305555555555556,0.1111111111111111,0.9123456790123456,0.4405239640533758,B2,B2_random_oversampling,CV,1,0.5,none,random_oversampling,fixed,
0.20932080926713992,0.25806451612903225,0.18181818181818182,0.8402777777777778,0.4444444444444444,0.7358024691358025,0.2802854282665279,B2,B2_random_oversampling,CV,2,0.2,none,random_oversampling,fixed,
0.13093073414159542,0.15384615384615385,0.25,0.9236111111111112,0.1111111111111111,0.7358024691358025,0.2802854282665279,B2,B2_random_oversampling,CV,2,0.5,none,random_oversampling,fixed,
0.35008104666080614,0.38461538461538464,0.29411764705882354,0.8888888888888888,0.5555555555555556,0.9267489711934157,0.4347781847781848,B2,B2_random_oversampling,CV,3,0.2,none,random_oversampling,fixed,
0.21449799456256347,0.18181818181818182,0.5,0.9375,0.1111111111111111,0.9267489711934157,0.4347781847781848,B2,B2_random_oversampling,CV,3,0.5,none,random_oversampling,fixed,
0.4735424207422438,0.42857142857142855,0.2727272727272727,0.8333333333333334,1.0,0.9489711934156378,0.608727226800543,B2,B2_random_oversampling,CV,4,0.2,none,random_oversampling,fixed,
0.3418447572008692,0.375,0.42857142857142855,0.9305555555555556,0.3333333333333333,0.9489711934156378,0.608727226800543,B2,B2_random_oversampling,CV,4,0.5,none,random_oversampling,fixed,
0.3572898077295098,0.375,0.2608695652173913,0.8611111111111112,0.6666666666666666,0.8806584362139918,0.5041314328619081,B2,B2_random_oversampling,CV,5,0.2,none,random_oversampling,fixed,
0.3808866325636431,0.42105263157894735,0.4,0.9236111111111112,0.4444444444444444,0.8806584362139918,0.5041314328619081,B2,B2_random_oversampling,CV,5,0.5,none,random_oversampling,fixed,
0.35008104666080614,0.38461538461538464,0.29411764705882354,0.8888888888888888,0.5555555555555556,0.8617283950617284,0.44036796536796535,B2,B2_random_oversampling,CV,6,0.2,none,random_oversampling,fixed,
0.23329882422520504,0.26666666666666666,0.3333333333333333,0.9236111111111112,0.2222222222222222,0.8617283950617284,0.44036796536796535,B2,B2_random_oversampling,CV,6,0.5,none,random_oversampling,fixed,
0.49268041466974277,0.5185185185185185,0.4117647058823529,0.9097222222222222,0.7,0.8511194029850746,0.43059343434343433,B2,B2_random_oversampling,CV,7,0.2,none,random_oversampling,fixed,
0.1514196606236208,0.15384615384615385,0.3333333333333333,0.9236111111111112,0.1,0.8511194029850746,0.43059343434343433,B2,B2_random_oversampling,CV,7,0.5,none,random_oversampling,fixed,
0.32335826738467605,0.37037037037037035,0.29411764705882354,0.8819444444444444,0.5,0.8932835820895523,0.5186912225705329,B2,B2_random_oversampling,CV,8,0.2,none,random_oversampling,fixed,
0.410785239182794,0.4444444444444444,0.5,0.9305555555555556,0.4,0.8932835820895523,0.5186912225705329,B2,B2_random_oversampling,CV,8,0.5,none,random_oversampling,fixed,
0.3923576976430904,0.42857142857142855,0.3333333333333333,0.8888888888888888,0.6,0.7705223880597015,0.324910007233558,B2,B2_random_oversampling,CV,9,0.2,none,random_oversampling,fixed,
0.09740540403328102,0.13333333333333333,0.2,0.9097222222222222,0.1,0.7705223880597015,0.324910007233558,B2,B2_random_oversampling,CV,9,0.5,none,random_oversampling,fixed,
0.348956240887815,0.3684210526315789,0.25,0.8333333333333334,0.7,0.8902985074626866,0.37103964662788186,B2,B2_random_oversampling,CV,10,0.2,none,random_oversampling,fixed,
0.29152500845230545,0.3333333333333333,0.375,0.9166666666666666,0.3,0.8902985074626866,0.37103964662788186,B2,B2_random_oversampling,CV,10,0.5,none,random_oversampling,fixed,
0.06789413118527042,0.18181818181818182,0.18181818181818182,0.8,0.18181818181818182,0.6731875719217492,0.23264129868911232,B2,B2_random_oversampling,LOGO,1,0.2,none,random_oversampling,fixed,Atovaquone
0.11968637508014936,0.14285714285714285,0.3333333333333333,0.8666666666666667,0.09090909090909091,0.6731875719217492,0.23264129868911232,B2,B2_random_oversampling,LOGO,1,0.5,none,random_oversampling,fixed,Atovaquone
0.26784484035643547,0.2857142857142857,0.1875,0.8333333333333334,0.6,0.8858823529411763,0.5180952380952382,B2,B2_random_oversampling,LOGO,2,0.2,none,random_oversampling,fixed,Chlorpromazine_Hcl
0.49541508402214945,0.5,0.6666666666666666,0.9555555555555556,0.4,0.8858823529411763,0.5180952380952382,B2,B2_random_oversampling,LOGO,2,0.5,none,random_oversampling,fixed,Chlorpromazine_Hcl
0.2758556098317158,0.25,0.15384615384615385,0.8666666666666667,0.6666666666666666,0.9042145593869731,0.3416666666666667,B2,B2_random_oversampling,LOGO,3,0.2,none,random_oversampling,fixed,Clofazimine
0.4466625002869186,0.4444444444444444,0.3333333333333333,0.9444444444444444,0.6666666666666666,0.9042145593869731,0.3416666666666667,B2,B2_random_oversampling,LOGO,3,0.5,none,random_oversampling,fixed,Clofazimine
0.1865506268111591,0.16666666666666666,0.1,0.8888888888888888,0.5,0.6704545454545455,0.26666666666666666,B2,B2_random_oversampling,LOGO,4,0.2,none,random_oversampling,fixed,Curcumine
0.333256245490707,0.3333333333333333,0.25,0.9555555555555556,0.5,0.6704545454545455,0.26666666666666666,B2,B2_random_oversampling,LOGO,4,0.5,none,random_oversampling,fixed,Curcumine
0.10176802973291375,0.2,0.18181818181818182,0.8222222222222222,0.2222222222222222,0.6447187928669411,0.19333463659226563,B2,B2_random_oversampling,LOGO,5,0.2,none,random_oversampling,fixed,Econazole
0.08084520834544433,0.14285714285714285,0.2,0.8666666666666667,0.1111111111111111,0.6447187928669411,0.19333463659226563,B2,B2_random_oversampling,LOGO,5,0.5,none,random_oversampling,fixed,Econazole
0.20568643916656965,0.25,0.18181818181818182,0.8666666666666667,0.4,0.8705882352941177,0.4103237303237304,B2,B2_random_oversampling,LOGO,6,0.2,none,random_oversampling,fixed,Etravirine
0.22518867455552247,0.25,0.3333333333333333,0.9333333333333333,0.2,0.8705882352941177,0.4103237303237304,B2,B2_random_oversampling,LOGO,6,0.5,none,random_oversampling,fixed,Etravirine
0.4523893272285285,0.5217391304347826,0.5,0.8777777777777778,0.5454545454545454,0.8785960874568469,0.6600035798245516,B2,B2_random_oversampling,LOGO,7,0.2,none,random_oversampling,fixed,Fulvestrant
0.40400883715070857,0.3076923076923077,1.0,0.9,0.18181818181818182,0.8785960874568469,0.6600035798245516,B2,B2_random_oversampling,LOGO,7,0.5,none,random_oversampling,fixed,Fulvestrant
0.0,0.0,0.0,0.8555555555555555,0.0,,,B2,B2_random_oversampling,LOGO,8,0.2,none,random_oversampling,fixed,Gefitinib
0.0,0.0,0.0,0.9666666666666667,0.0,,,B2,B2_random_oversampling,LOGO,8,0.5,none,random_oversampling,fixed,Gefitinib
0.4597273782867746,0.46153846153846156,0.3157894736842105,0.8444444444444444,0.8571428571428571,0.9483648881239243,0.6960506424792139,B2,B2_random_oversampling,LOGO,9,0.2,none,random_oversampling,fixed,Lumefantrine
0.5191151312382635,0.4444444444444444,1.0,0.9444444444444444,0.2857142857142857,0.9483648881239243,0.6960506424792139,B2,B2_random_oversampling,LOGO,9,0.5,none,random_oversampling,fixed,Lumefantrine
-0.06182446677351863,0.12121212121212122,0.16666666666666666,0.6777777777777778,0.09523809523809523,0.5859213250517599,0.33960869873651583,B2,B2_random_oversampling,LOGO,10,0.2,none,random_oversampling,fixed,Nelfinavir
0.19025295692965058,0.16666666666666666,0.6666666666666666,0.7777777777777778,0.09523809523809523,0.5859213250517599,0.33960869873651583,B2,B2_random_oversampling,LOGO,10,0.5,none,random_oversampling,fixed,Nelfinavir
0.35125008665710444,0.25,0.14285714285714285,0.8666666666666667,1.0,0.8863636363636364,0.12692307692307692,B2,B2_random_oversampling,LOGO,11,0.2,none,random_oversampling,fixed,Physcion
-0.022727272727272728,0.0,0.0,0.9555555555555556,0.0,0.8863636363636364,0.12692307692307692,B2,B2_random_oversampling,LOGO,11,0.5,none,random_oversampling,fixed,Physcion
0.0,0.0,0.0,0.8444444444444444,0.0,,,B2,B2_random_oversampling,LOGO,12,0.2,none,random_oversampling,fixed,Pranlukast
0.0,0.0,0.0,0.9666666666666667,0.0,,,B2,B2_random_oversampling,LOGO,12,0.5,none,random_oversampling,fixed,Pranlukast
0.4326570445821968,0.35294117647058826,0.21428571428571427,0.8777777777777778,1.0,0.996168582375479,0.9166666666666665,B2,B2_random_oversampling,LOGO,13,0.2,none,random_oversampling,fixed,Rapamycin
0.8118441408859887,0.8,1.0,0.9888888888888889,0.6666666666666666,0.996168582375479,0.9166666666666665,B2,B2_random_oversampling,LOGO,13,0.5,none,random_oversampling,fixed,Rapamycin
0.444244616885518,0.47058823529411764,0.36363636363636365,0.9,0.6666666666666666,0.7817460317460317,0.4229947559215852,B2,B2_random_oversampling,LOGO,14,0.2,none,random_oversampling,fixed,Rilpivirine
0.4466625002869186,0.4444444444444444,0.6666666666666666,0.9444444444444444,0.3333333333333333,0.7817460317460317,0.4229947559215852,B2,B2_random_oversampling,LOGO,14,0.5,none,random_oversampling,fixed,Rilpivirine
0.5884146341463414,0.625,0.625,0.9333333333333333,0.625,0.865091463414634,0.6403769841269842,B2,B2_random_oversampling,LOGO,15,0.2,none,random_oversampling,fixed,Sorafenib
0.48265364958171136,0.4,1.0,0.9333333333333333,0.25,0.865091463414634,0.6403769841269842,B2,B2_random_oversampling,LOGO,15,0.5,none,random_oversampling,fixed,Sorafenib
0.2579756308297121,0.14285714285714285,0.07692307692307693,0.8666666666666667,1.0,0.9887640449438201,0.5,B2,B2_random_oversampling,LOGO,16,0.2,none,random_oversampling,fixed,Taxol
0.5708263279047433,0.5,0.3333333333333333,0.9777777777777777,1.0,0.9887640449438201,0.5,B2,B2_random_oversampling,LOGO,16,0.5,none,random_oversampling,fixed,Taxol
0.496286576788418,0.5217391304347826,0.42857142857142855,0.9236111111111112,0.6666666666666666,0.9168724279835391,0.44631142666856954,B3,B3_smote,CV,1,0.2,none,smote,fixed,
0.21449799456256347,0.18181818181818182,0.5,0.9375,0.1111111111111111,0.9168724279835391,0.44631142666856954,B3,B3_smote,CV,1,0.5,none,smote,fixed,
0.3572898077295098,0.375,0.2608695652173913,0.8611111111111112,0.6666666666666666,0.7395061728395061,0.19260433643538144,B3,B3_smote,CV,2,0.2,none,smote,fixed,
0.16320277505018704,0.16666666666666666,0.3333333333333333,0.9305555555555556,0.1111111111111111,0.7395061728395061,0.19260433643538144,B3,B3_smote,CV,2,0.5,none,smote,fixed,
0.3651483716701107,0.4,0.3125,0.8958333333333334,0.5555555555555556,0.917283950617284,0.47412551440329215,B3,B3_smote,CV,3,0.2,none,smote,fixed,
0.36406772895810957,0.3333333333333333,0.6666666666666666,0.9444444444444444,0.2222222222222222,0.917283950617284,0.47412551440329215,B3,B3_smote,CV,3,0.5,none,smote,fixed,
0.4735424207422438,0.42857142857142855,0.2727272727272727,0.8333333333333334,1.0,0.9469135802469136,0.5433851977330237,B3,B3_smote,CV,4,0.2,none,smote,fixed,
0.4211438119119769,0.42857142857142855,0.6,0.9444444444444444,0.3333333333333333,0.9469135802469136,0.5433851977330237,B3,B3_smote,CV,4,0.5,none,smote,fixed,
0.3688033306135322,0.3870967741935484,0.2727272727272727,0.8680555555555556,0.6666666666666666,0.905761316872428,0.4864558229833372,B3,B3_smote,CV,5,0.2,none,smote,fixed,
0.3418447572008692,0.375,0.42857142857142855,0.9305555555555556,0.3333333333333333,0.905761316872428,0.4864558229833372,B3,B3_smote,CV,5,0.5,none,smote,fixed,
0.3231858951238707,0.35714285714285715,0.2631578947368421,0.875,0.5555555555555556,0.8703703703703705,0.5493700493290321,B3,B3_smote,CV,6,0.2,none,smote,fixed,
0.5204358386562267,0.5333333333333333,0.6666666666666666,0.9513888888888888,0.4444444444444444,0.8703703703703705,0.5493700493290321,B3,B3_smote,CV,6,0.5,none,smote,fixed,
0.5575609387559706,0.5714285714285714,0.4444444444444444,0.9166666666666666,0.8,0.8701492537313433,0.48977272727272725,B3,B3_smote,CV,7,0.2,none,smote,fixed,
0.2010065066712914,0.16666666666666666,0.5,0.9305555555555556,0.1,0.8701492537313433,0.48977272727272725,B3,B3_smote,CV,7,0.5,none,smote,fixed,
0.3380419915627369,0.38461538461538464,0.3125,0.8888888888888888,0.5,0.8899253731343283,0.5092924946058507,B3,B3_smote,CV,8,0.2,none,smote,fixed,
0.489871455413899,0.5,0.6666666666666666,0.9444444444444444,0.4,0.8899253731343283,0.5092924946058507,B3,B3_smote,CV,8,0.5,none,smote,fixed,
0.3923576976430904,0.42857142857142855,0.3333333333333333,0.8888888888888888,0.6,0.8145522388059703,0.41119103780007654,B3,B3_smote,CV,9,0.2,none,smote,fixed,
0.3426866003587208,0.3076923076923077,0.6666666666666666,0.9375,0.2,0.8145522388059703,0.41119103780007654,B3,B3_smote,CV,9,0.5,none,smote,fixed,
0.3689109286908117,0.3888888888888889,0.2692307692307692,0.8472222222222222,0.7,0.8914179104477612,0.3129162149559946,B3,B3_smote,CV,10,0.2,none,smote,fixed,
0.07974651599761147,0.125,0.16666666666666666,0.9027777777777778,0.1,0.8914179104477612,0.3129162149559946,B3,B3_smote,CV,10,0.5,none,smote,fixed,
0.039671150637492346,0.16666666666666666,0.15384615384615385,0.7777777777777778,0.18181818181818182,0.6996547756041427,0.23450720985052176,B3,B3_smote,LOGO,1,0.2,none,smote,fixed,Atovaquone
0.11968637508014936,0.14285714285714285,0.3333333333333333,0.8666666666666667,0.09090909090909091,0.6996547756041427,0.23450720985052176,B3,B3_smote,LOGO,1,0.5,none,smote,fixed,Atovaquone
0.37047928681747416,0.3125,0.18518518518518517,0.7555555555555555,1.0,0.9105882352941177,0.5429654403567448,B3,B3_smote,LOGO,2,0.2,none,smote,fixed,Chlorpromazine_Hcl
0.41845262477275313,0.4444444444444444,0.5,0.9444444444444444,0.4,0.9105882352941177,0.5429654403567448,B3,B3_smote,LOGO,2,0.5,none,smote,fixed,Chlorpromazine_Hcl
0.3169381250535249,0.23076923076923078,0.13043478260869565,0.7777777777777778,1.0,0.9022988505747125,0.3053830227743271,B3,B3_smote,LOGO,3,0.2,none,smote,fixed,Clofazimine
0.22518867455552247,0.25,0.2,0.9333333333333333,0.3333333333333333,0.9022988505747125,0.3053830227743271,B3,B3_smote,LOGO,3,0.5,none,smote,fixed,Clofazimine
0.15247779443227905,0.13333333333333333,0.07692307692307693,0.8555555555555555,0.5,0.53125,0.26176470588235295,B3,B3_smote,LOGO,4,0.2,none,smote,fixed,Curcumine
0.333256245490707,0.3333333333333333,0.25,0.9555555555555556,0.5,0.53125,0.26176470588235295,B3,B3_smote,LOGO,4,0.5,none,smote,fixed,Curcumine
0.10176802973291375,0.2,0.18181818181818182,0.8222222222222222,0.2222222222222222,0.6954732510288066,0.206383270953811,B3,B3_smote,LOGO,5,0.2,none,smote,fixed,Econazole
0.10783277320343841,0.15384615384615385,0.25,0.8777777777777778,0.1111111111111111,0.6954732510288066,0.206383270953811,B3,B3_smote,LOGO,5,0.5,none,smote,fixed,Econazole
0.20568643916656965,0.25,0.18181818181818182,0.8666666666666667,0.4,0.888235294117647,0.4114814814814815,B3,B3_smote,LOGO,6,0.2,none,smote,fixed,Etravirine
0.29250896965085227,0.2857142857142857,0.5,0.9444444444444444,0.2,0.888235294117647,0.4114814814814815,B3,B3_smote,LOGO,6,0.5,none,smote,fixed,Etravirine
0.407072118931655,0.4827586206896552,0.3888888888888889,0.8333333333333334,0.6363636363636364,0.8538550057537398,0.6236825747352063,B3,B3_smote,LOGO,7,0.2,none,smote,fixed,Fulvestrant
0.4976433490174631,0.42857142857142855,1.0,0.9111111111111111,0.2727272727272727,0.8538550057537398,0.6236825747352063,B3,B3_smote,LOGO,7,0.5,none,smote,fixed,Fulvestrant
0.0,0.0,0.0,0.8222222222222222,0.0,,,B3,B3_smote,LOGO,8,0.2,none,smote,fixed,Gefitinib
0.0,0.0,0.0,0.9666666666666667,0.0,,,B3,B3_smote,LOGO,8,0.5,none,smote,fixed,Gefitinib
0.37564543510699266,0.375,0.24,0.7777777777777778,0.8571428571428571,0.9087779690189328,0.6711904761904761,B3,B3_smote,LOGO,9,0.2,none,smote,fixed,Lumefantrine
0.4083088605285075,0.4,0.6666666666666666,0.9333333333333333,0.2857142857142857,0.9087779690189328,0.6711904761904761,B3,B3_smote,LOGO,9,0.5,none,smote,fixed,Lumefantrine
-0.045449184511143735,0.125,0.18181818181818182,0.6888888888888889,0.09523809523809523,0.598343685300207,0.34517416189135053,B3,B3_smote,LOGO,10,0.2,none,smote,fixed,Nelfinavir
0.19025295692965058,0.16666666666666666,0.6666666666666666,0.7777777777777778,0.09523809523809523,0.598343685300207,0.34517416189135053,B3,B3_smote,LOGO,10,0.5,none,smote,fixed,Nelfinavir
0.24308621740219888,0.14814814814814814,0.08,0.7444444444444445,1.0,0.8352272727272727,0.11142857142857143,B3,B3_smote,LOGO,11,0.2,none,smote,fixed,Physcion
-0.022727272727272728,0.0,0.0,0.9555555555555556,0.0,0.8352272727272727,0.11142857142857143,B3,B3_smote,LOGO,11,0.5,none,smote,fixed,Physcion
0.0,0.0,0.0,0.8,0.0,,,B3,B3_smote,LOGO,12,0.2,none,smote,fixed,Pranlukast
0.0,0.0,0.0,0.9777777777777777,0.0,,,B3,B3_smote,LOGO,12,0.5,none,smote,fixed,Pranlukast
0.3713906763541037,0.2857142857142857,0.16666666666666666,0.8333333333333334,1.0,1.0,1.0,B3,B3_smote,LOGO,13,0.2,none,smote,fixed,Rapamycin
0.8118441408859887,0.8,1.0,0.9888888888888889,0.6666666666666666,1.0,1.0,B3,B3_smote,LOGO,13,0.5,none,smote,fixed,Rapamycin
0.37689727707306575,0.4,0.2857142857142857,0.8666666666666667,0.6666666666666666,0.8432539682539684,0.4707556935817805,B3,B3_smote,LOGO,14,0.2,none,smote,fixed,Rilpivirine
0.3746537715077527,0.4,0.5,0.9333333333333333,0.3333333333333333,0.8432539682539684,0.4707556935817805,B3,B3_smote,LOGO,14,0.5,none,smote,fixed,Rilpivirine
0.3865103412619629,0.4444444444444444,0.4,0.8888888888888888,0.5,0.7926829268292683,0.5303571813440234,B3,B3_smote,LOGO,15,0.2,none,smote,fixed,Sorafenib
0.48265364958171136,0.4,1.0,0.9333333333333333,0.25,0.7926829268292683,0.5303571813440234,B3,B3_smote,LOGO,15,0.5,none,smote,fixed,Sorafenib
0.22796116365475821,0.11764705882352941,0.0625,0.8333333333333334,1.0,0.9887640449438202,0.5,B3,B3_smote,LOGO,16,0.2,none,smote,fixed,Taxol
0.5708263279047433,0.5,0.3333333333333333,0.9777777777777777,1.0,0.9887640449438202,0.5,B3,B3_smote,LOGO,16,0.5,none,smote,fixed,Taxol
0.3153379712054969,0.2909090909090909,0.17391304347826086,0.7291666666666666,0.8888888888888888,0.9197530864197531,0.43953638953638957,B4,B4_threshold_tuning_only,CV,1,0.05,none,none,sweep,
0.47699777957599565,0.4827586206896552,0.35,0.8958333333333334,0.7777777777777778,0.9197530864197531,0.43953638953638957,B4,B4_threshold_tuning_only,CV,1,0.1,none,none,sweep,
0.46578049506505587,0.5,0.45454545454545453,0.9305555555555556,0.5555555555555556,0.9197530864197531,0.43953638953638957,B4,B4_threshold_tuning_only,CV,1,0.15,none,none,sweep,
0.28888888888888886,0.3333333333333333,0.3333333333333333,0.9166666666666666,0.3333333333333333,0.9197530864197531,0.43953638953638957,B4,B4_threshold_tuning_only,CV,1,0.2,none,none,sweep,
0.23329882422520504,0.26666666666666666,0.3333333333333333,0.9236111111111112,0.2222222222222222,0.9197530864197531,0.43953638953638957,B4,B4_threshold_tuning_only,CV,1,0.25,none,none,sweep,
0.26443913771217153,0.2857142857142857,0.4,0.9305555555555556,0.2222222222222222,0.9197530864197531,0.43953638953638957,B4,B4_threshold_tuning_only,CV,1,0.3,none,none,sweep,
0.26443913771217153,0.2857142857142857,0.4,0.9305555555555556,0.2222222222222222,0.9197530864197531,0.43953638953638957,B4,B4_threshold_tuning_only,CV,1,0.35,none,none,sweep,
0.13093073414159542,0.15384615384615385,0.25,0.9236111111111112,0.1111111111111111,0.9197530864197531,0.43953638953638957,B4,B4_threshold_tuning_only,CV,1,0.4,none,none,sweep,
0.13093073414159542,0.15384615384615385,0.25,0.9236111111111112,0.1111111111111111,0.9197530864197531,0.43953638953638957,B4,B4_threshold_tuning_only,CV,1,0.45,none,none,sweep,
0.16320277505018704,0.16666666666666666,0.3333333333333333,0.9305555555555556,0.1111111111111111,0.9197530864197531,0.43953638953638957,B4,B4_threshold_tuning_only,CV,1,0.5,none,none,sweep,
0.21449799456256347,0.18181818181818182,0.5,0.9375,0.1111111111111111,0.9197530864197531,0.43953638953638957,B4,B4_threshold_tuning_only,CV,1,0.55,none,none,sweep,
0.21449799456256347,0.18181818181818182,0.5,0.9375,0.1111111111111111,0.9197530864197531,0.43953638953638957,B4,B4_threshold_tuning_only,CV,1,0.6,none,none,sweep,
0.21449799456256347,0.18181818181818182,0.5,0.9375,0.1111111111111111,0.9197530864197531,0.43953638953638957,B4,B4_threshold_tuning_only,CV,1,0.65,none,none,sweep,
0.21449799456256347,0.18181818181818182,0.5,0.9375,0.1111111111111111,0.9197530864197531,0.43953638953638957,B4,B4_threshold_tuning_only,CV,1,0.7,none,none,sweep,
0.32387513781564786,0.2,1.0,0.9444444444444444,0.1111111111111111,0.9197530864197531,0.43953638953638957,B4,B4_threshold_tuning_only,CV,1,0.75,none,none,sweep,
0.0,0.0,0.0,0.9375,0.0,0.9197530864197531,0.43953638953638957,B4,B4_threshold_tuning_only,CV,1,0.8,none,none,sweep,
0.0,0.0,0.0,0.9375,0.0,0.9197530864197531,0.43953638953638957,B4,B4_threshold_tuning_only,CV,1,0.85,none,none,sweep,
0.0,0.0,0.0,0.9375,0.0,0.9197530864197531,0.43953638953638957,B4,B4_threshold_tuning_only,CV,1,0.9,none,none,sweep,
0.20765162084726016,0.23076923076923078,0.13953488372093023,0.7222222222222222,0.6666666666666666,0.7641975308641975,0.28138863455080104,B4,B4_threshold_tuning_only,CV,2,0.05,none,none,sweep,
0.29955822878663024,0.3157894736842105,0.20689655172413793,0.8194444444444444,0.6666666666666666,0.7641975308641975,0.28138863455080104,B4,B4_threshold_tuning_only,CV,2,0.1,none,none,sweep,
0.3110855084191276,0.3448275862068966,0.25,0.8680555555555556,0.5555555555555556,0.7641975308641975,0.28138863455080104,B4,B4_threshold_tuning_only,CV,2,0.15,none,none,sweep,
0.26117157449298234,0.3076923076923077,0.23529411764705882,0.875,0.4444444444444444,0.7641975308641975,0.28138863455080104,B4,B4_threshold_tuning_only,CV,2,0.2,none,none,sweep,
0.23354968324845687,0.2857142857142857,0.25,0.8958333333333334,0.3333333333333333,0.7641975308641975,0.28138863455080104,B4,B4_threshold_tuning_only,CV,2,0.25,none,none,sweep,
0.17037037037037037,0.2222222222222222,0.2222222222222222,0.9027777777777778,0.2222222222222222,0.7641975308641975,0.28138863455080104,B4,B4_threshold_tuning_only,CV,2,0.3,none,none,sweep,
0.1077344635123662,0.14285714285714285,0.2,0.9166666666666666,0.1111111111111111,0.7641975308641975,0.28138863455080104,B4,B4_threshold_tuning_only,CV,2,0.35,none,none,sweep,
0.13093073414159542,0.15384615384615385,0.25,0.9236111111111112,0.1111111111111111,0.7641975308641975,0.28138863455080104,B4,B4_threshold_tuning_only,CV,2,0.4,none,none,sweep,
0.32387513781564786,0.2,1.0,0.9444444444444444,0.1111111111111111,0.7641975308641975,0.28138863455080104,B4,B4_threshold_tuning_only,CV,2,0.45,none,none,sweep,
0.32387513781564786,0.2,1.0,0.9444444444444444,0.1111111111111111,0.7641975308641975,0.28138863455080104,B4,B4_threshold_tuning_only,CV,2,0.5,none,none,sweep,
0.0,0.0,0.0,0.9375,0.0,0.7641975308641975,0.28138863455080104,B4,B4_threshold_tuning_only,CV,2,0.55,none,none,sweep,
0.0,0.0,0.0,0.9375,0.0,0.7641975308641975,0.28138863455080104,B4,B4_threshold_tuning_only,CV,2,0.6,none,none,sweep,
0.0,0.0,0.0,0.9375,0.0,0.7641975308641975,0.28138863455080104,B4,B4_threshold_tuning_only,CV,2,0.65,none,none,sweep,
0.0,0.0,0.0,0.9375,0.0,0.7641975308641975,0.28138863455080104,B4,B4_threshold_tuning_only,CV,2,0.7,none,none,sweep,
0.0,0.0,0.0,0.9375,0.0,0.7641975308641975,0.28138863455080104,B4,B4_threshold_tuning_only,CV,2,0.75,none,none,sweep,
0.0,0.0,0.0,0.9375,0.0,0.7641975308641975,0.28138863455080104,B4,B4_threshold_tuning_only,CV,2,0.8,none,none,sweep,
0.0,0.0,0.0,0.9375,0.0,0.7641975308641975,0.28138863455080104,B4,B4_threshold_tuning_only,CV,2,0.85,none,none,sweep,
0.0,0.0,0.0,0.9375,0.0,0.7641975308641975,0.28138863455080104,B4,B4_threshold_tuning_only,CV,2,0.9,none,none,sweep,
0.3522819383711917,0.32653061224489793,0.2,0.7708333333333334,0.8888888888888888,0.9053497942386831,0.4542671835759393,B4,B4_threshold_tuning_only,CV,3,0.05,none,none,sweep,
0.40088992702996357,0.4,0.2692307692307692,0.8541666666666666,0.7777777777777778,0.9053497942386831,0.4542671835759393,B4,B4_threshold_tuning_only,CV,3,0.1,none,none,sweep,
0.35008104666080614,0.38461538461538464,0.29411764705882354,0.8888888888888888,0.5555555555555556,0.9053497942386831,0.4542671835759393,B4,B4_threshold_tuning_only,CV,3,0.15,none,none,sweep,
0.31909295994661596,0.36363636363636365,0.3076923076923077,0.9027777777777778,0.4444444444444444,0.9053497942386831,0.4542671835759393,B4,B4_threshold_tuning_only,CV,3,0.2,none,none,sweep,
0.3808866325636431,0.42105263157894735,0.4,0.9236111111111112,0.4444444444444444,0.9053497942386831,0.4542671835759393,B4,B4_threshold_tuning_only,CV,3,0.25,none,none,sweep,
0.23329882422520504,0.26666666666666666,0.3333333333333333,0.9236111111111112,0.2222222222222222,0.9053497942386831,0.4542671835759393,B4,B4_threshold_tuning_only,CV,3,0.3,none,none,sweep,
0.26443913771217153,0.2857142857142857,0.4,0.9305555555555556,0.2222222222222222,0.9053497942386831,0.4542671835759393,B4,B4_threshold_tuning_only,CV,3,0.35,none,none,sweep,
0.26443913771217153,0.2857142857142857,0.4,0.9305555555555556,0.2222222222222222,0.9053497942386831,0.4542671835759393,B4,B4_threshold_tuning_only,CV,3,0.4,none,none,sweep,
0.26443913771217153,0.2857142857142857,0.4,0.9305555555555556,0.2222222222222222,0.9053497942386831,0.4542671835759393,B4,B4_threshold_tuning_only,CV,3,0.45,none,none,sweep,
0.30550504633038933,0.3076923076923077,0.5,0.9375,0.2222222222222222,0.9053497942386831,0.4542671835759393,B4,B4_threshold_tuning_only,CV,3,0.5,none,none,sweep,
0.30550504633038933,0.3076923076923077,0.5,0.9375,0.2222222222222222,0.9053497942386831,0.4542671835759393,B4,B4_threshold_tuning_only,CV,3,0.55,none,none,sweep,
0.32387513781564786,0.2,1.0,0.9444444444444444,0.1111111111111111,0.9053497942386831,0.4542671835759393,B4,B4_threshold_tuning_only,CV,3,0.6,none,none,sweep,
0.32387513781564786,0.2,1.0,0.9444444444444444,0.1111111111111111,0.9053497942386831,0.4542671835759393,B4,B4_threshold_tuning_only,CV,3,0.65,none,none,sweep,
0.0,0.0,0.0,0.9375,0.0,0.9053497942386831,0.4542671835759393,B4,B4_threshold_tuning_only,CV,3,0.7,none,none,sweep,
0.0,0.0,0.0,0.9375,0.0,0.9053497942386831,0.4542671835759393,B4,B4_threshold_tuning_only,CV,3,0.75,none,none,sweep,
0.0,0.0,0.0,0.9375,0.0,0.9053497942386831,0.4542671835759393,B4,B4_threshold_tuning_only,CV,3,0.8,none,none,sweep,
0.0,0.0,0.0,0.9375,0.0,0.9053497942386831,0.4542671835759393,B4,B4_threshold_tuning_only,CV,3,0.85,none,none,sweep,
0.0,0.0,0.0,0.9375,0.0,0.9053497942386831,0.4542671835759393,B4,B4_threshold_tuning_only,CV,3,0.9,none,none,sweep,
0.3236694374850748,0.27692307692307694,0.16071428571428573,0.6736111111111112,1.0,0.9436213991769548,0.5857473544973545,B4,B4_threshold_tuning_only,CV,4,0.05,none,none,sweep,
0.447213595499958,0.4,0.25,0.8125,1.0,0.9436213991769548,0.5857473544973545,B4,B4_threshold_tuning_only,CV,4,0.1,none,none,sweep,
0.4754740995006545,0.45714285714285713,0.3076923076923077,0.8680555555555556,0.8888888888888888,0.9436213991769548,0.5857473544973545,B4,B4_threshold_tuning_only,CV,4,0.15,none,none,sweep,
0.5096367047620117,0.5185185185185185,0.3888888888888889,0.9097222222222222,0.7777777777777778,0.9436213991769548,0.5857473544973545,B4,B4_threshold_tuning_only,CV,4,0.2,none,none,sweep,
0.3994501715614096,0.43478260869565216,0.35714285714285715,0.9097222222222222,0.5555555555555556,0.9436213991769548,0.5857473544973545,B4,B4_threshold_tuning_only,CV,4,0.25,none,none,sweep,
0.33734954246999327,0.38095238095238093,0.3333333333333333,0.9097222222222222,0.4444444444444444,0.9436213991769548,0.5857473544973545,B4,B4_threshold_tuning_only,CV,4,0.3,none,none,sweep,
0.3768673314407158,0.4,0.5,0.9375,0.3333333333333333,0.9436213991769548,0.5857473544973545,B4,B4_threshold_tuning_only,CV,4,0.35,none,none,sweep,
0.48007935851918326,0.46153846153846156,0.75,0.9513888888888888,0.3333333333333333,0.9436213991769548,0.5857473544973545,B4,B4_threshold_tuning_only,CV,4,0.4,none,none,sweep,
0.48007935851918326,0.46153846153846156,0.75,0.9513888888888888,0.3333333333333333,0.9436213991769548,0.5857473544973545,B4,B4_threshold_tuning_only,CV,4,0.45,none,none,sweep,
0.48007935851918326,0.46153846153846156,0.75,0.9513888888888888,0.3333333333333333,0.9436213991769548,0.5857473544973545,B4,B4_threshold_tuning_only,CV,4,0.5,none,none,sweep,
0.48007935851918326,0.46153846153846156,0.75,0.9513888888888888,0.3333333333333333,0.9436213991769548,0.5857473544973545,B4,B4_threshold_tuning_only,CV,4,0.55,none,none,sweep,
0.48007935851918326,0.46153846153846156,0.75,0.9513888888888888,0.3333333333333333,0.9436213991769548,0.5857473544973545,B4,B4_threshold_tuning_only,CV,4,0.6,none,none,sweep,
0.48007935851918326,0.46153846153846156,0.75,0.9513888888888888,0.3333333333333333,0.9436213991769548,0.5857473544973545,B4,B4_threshold_tuning_only,CV,4,0.65,none,none,sweep,
0.4596385597769217,0.36363636363636365,1.0,0.9513888888888888,0.2222222222222222,0.9436213991769548,0.5857473544973545,B4,B4_threshold_tuning_only,CV,4,0.7,none,none,sweep,
0.0,0.0,0.0,0.9375,0.0,0.9436213991769548,0.5857473544973545,B4,B4_threshold_tuning_only,CV,4,0.75,none,none,sweep,
0.0,0.0,0.0,0.9375,0.0,0.9436213991769548,0.5857473544973545,B4,B4_threshold_tuning_only,CV,4,0.8,none,none,sweep,
0.0,0.0,0.0,0.9375,0.0,0.9436213991769548,0.5857473544973545,B4,B4_threshold_tuning_only,CV,4,0.85,none,none,sweep,
0.0,0.0,0.0,0.9375,0.0,0.9436213991769548,0.5857473544973545,B4,B4_threshold_tuning_only,CV,4,0.9,none,none,sweep,
0.41633319989322654,0.3673469387755102,0.225,0.7847222222222222,1.0,0.9082304526748971,0.5610316992500901,B4,B4_threshold_tuning_only,CV,5,0.05,none,none,sweep,
0.3263057545592727,0.34285714285714286,0.23076923076923078,0.8402777777777778,0.6666666666666666,0.9082304526748971,0.5610316992500901,B4,B4_threshold_tuning_only,CV,5,0.1,none,none,sweep,
0.3940416439975616,0.41379310344827586,0.3,0.8819444444444444,0.6666666666666666,0.9082304526748971,0.5610316992500901,B4,B4_threshold_tuning_only,CV,5,0.15,none,none,sweep,
0.30261376633440124,0.34782608695652173,0.2857142857142857,0.8958333333333334,0.4444444444444444,0.9082304526748971,0.5610316992500901,B4,B4_threshold_tuning_only,CV,5,0.2,none,none,sweep,
0.3808866325636431,0.42105263157894735,0.4,0.9236111111111112,0.4444444444444444,0.9082304526748971,0.5610316992500901,B4,B4_threshold_tuning_only,CV,5,0.25,none,none,sweep,
0.4383570037596046,0.47058823529411764,0.5,0.9375,0.4444444444444444,0.9082304526748971,0.5610316992500901,B4,B4_threshold_tuning_only,CV,5,0.3,none,none,sweep,
0.4383570037596046,0.47058823529411764,0.5,0.9375,0.4444444444444444,0.9082304526748971,0.5610316992500901,B4,B4_threshold_tuning_only,CV,5,0.35,none,none,sweep,
0.5204358386562267,0.5333333333333333,0.6666666666666666,0.9513888888888888,0.4444444444444444,0.9082304526748971,0.5610316992500901,B4,B4_threshold_tuning_only,CV,5,0.4,none,none,sweep,
0.48007935851918326,0.46153846153846156,0.75,0.9513888888888888,0.3333333333333333,0.9082304526748971,0.5610316992500901,B4,B4_threshold_tuning_only,CV,5,0.45,none,none,sweep,
0.48007935851918326,0.46153846153846156,0.75,0.9513888888888888,0.3333333333333333,0.9082304526748971,0.5610316992500901,B4,B4_threshold_tuning_only,CV,5,0.5,none,none,sweep,
0.4596385597769217,0.36363636363636365,1.0,0.9513888888888888,0.2222222222222222,0.9082304526748971,0.5610316992500901,B4,B4_threshold_tuning_only,CV,5,0.55,none,none,sweep,
0.32387513781564786,0.2,1.0,0.9444444444444444,0.1111111111111111,0.9082304526748971,0.5610316992500901,B4,B4_threshold_tuning_only,CV,5,0.6,none,none,sweep,
0.32387513781564786,0.2,1.0,0.9444444444444444,0.1111111111111111,0.9082304526748971,0.5610316992500901,B4,B4_threshold_tuning_only,CV,5,0.65,none,none,sweep,
0.32387513781564786,0.2,1.0,0.9444444444444444,0.1111111111111111,0.9082304526748971,0.5610316992500901,B4,B4_threshold_tuning_only,CV,5,0.7,none,none,sweep,
0.32387513781564786,0.2,1.0,0.9444444444444444,0.1111111111111111,0.9082304526748971,0.5610316992500901,B4,B4_threshold_tuning_only,CV,5,0.75,none,none,sweep,
0.32387513781564786,0.2,1.0,0.9444444444444444,0.1111111111111111,0.9082304526748971,0.5610316992500901,B4,B4_threshold_tuning_only,CV,5,0.8,none,none,sweep,
0.0,0.0,0.0,0.9375,0.0,0.9082304526748971,0.5610316992500901,B4,B4_threshold_tuning_only,CV,5,0.85,none,none,sweep,
0.0,0.0,0.0,0.9375,0.0,0.9082304526748971,0.5610316992500901,B4,B4_threshold_tuning_only,CV,5,0.9,none,none,sweep,
0.30105189084243933,0.2978723404255319,0.18421052631578946,0.7708333333333334,0.7777777777777778,0.8189300411522633,0.3671852235258032,B4,B4_threshold_tuning_only,CV,6,0.05,none,none,sweep,
0.3572898077295098,0.375,0.2608695652173913,0.8611111111111112,0.6666666666666666,0.8189300411522633,0.3671852235258032,B4,B4_threshold_tuning_only,CV,6,0.1,none,none,sweep,
0.3651483716701107,0.4,0.3125,0.8958333333333334,0.5555555555555556,0.8189300411522633,0.3671852235258032,B4,B4_threshold_tuning_only,CV,6,0.15,none,none,sweep,
0.33734954246999327,0.38095238095238093,0.3333333333333333,0.9097222222222222,0.4444444444444444,0.8189300411522633,0.3671852235258032,B4,B4_threshold_tuning_only,CV,6,0.2,none,none,sweep,
0.3577734237456226,0.4,0.36363636363636365,0.9166666666666666,0.4444444444444444,0.8189300411522633,0.3671852235258032,B4,B4_threshold_tuning_only,CV,6,0.25,none,none,sweep,
0.3418447572008692,0.375,0.42857142857142855,0.9305555555555556,0.3333333333333333,0.8189300411522633,0.3671852235258032,B4,B4_threshold_tuning_only,CV,6,0.3,none,none,sweep,
0.3418447572008692,0.375,0.42857142857142855,0.9305555555555556,0.3333333333333333,0.8189300411522633,0.3671852235258032,B4,B4_threshold_tuning_only,CV,6,0.35,none,none,sweep,
0.3768673314407158,0.4,0.5,0.9375,0.3333333333333333,0.8189300411522633,0.3671852235258032,B4,B4_threshold_tuning_only,CV,6,0.4,none,none,sweep,
0.30550504633038933,0.3076923076923077,0.5,0.9375,0.2222222222222222,0.8189300411522633,0.3671852235258032,B4,B4_threshold_tuning_only,CV,6,0.45,none,none,sweep,
0.36406772895810957,0.3333333333333333,0.6666666666666666,0.9444444444444444,0.2222222222222222,0.8189300411522633,0.3671852235258032,B4,B4_threshold_tuning_only,CV,6,0.5,none,none,sweep,
0.36406772895810957,0.3333333333333333,0.6666666666666666,0.9444444444444444,0.2222222222222222,0.8189300411522633,0.3671852235258032,B4,B4_threshold_tuning_only,CV,6,0.55,none,none,sweep,
0.36406772895810957,0.3333333333333333,0.6666666666666666,0.9444444444444444,0.2222222222222222,0.8189300411522633,0.3671852235258032,B4,B4_threshold_tuning_only,CV,6,0.6,none,none,sweep,
0.21449799456256347,0.18181818181818182,0.5,0.9375,0.1111111111111111,0.8189300411522633,0.3671852235258032,B4,B4_threshold_tuning_only,CV,6,0.65,none,none,sweep,
-0.021591675854376526,0.0,0.0,0.9305555555555556,0.0,0.8189300411522633,0.3671852235258032,B4,B4_threshold_tuning_only,CV,6,0.7,none,none,sweep,
0.0,0.0,0.0,0.9375,0.0,0.8189300411522633,0.3671852235258032,B4,B4_threshold_tuning_only,CV,6,0.75,none,none,sweep,
0.0,0.0,0.0,0.9375,0.0,0.8189300411522633,0.3671852235258032,B4,B4_threshold_tuning_only,CV,6,0.8,none,none,sweep,
0.0,0.0,0.0,0.9375,0.0,0.8189300411522633,0.3671852235258032,B4,B4_threshold_tuning_only,CV,6,0.85,none,none,sweep,
0.0,0.0,0.0,0.9375,0.0,0.8189300411522633,0.3671852235258032,B4,B4_threshold_tuning_only,CV,6,0.9,none,none,sweep,
0.3322922177097534,0.3333333333333333,0.21052631578947367,0.7777777777777778,0.8,0.842910447761194,0.4236269644334161,B4,B4_threshold_tuning_only,CV,7,0.05,none,none,sweep,
0.364241847204154,0.4,0.3,0.875,0.6,0.842910447761194,0.4236269644334161,B4,B4_threshold_tuning_only,CV,7,0.1,none,none,sweep,
0.4434098413434328,0.48,0.4,0.9097222222222222,0.6,0.842910447761194,0.4236269644334161,B4,B4_threshold_tuning_only,CV,7,0.15,none,none,sweep,
0.43566760954221007,0.47619047619047616,0.45454545454545453,0.9236111111111112,0.5,0.842910447761194,0.4236269644334161,B4,B4_threshold_tuning_only,CV,7,0.2,none,none,sweep,
0.3531631422751365,0.375,0.5,0.9305555555555556,0.3,0.842910447761194,0.4236269644334161,B4,B4_threshold_tuning_only,CV,7,0.25,none,none,sweep,
0.1514196606236208,0.15384615384615385,0.3333333333333333,0.9236111111111112,0.1,0.842910447761194,0.4236269644334161,B4,B4_threshold_tuning_only,CV,7,0.3,none,none,sweep,
0.1514196606236208,0.15384615384615385,0.3333333333333333,0.9236111111111112,0.1,0.842910447761194,0.4236269644334161,B4,B4_threshold_tuning_only,CV,7,0.35,none,none,sweep,
0.2010065066712914,0.16666666666666666,0.5,0.9305555555555556,0.1,0.842910447761194,0.4236269644334161,B4,B4_threshold_tuning_only,CV,7,0.4,none,none,sweep,
0.2010065066712914,0.16666666666666666,0.5,0.9305555555555556,0.1,0.842910447761194,0.4236269644334161,B4,B4_threshold_tuning_only,CV,7,0.45,none,none,sweep,
0.30611483744878115,0.18181818181818182,1.0,0.9375,0.1,0.842910447761194,0.4236269644334161,B4,B4_threshold_tuning_only,CV,7,0.5,none,none,sweep,
0.30611483744878115,0.18181818181818182,1.0,0.9375,0.1,0.842910447761194,0.4236269644334161,B4,B4_threshold_tuning_only,CV,7,0.55,none,none,sweep,
0.30611483744878115,0.18181818181818182,1.0,0.9375,0.1,0.842910447761194,0.4236269644334161,B4,B4_threshold_tuning_only,CV,7,0.6,none,none,sweep,
0.0,0.0,0.0,0.9305555555555556,0.0,0.842910447761194,0.4236269644334161,B4,B4_threshold_tuning_only,CV,7,0.65,none,none,sweep,
0.0,0.0,0.0,0.9305555555555556,0.0,0.842910447761194,0.4236269644334161,B4,B4_threshold_tuning_only,CV,7,0.7,none,none,sweep,
0.0,0.0,0.0,0.9305555555555556,0.0,0.842910447761194,0.4236269644334161,B4,B4_threshold_tuning_only,CV,7,0.75,none,none,sweep,
0.0,0.0,0.0,0.9305555555555556,0.0,0.842910447761194,0.4236269644334161,B4,B4_threshold_tuning_only,CV,7,0.8,none,none,sweep,
0.0,0.0,0.0,0.9305555555555556,0.0,0.842910447761194,0.4236269644334161,B4,B4_threshold_tuning_only,CV,7,0.85,none,none,sweep,
0.0,0.0,0.0,0.9305555555555556,0.0,0.842910447761194,0.4236269644334161,B4,B4_threshold_tuning_only,CV,7,0.9,none,none,sweep,
0.4100721936197327,0.391304347826087,0.25,0.8055555555555556,0.9,0.9033582089552239,0.5669361962229609,B4,B4_threshold_tuning_only,CV,8,0.05,none,none,sweep,
0.4249670751074407,0.46153846153846156,0.375,0.9027777777777778,0.6,0.9033582089552239,0.5669361962229609,B4,B4_threshold_tuning_only,CV,8,0.1,none,none,sweep,
0.4118331129111584,0.45454545454545453,0.4166666666666667,0.9166666666666666,0.5,0.9033582089552239,0.5669361962229609,B4,B4_threshold_tuning_only,CV,8,0.15,none,none,sweep,
0.43566760954221007,0.47619047619047616,0.45454545454545453,0.9236111111111112,0.5,0.9033582089552239,0.5669361962229609,B4,B4_threshold_tuning_only,CV,8,0.2,none,none,sweep,
0.44636364366847076,0.47058823529411764,0.5714285714285714,0.9375,0.4,0.9033582089552239,0.5669361962229609,B4,B4_threshold_tuning_only,CV,8,0.25,none,none,sweep,
0.489871455413899,0.5,0.6666666666666666,0.9444444444444444,0.4,0.9033582089552239,0.5669361962229609,B4,B4_threshold_tuning_only,CV,8,0.3,none,none,sweep,
0.39583898234801435,0.4,0.6,0.9375,0.3,0.9033582089552239,0.5669361962229609,B4,B4_threshold_tuning_only,CV,8,0.35,none,none,sweep,
0.39583898234801435,0.4,0.6,0.9375,0.3,0.9033582089552239,0.5669361962229609,B4,B4_threshold_tuning_only,CV,8,0.4,none,none,sweep,
0.5339535400938208,0.46153846153846156,1.0,0.9513888888888888,0.3,0.9033582089552239,0.5669361962229609,B4,B4_threshold_tuning_only,CV,8,0.45,none,none,sweep,
0.434433417644404,0.3333333333333333,1.0,0.9444444444444444,0.2,0.9033582089552239,0.5669361962229609,B4,B4_threshold_tuning_only,CV,8,0.5,none,none,sweep,
0.434433417644404,0.3333333333333333,1.0,0.9444444444444444,0.2,0.9033582089552239,0.5669361962229609,B4,B4_threshold_tuning_only,CV,8,0.55,none,none,sweep,
0.434433417644404,0.3333333333333333,1.0,0.9444444444444444,0.2,0.9033582089552239,0.5669361962229609,B4,B4_threshold_tuning_only,CV,8,0.6,none,none,sweep,
0.0,0.0,0.0,0.9305555555555556,0.0,0.9033582089552239,0.5669361962229609,B4,B4_threshold_tuning_only,CV,8,0.65,none,none,sweep,
0.0,0.0,0.0,0.9305555555555556,0.0,0.9033582089552239,0.5669361962229609,B4,B4_threshold_tuning_only,CV,8,0.7,none,none,sweep,
0.0,0.0,0.0,0.9305555555555556,0.0,0.9033582089552239,0.5669361962229609,B4,B4_threshold_tuning_only,CV,8,0.75,none,none,sweep,
0.0,0.0,0.0,0.9305555555555556,0.0,0.9033582089552239,0.5669361962229609,B4,B4_threshold_tuning_only,CV,8,0.8,none,none,sweep,
0.0,0.0,0.0,0.9305555555555556,0.0,0.9033582089552239,0.5669361962229609,B4,B4_threshold_tuning_only,CV,8,0.85,none,none,sweep,
0.0,0.0,0.0,0.9305555555555556,0.0,0.9033582089552239,0.5669361962229609,B4,B4_threshold_tuning_only,CV,8,0.9,none,none,sweep,
0.2910222695700999,0.3111111111111111,0.2,0.7847222222222222,0.7,0.762686567164179,0.4217863053698967,B4,B4_threshold_tuning_only,CV,9,0.05,none,none,sweep,
0.41551103542195067,0.4375,0.3181818181818182,0.875,0.7,0.762686567164179,0.4217863053698967,B4,B4_threshold_tuning_only,CV,9,0.1,none,none,sweep,
0.37781195004839585,0.41379310344827586,0.3157894736842105,0.8819444444444444,0.6,0.762686567164179,0.4217863053698967,B4,B4_threshold_tuning_only,CV,9,0.15,none,none,sweep,
0.3380419915627369,0.38461538461538464,0.3125,0.8888888888888888,0.5,0.762686567164179,0.4217863053698967,B4,B4_threshold_tuning_only,CV,9,0.2,none,none,sweep,
0.35398264645063965,0.4,0.3333333333333333,0.8958333333333334,0.5,0.762686567164179,0.4217863053698967,B4,B4_threshold_tuning_only,CV,9,0.25,none,none,sweep,
0.2952399584587095,0.34782608695652173,0.3076923076923077,0.8958333333333334,0.4,0.762686567164179,0.4217863053698967,B4,B4_threshold_tuning_only,CV,9,0.3,none,none,sweep,
0.35522388059701493,0.4,0.4,0.9166666666666666,0.4,0.762686567164179,0.4217863053698967,B4,B4_threshold_tuning_only,CV,9,0.35,none,none,sweep,
0.45252195460881794,0.42857142857142855,0.75,0.9444444444444444,0.3,0.762686567164179,0.4217863053698967,B4,B4_threshold_tuning_only,CV,9,0.4,none,none,sweep,
0.45252195460881794,0.42857142857142855,0.75,0.9444444444444444,0.3,0.762686567164179,0.4217863053698967,B4,B4_threshold_tuning_only,CV,9,0.45,none,none,sweep,
0.3426866003587208,0.3076923076923077,0.6666666666666666,0.9375,0.2,0.762686567164179,0.4217863053698967,B4,B4_threshold_tuning_only,CV,9,0.5,none,none,sweep,
0.30611483744878115,0.18181818181818182,1.0,0.9375,0.1,0.762686567164179,0.4217863053698967,B4,B4_threshold_tuning_only,CV,9,0.55,none,none,sweep,
0.30611483744878115,0.18181818181818182,1.0,0.9375,0.1,0.762686567164179,0.4217863053698967,B4,B4_threshold_tuning_only,CV,9,0.6,none,none,sweep,
0.0,0.0,0.0,0.9305555555555556,0.0,0.762686567164179,0.4217863053698967,B4,B4_threshold_tuning_only,CV,9,0.65,none,none,sweep,
0.0,0.0,0.0,0.9305555555555556,0.0,0.762686567164179,0.4217863053698967,B4,B4_threshold_tuning_only,CV,9,0.7,none,none,sweep,
0.0,0.0,0.0,0.9305555555555556,0.0,0.762686567164179,0.4217863053698967,B4,B4_threshold_tuning_only,CV,9,0.75,none,none,sweep,
0.0,0.0,0.0,0.9305555555555556,0.0,0.762686567164179,0.4217863053698967,B4,B4_threshold_tuning_only,CV,9,0.8,none,none,sweep,
0.0,0.0,0.0,0.9305555555555556,0.0,0.762686567164179,0.4217863053698967,B4,B4_threshold_tuning_only,CV,9,0.85,none,none,sweep,
0.0,0.0,0.0,0.9305555555555556,0.0,0.762686567164179,0.4217863053698967,B4,B4_threshold_tuning_only,CV,9,0.9,none,none,sweep,
0.26781911599297387,0.2571428571428571,0.15,0.6388888888888888,0.9,0.8861940298507464,0.3076648025177437,B4,B4_threshold_tuning_only,CV,10,0.05,none,none,sweep,
0.36271693165852165,0.36363636363636365,0.23529411764705882,0.8055555555555556,0.8,0.8861940298507464,0.3076648025177437,B4,B4_threshold_tuning_only,CV,10,0.1,none,none,sweep,
0.41551103542195067,0.4375,0.3181818181818182,0.875,0.7,0.8861940298507464,0.3076648025177437,B4,B4_threshold_tuning_only,CV,10,0.15,none,none,sweep,
0.3923576976430904,0.42857142857142855,0.3333333333333333,0.8888888888888888,0.6,0.8861940298507464,0.3076648025177437,B4,B4_threshold_tuning_only,CV,10,0.2,none,none,sweep,
0.35398264645063965,0.4,0.3333333333333333,0.8958333333333334,0.5,0.8861940298507464,0.3076648025177437,B4,B4_threshold_tuning_only,CV,10,0.25,none,none,sweep,
0.22997536110260924,0.2857142857142857,0.2727272727272727,0.8958333333333334,0.3,0.8861940298507464,0.3076648025177437,B4,B4_threshold_tuning_only,CV,10,0.3,none,none,sweep,
0.192306866244519,0.23529411764705882,0.2857142857142857,0.9097222222222222,0.2,0.8861940298507464,0.3076648025177437,B4,B4_threshold_tuning_only,CV,10,0.35,none,none,sweep,
0.09740540403328102,0.13333333333333333,0.2,0.9097222222222222,0.1,0.8861940298507464,0.3076648025177437,B4,B4_threshold_tuning_only,CV,10,0.4,none,none,sweep,
0.12005684510029863,0.14285714285714285,0.25,0.9166666666666666,0.1,0.8861940298507464,0.3076648025177437,B4,B4_threshold_tuning_only,CV,10,0.45,none,none,sweep,
-0.03242040430182119,0.0,0.0,0.9166666666666666,0.0,0.8861940298507464,0.3076648025177437,B4,B4_threshold_tuning_only,CV,10,0.5,none,none,sweep,
-0.02284439085438665,0.0,0.0,0.9236111111111112,0.0,0.8861940298507464,0.3076648025177437,B4,B4_threshold_tuning_only,CV,10,0.55,none,none,sweep,
-0.02284439085438665,0.0,0.0,0.9236111111111112,0.0,0.8861940298507464,0.3076648025177437,B4,B4_threshold_tuning_only,CV,10,0.6,none,none,sweep,
-0.02284439085438665,0.0,0.0,0.9236111111111112,0.0,0.8861940298507464,0.3076648025177437,B4,B4_threshold_tuning_only,CV,10,0.65,none,none,sweep,
-0.02284439085438665,0.0,0.0,0.9236111111111112,0.0,0.8861940298507464,0.3076648025177437,B4,B4_threshold_tuning_only,CV,10,0.7,none,none,sweep,
-0.02284439085438665,0.0,0.0,0.9236111111111112,0.0,0.8861940298507464,0.3076648025177437,B4,B4_threshold_tuning_only,CV,10,0.75,none,none,sweep,
-0.02284439085438665,0.0,0.0,0.9236111111111112,0.0,0.8861940298507464,0.3076648025177437,B4,B4_threshold_tuning_only,CV,10,0.8,none,none,sweep,
0.0,0.0,0.0,0.9305555555555556,0.0,0.8861940298507464,0.3076648025177437,B4,B4_threshold_tuning_only,CV,10,0.85,none,none,sweep,
0.0,0.0,0.0,0.9305555555555556,0.0,0.8861940298507464,0.3076648025177437,B4,B4_threshold_tuning_only,CV,10,0.9,none,none,sweep,
0.06784535315527583,0.20689655172413793,0.16666666666666666,0.7444444444444445,0.2727272727272727,0.6323360184119677,0.22912745535328266,B4,B4_threshold_tuning_only,LOGO,1,0.05,none,none,sweep,Atovaquone
0.08395434125416042,0.19047619047619047,0.2,0.8111111111111111,0.18181818181818182,0.6323360184119677,0.22912745535328266,B4,B4_threshold_tuning_only,LOGO,1,0.1,none,none,sweep,Atovaquone
0.17225811675152738,0.23529411764705882,0.3333333333333333,0.8555555555555555,0.18181818181818182,0.6323360184119677,0.22912745535328266,B4,B4_threshold_tuning_only,LOGO,1,0.15,none,none,sweep,Atovaquone
0.0841334546665505,0.13333333333333333,0.25,0.8555555555555555,0.09090909090909091,0.6323360184119677,0.22912745535328266,B4,B4_threshold_tuning_only,LOGO,1,0.2,none,none,sweep,Atovaquone
0.11968637508014936,0.14285714285714285,0.3333333333333333,0.8666666666666667,0.09090909090909091,0.6323360184119677,0.22912745535328266,B4,B4_threshold_tuning_only,LOGO,1,0.25,none,none,sweep,Atovaquone
0.17387722105220368,0.15384615384615385,0.5,0.8777777777777778,0.09090909090909091,0.6323360184119677,0.22912745535328266,B4,B4_threshold_tuning_only,LOGO,1,0.3,none,none,sweep,Atovaquone
0.17387722105220368,0.15384615384615385,0.5,0.8777777777777778,0.09090909090909091,0.6323360184119677,0.22912745535328266,B4,B4_threshold_tuning_only,LOGO,1,0.35,none,none,sweep,Atovaquone
0.17387722105220368,0.15384615384615385,0.5,0.8777777777777778,0.09090909090909091,0.6323360184119677,0.22912745535328266,B4,B4_threshold_tuning_only,LOGO,1,0.4,none,none,sweep,Atovaquone
0.17387722105220368,0.15384615384615385,0.5,0.8777777777777778,0.09090909090909091,0.6323360184119677,0.22912745535328266,B4,B4_threshold_tuning_only,LOGO,1,0.45,none,none,sweep,Atovaquone
0.17387722105220368,0.15384615384615385,0.5,0.8777777777777778,0.09090909090909091,0.6323360184119677,0.22912745535328266,B4,B4_threshold_tuning_only,LOGO,1,0.5,none,none,sweep,Atovaquone
0.17387722105220368,0.15384615384615385,0.5,0.8777777777777778,0.09090909090909091,0.6323360184119677,0.22912745535328266,B4,B4_threshold_tuning_only,LOGO,1,0.55,none,none,sweep,Atovaquone
-0.03955376178208136,0.0,0.0,0.8666666666666667,0.0,0.6323360184119677,0.22912745535328266,B4,B4_threshold_tuning_only,LOGO,1,0.6,none,none,sweep,Atovaquone
-0.03955376178208136,0.0,0.0,0.8666666666666667,0.0,0.6323360184119677,0.22912745535328266,B4,B4_threshold_tuning_only,LOGO,1,0.65,none,none,sweep,Atovaquone
-0.03955376178208136,0.0,0.0,0.8666666666666667,0.0,0.6323360184119677,0.22912745535328266,B4,B4_threshold_tuning_only,LOGO,1,0.7,none,none,sweep,Atovaquone
0.0,0.0,0.0,0.8777777777777778,0.0,0.6323360184119677,0.22912745535328266,B4,B4_threshold_tuning_only,LOGO,1,0.75,none,none,sweep,Atovaquone
0.0,0.0,0.0,0.8777777777777778,0.0,0.6323360184119677,0.22912745535328266,B4,B4_threshold_tuning_only,LOGO,1,0.8,none,none,sweep,Atovaquone
0.0,0.0,0.0,0.8777777777777778,0.0,0.6323360184119677,0.22912745535328266,B4,B4_threshold_tuning_only,LOGO,1,0.85,none,none,sweep,Atovaquone
0.0,0.0,0.0,0.8777777777777778,0.0,0.6323360184119677,0.22912745535328266,B4,B4_threshold_tuning_only,LOGO,1,0.9,none,none,sweep,Atovaquone
0.3517559544930237,0.29411764705882354,0.1724137931034483,0.7333333333333333,1.0,0.8858823529411765,0.5304615384615385,B4,B4_threshold_tuning_only,LOGO,2,0.05,none,none,sweep,Chlorpromazine_Hcl
0.22038926600773587,0.24,0.15,0.7888888888888889,0.6,0.8858823529411765,0.5304615384615385,B4,B4_threshold_tuning_only,LOGO,2,0.1,none,none,sweep,Chlorpromazine_Hcl
0.3142985354273937,0.3333333333333333,0.23076923076923078,0.8666666666666667,0.6,0.8858823529411765,0.5304615384615385,B4,B4_threshold_tuning_only,LOGO,2,0.15,none,none,sweep,Chlorpromazine_Hcl
0.2651439066774996,0.3076923076923077,0.25,0.9,0.4,0.8858823529411765,0.5304615384615385,B4,B4_threshold_tuning_only,LOGO,2,0.2,none,none,sweep,Chlorpromazine_Hcl
0.3241018617760822,0.36363636363636365,0.3333333333333333,0.9222222222222223,0.4,0.8858823529411765,0.5304615384615385,B4,B4_threshold_tuning_only,LOGO,2,0.25,none,none,sweep,Chlorpromazine_Hcl
0.41845262477275313,0.4444444444444444,0.5,0.9444444444444444,0.4,0.8858823529411765,0.5304615384615385,B4,B4_threshold_tuning_only,LOGO,2,0.3,none,none,sweep,Chlorpromazine_Hcl
0.49541508402214945,0.5,0.6666666666666666,0.9555555555555556,0.4,0.8858823529411765,0.5304615384615385,B4,B4_threshold_tuning_only,LOGO,2,0.35,none,none,sweep,Chlorpromazine_Hcl
0.621581560508061,0.5714285714285714,1.0,0.9666666666666667,0.4,0.8858823529411765,0.5304615384615385,B4,B4_threshold_tuning_only,LOGO,2,0.4,none,none,sweep,Chlorpromazine_Hcl
0.621581560508061,0.5714285714285714,1.0,0.9666666666666667,0.4,0.8858823529411765,0.5304615384615385,B4,B4_threshold_tuning_only,LOGO,2,0.45,none,none,sweep,Chlorpromazine_Hcl
0.4370483222197017,0.3333333333333333,1.0,0.9555555555555556,0.2,0.8858823529411765,0.5304615384615385,B4,B4_threshold_tuning_only,LOGO,2,0.5,none,none,sweep,Chlorpromazine_Hcl
0.0,0.0,0.0,0.9444444444444444,0.0,0.8858823529411765,0.5304615384615385,B4,B4_threshold_tuning_only,LOGO,2,0.55,none,none,sweep,Chlorpromazine_Hcl
0.0,0.0,0.0,0.9444444444444444,0.0,0.8858823529411765,0.5304615384615385,B4,B4_threshold_tuning_only,LOGO,2,0.6,none,none,sweep,Chlorpromazine_Hcl
0.0,0.0,0.0,0.9444444444444444,0.0,0.8858823529411765,0.5304615384615385,B4,B4_threshold_tuning_only,LOGO,2,0.65,none,none,sweep,Chlorpromazine_Hcl
0.0,0.0,0.0,0.9444444444444444,0.0,0.8858823529411765,0.5304615384615385,B4,B4_threshold_tuning_only,LOGO,2,0.7,none,none,sweep,Chlorpromazine_Hcl
0.0,0.0,0.0,0.9444444444444444,0.0,0.8858823529411765,0.5304615384615385,B4,B4_threshold_tuning_only,LOGO,2,0.75,none,none,sweep,Chlorpromazine_Hcl
0.0,0.0,0.0,0.9444444444444444,0.0,0.8858823529411765,0.5304615384615385,B4,B4_threshold_tuning_only,LOGO,2,0.8,none,none,sweep,Chlorpromazine_Hcl
0.0,0.0,0.0,0.9444444444444444,0.0,0.8858823529411765,0.5304615384615385,B4,B4_threshold_tuning_only,LOGO,2,0.85,none,none,sweep,Chlorpromazine_Hcl
0.0,0.0,0.0,0.9444444444444444,0.0,0.8858823529411765,0.5304615384615385,B4,B4_threshold_tuning_only,LOGO,2,0.9,none,none,sweep,Chlorpromazine_Hcl
0.2913428162916919,0.20689655172413793,0.11538461538461539,0.7444444444444445,1.0,0.9233716475095785,0.3333333333333333,B4,B4_threshold_tuning_only,LOGO,3,0.05,none,none,sweep,Clofazimine
0.2758556098317158,0.25,0.15384615384615385,0.8666666666666667,0.6666666666666666,0.9233716475095785,0.3333333333333333,B4,B4_threshold_tuning_only,LOGO,3,0.1,none,none,sweep,Clofazimine
0.377009613867732,0.36363636363636365,0.25,0.9222222222222223,0.6666666666666666,0.9233716475095785,0.3333333333333333,B4,B4_threshold_tuning_only,LOGO,3,0.15,none,none,sweep,Clofazimine
0.4083088605285075,0.4,0.2857142857142857,0.9333333333333333,0.6666666666666666,0.9233716475095785,0.3333333333333333,B4,B4_threshold_tuning_only,LOGO,3,0.2,none,none,sweep,Clofazimine
0.22518867455552247,0.25,0.2,0.9333333333333333,0.3333333333333333,0.9233716475095785,0.3333333333333333,B4,B4_threshold_tuning_only,LOGO,3,0.25,none,none,sweep,Clofazimine
0.3103448275862069,0.3333333333333333,0.3333333333333333,0.9555555555555556,0.3333333333333333,0.9233716475095785,0.3333333333333333,B4,B4_threshold_tuning_only,LOGO,3,0.3,none,none,sweep,Clofazimine
0.39192475766909796,0.4,0.5,0.9666666666666667,0.3333333333333333,0.9233716475095785,0.3333333333333333,B4,B4_threshold_tuning_only,LOGO,3,0.35,none,none,sweep,Clofazimine
0.39192475766909796,0.4,0.5,0.9666666666666667,0.3333333333333333,0.9233716475095785,0.3333333333333333,B4,B4_threshold_tuning_only,LOGO,3,0.4,none,none,sweep,Clofazimine
0.39192475766909796,0.4,0.5,0.9666666666666667,0.3333333333333333,0.9233716475095785,0.3333333333333333,B4,B4_threshold_tuning_only,LOGO,3,0.45,none,none,sweep,Clofazimine
0.39192475766909796,0.4,0.5,0.9666666666666667,0.3333333333333333,0.9233716475095785,0.3333333333333333,B4,B4_threshold_tuning_only,LOGO,3,0.5,none,none,sweep,Clofazimine
0.39192475766909796,0.4,0.5,0.9666666666666667,0.3333333333333333,0.9233716475095785,0.3333333333333333,B4,B4_threshold_tuning_only,LOGO,3,0.55,none,none,sweep,Clofazimine
0.39192475766909796,0.4,0.5,0.9666666666666667,0.3333333333333333,0.9233716475095785,0.3333333333333333,B4,B4_threshold_tuning_only,LOGO,3,0.6,none,none,sweep,Clofazimine
0.39192475766909796,0.4,0.5,0.9666666666666667,0.3333333333333333,0.9233716475095785,0.3333333333333333,B4,B4_threshold_tuning_only,LOGO,3,0.65,none,none,sweep,Clofazimine
-0.019683666479473904,0.0,0.0,0.9555555555555556,0.0,0.9233716475095785,0.3333333333333333,B4,B4_threshold_tuning_only,LOGO,3,0.7,none,none,sweep,Clofazimine
0.0,0.0,0.0,0.9666666666666667,0.0,0.9233716475095785,0.3333333333333333,B4,B4_threshold_tuning_only,LOGO,3,0.75,none,none,sweep,Clofazimine
0.0,0.0,0.0,0.9666666666666667,0.0,0.9233716475095785,0.3333333333333333,B4,B4_threshold_tuning_only,LOGO,3,0.8,none,none,sweep,Clofazimine
0.0,0.0,0.0,0.9666666666666667,0.0,0.9233716475095785,0.3333333333333333,B4,B4_threshold_tuning_only,LOGO,3,0.85,none,none,sweep,Clofazimine
0.0,0.0,0.0,0.9666666666666667,0.0,0.9233716475095785,0.3333333333333333,B4,B4_threshold_tuning_only,LOGO,3,0.9,none,none,sweep,Clofazimine
0.07021834702370355,0.07142857142857142,0.038461538461538464,0.7111111111111111,0.5,0.5170454545454545,0.2611111111111111,B4,B4_threshold_tuning_only,LOGO,4,0.05,none,none,sweep,Curcumine
0.16261090889699772,0.14285714285714285,0.08333333333333333,0.8666666666666667,0.5,0.5170454545454545,0.2611111111111111,B4,B4_threshold_tuning_only,LOGO,4,0.1,none,none,sweep,Curcumine
0.23766716851872305,0.2222222222222222,0.14285714285714285,0.9222222222222223,0.5,0.5170454545454545,0.2611111111111111,B4,B4_threshold_tuning_only,LOGO,4,0.15,none,none,sweep,Curcumine
0.2618924633082486,0.25,0.16666666666666666,0.9333333333333333,0.5,0.5170454545454545,0.2611111111111111,B4,B4_threshold_tuning_only,LOGO,4,0.2,none,none,sweep,Curcumine
0.29250896965085227,0.2857142857142857,0.2,0.9444444444444444,0.5,0.5170454545454545,0.2611111111111111,B4,B4_threshold_tuning_only,LOGO,4,0.25,none,none,sweep,Curcumine
0.39192475766909796,0.4,0.3333333333333333,0.9666666666666667,0.5,0.5170454545454545,0.2611111111111111,B4,B4_threshold_tuning_only,LOGO,4,0.3,none,none,sweep,Curcumine
0.48863636363636365,0.5,0.5,0.9777777777777777,0.5,0.5170454545454545,0.2611111111111111,B4,B4_threshold_tuning_only,LOGO,4,0.35,none,none,sweep,Curcumine
0.48863636363636365,0.5,0.5,0.9777777777777777,0.5,0.5170454545454545,0.2611111111111111,B4,B4_threshold_tuning_only,LOGO,4,0.4,none,none,sweep,Curcumine
-0.01598006930251483,0.0,0.0,0.9666666666666667,0.0,0.5170454545454545,0.2611111111111111,B4,B4_threshold_tuning_only,LOGO,4,0.45,none,none,sweep,Curcumine
-0.01598006930251483,0.0,0.0,0.9666666666666667,0.0,0.5170454545454545,0.2611111111111111,B4,B4_threshold_tuning_only,LOGO,4,0.5,none,none,sweep,Curcumine
0.0,0.0,0.0,0.9777777777777777,0.0,0.5170454545454545,0.2611111111111111,B4,B4_threshold_tuning_only,LOGO,4,0.55,none,none,sweep,Curcumine
0.0,0.0,0.0,0.9777777777777777,0.0,0.5170454545454545,0.2611111111111111,B4,B4_threshold_tuning_only,LOGO,4,0.6,none,none,sweep,Curcumine
0.0,0.0,0.0,0.9777777777777777,0.0,0.5170454545454545,0.2611111111111111,B4,B4_threshold_tuning_only,LOGO,4,0.65,none,none,sweep,Curcumine
0.0,0.0,0.0,0.9777777777777777,0.0,0.5170454545454545,0.2611111111111111,B4,B4_threshold_tuning_only,LOGO,4,0.7,none,none,sweep,Curcumine
0.0,0.0,0.0,0.9777777777777777,0.0,0.5170454545454545,0.2611111111111111,B4,B4_threshold_tuning_only,LOGO,4,0.75,none,none,sweep,Curcumine
0.0,0.0,0.0,0.9777777777777777,0.0,0.5170454545454545,0.2611111111111111,B4,B4_threshold_tuning_only,LOGO,4,0.8,none,none,sweep,Curcumine
0.0,0.0,0.0,0.9777777777777777,0.0,0.5170454545454545,0.2611111111111111,B4,B4_threshold_tuning_only,LOGO,4,0.85,none,none,sweep,Curcumine
0.0,0.0,0.0,0.9777777777777777,0.0,0.5170454545454545,0.2611111111111111,B4,B4_threshold_tuning_only,LOGO,4,0.9,none,none,sweep,Curcumine
0.09983100785484385,0.21428571428571427,0.15789473684210525,0.7555555555555555,0.3333333333333333,0.6694101508916325,0.20908295646635802,B4,B4_threshold_tuning_only,LOGO,5,0.05,none,none,sweep,Econazole
0.0,0.10526315789473684,0.1,0.8111111111111111,0.1111111111111111,0.6694101508916325,0.20908295646635802,B4,B4_threshold_tuning_only,LOGO,5,0.1,none,none,sweep,Econazole
0.026028960314767677,0.11764705882352941,0.125,0.8333333333333334,0.1111111111111111,0.6694101508916325,0.20908295646635802,B4,B4_threshold_tuning_only,LOGO,5,0.15,none,none,sweep,Econazole
0.059391387091649865,0.13333333333333333,0.16666666666666666,0.8555555555555555,0.1111111111111111,0.6694101508916325,0.20908295646635802,B4,B4_threshold_tuning_only,LOGO,5,0.2,none,none,sweep,Econazole
0.08084520834544433,0.14285714285714285,0.2,0.8666666666666667,0.1111111111111111,0.6694101508916325,0.20908295646635802,B4,B4_threshold_tuning_only,LOGO,5,0.25,none,none,sweep,Econazole
0.14442970747104034,0.16666666666666666,0.3333333333333333,0.8888888888888888,0.1111111111111111,0.6694101508916325,0.20908295646635802,B4,B4_threshold_tuning_only,LOGO,5,0.3,none,none,sweep,Econazole
0.14442970747104034,0.16666666666666666,0.3333333333333333,0.8888888888888888,0.1111111111111111,0.6694101508916325,0.20908295646635802,B4,B4_threshold_tuning_only,LOGO,5,0.35,none,none,sweep,Econazole
0.20100756305184242,0.18181818181818182,0.5,0.9,0.1111111111111111,0.6694101508916325,0.20908295646635802,B4,B4_threshold_tuning_only,LOGO,5,0.4,none,none,sweep,Econazole
0.20100756305184242,0.18181818181818182,0.5,0.9,0.1111111111111111,0.6694101508916325,0.20908295646635802,B4,B4_threshold_tuning_only,LOGO,5,0.45,none,none,sweep,Econazole
0.20100756305184242,0.18181818181818182,0.5,0.9,0.1111111111111111,0.6694101508916325,0.20908295646635802,B4,B4_threshold_tuning_only,LOGO,5,0.5,none,none,sweep,Econazole
-0.03533326266687867,0.0,0.0,0.8888888888888888,0.0,0.6694101508916325,0.20908295646635802,B4,B4_threshold_tuning_only,LOGO,5,0.55,none,none,sweep,Econazole
-0.03533326266687867,0.0,0.0,0.8888888888888888,0.0,0.6694101508916325,0.20908295646635802,B4,B4_threshold_tuning_only,LOGO,5,0.6,none,none,sweep,Econazole
-0.03533326266687867,0.0,0.0,0.8888888888888888,0.0,0.6694101508916325,0.20908295646635802,B4,B4_threshold_tuning_only,LOGO,5,0.65,none,none,sweep,Econazole
-0.03533326266687867,0.0,0.0,0.8888888888888888,0.0,0.6694101508916325,0.20908295646635802,B4,B4_threshold_tuning_only,LOGO,5,0.7,none,none,sweep,Econazole
0.0,0.0,0.0,0.9,0.0,0.6694101508916325,0.20908295646635802,B4,B4_threshold_tuning_only,LOGO,5,0.75,none,none,sweep,Econazole
0.0,0.0,0.0,0.9,0.0,0.6694101508916325,0.20908295646635802,B4,B4_threshold_tuning_only,LOGO,5,0.8,none,none,sweep,Econazole
0.0,0.0,0.0,0.9,0.0,0.6694101508916325,0.20908295646635802,B4,B4_threshold_tuning_only,LOGO,5,0.85,none,none,sweep,Econazole
0.0,0.0,0.0,0.9,0.0,0.6694101508916325,0.20908295646635802,B4,B4_threshold_tuning_only,LOGO,5,0.9,none,none,sweep,Econazole
0.33706593624712544,0.32,0.2,0.8111111111111111,0.8,0.831764705882353,0.3793074849678624,B4,B4_threshold_tuning_only,LOGO,6,0.05,none,none,sweep,Etravirine
0.20568643916656965,0.25,0.18181818181818182,0.8666666666666667,0.4,0.831764705882353,0.3793074849678624,B4,B4_threshold_tuning_only,LOGO,6,0.1,none,none,sweep,Etravirine
0.2651439066774996,0.3076923076923077,0.25,0.9,0.4,0.831764705882353,0.3793074849678624,B4,B4_threshold_tuning_only,LOGO,6,0.15,none,none,sweep,Etravirine
0.2918001232638926,0.3333333333333333,0.2857142857142857,0.9111111111111111,0.4,0.831764705882353,0.3793074849678624,B4,B4_threshold_tuning_only,LOGO,6,0.2,none,none,sweep,Etravirine
0.1830730233380795,0.2222222222222222,0.25,0.9222222222222223,0.2,0.831764705882353,0.3793074849678624,B4,B4_threshold_tuning_only,LOGO,6,0.25,none,none,sweep,Etravirine
0.1830730233380795,0.2222222222222222,0.25,0.9222222222222223,0.2,0.831764705882353,0.3793074849678624,B4,B4_threshold_tuning_only,LOGO,6,0.3,none,none,sweep,Etravirine
0.22518867455552247,0.25,0.3333333333333333,0.9333333333333333,0.2,0.831764705882353,0.3793074849678624,B4,B4_threshold_tuning_only,LOGO,6,0.35,none,none,sweep,Etravirine
0.29250896965085227,0.2857142857142857,0.5,0.9444444444444444,0.2,0.831764705882353,0.3793074849678624,B4,B4_threshold_tuning_only,LOGO,6,0.4,none,none,sweep,Etravirine
0.29250896965085227,0.2857142857142857,0.5,0.9444444444444444,0.2,0.831764705882353,0.3793074849678624,B4,B4_threshold_tuning_only,LOGO,6,0.45,none,none,sweep,Etravirine
0.29250896965085227,0.2857142857142857,0.5,0.9444444444444444,0.2,0.831764705882353,0.3793074849678624,B4,B4_threshold_tuning_only,LOGO,6,0.5,none,none,sweep,Etravirine
0.29250896965085227,0.2857142857142857,0.5,0.9444444444444444,0.2,0.831764705882353,0.3793074849678624,B4,B4_threshold_tuning_only,LOGO,6,0.55,none,none,sweep,Etravirine
0.29250896965085227,0.2857142857142857,0.5,0.9444444444444444,0.2,0.831764705882353,0.3793074849678624,B4,B4_threshold_tuning_only,LOGO,6,0.6,none,none,sweep,Etravirine
0.4370483222197017,0.3333333333333333,1.0,0.9555555555555556,0.2,0.831764705882353,0.3793074849678624,B4,B4_threshold_tuning_only,LOGO,6,0.65,none,none,sweep,Etravirine
0.0,0.0,0.0,0.9444444444444444,0.0,0.831764705882353,0.3793074849678624,B4,B4_threshold_tuning_only,LOGO,6,0.7,none,none,sweep,Etravirine
0.0,0.0,0.0,0.9444444444444444,0.0,0.831764705882353,0.3793074849678624,B4,B4_threshold_tuning_only,LOGO,6,0.75,none,none,sweep,Etravirine
0.0,0.0,0.0,0.9444444444444444,0.0,0.831764705882353,0.3793074849678624,B4,B4_threshold_tuning_only,LOGO,6,0.8,none,none,sweep,Etravirine
0.0,0.0,0.0,0.9444444444444444,0.0,0.831764705882353,0.3793074849678624,B4,B4_threshold_tuning_only,LOGO,6,0.85,none,none,sweep,Etravirine
0.0,0.0,0.0,0.9444444444444444,0.0,0.831764705882353,0.3793074849678624,B4,B4_threshold_tuning_only,LOGO,6,0.9,none,none,sweep,Etravirine
0.3496256100228656,0.4090909090909091,0.2727272727272727,0.7111111111111111,0.8181818181818182,0.8532796317606445,0.6813506582856428,B4,B4_threshold_tuning_only,LOGO,7,0.05,none,none,sweep,Fulvestrant
0.5221581178502371,0.5833333333333334,0.5384615384615384,0.8888888888888888,0.6363636363636364,0.8532796317606445,0.6813506582856428,B4,B4_threshold_tuning_only,LOGO,7,0.1,none,none,sweep,Fulvestrant
0.524941463125869,0.5555555555555556,0.7142857142857143,0.9111111111111111,0.45454545454545453,0.8532796317606445,0.6813506582856428,B4,B4_threshold_tuning_only,LOGO,7,0.15,none,none,sweep,Fulvestrant
0.5802378669525132,0.5882352941176471,0.8333333333333334,0.9222222222222223,0.45454545454545453,0.8532796317606445,0.6813506582856428,B4,B4_threshold_tuning_only,LOGO,7,0.2,none,none,sweep,Fulvestrant
0.5018749115664299,0.5,0.8,0.9111111111111111,0.36363636363636365,0.8532796317606445,0.6813506582856428,B4,B4_threshold_tuning_only,LOGO,7,0.25,none,none,sweep,Fulvestrant
0.41335132075305253,0.4,0.75,0.9,0.2727272727272727,0.8532796317606445,0.6813506582856428,B4,B4_threshold_tuning_only,LOGO,7,0.3,none,none,sweep,Fulvestrant
0.40400883715070857,0.3076923076923077,1.0,0.9,0.18181818181818182,0.8532796317606445,0.6813506582856428,B4,B4_threshold_tuning_only,LOGO,7,0.35,none,none,sweep,Fulvestrant
0.40400883715070857,0.3076923076923077,1.0,0.9,0.18181818181818182,0.8532796317606445,0.6813506582856428,B4,B4_threshold_tuning_only,LOGO,7,0.4,none,none,sweep,Fulvestrant
0.40400883715070857,0.3076923076923077,1.0,0.9,0.18181818181818182,0.8532796317606445,0.6813506582856428,B4,B4_threshold_tuning_only,LOGO,7,0.45,none,none,sweep,Fulvestrant
0.40400883715070857,0.3076923076923077,1.0,0.9,0.18181818181818182,0.8532796317606445,0.6813506582856428,B4,B4_threshold_tuning_only,LOGO,7,0.5,none,none,sweep,Fulvestrant
0.40400883715070857,0.3076923076923077,1.0,0.9,0.18181818181818182,0.8532796317606445,0.6813506582856428,B4,B4_threshold_tuning_only,LOGO,7,0.55,none,none,sweep,Fulvestrant
0.40400883715070857,0.3076923076923077,1.0,0.9,0.18181818181818182,0.8532796317606445,0.6813506582856428,B4,B4_threshold_tuning_only,LOGO,7,0.6,none,none,sweep,Fulvestrant
0.284067925525857,0.16666666666666666,1.0,0.8888888888888888,0.09090909090909091,0.8532796317606445,0.6813506582856428,B4,B4_threshold_tuning_only,LOGO,7,0.65,none,none,sweep,Fulvestrant
0.284067925525857,0.16666666666666666,1.0,0.8888888888888888,0.09090909090909091,0.8532796317606445,0.6813506582856428,B4,B4_threshold_tuning_only,LOGO,7,0.7,none,none,sweep,Fulvestrant
0.0,0.0,0.0,0.8777777777777778,0.0,0.8532796317606445,0.6813506582856428,B4,B4_threshold_tuning_only,LOGO,7,0.75,none,none,sweep,Fulvestrant
0.0,0.0,0.0,0.8777777777777778,0.0,0.8532796317606445,0.6813506582856428,B4,B4_threshold_tuning_only,LOGO,7,0.8,none,none,sweep,Fulvestrant
0.0,0.0,0.0,0.8777777777777778,0.0,0.8532796317606445,0.6813506582856428,B4,B4_threshold_tuning_only,LOGO,7,0.85,none,none,sweep,Fulvestrant
0.0,0.0,0.0,0.8777777777777778,0.0,0.8532796317606445,0.6813506582856428,B4,B4_threshold_tuning_only,LOGO,7,0.9,none,none,sweep,Fulvestrant
0.0,0.0,0.0,0.7444444444444445,0.0,,,B4,B4_threshold_tuning_only,LOGO,8,0.05,none,none,sweep,Gefitinib
0.0,0.0,0.0,0.8888888888888888,0.0,,,B4,B4_threshold_tuning_only,LOGO,8,0.1,none,none,sweep,Gefitinib
0.0,0.0,0.0,0.9111111111111111,0.0,,,B4,B4_threshold_tuning_only,LOGO,8,0.15,none,none,sweep,Gefitinib
0.0,0.0,0.0,0.9333333333333333,0.0,,,B4,B4_threshold_tuning_only,LOGO,8,0.2,none,none,sweep,Gefitinib
0.0,0.0,0.0,0.9666666666666667,0.0,,,B4,B4_threshold_tuning_only,LOGO,8,0.25,none,none,sweep,Gefitinib
0.0,0.0,0.0,0.9666666666666667,0.0,,,B4,B4_threshold_tuning_only,LOGO,8,0.3,none,none,sweep,Gefitinib
0.0,0.0,0.0,0.9666666666666667,0.0,,,B4,B4_threshold_tuning_only,LOGO,8,0.35,none,none,sweep,Gefitinib
0.0,0.0,0.0,0.9777777777777777,0.0,,,B4,B4_threshold_tuning_only,LOGO,8,0.4,none,none,sweep,Gefitinib
0.0,0.0,0.0,0.9777777777777777,0.0,,,B4,B4_threshold_tuning_only,LOGO,8,0.45,none,none,sweep,Gefitinib
0.0,0.0,0.0,0.9777777777777777,0.0,,,B4,B4_threshold_tuning_only,LOGO,8,0.5,none,none,sweep,Gefitinib
0.0,0.0,0.0,0.9777777777777777,0.0,,,B4,B4_threshold_tuning_only,LOGO,8,0.55,none,none,sweep,Gefitinib
0.0,0.0,0.0,0.9777777777777777,0.0,,,B4,B4_threshold_tuning_only,LOGO,8,0.6,none,none,sweep,Gefitinib
0.0,0.0,0.0,0.9888888888888889,0.0,,,B4,B4_threshold_tuning_only,LOGO,8,0.65,none,none,sweep,Gefitinib
0.0,0.0,0.0,0.9888888888888889,0.0,,,B4,B4_threshold_tuning_only,LOGO,8,0.7,none,none,sweep,Gefitinib
0.0,0.0,0.0,1.0,0.0,,,B4,B4_threshold_tuning_only,LOGO,8,0.75,none,none,sweep,Gefitinib
0.0,0.0,0.0,1.0,0.0,,,B4,B4_threshold_tuning_only,LOGO,8,0.8,none,none,sweep,Gefitinib
0.0,0.0,0.0,1.0,0.0,,,B4,B4_threshold_tuning_only,LOGO,8,0.85,none,none,sweep,Gefitinib
0.0,0.0,0.0,1.0,0.0,,,B4,B4_threshold_tuning_only,LOGO,8,0.9,none,none,sweep,Gefitinib
0.4321423237219507,0.4,0.25,0.7666666666666667,1.0,0.9561101549053357,0.7612815755672897,B4,B4_threshold_tuning_only,LOGO,9,0.05,none,none,sweep,Lumefantrine
0.47710039284588784,0.48,0.3333333333333333,0.8555555555555555,0.8571428571428571,0.9561101549053357,0.7612815755672897,B4,B4_threshold_tuning_only,LOGO,9,0.1,none,none,sweep,Lumefantrine
0.5573789164064146,0.5882352941176471,0.5,0.9222222222222223,0.7142857142857143,0.9561101549053357,0.7612815755672897,B4,B4_threshold_tuning_only,LOGO,9,0.15,none,none,sweep,Lumefantrine
0.6381991713220434,0.6666666666666666,0.625,0.9444444444444444,0.7142857142857143,0.9561101549053357,0.7612815755672897,B4,B4_threshold_tuning_only,LOGO,9,0.2,none,none,sweep,Lumefantrine
0.5191151312382635,0.4444444444444444,1.0,0.9444444444444444,0.2857142857142857,0.9561101549053357,0.7612815755672897,B4,B4_threshold_tuning_only,LOGO,9,0.25,none,none,sweep,Lumefantrine
0.5191151312382635,0.4444444444444444,1.0,0.9444444444444444,0.2857142857142857,0.9561101549053357,0.7612815755672897,B4,B4_threshold_tuning_only,LOGO,9,0.3,none,none,sweep,Lumefantrine
0.5191151312382635,0.4444444444444444,1.0,0.9444444444444444,0.2857142857142857,0.9561101549053357,0.7612815755672897,B4,B4_threshold_tuning_only,LOGO,9,0.35,none,none,sweep,Lumefantrine
0.5191151312382635,0.4444444444444444,1.0,0.9444444444444444,0.2857142857142857,0.9561101549053357,0.7612815755672897,B4,B4_threshold_tuning_only,LOGO,9,0.4,none,none,sweep,Lumefantrine
0.5191151312382635,0.4444444444444444,1.0,0.9444444444444444,0.2857142857142857,0.9561101549053357,0.7612815755672897,B4,B4_threshold_tuning_only,LOGO,9,0.45,none,none,sweep,Lumefantrine
0.5191151312382635,0.4444444444444444,1.0,0.9444444444444444,0.2857142857142857,0.9561101549053357,0.7612815755672897,B4,B4_threshold_tuning_only,LOGO,9,0.5,none,none,sweep,Lumefantrine
0.5191151312382635,0.4444444444444444,1.0,0.9444444444444444,0.2857142857142857,0.9561101549053357,0.7612815755672897,B4,B4_threshold_tuning_only,LOGO,9,0.55,none,none,sweep,Lumefantrine
0.5191151312382635,0.4444444444444444,1.0,0.9444444444444444,0.2857142857142857,0.9561101549053357,0.7612815755672897,B4,B4_threshold_tuning_only,LOGO,9,0.6,none,none,sweep,Lumefantrine
0.0,0.0,0.0,0.9222222222222223,0.0,0.9561101549053357,0.7612815755672897,B4,B4_threshold_tuning_only,LOGO,9,0.65,none,none,sweep,Lumefantrine
0.0,0.0,0.0,0.9222222222222223,0.0,0.9561101549053357,0.7612815755672897,B4,B4_threshold_tuning_only,LOGO,9,0.7,none,none,sweep,Lumefantrine
0.0,0.0,0.0,0.9222222222222223,0.0,0.9561101549053357,0.7612815755672897,B4,B4_threshold_tuning_only,LOGO,9,0.75,none,none,sweep,Lumefantrine
0.0,0.0,0.0,0.9222222222222223,0.0,0.9561101549053357,0.7612815755672897,B4,B4_threshold_tuning_only,LOGO,9,0.8,none,none,sweep,Lumefantrine
0.0,0.0,0.0,0.9222222222222223,0.0,0.9561101549053357,0.7612815755672897,B4,B4_threshold_tuning_only,LOGO,9,0.85,none,none,sweep,Lumefantrine
0.0,0.0,0.0,0.9222222222222223,0.0,0.9561101549053357,0.7612815755672897,B4,B4_threshold_tuning_only,LOGO,9,0.9,none,none,sweep,Lumefantrine
-0.013135173437318345,0.20512820512820512,0.2222222222222222,0.6555555555555556,0.19047619047619047,0.5948930296756383,0.3384157967007862,B4,B4_threshold_tuning_only,LOGO,10,0.05,none,none,sweep,Nelfinavir
-0.02786391062876764,0.12903225806451613,0.2,0.7,0.09523809523809523,0.5948930296756383,0.3384157967007862,B4,B4_threshold_tuning_only,LOGO,10,0.1,none,none,sweep,Nelfinavir
0.03596596198824938,0.14285714285714285,0.2857142857142857,0.7333333333333333,0.09523809523809523,0.5948930296756383,0.3384157967007862,B4,B4_threshold_tuning_only,LOGO,10,0.15,none,none,sweep,Nelfinavir
0.19025295692965058,0.16666666666666666,0.6666666666666666,0.7777777777777778,0.09523809523809523,0.5948930296756383,0.3384157967007862,B4,B4_threshold_tuning_only,LOGO,10,0.2,none,none,sweep,Nelfinavir
0.19025295692965058,0.16666666666666666,0.6666666666666666,0.7777777777777778,0.09523809523809523,0.5948930296756383,0.3384157967007862,B4,B4_threshold_tuning_only,LOGO,10,0.25,none,none,sweep,Nelfinavir
0.19025295692965058,0.16666666666666666,0.6666666666666666,0.7777777777777778,0.09523809523809523,0.5948930296756383,0.3384157967007862,B4,B4_threshold_tuning_only,LOGO,10,0.3,none,none,sweep,Nelfinavir
0.19025295692965058,0.16666666666666666,0.6666666666666666,0.7777777777777778,0.09523809523809523,0.5948930296756383,0.3384157967007862,B4,B4_threshold_tuning_only,LOGO,10,0.35,none,none,sweep,Nelfinavir
0.27326786250001056,0.17391304347826086,1.0,0.7888888888888889,0.09523809523809523,0.5948930296756383,0.3384157967007862,B4,B4_threshold_tuning_only,LOGO,10,0.4,none,none,sweep,Nelfinavir
0.27326786250001056,0.17391304347826086,1.0,0.7888888888888889,0.09523809523809523,0.5948930296756383,0.3384157967007862,B4,B4_threshold_tuning_only,LOGO,10,0.45,none,none,sweep,Nelfinavir
0.27326786250001056,0.17391304347826086,1.0,0.7888888888888889,0.09523809523809523,0.5948930296756383,0.3384157967007862,B4,B4_threshold_tuning_only,LOGO,10,0.5,none,none,sweep,Nelfinavir
0.27326786250001056,0.17391304347826086,1.0,0.7888888888888889,0.09523809523809523,0.5948930296756383,0.3384157967007862,B4,B4_threshold_tuning_only,LOGO,10,0.55,none,none,sweep,Nelfinavir
0.1921409327596115,0.09090909090909091,1.0,0.7777777777777778,0.047619047619047616,0.5948930296756383,0.3384157967007862,B4,B4_threshold_tuning_only,LOGO,10,0.6,none,none,sweep,Nelfinavir
0.1921409327596115,0.09090909090909091,1.0,0.7777777777777778,0.047619047619047616,0.5948930296756383,0.3384157967007862,B4,B4_threshold_tuning_only,LOGO,10,0.65,none,none,sweep,Nelfinavir
0.0,0.0,0.0,0.7666666666666667,0.0,0.5948930296756383,0.3384157967007862,B4,B4_threshold_tuning_only,LOGO,10,0.7,none,none,sweep,Nelfinavir
0.0,0.0,0.0,0.7666666666666667,0.0,0.5948930296756383,0.3384157967007862,B4,B4_threshold_tuning_only,LOGO,10,0.75,none,none,sweep,Nelfinavir
0.0,0.0,0.0,0.7666666666666667,0.0,0.5948930296756383,0.3384157967007862,B4,B4_threshold_tuning_only,LOGO,10,0.8,none,none,sweep,Nelfinavir
0.0,0.0,0.0,0.7666666666666667,0.0,0.5948930296756383,0.3384157967007862,B4,B4_threshold_tuning_only,LOGO,10,0.85,none,none,sweep,Nelfinavir
0.0,0.0,0.0,0.7666666666666667,0.0,0.5948930296756383,0.3384157967007862,B4,B4_threshold_tuning_only,LOGO,10,0.9,none,none,sweep,Nelfinavir
0.2029610352214972,0.11764705882352941,0.0625,0.6666666666666666,1.0,0.8153409090909091,0.08116883116883117,B4,B4_threshold_tuning_only,LOGO,11,0.05,none,none,sweep,Physcion
0.24308621740219888,0.14814814814814814,0.08,0.7444444444444445,1.0,0.8153409090909091,0.08116883116883117,B4,B4_threshold_tuning_only,LOGO,11,0.1,none,none,sweep,Physcion
-0.05913123959890826,0.0,0.0,0.8444444444444444,0.0,0.8153409090909091,0.08116883116883117,B4,B4_threshold_tuning_only,LOGO,11,0.15,none,none,sweep,Physcion
-0.036563621206356534,0.0,0.0,0.9222222222222223,0.0,0.8153409090909091,0.08116883116883117,B4,B4_threshold_tuning_only,LOGO,11,0.2,none,none,sweep,Physcion
-0.036563621206356534,0.0,0.0,0.9222222222222223,0.0,0.8153409090909091,0.08116883116883117,B4,B4_threshold_tuning_only,LOGO,11,0.25,none,none,sweep,Physcion
-0.022727272727272728,0.0,0.0,0.9555555555555556,0.0,0.8153409090909091,0.08116883116883117,B4,B4_threshold_tuning_only,LOGO,11,0.3,none,none,sweep,Physcion
-0.022727272727272728,0.0,0.0,0.9555555555555556,0.0,0.8153409090909091,0.08116883116883117,B4,B4_threshold_tuning_only,LOGO,11,0.35,none,none,sweep,Physcion
-0.022727272727272728,0.0,0.0,0.9555555555555556,0.0,0.8153409090909091,0.08116883116883117,B4,B4_threshold_tuning_only,LOGO,11,0.4,none,none,sweep,Physcion
-0.022727272727272728,0.0,0.0,0.9555555555555556,0.0,0.8153409090909091,0.08116883116883117,B4,B4_threshold_tuning_only,LOGO,11,0.45,none,none,sweep,Physcion
-0.022727272727272728,0.0,0.0,0.9555555555555556,0.0,0.8153409090909091,0.08116883116883117,B4,B4_threshold_tuning_only,LOGO,11,0.5,none,none,sweep,Physcion
-0.022727272727272728,0.0,0.0,0.9555555555555556,0.0,0.8153409090909091,0.08116883116883117,B4,B4_threshold_tuning_only,LOGO,11,0.55,none,none,sweep,Physcion
-0.022727272727272728,0.0,0.0,0.9555555555555556,0.0,0.8153409090909091,0.08116883116883117,B4,B4_threshold_tuning_only,LOGO,11,0.6,none,none,sweep,Physcion
-0.01598006930251483,0.0,0.0,0.9666666666666667,0.0,0.8153409090909091,0.08116883116883117,B4,B4_threshold_tuning_only,LOGO,11,0.65,none,none,sweep,Physcion
0.0,0.0,0.0,0.9777777777777777,0.0,0.8153409090909091,0.08116883116883117,B4,B4_threshold_tuning_only,LOGO,11,0.7,none,none,sweep,Physcion
0.0,0.0,0.0,0.9777777777777777,0.0,0.8153409090909091,0.08116883116883117,B4,B4_threshold_tuning_only,LOGO,11,0.75,none,none,sweep,Physcion
0.0,0.0,0.0,0.9777777777777777,0.0,0.8153409090909091,0.08116883116883117,B4,B4_threshold_tuning_only,LOGO,11,0.8,none,none,sweep,Physcion
0.0,0.0,0.0,0.9777777777777777,0.0,0.8153409090909091,0.08116883116883117,B4,B4_threshold_tuning_only,LOGO,11,0.85,none,none,sweep,Physcion
0.0,0.0,0.0,0.9777777777777777,0.0,0.8153409090909091,0.08116883116883117,B4,B4_threshold_tuning_only,LOGO,11,0.9,none,none,sweep,Physcion
0.0,0.0,0.0,0.6444444444444445,0.0,,,B4,B4_threshold_tuning_only,LOGO,12,0.05,none,none,sweep,Pranlukast
0.0,0.0,0.0,0.8333333333333334,0.0,,,B4,B4_threshold_tuning_only,LOGO,12,0.1,none,none,sweep,Pranlukast
0.0,0.0,0.0,0.9111111111111111,0.0,,,B4,B4_threshold_tuning_only,LOGO,12,0.15,none,none,sweep,Pranlukast
0.0,0.0,0.0,0.9555555555555556,0.0,,,B4,B4_threshold_tuning_only,LOGO,12,0.2,none,none,sweep,Pranlukast
0.0,0.0,0.0,0.9666666666666667,0.0,,,B4,B4_threshold_tuning_only,LOGO,12,0.25,none,none,sweep,Pranlukast
0.0,0.0,0.0,0.9666666666666667,0.0,,,B4,B4_threshold_tuning_only,LOGO,12,0.3,none,none,sweep,Pranlukast
0.0,0.0,0.0,0.9777777777777777,0.0,,,B4,B4_threshold_tuning_only,LOGO,12,0.35,none,none,sweep,Pranlukast
0.0,0.0,0.0,0.9777777777777777,0.0,,,B4,B4_threshold_tuning_only,LOGO,12,0.4,none,none,sweep,Pranlukast
0.0,0.0,0.0,0.9777777777777777,0.0,,,B4,B4_threshold_tuning_only,LOGO,12,0.45,none,none,sweep,Pranlukast
0.0,0.0,0.0,0.9777777777777777,0.0,,,B4,B4_threshold_tuning_only,LOGO,12,0.5,none,none,sweep,Pranlukast
0.0,0.0,0.0,0.9777777777777777,0.0,,,B4,B4_threshold_tuning_only,LOGO,12,0.55,none,none,sweep,Pranlukast
0.0,0.0,0.0,0.9777777777777777,0.0,,,B4,B4_threshold_tuning_only,LOGO,12,0.6,none,none,sweep,Pranlukast
0.0,0.0,0.0,0.9888888888888889,0.0,,,B4,B4_threshold_tuning_only,LOGO,12,0.65,none,none,sweep,Pranlukast
0.0,0.0,0.0,0.9888888888888889,0.0,,,B4,B4_threshold_tuning_only,LOGO,12,0.7,none,none,sweep,Pranlukast
0.0,0.0,0.0,0.9888888888888889,0.0,,,B4,B4_threshold_tuning_only,LOGO,12,0.75,none,none,sweep,Pranlukast
0.0,0.0,0.0,1.0,0.0,,,B4,B4_threshold_tuning_only,LOGO,12,0.8,none,none,sweep,Pranlukast
0.0,0.0,0.0,1.0,0.0,,,B4,B4_threshold_tuning_only,LOGO,12,0.85,none,none,sweep,Pranlukast
0.0,0.0,0.0,1.0,0.0,,,B4,B4_threshold_tuning_only,LOGO,12,0.9,none,none,sweep,Pranlukast
0.21722553452429297,0.14634146341463414,0.07894736842105263,0.6111111111111112,1.0,1.0,1.0,B4,B4_threshold_tuning_only,LOGO,13,0.05,none,none,sweep,Rapamycin
0.2693189543416088,0.1875,0.10344827586206896,0.7111111111111111,1.0,1.0,1.0,B4,B4_threshold_tuning_only,LOGO,13,0.1,none,none,sweep,Rapamycin
0.384802575761095,0.3,0.17647058823529413,0.8444444444444444,1.0,1.0,1.0,B4,B4_threshold_tuning_only,LOGO,13,0.15,none,none,sweep,Rapamycin
0.5570860145311556,0.5,0.3333333333333333,0.9333333333333333,1.0,1.0,1.0,B4,B4_threshold_tuning_only,LOGO,13,0.2,none,none,sweep,Rapamycin
1.0,1.0,1.0,1.0,1.0,1.0,1.0,B4,B4_threshold_tuning_only,LOGO,13,0.25,none,none,sweep,Rapamycin
1.0,1.0,1.0,1.0,1.0,1.0,1.0,B4,B4_threshold_tuning_only,LOGO,13,0.3,none,none,sweep,Rapamycin
0.8118441408859887,0.8,1.0,0.9888888888888889,0.6666666666666666,1.0,1.0,B4,B4_threshold_tuning_only,LOGO,13,0.35,none,none,sweep,Rapamycin
0.8118441408859887,0.8,1.0,0.9888888888888889,0.6666666666666666,1.0,1.0,B4,B4_threshold_tuning_only,LOGO,13,0.4,none,none,sweep,Rapamycin
0.8118441408859887,0.8,1.0,0.9888888888888889,0.6666666666666666,1.0,1.0,B4,B4_threshold_tuning_only,LOGO,13,0.45,none,none,sweep,Rapamycin
0.8118441408859887,0.8,1.0,0.9888888888888889,0.6666666666666666,1.0,1.0,B4,B4_threshold_tuning_only,LOGO,13,0.5,none,none,sweep,Rapamycin
0.5708263279047433,0.5,1.0,0.9777777777777777,0.3333333333333333,1.0,1.0,B4,B4_threshold_tuning_only,LOGO,13,0.55,none,none,sweep,Rapamycin
0.5708263279047433,0.5,1.0,0.9777777777777777,0.3333333333333333,1.0,1.0,B4,B4_threshold_tuning_only,LOGO,13,0.6,none,none,sweep,Rapamycin
0.5708263279047433,0.5,1.0,0.9777777777777777,0.3333333333333333,1.0,1.0,B4,B4_threshold_tuning_only,LOGO,13,0.65,none,none,sweep,Rapamycin
0.0,0.0,0.0,0.9666666666666667,0.0,1.0,1.0,B4,B4_threshold_tuning_only,LOGO,13,0.7,none,none,sweep,Rapamycin
0.0,0.0,0.0,0.9666666666666667,0.0,1.0,1.0,B4,B4_threshold_tuning_only,LOGO,13,0.75,none,none,sweep,Rapamycin
0.0,0.0,0.0,0.9666666666666667,0.0,1.0,1.0,B4,B4_threshold_tuning_only,LOGO,13,0.8,none,none,sweep,Rapamycin
0.0,0.0,0.0,0.9666666666666667,0.0,1.0,1.0,B4,B4_threshold_tuning_only,LOGO,13,0.85,none,none,sweep,Rapamycin
0.0,0.0,0.0,0.9666666666666667,0.0,1.0,1.0,B4,B4_threshold_tuning_only,LOGO,13,0.9,none,none,sweep,Rapamycin
0.31180478223116176,0.3333333333333333,0.2222222222222222,0.8222222222222222,0.6666666666666666,0.7797619047619048,0.4327020202020202,B4,B4_threshold_tuning_only,LOGO,14,0.05,none,none,sweep,Rilpivirine
0.444244616885518,0.47058823529411764,0.36363636363636365,0.9,0.6666666666666666,0.7797619047619048,0.4327020202020202,B4,B4_threshold_tuning_only,LOGO,14,0.1,none,none,sweep,Rilpivirine
0.2550208870177951,0.3076923076923077,0.2857142857142857,0.9,0.3333333333333333,0.7797619047619048,0.4327020202020202,B4,B4_threshold_tuning_only,LOGO,14,0.15,none,none,sweep,Rilpivirine
0.2857142857142857,0.3333333333333333,0.3333333333333333,0.9111111111111111,0.3333333333333333,0.7797619047619048,0.4327020202020202,B4,B4_threshold_tuning_only,LOGO,14,0.2,none,none,sweep,Rilpivirine
0.3241018617760822,0.36363636363636365,0.4,0.9222222222222223,0.3333333333333333,0.7797619047619048,0.4327020202020202,B4,B4_threshold_tuning_only,LOGO,14,0.25,none,none,sweep,Rilpivirine
0.3241018617760822,0.36363636363636365,0.4,0.9222222222222223,0.3333333333333333,0.7797619047619048,0.4327020202020202,B4,B4_threshold_tuning_only,LOGO,14,0.3,none,none,sweep,Rilpivirine
0.3746537715077527,0.4,0.5,0.9333333333333333,0.3333333333333333,0.7797619047619048,0.4327020202020202,B4,B4_threshold_tuning_only,LOGO,14,0.35,none,none,sweep,Rilpivirine
0.2618924633082486,0.25,0.5,0.9333333333333333,0.16666666666666666,0.7797619047619048,0.4327020202020202,B4,B4_threshold_tuning_only,LOGO,14,0.4,none,none,sweep,Rilpivirine
0.2618924633082486,0.25,0.5,0.9333333333333333,0.16666666666666666,0.7797619047619048,0.4327020202020202,B4,B4_threshold_tuning_only,LOGO,14,0.45,none,none,sweep,Rilpivirine
0.39661488976905146,0.2857142857142857,1.0,0.9444444444444444,0.16666666666666666,0.7797619047619048,0.4327020202020202,B4,B4_threshold_tuning_only,LOGO,14,0.5,none,none,sweep,Rilpivirine
0.39661488976905146,0.2857142857142857,1.0,0.9444444444444444,0.16666666666666666,0.7797619047619048,0.4327020202020202,B4,B4_threshold_tuning_only,LOGO,14,0.55,none,none,sweep,Rilpivirine
0.39661488976905146,0.2857142857142857,1.0,0.9444444444444444,0.16666666666666666,0.7797619047619048,0.4327020202020202,B4,B4_threshold_tuning_only,LOGO,14,0.6,none,none,sweep,Rilpivirine
0.39661488976905146,0.2857142857142857,1.0,0.9444444444444444,0.16666666666666666,0.7797619047619048,0.4327020202020202,B4,B4_threshold_tuning_only,LOGO,14,0.65,none,none,sweep,Rilpivirine
0.0,0.0,0.0,0.9333333333333333,0.0,0.7797619047619048,0.4327020202020202,B4,B4_threshold_tuning_only,LOGO,14,0.7,none,none,sweep,Rilpivirine
0.0,0.0,0.0,0.9333333333333333,0.0,0.7797619047619048,0.4327020202020202,B4,B4_threshold_tuning_only,LOGO,14,0.75,none,none,sweep,Rilpivirine
0.0,0.0,0.0,0.9333333333333333,0.0,0.7797619047619048,0.4327020202020202,B4,B4_threshold_tuning_only,LOGO,14,0.8,none,none,sweep,Rilpivirine
0.0,0.0,0.0,0.9333333333333333,0.0,0.7797619047619048,0.4327020202020202,B4,B4_threshold_tuning_only,LOGO,14,0.85,none,none,sweep,Rilpivirine
0.0,0.0,0.0,0.9333333333333333,0.0,0.7797619047619048,0.4327020202020202,B4,B4_threshold_tuning_only,LOGO,14,0.9,none,none,sweep,Rilpivirine
0.4477582068527759,0.48,0.35294117647058826,0.8555555555555555,0.75,0.8285060975609756,0.6288465007215007,B4,B4_threshold_tuning_only,LOGO,15,0.05,none,none,sweep,Sorafenib
0.5884146341463414,0.625,0.625,0.9333333333333333,0.625,0.8285060975609756,0.6288465007215007,B4,B4_threshold_tuning_only,LOGO,15,0.1,none,none,sweep,Sorafenib
0.4355935609701779,0.46153846153846156,0.6,0.9222222222222223,0.375,0.8285060975609756,0.6288465007215007,B4,B4_threshold_tuning_only,LOGO,15,0.15,none,none,sweep,Sorafenib
0.594515160329885,0.5454545454545454,1.0,0.9444444444444444,0.375,0.8285060975609756,0.6288465007215007,B4,B4_threshold_tuning_only,LOGO,15,0.2,none,none,sweep,Sorafenib
0.48265364958171136,0.4,1.0,0.9333333333333333,0.25,0.8285060975609756,0.6288465007215007,B4,B4_threshold_tuning_only,LOGO,15,0.25,none,none,sweep,Sorafenib
0.48265364958171136,0.4,1.0,0.9333333333333333,0.25,0.8285060975609756,0.6288465007215007,B4,B4_threshold_tuning_only,LOGO,15,0.3,none,none,sweep,Sorafenib
0.48265364958171136,0.4,1.0,0.9333333333333333,0.25,0.8285060975609756,0.6288465007215007,B4,B4_threshold_tuning_only,LOGO,15,0.35,none,none,sweep,Sorafenib
0.339364905854808,0.2222222222222222,1.0,0.9222222222222223,0.125,0.8285060975609756,0.6288465007215007,B4,B4_threshold_tuning_only,LOGO,15,0.4,none,none,sweep,Sorafenib
0.339364905854808,0.2222222222222222,1.0,0.9222222222222223,0.125,0.8285060975609756,0.6288465007215007,B4,B4_threshold_tuning_only,LOGO,15,0.45,none,none,sweep,Sorafenib
0.339364905854808,0.2222222222222222,1.0,0.9222222222222223,0.125,0.8285060975609756,0.6288465007215007,B4,B4_threshold_tuning_only,LOGO,15,0.5,none,none,sweep,Sorafenib
0.0,0.0,0.0,0.9111111111111111,0.0,0.8285060975609756,0.6288465007215007,B4,B4_threshold_tuning_only,LOGO,15,0.55,none,none,sweep,Sorafenib
0.0,0.0,0.0,0.9111111111111111,0.0,0.8285060975609756,0.6288465007215007,B4,B4_threshold_tuning_only,LOGO,15,0.6,none,none,sweep,Sorafenib
0.0,0.0,0.0,0.9111111111111111,0.0,0.8285060975609756,0.6288465007215007,B4,B4_threshold_tuning_only,LOGO,15,0.65,none,none,sweep,Sorafenib
0.0,0.0,0.0,0.9111111111111111,0.0,0.8285060975609756,0.6288465007215007,B4,B4_threshold_tuning_only,LOGO,15,0.7,none,none,sweep,Sorafenib
0.0,0.0,0.0,0.9111111111111111,0.0,0.8285060975609756,0.6288465007215007,B4,B4_threshold_tuning_only,LOGO,15,0.75,none,none,sweep,Sorafenib
0.0,0.0,0.0,0.9111111111111111,0.0,0.8285060975609756,0.6288465007215007,B4,B4_threshold_tuning_only,LOGO,15,0.8,none,none,sweep,Sorafenib
0.0,0.0,0.0,0.9111111111111111,0.0,0.8285060975609756,0.6288465007215007,B4,B4_threshold_tuning_only,LOGO,15,0.85,none,none,sweep,Sorafenib
0.0,0.0,0.0,0.9111111111111111,0.0,0.8285060975609756,0.6288465007215007,B4,B4_threshold_tuning_only,LOGO,15,0.9,none,none,sweep,Sorafenib
0.12121539504758784,0.05,0.02564102564102564,0.5777777777777777,1.0,0.9887640449438202,0.5,B4,B4_threshold_tuning_only,LOGO,16,0.05,none,none,sweep,Taxol
0.20490727158101796,0.1,0.05263157894736842,0.8,1.0,0.9887640449438202,0.5,B4,B4_threshold_tuning_only,LOGO,16,0.1,none,none,sweep,Taxol
0.284067925525857,0.16666666666666666,0.09090909090909091,0.8888888888888888,1.0,0.9887640449438202,0.5,B4,B4_threshold_tuning_only,LOGO,16,0.15,none,none,sweep,Taxol
0.339364905854808,0.2222222222222222,0.125,0.9222222222222223,1.0,0.9887640449438202,0.5,B4,B4_threshold_tuning_only,LOGO,16,0.2,none,none,sweep,Taxol
0.39661488976905146,0.2857142857142857,0.16666666666666666,0.9444444444444444,1.0,0.9887640449438202,0.5,B4,B4_threshold_tuning_only,LOGO,16,0.25,none,none,sweep,Taxol
0.5708263279047433,0.5,0.3333333333333333,0.9777777777777777,1.0,0.9887640449438202,0.5,B4,B4_threshold_tuning_only,LOGO,16,0.3,none,none,sweep,Taxol
0.5708263279047433,0.5,0.3333333333333333,0.9777777777777777,1.0,0.9887640449438202,0.5,B4,B4_threshold_tuning_only,LOGO,16,0.35,none,none,sweep,Taxol
0.5708263279047433,0.5,0.3333333333333333,0.9777777777777777,1.0,0.9887640449438202,0.5,B4,B4_threshold_tuning_only,LOGO,16,0.4,none,none,sweep,Taxol
0.5708263279047433,0.5,0.3333333333333333,0.9777777777777777,1.0,0.9887640449438202,0.5,B4,B4_threshold_tuning_only,LOGO,16,0.45,none,none,sweep,Taxol
0.7031230493106524,0.6666666666666666,0.5,0.9888888888888889,1.0,0.9887640449438202,0.5,B4,B4_threshold_tuning_only,LOGO,16,0.5,none,none,sweep,Taxol
0.7031230493106524,0.6666666666666666,0.5,0.9888888888888889,1.0,0.9887640449438202,0.5,B4,B4_threshold_tuning_only,LOGO,16,0.55,none,none,sweep,Taxol
0.7031230493106524,0.6666666666666666,0.5,0.9888888888888889,1.0,0.9887640449438202,0.5,B4,B4_threshold_tuning_only,LOGO,16,0.6,none,none,sweep,Taxol
0.7031230493106524,0.6666666666666666,0.5,0.9888888888888889,1.0,0.9887640449438202,0.5,B4,B4_threshold_tuning_only,LOGO,16,0.65,none,none,sweep,Taxol
-0.011235955056179775,0.0,0.0,0.9777777777777777,0.0,0.9887640449438202,0.5,B4,B4_threshold_tuning_only,LOGO,16,0.7,none,none,sweep,Taxol
0.0,0.0,0.0,0.9888888888888889,0.0,0.9887640449438202,0.5,B4,B4_threshold_tuning_only,LOGO,16,0.75,none,none,sweep,Taxol
0.0,0.0,0.0,0.9888888888888889,0.0,0.9887640449438202,0.5,B4,B4_threshold_tuning_only,LOGO,16,0.8,none,none,sweep,Taxol
0.0,0.0,0.0,0.9888888888888889,0.0,0.9887640449438202,0.5,B4,B4_threshold_tuning_only,LOGO,16,0.85,none,none,sweep,Taxol
0.0,0.0,0.0,0.9888888888888889,0.0,0.9887640449438202,0.5,B4,B4_threshold_tuning_only,LOGO,16,0.9,none,none,sweep,Taxol
0.27613895652650466,0.27450980392156865,0.16666666666666666,0.7430555555555556,0.7777777777777778,0.8979423868312757,0.4298090798090798,B5,B5_class_weight_threshold_tuning,CV,1,0.05,balanced,none,sweep,
0.4355999025743339,0.4375,0.30434782608695654,0.875,0.7777777777777778,0.8979423868312757,0.4298090798090798,B5,B5_class_weight_threshold_tuning,CV,1,0.1,balanced,none,sweep,
0.5693582527572367,0.5833333333333334,0.4666666666666667,0.9305555555555556,0.7777777777777778,0.8979423868312757,0.4298090798090798,B5,B5_class_weight_threshold_tuning,CV,1,0.15,balanced,none,sweep,
0.3808866325636431,0.42105263157894735,0.4,0.9236111111111112,0.4444444444444444,0.8979423868312757,0.4298090798090798,B5,B5_class_weight_threshold_tuning,CV,1,0.2,balanced,none,sweep,
0.3131121455425747,0.35294117647058826,0.375,0.9236111111111112,0.3333333333333333,0.8979423868312757,0.4298090798090798,B5,B5_class_weight_threshold_tuning,CV,1,0.25,balanced,none,sweep,
0.1077344635123662,0.14285714285714285,0.2,0.9166666666666666,0.1111111111111111,0.8979423868312757,0.4298090798090798,B5,B5_class_weight_threshold_tuning,CV,1,0.3,balanced,none,sweep,
0.13093073414159542,0.15384615384615385,0.25,0.9236111111111112,0.1111111111111111,0.8979423868312757,0.4298090798090798,B5,B5_class_weight_threshold_tuning,CV,1,0.35,balanced,none,sweep,
0.21449799456256347,0.18181818181818182,0.5,0.9375,0.1111111111111111,0.8979423868312757,0.4298090798090798,B5,B5_class_weight_threshold_tuning,CV,1,0.4,balanced,none,sweep,
0.21449799456256347,0.18181818181818182,0.5,0.9375,0.1111111111111111,0.8979423868312757,0.4298090798090798,B5,B5_class_weight_threshold_tuning,CV,1,0.45,balanced,none,sweep,
0.21449799456256347,0.18181818181818182,0.5,0.9375,0.1111111111111111,0.8979423868312757,0.4298090798090798,B5,B5_class_weight_threshold_tuning,CV,1,0.5,balanced,none,sweep,
0.21449799456256347,0.18181818181818182,0.5,0.9375,0.1111111111111111,0.8979423868312757,0.4298090798090798,B5,B5_class_weight_threshold_tuning,CV,1,0.55,balanced,none,sweep,
0.21449799456256347,0.18181818181818182,0.5,0.9375,0.1111111111111111,0.8979423868312757,0.4298090798090798,B5,B5_class_weight_threshold_tuning,CV,1,0.6,balanced,none,sweep,
0.21449799456256347,0.18181818181818182,0.5,0.9375,0.1111111111111111,0.8979423868312757,0.4298090798090798,B5,B5_class_weight_threshold_tuning,CV,1,0.65,balanced,none,sweep,
0.21449799456256347,0.18181818181818182,0.5,0.9375,0.1111111111111111,0.8979423868312757,0.4298090798090798,B5,B5_class_weight_threshold_tuning,CV,1,0.7,balanced,none,sweep,
0.21449799456256347,0.18181818181818182,0.5,0.9375,0.1111111111111111,0.8979423868312757,0.4298090798090798,B5,B5_class_weight_threshold_tuning,CV,1,0.75,balanced,none,sweep,
0.32387513781564786,0.2,1.0,0.9444444444444444,0.1111111111111111,0.8979423868312757,0.4298090798090798,B5,B5_class_weight_threshold_tuning,CV,1,0.8,balanced,none,sweep,
0.0,0.0,0.0,0.9375,0.0,0.8979423868312757,0.4298090798090798,B5,B5_class_weight_threshold_tuning,CV,1,0.85,balanced,none,sweep,
0.0,0.0,0.0,0.9375,0.0,0.8979423868312757,0.4298090798090798,B5,B5_class_weight_threshold_tuning,CV,1,0.9,balanced,none,sweep,
0.22998646241414492,0.25,0.15384615384615385,0.75,0.6666666666666666,0.7650205761316873,0.3017469570802046,B5,B5_class_weight_threshold_tuning,CV,2,0.05,balanced,none,sweep,
0.2913971185543096,0.3076923076923077,0.2,0.8125,0.6666666666666666,0.7650205761316873,0.3017469570802046,B5,B5_class_weight_threshold_tuning,CV,2,0.1,balanced,none,sweep,
0.21845431272162377,0.26666666666666666,0.19047619047619047,0.8472222222222222,0.4444444444444444,0.7650205761316873,0.3017469570802046,B5,B5_class_weight_threshold_tuning,CV,2,0.15,balanced,none,sweep,
0.23354968324845687,0.2857142857142857,0.25,0.8958333333333334,0.3333333333333333,0.7650205761316873,0.3017469570802046,B5,B5_class_weight_threshold_tuning,CV,2,0.2,balanced,none,sweep,
0.28888888888888886,0.3333333333333333,0.3333333333333333,0.9166666666666666,0.3333333333333333,0.7650205761316873,0.3017469570802046,B5,B5_class_weight_threshold_tuning,CV,2,0.25,balanced,none,sweep,
0.18786728732554484,0.23529411764705882,0.25,0.9097222222222222,0.2222222222222222,0.7650205761316873,0.3017469570802046,B5,B5_class_weight_threshold_tuning,CV,2,0.3,balanced,none,sweep,
0.23329882422520504,0.26666666666666666,0.3333333333333333,0.9236111111111112,0.2222222222222222,0.7650205761316873,0.3017469570802046,B5,B5_class_weight_threshold_tuning,CV,2,0.35,balanced,none,sweep,
0.16320277505018704,0.16666666666666666,0.3333333333333333,0.9305555555555556,0.1111111111111111,0.7650205761316873,0.3017469570802046,B5,B5_class_weight_threshold_tuning,CV,2,0.4,balanced,none,sweep,
0.21449799456256347,0.18181818181818182,0.5,0.9375,0.1111111111111111,0.7650205761316873,0.3017469570802046,B5,B5_class_weight_threshold_tuning,CV,2,0.45,balanced,none,sweep,
0.32387513781564786,0.2,1.0,0.9444444444444444,0.1111111111111111,0.7650205761316873,0.3017469570802046,B5,B5_class_weight_threshold_tuning,CV,2,0.5,balanced,none,sweep,
0.0,0.0,0.0,0.9375,0.0,0.7650205761316873,0.3017469570802046,B5,B5_class_weight_threshold_tuning,CV,2,0.55,balanced,none,sweep,
0.0,0.0,0.0,0.9375,0.0,0.7650205761316873,0.3017469570802046,B5,B5_class_weight_threshold_tuning,CV,2,0.6,balanced,none,sweep,
0.0,0.0,0.0,0.9375,0.0,0.7650205761316873,0.3017469570802046,B5,B5_class_weight_threshold_tuning,CV,2,0.65,balanced,none,sweep,
0.0,0.0,0.0,0.9375,0.0,0.7650205761316873,0.3017469570802046,B5,B5_class_weight_threshold_tuning,CV,2,0.7,balanced,none,sweep,
0.0,0.0,0.0,0.9375,0.0,0.7650205761316873,0.3017469570802046,B5,B5_class_weight_threshold_tuning,CV,2,0.75,balanced,none,sweep,
0.0,0.0,0.0,0.9375,0.0,0.7650205761316873,0.3017469570802046,B5,B5_class_weight_threshold_tuning,CV,2,0.8,balanced,none,sweep,
0.0,0.0,0.0,0.9375,0.0,0.7650205761316873,0.3017469570802046,B5,B5_class_weight_threshold_tuning,CV,2,0.85,balanced,none,sweep,
0.0,0.0,0.0,0.9375,0.0,0.7650205761316873,0.3017469570802046,B5,B5_class_weight_threshold_tuning,CV,2,0.9,balanced,none,sweep,
0.4236592728681617,0.375,0.23076923076923078,0.7916666666666666,1.0,0.9160493827160494,0.4547870967493393,B5,B5_class_weight_threshold_tuning,CV,3,0.05,balanced,none,sweep,
0.4355999025743339,0.4375,0.30434782608695654,0.875,0.7777777777777778,0.9160493827160494,0.4547870967493393,B5,B5_class_weight_threshold_tuning,CV,3,0.1,balanced,none,sweep,
0.35008104666080614,0.38461538461538464,0.29411764705882354,0.8888888888888888,0.5555555555555556,0.9160493827160494,0.4547870967493393,B5,B5_class_weight_threshold_tuning,CV,3,0.15,balanced,none,sweep,
0.24976635242618936,0.3,0.2727272727272727,0.9027777777777778,0.3333333333333333,0.9160493827160494,0.4547870967493393,B5,B5_class_weight_threshold_tuning,CV,3,0.2,balanced,none,sweep,
0.20844192512248122,0.25,0.2857142857142857,0.9166666666666666,0.2222222222222222,0.9160493827160494,0.4547870967493393,B5,B5_class_weight_threshold_tuning,CV,3,0.25,balanced,none,sweep,
0.23329882422520504,0.26666666666666666,0.3333333333333333,0.9236111111111112,0.2222222222222222,0.9160493827160494,0.4547870967493393,B5,B5_class_weight_threshold_tuning,CV,3,0.3,balanced,none,sweep,
0.30550504633038933,0.3076923076923077,0.5,0.9375,0.2222222222222222,0.9160493827160494,0.4547870967493393,B5,B5_class_weight_threshold_tuning,CV,3,0.35,balanced,none,sweep,
0.36406772895810957,0.3333333333333333,0.6666666666666666,0.9444444444444444,0.2222222222222222,0.9160493827160494,0.4547870967493393,B5,B5_class_weight_threshold_tuning,CV,3,0.4,balanced,none,sweep,
0.32387513781564786,0.2,1.0,0.9444444444444444,0.1111111111111111,0.9160493827160494,0.4547870967493393,B5,B5_class_weight_threshold_tuning,CV,3,0.45,balanced,none,sweep,
0.0,0.0,0.0,0.9375,0.0,0.9160493827160494,0.4547870967493393,B5,B5_class_weight_threshold_tuning,CV,3,0.5,balanced,none,sweep,
0.0,0.0,0.0,0.9375,0.0,0.9160493827160494,0.4547870967493393,B5,B5_class_weight_threshold_tuning,CV,3,0.55,balanced,none,sweep,
0.0,0.0,0.0,0.9375,0.0,0.9160493827160494,0.4547870967493393,B5,B5_class_weight_threshold_tuning,CV,3,0.6,balanced,none,sweep,
0.0,0.0,0.0,0.9375,0.0,0.9160493827160494,0.4547870967493393,B5,B5_class_weight_threshold_tuning,CV,3,0.65,balanced,none,sweep,
0.0,0.0,0.0,0.9375,0.0,0.9160493827160494,0.4547870967493393,B5,B5_class_weight_threshold_tuning,CV,3,0.7,balanced,none,sweep,
0.0,0.0,0.0,0.9375,0.0,0.9160493827160494,0.4547870967493393,B5,B5_class_weight_threshold_tuning,CV,3,0.75,balanced,none,sweep,
0.0,0.0,0.0,0.9375,0.0,0.9160493827160494,0.4547870967493393,B5,B5_class_weight_threshold_tuning,CV,3,0.8,balanced,none,sweep,
0.0,0.0,0.0,0.9375,0.0,0.9160493827160494,0.4547870967493393,B5,B5_class_weight_threshold_tuning,CV,3,0.85,balanced,none,sweep,
0.0,0.0,0.0,0.9375,0.0,0.9160493827160494,0.4547870967493393,B5,B5_class_weight_threshold_tuning,CV,3,0.9,balanced,none,sweep,
0.32844906435973886,0.28125,0.16363636363636364,0.6805555555555556,1.0,0.9436213991769548,0.5190226014938658,B5,B5_class_weight_threshold_tuning,CV,4,0.05,balanced,none,sweep,
0.4236592728681617,0.375,0.23076923076923078,0.7916666666666666,1.0,0.9436213991769548,0.5190226014938658,B5,B5_class_weight_threshold_tuning,CV,4,0.1,balanced,none,sweep,
0.4754740995006545,0.45714285714285713,0.3076923076923077,0.8680555555555556,0.8888888888888888,0.9436213991769548,0.5190226014938658,B5,B5_class_weight_threshold_tuning,CV,4,0.15,balanced,none,sweep,
0.5599539151544296,0.5517241379310345,0.4,0.9097222222222222,0.8888888888888888,0.9436213991769548,0.5190226014938658,B5,B5_class_weight_threshold_tuning,CV,4,0.2,balanced,none,sweep,
0.381528726074437,0.4166666666666667,0.3333333333333333,0.9027777777777778,0.5555555555555556,0.9436213991769548,0.5190226014938658,B5,B5_class_weight_threshold_tuning,CV,4,0.25,balanced,none,sweep,
0.3577734237456226,0.4,0.36363636363636365,0.9166666666666666,0.4444444444444444,0.9436213991769548,0.5190226014938658,B5,B5_class_weight_threshold_tuning,CV,4,0.3,balanced,none,sweep,
0.3768673314407158,0.4,0.5,0.9375,0.3333333333333333,0.9436213991769548,0.5190226014938658,B5,B5_class_weight_threshold_tuning,CV,4,0.35,balanced,none,sweep,
0.3768673314407158,0.4,0.5,0.9375,0.3333333333333333,0.9436213991769548,0.5190226014938658,B5,B5_class_weight_threshold_tuning,CV,4,0.4,balanced,none,sweep,
0.48007935851918326,0.46153846153846156,0.75,0.9513888888888888,0.3333333333333333,0.9436213991769548,0.5190226014938658,B5,B5_class_weight_threshold_tuning,CV,4,0.45,balanced,none,sweep,
0.48007935851918326,0.46153846153846156,0.75,0.9513888888888888,0.3333333333333333,0.9436213991769548,0.5190226014938658,B5,B5_class_weight_threshold_tuning,CV,4,0.5,balanced,none,sweep,
0.48007935851918326,0.46153846153846156,0.75,0.9513888888888888,0.3333333333333333,0.9436213991769548,0.5190226014938658,B5,B5_class_weight_threshold_tuning,CV,4,0.55,balanced,none,sweep,
0.32387513781564786,0.2,1.0,0.9444444444444444,0.1111111111111111,0.9436213991769548,0.5190226014938658,B5,B5_class_weight_threshold_tuning,CV,4,0.6,balanced,none,sweep,
0.32387513781564786,0.2,1.0,0.9444444444444444,0.1111111111111111,0.9436213991769548,0.5190226014938658,B5,B5_class_weight_threshold_tuning,CV,4,0.65,balanced,none,sweep,
0.32387513781564786,0.2,1.0,0.9444444444444444,0.1111111111111111,0.9436213991769548,0.5190226014938658,B5,B5_class_weight_threshold_tuning,CV,4,0.7,balanced,none,sweep,
0.0,0.0,0.0,0.9375,0.0,0.9436213991769548,0.5190226014938658,B5,B5_class_weight_threshold_tuning,CV,4,0.75,balanced,none,sweep,
0.0,0.0,0.0,0.9375,0.0,0.9436213991769548,0.5190226014938658,B5,B5_class_weight_threshold_tuning,CV,4,0.8,balanced,none,sweep,
0.0,0.0,0.0,0.9375,0.0,0.9436213991769548,0.5190226014938658,B5,B5_class_weight_threshold_tuning,CV,4,0.85,balanced,none,sweep,
0.0,0.0,0.0,0.9375,0.0,0.9436213991769548,0.5190226014938658,B5,B5_class_weight_threshold_tuning,CV,4,0.9,balanced,none,sweep,
0.2646896410149178,0.2641509433962264,0.1590909090909091,0.7291666666666666,0.7777777777777778,0.8847736625514403,0.46592074657927696,B5,B5_class_weight_threshold_tuning,CV,5,0.05,balanced,none,sweep,
0.3572898077295098,0.375,0.2608695652173913,0.8611111111111112,0.6666666666666666,0.8847736625514403,0.46592074657927696,B5,B5_class_weight_threshold_tuning,CV,5,0.1,balanced,none,sweep,
0.3231858951238707,0.35714285714285715,0.2631578947368421,0.875,0.5555555555555556,0.8847736625514403,0.46592074657927696,B5,B5_class_weight_threshold_tuning,CV,5,0.15,balanced,none,sweep,
0.26117157449298234,0.3076923076923077,0.23529411764705882,0.875,0.4444444444444444,0.8847736625514403,0.46592074657927696,B5,B5_class_weight_threshold_tuning,CV,5,0.2,balanced,none,sweep,
0.26117157449298234,0.3076923076923077,0.23529411764705882,0.875,0.4444444444444444,0.8847736625514403,0.46592074657927696,B5,B5_class_weight_threshold_tuning,CV,5,0.25,balanced,none,sweep,
0.31909295994661596,0.36363636363636365,0.3076923076923077,0.9027777777777778,0.4444444444444444,0.8847736625514403,0.46592074657927696,B5,B5_class_weight_threshold_tuning,CV,5,0.3,balanced,none,sweep,
0.3808866325636431,0.42105263157894735,0.4,0.9236111111111112,0.4444444444444444,0.8847736625514403,0.46592074657927696,B5,B5_class_weight_threshold_tuning,CV,5,0.35,balanced,none,sweep,
0.4383570037596046,0.47058823529411764,0.5,0.9375,0.4444444444444444,0.8847736625514403,0.46592074657927696,B5,B5_class_weight_threshold_tuning,CV,5,0.4,balanced,none,sweep,
0.48007935851918326,0.46153846153846156,0.75,0.9513888888888888,0.3333333333333333,0.8847736625514403,0.46592074657927696,B5,B5_class_weight_threshold_tuning,CV,5,0.45,balanced,none,sweep,
0.48007935851918326,0.46153846153846156,0.75,0.9513888888888888,0.3333333333333333,0.8847736625514403,0.46592074657927696,B5,B5_class_weight_threshold_tuning,CV,5,0.5,balanced,none,sweep,
0.36406772895810957,0.3333333333333333,0.6666666666666666,0.9444444444444444,0.2222222222222222,0.8847736625514403,0.46592074657927696,B5,B5_class_weight_threshold_tuning,CV,5,0.55,balanced,none,sweep,
0.36406772895810957,0.3333333333333333,0.6666666666666666,0.9444444444444444,0.2222222222222222,0.8847736625514403,0.46592074657927696,B5,B5_class_weight_threshold_tuning,CV,5,0.6,balanced,none,sweep,
0.21449799456256347,0.18181818181818182,0.5,0.9375,0.1111111111111111,0.8847736625514403,0.46592074657927696,B5,B5_class_weight_threshold_tuning,CV,5,0.65,balanced,none,sweep,
0.32387513781564786,0.2,1.0,0.9444444444444444,0.1111111111111111,0.8847736625514403,0.46592074657927696,B5,B5_class_weight_threshold_tuning,CV,5,0.7,balanced,none,sweep,
0.32387513781564786,0.2,1.0,0.9444444444444444,0.1111111111111111,0.8847736625514403,0.46592074657927696,B5,B5_class_weight_threshold_tuning,CV,5,0.75,balanced,none,sweep,
0.0,0.0,0.0,0.9375,0.0,0.8847736625514403,0.46592074657927696,B5,B5_class_weight_threshold_tuning,CV,5,0.8,balanced,none,sweep,
0.0,0.0,0.0,0.9375,0.0,0.8847736625514403,0.46592074657927696,B5,B5_class_weight_threshold_tuning,CV,5,0.85,balanced,none,sweep,
0.0,0.0,0.0,0.9375,0.0,0.8847736625514403,0.46592074657927696,B5,B5_class_weight_threshold_tuning,CV,5,0.9,balanced,none,sweep,
0.2549980940317158,0.2727272727272727,0.17142857142857143,0.7777777777777778,0.6666666666666666,0.8559670781893003,0.46436850834609933,B5,B5_class_weight_threshold_tuning,CV,6,0.05,balanced,none,sweep,
0.3572898077295098,0.375,0.2608695652173913,0.8611111111111112,0.6666666666666666,0.8559670781893003,0.46436850834609933,B5,B5_class_weight_threshold_tuning,CV,6,0.1,balanced,none,sweep,
0.35008104666080614,0.38461538461538464,0.29411764705882354,0.8888888888888888,0.5555555555555556,0.8559670781893003,0.46436850834609933,B5,B5_class_weight_threshold_tuning,CV,6,0.15,balanced,none,sweep,
0.33734954246999327,0.38095238095238093,0.3333333333333333,0.9097222222222222,0.4444444444444444,0.8559670781893003,0.46436850834609933,B5,B5_class_weight_threshold_tuning,CV,6,0.2,balanced,none,sweep,
0.3577734237456226,0.4,0.36363636363636365,0.9166666666666666,0.4444444444444444,0.8559670781893003,0.46436850834609933,B5,B5_class_weight_threshold_tuning,CV,6,0.25,balanced,none,sweep,
0.4383570037596046,0.47058823529411764,0.5,0.9375,0.4444444444444444,0.8559670781893003,0.46436850834609933,B5,B5_class_weight_threshold_tuning,CV,6,0.3,balanced,none,sweep,
0.4752475892792572,0.5,0.5714285714285714,0.9444444444444444,0.4444444444444444,0.8559670781893003,0.46436850834609933,B5,B5_class_weight_threshold_tuning,CV,6,0.35,balanced,none,sweep,
0.3768673314407158,0.4,0.5,0.9375,0.3333333333333333,0.8559670781893003,0.46436850834609933,B5,B5_class_weight_threshold_tuning,CV,6,0.4,balanced,none,sweep,
0.36406772895810957,0.3333333333333333,0.6666666666666666,0.9444444444444444,0.2222222222222222,0.8559670781893003,0.46436850834609933,B5,B5_class_weight_threshold_tuning,CV,6,0.45,balanced,none,sweep,
0.36406772895810957,0.3333333333333333,0.6666666666666666,0.9444444444444444,0.2222222222222222,0.8559670781893003,0.46436850834609933,B5,B5_class_weight_threshold_tuning,CV,6,0.5,balanced,none,sweep,
0.4596385597769217,0.36363636363636365,1.0,0.9513888888888888,0.2222222222222222,0.8559670781893003,0.46436850834609933,B5,B5_class_weight_threshold_tuning,CV,6,0.55,balanced,none,sweep,
0.4596385597769217,0.36363636363636365,1.0,0.9513888888888888,0.2222222222222222,0.8559670781893003,0.46436850834609933,B5,B5_class_weight_threshold_tuning,CV,6,0.6,balanced,none,sweep,
0.32387513781564786,0.2,1.0,0.9444444444444444,0.1111111111111111,0.8559670781893003,0.46436850834609933,B5,B5_class_weight_threshold_tuning,CV,6,0.65,balanced,none,sweep,
0.32387513781564786,0.2,1.0,0.9444444444444444,0.1111111111111111,0.8559670781893003,0.46436850834609933,B5,B5_class_weight_threshold_tuning,CV,6,0.7,balanced,none,sweep,
0.0,0.0,0.0,0.9375,0.0,0.8559670781893003,0.46436850834609933,B5,B5_class_weight_threshold_tuning,CV,6,0.75,balanced,none,sweep,
0.0,0.0,0.0,0.9375,0.0,0.8559670781893003,0.46436850834609933,B5,B5_class_weight_threshold_tuning,CV,6,0.8,balanced,none,sweep,
0.0,0.0,0.0,0.9375,0.0,0.8559670781893003,0.46436850834609933,B5,B5_class_weight_threshold_tuning,CV,6,0.85,balanced,none,sweep,
0.0,0.0,0.0,0.9375,0.0,0.8559670781893003,0.46436850834609933,B5,B5_class_weight_threshold_tuning,CV,6,0.9,balanced,none,sweep,
0.35471103373133755,0.35555555555555557,0.22857142857142856,0.7986111111111112,0.8,0.8578358208955225,0.46172705314009665,B5,B5_class_weight_threshold_tuning,CV,7,0.05,balanced,none,sweep,
0.4289318435281159,0.45161290322580644,0.3333333333333333,0.8819444444444444,0.7,0.8578358208955225,0.46172705314009665,B5,B5_class_weight_threshold_tuning,CV,7,0.1,balanced,none,sweep,
0.5118921586521444,0.5384615384615384,0.4375,0.9166666666666666,0.7,0.8578358208955225,0.46172705314009665,B5,B5_class_weight_threshold_tuning,CV,7,0.15,balanced,none,sweep,
0.43566760954221007,0.47619047619047616,0.45454545454545453,0.9236111111111112,0.5,0.8578358208955225,0.46172705314009665,B5,B5_class_weight_threshold_tuning,CV,7,0.2,balanced,none,sweep,
0.24662219319064768,0.26666666666666666,0.4,0.9236111111111112,0.2,0.8578358208955225,0.46172705314009665,B5,B5_class_weight_threshold_tuning,CV,7,0.25,balanced,none,sweep,
0.1514196606236208,0.15384615384615385,0.3333333333333333,0.9236111111111112,0.1,0.8578358208955225,0.46172705314009665,B5,B5_class_weight_threshold_tuning,CV,7,0.3,balanced,none,sweep,
0.1514196606236208,0.15384615384615385,0.3333333333333333,0.9236111111111112,0.1,0.8578358208955225,0.46172705314009665,B5,B5_class_weight_threshold_tuning,CV,7,0.35,balanced,none,sweep,
0.2010065066712914,0.16666666666666666,0.5,0.9305555555555556,0.1,0.8578358208955225,0.46172705314009665,B5,B5_class_weight_threshold_tuning,CV,7,0.4,balanced,none,sweep,
0.30611483744878115,0.18181818181818182,1.0,0.9375,0.1,0.8578358208955225,0.46172705314009665,B5,B5_class_weight_threshold_tuning,CV,7,0.45,balanced,none,sweep,
0.30611483744878115,0.18181818181818182,1.0,0.9375,0.1,0.8578358208955225,0.46172705314009665,B5,B5_class_weight_threshold_tuning,CV,7,0.5,balanced,none,sweep,
0.30611483744878115,0.18181818181818182,1.0,0.9375,0.1,0.8578358208955225,0.46172705314009665,B5,B5_class_weight_threshold_tuning,CV,7,0.55,balanced,none,sweep,
0.0,0.0,0.0,0.9305555555555556,0.0,0.8578358208955225,0.46172705314009665,B5,B5_class_weight_threshold_tuning,CV,7,0.6,balanced,none,sweep,
0.0,0.0,0.0,0.9305555555555556,0.0,0.8578358208955225,0.46172705314009665,B5,B5_class_weight_threshold_tuning,CV,7,0.65,balanced,none,sweep,
0.0,0.0,0.0,0.9305555555555556,0.0,0.8578358208955225,0.46172705314009665,B5,B5_class_weight_threshold_tuning,CV,7,0.7,balanced,none,sweep,
0.0,0.0,0.0,0.9305555555555556,0.0,0.8578358208955225,0.46172705314009665,B5,B5_class_weight_threshold_tuning,CV,7,0.75,balanced,none,sweep,
0.0,0.0,0.0,0.9305555555555556,0.0,0.8578358208955225,0.46172705314009665,B5,B5_class_weight_threshold_tuning,CV,7,0.8,balanced,none,sweep,
0.0,0.0,0.0,0.9305555555555556,0.0,0.8578358208955225,0.46172705314009665,B5,B5_class_weight_threshold_tuning,CV,7,0.85,balanced,none,sweep,
0.0,0.0,0.0,0.9305555555555556,0.0,0.8578358208955225,0.46172705314009665,B5,B5_class_weight_threshold_tuning,CV,7,0.9,balanced,none,sweep,
0.3942741857799665,0.375,0.23684210526315788,0.7916666666666666,0.9,0.9097014925373135,0.5743656573474685,B5,B5_class_weight_threshold_tuning,CV,8,0.05,balanced,none,sweep,
0.47744342694673875,0.48484848484848486,0.34782608695652173,0.8819444444444444,0.8,0.9097014925373135,0.5743656573474685,B5,B5_class_weight_threshold_tuning,CV,8,0.1,balanced,none,sweep,
0.371398290485425,0.4166666666666667,0.35714285714285715,0.9027777777777778,0.5,0.9097014925373135,0.5743656573474685,B5,B5_class_weight_threshold_tuning,CV,8,0.15,balanced,none,sweep,
0.371398290485425,0.4166666666666667,0.35714285714285715,0.9027777777777778,0.5,0.9097014925373135,0.5743656573474685,B5,B5_class_weight_threshold_tuning,CV,8,0.2,balanced,none,sweep,
0.39056407060681303,0.43478260869565216,0.38461538461538464,0.9097222222222222,0.5,0.9097014925373135,0.5743656573474685,B5,B5_class_weight_threshold_tuning,CV,8,0.25,balanced,none,sweep,
0.43566760954221007,0.47619047619047616,0.45454545454545453,0.9236111111111112,0.5,0.9097014925373135,0.5743656573474685,B5,B5_class_weight_threshold_tuning,CV,8,0.3,balanced,none,sweep,
0.489871455413899,0.5,0.6666666666666666,0.9444444444444444,0.4,0.9097014925373135,0.5743656573474685,B5,B5_class_weight_threshold_tuning,CV,8,0.35,balanced,none,sweep,
0.39583898234801435,0.4,0.6,0.9375,0.3,0.9097014925373135,0.5743656573474685,B5,B5_class_weight_threshold_tuning,CV,8,0.4,balanced,none,sweep,
0.5339535400938208,0.46153846153846156,1.0,0.9513888888888888,0.3,0.9097014925373135,0.5743656573474685,B5,B5_class_weight_threshold_tuning,CV,8,0.45,balanced,none,sweep,
0.434433417644404,0.3333333333333333,1.0,0.9444444444444444,0.2,0.9097014925373135,0.5743656573474685,B5,B5_class_weight_threshold_tuning,CV,8,0.5,balanced,none,sweep,
0.434433417644404,0.3333333333333333,1.0,0.9444444444444444,0.2,0.9097014925373135,0.5743656573474685,B5,B5_class_weight_threshold_tuning,CV,8,0.55,balanced,none,sweep,
0.30611483744878115,0.18181818181818182,1.0,0.9375,0.1,0.9097014925373135,0.5743656573474685,B5,B5_class_weight_threshold_tuning,CV,8,0.6,balanced,none,sweep,
0.30611483744878115,0.18181818181818182,1.0,0.9375,0.1,0.9097014925373135,0.5743656573474685,B5,B5_class_weight_threshold_tuning,CV,8,0.65,balanced,none,sweep,
0.30611483744878115,0.18181818181818182,1.0,0.9375,0.1,0.9097014925373135,0.5743656573474685,B5,B5_class_weight_threshold_tuning,CV,8,0.7,balanced,none,sweep,
0.0,0.0,0.0,0.9305555555555556,0.0,0.9097014925373135,0.5743656573474685,B5,B5_class_weight_threshold_tuning,CV,8,0.75,balanced,none,sweep,
0.0,0.0,0.0,0.9305555555555556,0.0,0.9097014925373135,0.5743656573474685,B5,B5_class_weight_threshold_tuning,CV,8,0.8,balanced,none,sweep,
0.0,0.0,0.0,0.9305555555555556,0.0,0.9097014925373135,0.5743656573474685,B5,B5_class_weight_threshold_tuning,CV,8,0.85,balanced,none,sweep,
0.0,0.0,0.0,0.9305555555555556,0.0,0.9097014925373135,0.5743656573474685,B5,B5_class_weight_threshold_tuning,CV,8,0.9,balanced,none,sweep,
0.276997295416794,0.2978723404255319,0.1891891891891892,0.7708333333333334,0.7,0.7936567164179104,0.41561805153910414,B5,B5_class_weight_threshold_tuning,CV,9,0.05,balanced,none,sweep,
0.4289318435281159,0.45161290322580644,0.3333333333333333,0.8819444444444444,0.7,0.7936567164179104,0.41561805153910414,B5,B5_class_weight_threshold_tuning,CV,9,0.1,balanced,none,sweep,
0.4249670751074407,0.46153846153846156,0.375,0.9027777777777778,0.6,0.7936567164179104,0.41561805153910414,B5,B5_class_weight_threshold_tuning,CV,9,0.15,balanced,none,sweep,
0.39056407060681303,0.43478260869565216,0.38461538461538464,0.9097222222222222,0.5,0.7936567164179104,0.41561805153910414,B5,B5_class_weight_threshold_tuning,CV,9,0.2,balanced,none,sweep,
0.24776119402985075,0.3,0.3,0.9027777777777778,0.3,0.7936567164179104,0.41561805153910414,B5,B5_class_weight_threshold_tuning,CV,9,0.25,balanced,none,sweep,
0.192306866244519,0.23529411764705882,0.2857142857142857,0.9097222222222222,0.2,0.7936567164179104,0.41561805153910414,B5,B5_class_weight_threshold_tuning,CV,9,0.3,balanced,none,sweep,
0.21645482913637398,0.25,0.3333333333333333,0.9166666666666666,0.2,0.7936567164179104,0.41561805153910414,B5,B5_class_weight_threshold_tuning,CV,9,0.35,balanced,none,sweep,
0.3426866003587208,0.3076923076923077,0.6666666666666666,0.9375,0.2,0.7936567164179104,0.41561805153910414,B5,B5_class_weight_threshold_tuning,CV,9,0.4,balanced,none,sweep,
0.434433417644404,0.3333333333333333,1.0,0.9444444444444444,0.2,0.7936567164179104,0.41561805153910414,B5,B5_class_weight_threshold_tuning,CV,9,0.45,balanced,none,sweep,
0.30611483744878115,0.18181818181818182,1.0,0.9375,0.1,0.7936567164179104,0.41561805153910414,B5,B5_class_weight_threshold_tuning,CV,9,0.5,balanced,none,sweep,
0.30611483744878115,0.18181818181818182,1.0,0.9375,0.1,0.7936567164179104,0.41561805153910414,B5,B5_class_weight_threshold_tuning,CV,9,0.55,balanced,none,sweep,
0.30611483744878115,0.18181818181818182,1.0,0.9375,0.1,0.7936567164179104,0.41561805153910414,B5,B5_class_weight_threshold_tuning,CV,9,0.6,balanced,none,sweep,
0.0,0.0,0.0,0.9305555555555556,0.0,0.7936567164179104,0.41561805153910414,B5,B5_class_weight_threshold_tuning,CV,9,0.65,balanced,none,sweep,
0.0,0.0,0.0,0.9305555555555556,0.0,0.7936567164179104,0.41561805153910414,B5,B5_class_weight_threshold_tuning,CV,9,0.7,balanced,none,sweep,
0.0,0.0,0.0,0.9305555555555556,0.0,0.7936567164179104,0.41561805153910414,B5,B5_class_weight_threshold_tuning,CV,9,0.75,balanced,none,sweep,
0.0,0.0,0.0,0.9305555555555556,0.0,0.7936567164179104,0.41561805153910414,B5,B5_class_weight_threshold_tuning,CV,9,0.8,balanced,none,sweep,
0.0,0.0,0.0,0.9305555555555556,0.0,0.7936567164179104,0.41561805153910414,B5,B5_class_weight_threshold_tuning,CV,9,0.85,balanced,none,sweep,
0.0,0.0,0.0,0.9305555555555556,0.0,0.7936567164179104,0.41561805153910414,B5,B5_class_weight_threshold_tuning,CV,9,0.9,balanced,none,sweep,
0.36336228059268905,0.3225806451612903,0.19230769230769232,0.7083333333333334,1.0,0.8798507462686568,0.2908483994296312,B5,B5_class_weight_threshold_tuning,CV,10,0.05,balanced,none,sweep,
0.35471103373133755,0.35555555555555557,0.22857142857142856,0.7986111111111112,0.8,0.8798507462686568,0.2908483994296312,B5,B5_class_weight_threshold_tuning,CV,10,0.1,balanced,none,sweep,
0.3796411859592005,0.4,0.28,0.8541666666666666,0.7,0.8798507462686568,0.2908483994296312,B5,B5_class_weight_threshold_tuning,CV,10,0.15,balanced,none,sweep,
0.35153060860574914,0.3870967741935484,0.2857142857142857,0.8680555555555556,0.6,0.8798507462686568,0.2908483994296312,B5,B5_class_weight_threshold_tuning,CV,10,0.2,balanced,none,sweep,
0.32335826738467605,0.37037037037037035,0.29411764705882354,0.8819444444444444,0.5,0.8798507462686568,0.2908483994296312,B5,B5_class_weight_threshold_tuning,CV,10,0.25,balanced,none,sweep,
0.24776119402985075,0.3,0.3,0.9027777777777778,0.3,0.8798507462686568,0.2908483994296312,B5,B5_class_weight_threshold_tuning,CV,10,0.3,balanced,none,sweep,
0.29152500845230545,0.3333333333333333,0.375,0.9166666666666666,0.3,0.8798507462686568,0.2908483994296312,B5,B5_class_weight_threshold_tuning,CV,10,0.35,balanced,none,sweep,
0.12005684510029863,0.14285714285714285,0.25,0.9166666666666666,0.1,0.8798507462686568,0.2908483994296312,B5,B5_class_weight_threshold_tuning,CV,10,0.4,balanced,none,sweep,
-0.02284439085438665,0.0,0.0,0.9236111111111112,0.0,0.8798507462686568,0.2908483994296312,B5,B5_class_weight_threshold_tuning,CV,10,0.45,balanced,none,sweep,
-0.02284439085438665,0.0,0.0,0.9236111111111112,0.0,0.8798507462686568,0.2908483994296312,B5,B5_class_weight_threshold_tuning,CV,10,0.5,balanced,none,sweep,
-0.02284439085438665,0.0,0.0,0.9236111111111112,0.0,0.8798507462686568,0.2908483994296312,B5,B5_class_weight_threshold_tuning,CV,10,0.55,balanced,none,sweep,
-0.02284439085438665,0.0,0.0,0.9236111111111112,0.0,0.8798507462686568,0.2908483994296312,B5,B5_class_weight_threshold_tuning,CV,10,0.6,balanced,none,sweep,
-0.02284439085438665,0.0,0.0,0.9236111111111112,0.0,0.8798507462686568,0.2908483994296312,B5,B5_class_weight_threshold_tuning,CV,10,0.65,balanced,none,sweep,
-0.02284439085438665,0.0,0.0,0.9236111111111112,0.0,0.8798507462686568,0.2908483994296312,B5,B5_class_weight_threshold_tuning,CV,10,0.7,balanced,none,sweep,
-0.02284439085438665,0.0,0.0,0.9236111111111112,0.0,0.8798507462686568,0.2908483994296312,B5,B5_class_weight_threshold_tuning,CV,10,0.75,balanced,none,sweep,
0.0,0.0,0.0,0.9305555555555556,0.0,0.8798507462686568,0.2908483994296312,B5,B5_class_weight_threshold_tuning,CV,10,0.8,balanced,none,sweep,
0.0,0.0,0.0,0.9305555555555556,0.0,0.8798507462686568,0.2908483994296312,B5,B5_class_weight_threshold_tuning,CV,10,0.85,balanced,none,sweep,
0.0,0.0,0.0,0.9305555555555556,0.0,0.8798507462686568,0.2908483994296312,B5,B5_class_weight_threshold_tuning,CV,10,0.9,balanced,none,sweep,
0.1034918909728757,0.24242424242424243,0.18181818181818182,0.7222222222222222,0.36363636363636365,0.666283084004603,0.2360106836082726,B5,B5_class_weight_threshold_tuning,LOGO,1,0.05,balanced,none,sweep,Atovaquone
0.07992493898510487,0.21428571428571427,0.17647058823529413,0.7555555555555555,0.2727272727272727,0.666283084004603,0.2360106836082726,B5,B5_class_weight_threshold_tuning,LOGO,1,0.1,balanced,none,sweep,Atovaquone
0.053222273791591584,0.17391304347826086,0.16666666666666666,0.7888888888888889,0.18181818181818182,0.666283084004603,0.2360106836082726,B5,B5_class_weight_threshold_tuning,LOGO,1,0.15,balanced,none,sweep,Atovaquone
0.12185013633258501,0.21052631578947367,0.25,0.8333333333333334,0.18181818181818182,0.666283084004603,0.2360106836082726,B5,B5_class_weight_threshold_tuning,LOGO,1,0.2,balanced,none,sweep,Atovaquone
0.12185013633258501,0.21052631578947367,0.25,0.8333333333333334,0.18181818181818182,0.666283084004603,0.2360106836082726,B5,B5_class_weight_threshold_tuning,LOGO,1,0.25,balanced,none,sweep,Atovaquone
0.17225811675152738,0.23529411764705882,0.3333333333333333,0.8555555555555555,0.18181818181818182,0.666283084004603,0.2360106836082726,B5,B5_class_weight_threshold_tuning,LOGO,1,0.3,balanced,none,sweep,Atovaquone
0.0841334546665505,0.13333333333333333,0.25,0.8555555555555555,0.09090909090909091,0.666283084004603,0.2360106836082726,B5,B5_class_weight_threshold_tuning,LOGO,1,0.35,balanced,none,sweep,Atovaquone
0.11968637508014936,0.14285714285714285,0.3333333333333333,0.8666666666666667,0.09090909090909091,0.666283084004603,0.2360106836082726,B5,B5_class_weight_threshold_tuning,LOGO,1,0.4,balanced,none,sweep,Atovaquone
0.11968637508014936,0.14285714285714285,0.3333333333333333,0.8666666666666667,0.09090909090909091,0.666283084004603,0.2360106836082726,B5,B5_class_weight_threshold_tuning,LOGO,1,0.45,balanced,none,sweep,Atovaquone
0.17387722105220368,0.15384615384615385,0.5,0.8777777777777778,0.09090909090909091,0.666283084004603,0.2360106836082726,B5,B5_class_weight_threshold_tuning,LOGO,1,0.5,balanced,none,sweep,Atovaquone
0.17387722105220368,0.15384615384615385,0.5,0.8777777777777778,0.09090909090909091,0.666283084004603,0.2360106836082726,B5,B5_class_weight_threshold_tuning,LOGO,1,0.55,balanced,none,sweep,Atovaquone
0.17387722105220368,0.15384615384615385,0.5,0.8777777777777778,0.09090909090909091,0.666283084004603,0.2360106836082726,B5,B5_class_weight_threshold_tuning,LOGO,1,0.6,balanced,none,sweep,Atovaquone
0.17387722105220368,0.15384615384615385,0.5,0.8777777777777778,0.09090909090909091,0.666283084004603,0.2360106836082726,B5,B5_class_weight_threshold_tuning,LOGO,1,0.65,balanced,none,sweep,Atovaquone
0.17387722105220368,0.15384615384615385,0.5,0.8777777777777778,0.09090909090909091,0.666283084004603,0.2360106836082726,B5,B5_class_weight_threshold_tuning,LOGO,1,0.7,balanced,none,sweep,Atovaquone
-0.03955376178208136,0.0,0.0,0.8666666666666667,0.0,0.666283084004603,0.2360106836082726,B5,B5_class_weight_threshold_tuning,LOGO,1,0.75,balanced,none,sweep,Atovaquone
0.0,0.0,0.0,0.8777777777777778,0.0,0.666283084004603,0.2360106836082726,B5,B5_class_weight_threshold_tuning,LOGO,1,0.8,balanced,none,sweep,Atovaquone
0.0,0.0,0.0,0.8777777777777778,0.0,0.666283084004603,0.2360106836082726,B5,B5_class_weight_threshold_tuning,LOGO,1,0.85,balanced,none,sweep,Atovaquone
0.0,0.0,0.0,0.8777777777777778,0.0,0.666283084004603,0.2360106836082726,B5,B5_class_weight_threshold_tuning,LOGO,1,0.9,balanced,none,sweep,Atovaquone
0.3429971702850177,0.2857142857142857,0.16666666666666666,0.7222222222222222,1.0,0.888235294117647,0.5247826086956522,B5,B5_class_weight_threshold_tuning,LOGO,2,0.05,balanced,none,sweep,Chlorpromazine_Hcl
0.39107694443752145,0.3333333333333333,0.2,0.7777777777777778,1.0,0.888235294117647,0.5247826086956522,B5,B5_class_weight_threshold_tuning,LOGO,2,0.1,balanced,none,sweep,Chlorpromazine_Hcl
0.26784484035643547,0.2857142857142857,0.1875,0.8333333333333334,0.6,0.888235294117647,0.5247826086956522,B5,B5_class_weight_threshold_tuning,LOGO,2,0.15,balanced,none,sweep,Chlorpromazine_Hcl
0.242535625036333,0.2857142857142857,0.2222222222222222,0.8888888888888888,0.4,0.888235294117647,0.5247826086956522,B5,B5_class_weight_threshold_tuning,LOGO,2,0.2,balanced,none,sweep,Chlorpromazine_Hcl
0.3241018617760822,0.36363636363636365,0.3333333333333333,0.9222222222222223,0.4,0.888235294117647,0.5247826086956522,B5,B5_class_weight_threshold_tuning,LOGO,2,0.25,balanced,none,sweep,Chlorpromazine_Hcl
0.36470588235294116,0.4,0.4,0.9333333333333333,0.4,0.888235294117647,0.5247826086956522,B5,B5_class_weight_threshold_tuning,LOGO,2,0.3,balanced,none,sweep,Chlorpromazine_Hcl
0.49541508402214945,0.5,0.6666666666666666,0.9555555555555556,0.4,0.888235294117647,0.5247826086956522,B5,B5_class_weight_threshold_tuning,LOGO,2,0.35,balanced,none,sweep,Chlorpromazine_Hcl
0.49541508402214945,0.5,0.6666666666666666,0.9555555555555556,0.4,0.888235294117647,0.5247826086956522,B5,B5_class_weight_threshold_tuning,LOGO,2,0.4,balanced,none,sweep,Chlorpromazine_Hcl
0.621581560508061,0.5714285714285714,1.0,0.9666666666666667,0.4,0.888235294117647,0.5247826086956522,B5,B5_class_weight_threshold_tuning,LOGO,2,0.45,balanced,none,sweep,Chlorpromazine_Hcl
0.621581560508061,0.5714285714285714,1.0,0.9666666666666667,0.4,0.888235294117647,0.5247826086956522,B5,B5_class_weight_threshold_tuning,LOGO,2,0.5,balanced,none,sweep,Chlorpromazine_Hcl
0.4370483222197017,0.3333333333333333,1.0,0.9555555555555556,0.2,0.888235294117647,0.5247826086956522,B5,B5_class_weight_threshold_tuning,LOGO,2,0.55,balanced,none,sweep,Chlorpromazine_Hcl
0.0,0.0,0.0,0.9444444444444444,0.0,0.888235294117647,0.5247826086956522,B5,B5_class_weight_threshold_tuning,LOGO,2,0.6,balanced,none,sweep,Chlorpromazine_Hcl
0.0,0.0,0.0,0.9444444444444444,0.0,0.888235294117647,0.5247826086956522,B5,B5_class_weight_threshold_tuning,LOGO,2,0.65,balanced,none,sweep,Chlorpromazine_Hcl
0.0,0.0,0.0,0.9444444444444444,0.0,0.888235294117647,0.5247826086956522,B5,B5_class_weight_threshold_tuning,LOGO,2,0.7,balanced,none,sweep,Chlorpromazine_Hcl
0.0,0.0,0.0,0.9444444444444444,0.0,0.888235294117647,0.5247826086956522,B5,B5_class_weight_threshold_tuning,LOGO,2,0.75,balanced,none,sweep,Chlorpromazine_Hcl
0.0,0.0,0.0,0.9444444444444444,0.0,0.888235294117647,0.5247826086956522,B5,B5_class_weight_threshold_tuning,LOGO,2,0.8,balanced,none,sweep,Chlorpromazine_Hcl
0.0,0.0,0.0,0.9444444444444444,0.0,0.888235294117647,0.5247826086956522,B5,B5_class_weight_threshold_tuning,LOGO,2,0.85,balanced,none,sweep,Chlorpromazine_Hcl
0.0,0.0,0.0,0.9444444444444444,0.0,0.888235294117647,0.5247826086956522,B5,B5_class_weight_threshold_tuning,LOGO,2,0.9,balanced,none,sweep,Chlorpromazine_Hcl
0.2693189543416088,0.1875,0.10344827586206896,0.7111111111111111,1.0,0.9042145593869733,0.321256038647343,B5,B5_class_weight_threshold_tuning,LOGO,3,0.05,balanced,none,sweep,Clofazimine
0.20729025363562012,0.18181818181818182,0.10526315789473684,0.8,0.6666666666666666,0.9042145593869733,0.321256038647343,B5,B5_class_weight_threshold_tuning,LOGO,3,0.1,balanced,none,sweep,Clofazimine
0.3086648620488062,0.2857142857142857,0.18181818181818182,0.8888888888888888,0.6666666666666666,0.9042145593869733,0.321256038647343,B5,B5_class_weight_threshold_tuning,LOGO,3,0.15,balanced,none,sweep,Clofazimine
0.377009613867732,0.36363636363636365,0.25,0.9222222222222223,0.6666666666666666,0.9042145593869733,0.321256038647343,B5,B5_class_weight_threshold_tuning,LOGO,3,0.2,balanced,none,sweep,Clofazimine
0.377009613867732,0.36363636363636365,0.25,0.9222222222222223,0.6666666666666666,0.9042145593869733,0.321256038647343,B5,B5_class_weight_threshold_tuning,LOGO,3,0.25,balanced,none,sweep,Clofazimine
0.4083088605285075,0.4,0.2857142857142857,0.9333333333333333,0.6666666666666666,0.9042145593869733,0.321256038647343,B5,B5_class_weight_threshold_tuning,LOGO,3,0.3,balanced,none,sweep,Clofazimine
0.22518867455552247,0.25,0.2,0.9333333333333333,0.3333333333333333,0.9042145593869733,0.321256038647343,B5,B5_class_weight_threshold_tuning,LOGO,3,0.35,balanced,none,sweep,Clofazimine
0.39192475766909796,0.4,0.5,0.9666666666666667,0.3333333333333333,0.9042145593869733,0.321256038647343,B5,B5_class_weight_threshold_tuning,LOGO,3,0.4,balanced,none,sweep,Clofazimine
0.39192475766909796,0.4,0.5,0.9666666666666667,0.3333333333333333,0.9042145593869733,0.321256038647343,B5,B5_class_weight_threshold_tuning,LOGO,3,0.45,balanced,none,sweep,Clofazimine
0.39192475766909796,0.4,0.5,0.9666666666666667,0.3333333333333333,0.9042145593869733,0.321256038647343,B5,B5_class_weight_threshold_tuning,LOGO,3,0.5,balanced,none,sweep,Clofazimine
0.39192475766909796,0.4,0.5,0.9666666666666667,0.3333333333333333,0.9042145593869733,0.321256038647343,B5,B5_class_weight_threshold_tuning,LOGO,3,0.55,balanced,none,sweep,Clofazimine
0.39192475766909796,0.4,0.5,0.9666666666666667,0.3333333333333333,0.9042145593869733,0.321256038647343,B5,B5_class_weight_threshold_tuning,LOGO,3,0.6,balanced,none,sweep,Clofazimine
0.39192475766909796,0.4,0.5,0.9666666666666667,0.3333333333333333,0.9042145593869733,0.321256038647343,B5,B5_class_weight_threshold_tuning,LOGO,3,0.65,balanced,none,sweep,Clofazimine
-0.019683666479473904,0.0,0.0,0.9555555555555556,0.0,0.9042145593869733,0.321256038647343,B5,B5_class_weight_threshold_tuning,LOGO,3,0.7,balanced,none,sweep,Clofazimine
0.0,0.0,0.0,0.9666666666666667,0.0,0.9042145593869733,0.321256038647343,B5,B5_class_weight_threshold_tuning,LOGO,3,0.75,balanced,none,sweep,Clofazimine
0.0,0.0,0.0,0.9666666666666667,0.0,0.9042145593869733,0.321256038647343,B5,B5_class_weight_threshold_tuning,LOGO,3,0.8,balanced,none,sweep,Clofazimine
0.0,0.0,0.0,0.9666666666666667,0.0,0.9042145593869733,0.321256038647343,B5,B5_class_weight_threshold_tuning,LOGO,3,0.85,balanced,none,sweep,Clofazimine
0.0,0.0,0.0,0.9666666666666667,0.0,0.9042145593869733,0.321256038647343,B5,B5_class_weight_threshold_tuning,LOGO,3,0.9,balanced,none,sweep,Clofazimine
0.06151028265440299,0.06666666666666667,0.03571428571428571,0.6888888888888889,0.5,0.6704545454545454,0.26639344262295084,B5,B5_class_weight_threshold_tuning,LOGO,4,0.05,balanced,none,sweep,Curcumine
0.11306675421666135,0.1,0.05555555555555555,0.8,0.5,0.6704545454545454,0.26639344262295084,B5,B5_class_weight_threshold_tuning,LOGO,4,0.1,balanced,none,sweep,Curcumine
0.20100756305184242,0.18181818181818182,0.1111111111111111,0.9,0.5,0.6704545454545454,0.26639344262295084,B5,B5_class_weight_threshold_tuning,LOGO,4,0.15,balanced,none,sweep,Curcumine
0.20100756305184242,0.18181818181818182,0.1111111111111111,0.9,0.5,0.6704545454545454,0.26639344262295084,B5,B5_class_weight_threshold_tuning,LOGO,4,0.2,balanced,none,sweep,Curcumine
0.2618924633082486,0.25,0.16666666666666666,0.9333333333333333,0.5,0.6704545454545454,0.26639344262295084,B5,B5_class_weight_threshold_tuning,LOGO,4,0.25,balanced,none,sweep,Curcumine
0.29250896965085227,0.2857142857142857,0.2,0.9444444444444444,0.5,0.6704545454545454,0.26639344262295084,B5,B5_class_weight_threshold_tuning,LOGO,4,0.3,balanced,none,sweep,Curcumine
0.333256245490707,0.3333333333333333,0.25,0.9555555555555556,0.5,0.6704545454545454,0.26639344262295084,B5,B5_class_weight_threshold_tuning,LOGO,4,0.35,balanced,none,sweep,Curcumine
0.39192475766909796,0.4,0.3333333333333333,0.9666666666666667,0.5,0.6704545454545454,0.26639344262295084,B5,B5_class_weight_threshold_tuning,LOGO,4,0.4,balanced,none,sweep,Curcumine
0.48863636363636365,0.5,0.5,0.9777777777777777,0.5,0.6704545454545454,0.26639344262295084,B5,B5_class_weight_threshold_tuning,LOGO,4,0.45,balanced,none,sweep,Curcumine
0.48863636363636365,0.5,0.5,0.9777777777777777,0.5,0.6704545454545454,0.26639344262295084,B5,B5_class_weight_threshold_tuning,LOGO,4,0.5,balanced,none,sweep,Curcumine
-0.01598006930251483,0.0,0.0,0.9666666666666667,0.0,0.6704545454545454,0.26639344262295084,B5,B5_class_weight_threshold_tuning,LOGO,4,0.55,balanced,none,sweep,Curcumine
-0.01598006930251483,0.0,0.0,0.9666666666666667,0.0,0.6704545454545454,0.26639344262295084,B5,B5_class_weight_threshold_tuning,LOGO,4,0.6,balanced,none,sweep,Curcumine
0.0,0.0,0.0,0.9777777777777777,0.0,0.6704545454545454,0.26639344262295084,B5,B5_class_weight_threshold_tuning,LOGO,4,0.65,balanced,none,sweep,Curcumine
0.0,0.0,0.0,0.9777777777777777,0.0,0.6704545454545454,0.26639344262295084,B5,B5_class_weight_threshold_tuning,LOGO,4,0.7,balanced,none,sweep,Curcumine
0.0,0.0,0.0,0.9777777777777777,0.0,0.6704545454545454,0.26639344262295084,B5,B5_class_weight_threshold_tuning,LOGO,4,0.75,balanced,none,sweep,Curcumine
0.0,0.0,0.0,0.9777777777777777,0.0,0.6704545454545454,0.26639344262295084,B5,B5_class_weight_threshold_tuning,LOGO,4,0.8,balanced,none,sweep,Curcumine
0.0,0.0,0.0,0.9777777777777777,0.0,0.6704545454545454,0.26639344262295084,B5,B5_class_weight_threshold_tuning,LOGO,4,0.85,balanced,none,sweep,Curcumine
0.0,0.0,0.0,0.9777777777777777,0.0,0.6704545454545454,0.26639344262295084,B5,B5_class_weight_threshold_tuning,LOGO,4,0.9,balanced,none,sweep,Curcumine
0.050251890762960605,0.18181818181818182,0.125,0.7,0.3333333333333333,0.6844993141289437,0.20536063529108384,B5,B5_class_weight_threshold_tuning,LOGO,5,0.05,balanced,none,sweep,Econazole
0.06131393394849658,0.17391304347826086,0.14285714285714285,0.7888888888888889,0.2222222222222222,0.6844993141289437,0.20536063529108384,B5,B5_class_weight_threshold_tuning,LOGO,5,0.1,balanced,none,sweep,Econazole
0.11785113019775792,0.21052631578947367,0.2,0.8333333333333334,0.2222222222222222,0.6844993141289437,0.20536063529108384,B5,B5_class_weight_threshold_tuning,LOGO,5,0.15,balanced,none,sweep,Econazole
0.11785113019775792,0.21052631578947367,0.2,0.8333333333333334,0.2222222222222222,0.6844993141289437,0.20536063529108384,B5,B5_class_weight_threshold_tuning,LOGO,5,0.2,balanced,none,sweep,Econazole
0.04148699068225112,0.125,0.14285714285714285,0.8444444444444444,0.1111111111111111,0.6844993141289437,0.20536063529108384,B5,B5_class_weight_threshold_tuning,LOGO,5,0.25,balanced,none,sweep,Econazole
0.04148699068225112,0.125,0.14285714285714285,0.8444444444444444,0.1111111111111111,0.6844993141289437,0.20536063529108384,B5,B5_class_weight_threshold_tuning,LOGO,5,0.3,balanced,none,sweep,Econazole
0.08084520834544433,0.14285714285714285,0.2,0.8666666666666667,0.1111111111111111,0.6844993141289437,0.20536063529108384,B5,B5_class_weight_threshold_tuning,LOGO,5,0.35,balanced,none,sweep,Econazole
0.14442970747104034,0.16666666666666666,0.3333333333333333,0.8888888888888888,0.1111111111111111,0.6844993141289437,0.20536063529108384,B5,B5_class_weight_threshold_tuning,LOGO,5,0.4,balanced,none,sweep,Econazole
0.20100756305184242,0.18181818181818182,0.5,0.9,0.1111111111111111,0.6844993141289437,0.20536063529108384,B5,B5_class_weight_threshold_tuning,LOGO,5,0.45,balanced,none,sweep,Econazole
0.20100756305184242,0.18181818181818182,0.5,0.9,0.1111111111111111,0.6844993141289437,0.20536063529108384,B5,B5_class_weight_threshold_tuning,LOGO,5,0.5,balanced,none,sweep,Econazole
0.20100756305184242,0.18181818181818182,0.5,0.9,0.1111111111111111,0.6844993141289437,0.20536063529108384,B5,B5_class_weight_threshold_tuning,LOGO,5,0.55,balanced,none,sweep,Econazole
0.20100756305184242,0.18181818181818182,0.5,0.9,0.1111111111111111,0.6844993141289437,0.20536063529108384,B5,B5_class_weight_threshold_tuning,LOGO,5,0.6,balanced,none,sweep,Econazole
-0.03533326266687867,0.0,0.0,0.8888888888888888,0.0,0.6844993141289437,0.20536063529108384,B5,B5_class_weight_threshold_tuning,LOGO,5,0.65,balanced,none,sweep,Econazole
-0.03533326266687867,0.0,0.0,0.8888888888888888,0.0,0.6844993141289437,0.20536063529108384,B5,B5_class_weight_threshold_tuning,LOGO,5,0.7,balanced,none,sweep,Econazole
0.0,0.0,0.0,0.9,0.0,0.6844993141289437,0.20536063529108384,B5,B5_class_weight_threshold_tuning,LOGO,5,0.75,balanced,none,sweep,Econazole
0.0,0.0,0.0,0.9,0.0,0.6844993141289437,0.20536063529108384,B5,B5_class_weight_threshold_tuning,LOGO,5,0.8,balanced,none,sweep,Econazole
0.0,0.0,0.0,0.9,0.0,0.6844993141289437,0.20536063529108384,B5,B5_class_weight_threshold_tuning,LOGO,5,0.85,balanced,none,sweep,Econazole
0.0,0.0,0.0,0.9,0.0,0.6844993141289437,0.20536063529108384,B5,B5_class_weight_threshold_tuning,LOGO,5,0.9,balanced,none,sweep,Econazole
0.2827787136702078,0.26666666666666666,0.16,0.7555555555555555,0.8,0.8741176470588236,0.4035156999862882,B5,B5_class_weight_threshold_tuning,LOGO,6,0.05,balanced,none,sweep,Etravirine
0.3142985354273937,0.3333333333333333,0.23076923076923078,0.8666666666666667,0.6,0.8741176470588236,0.4035156999862882,B5,B5_class_weight_threshold_tuning,LOGO,6,0.1,balanced,none,sweep,Etravirine
0.2229481606852615,0.26666666666666666,0.2,0.8777777777777778,0.4,0.8741176470588236,0.4035156999862882,B5,B5_class_weight_threshold_tuning,LOGO,6,0.15,balanced,none,sweep,Etravirine
0.242535625036333,0.2857142857142857,0.2222222222222222,0.8888888888888888,0.4,0.8741176470588236,0.4035156999862882,B5,B5_class_weight_threshold_tuning,LOGO,6,0.2,balanced,none,sweep,Etravirine
0.3241018617760822,0.36363636363636365,0.3333333333333333,0.9222222222222223,0.4,0.8741176470588236,0.4035156999862882,B5,B5_class_weight_threshold_tuning,LOGO,6,0.25,balanced,none,sweep,Etravirine
0.1830730233380795,0.2222222222222222,0.25,0.9222222222222223,0.2,0.8741176470588236,0.4035156999862882,B5,B5_class_weight_threshold_tuning,LOGO,6,0.3,balanced,none,sweep,Etravirine
0.29250896965085227,0.2857142857142857,0.5,0.9444444444444444,0.2,0.8741176470588236,0.4035156999862882,B5,B5_class_weight_threshold_tuning,LOGO,6,0.35,balanced,none,sweep,Etravirine
0.29250896965085227,0.2857142857142857,0.5,0.9444444444444444,0.2,0.8741176470588236,0.4035156999862882,B5,B5_class_weight_threshold_tuning,LOGO,6,0.4,balanced,none,sweep,Etravirine
0.29250896965085227,0.2857142857142857,0.5,0.9444444444444444,0.2,0.8741176470588236,0.4035156999862882,B5,B5_class_weight_threshold_tuning,LOGO,6,0.45,balanced,none,sweep,Etravirine
0.29250896965085227,0.2857142857142857,0.5,0.9444444444444444,0.2,0.8741176470588236,0.4035156999862882,B5,B5_class_weight_threshold_tuning,LOGO,6,0.5,balanced,none,sweep,Etravirine
0.29250896965085227,0.2857142857142857,0.5,0.9444444444444444,0.2,0.8741176470588236,0.4035156999862882,B5,B5_class_weight_threshold_tuning,LOGO,6,0.55,balanced,none,sweep,Etravirine
0.29250896965085227,0.2857142857142857,0.5,0.9444444444444444,0.2,0.8741176470588236,0.4035156999862882,B5,B5_class_weight_threshold_tuning,LOGO,6,0.6,balanced,none,sweep,Etravirine
0.4370483222197017,0.3333333333333333,1.0,0.9555555555555556,0.2,0.8741176470588236,0.4035156999862882,B5,B5_class_weight_threshold_tuning,LOGO,6,0.65,balanced,none,sweep,Etravirine
0.0,0.0,0.0,0.9444444444444444,0.0,0.8741176470588236,0.4035156999862882,B5,B5_class_weight_threshold_tuning,LOGO,6,0.7,balanced,none,sweep,Etravirine
0.0,0.0,0.0,0.9444444444444444,0.0,0.8741176470588236,0.4035156999862882,B5,B5_class_weight_threshold_tuning,LOGO,6,0.75,balanced,none,sweep,Etravirine
0.0,0.0,0.0,0.9444444444444444,0.0,0.8741176470588236,0.4035156999862882,B5,B5_class_weight_threshold_tuning,LOGO,6,0.8,balanced,none,sweep,Etravirine
0.0,0.0,0.0,0.9444444444444444,0.0,0.8741176470588236,0.4035156999862882,B5,B5_class_weight_threshold_tuning,LOGO,6,0.85,balanced,none,sweep,Etravirine
0.0,0.0,0.0,0.9444444444444444,0.0,0.8741176470588236,0.4035156999862882,B5,B5_class_weight_threshold_tuning,LOGO,6,0.9,balanced,none,sweep,Etravirine
0.35825612764301357,0.4,0.2564102564102564,0.6666666666666666,0.9090909090909091,0.832566168009206,0.6017261428698378,B5,B5_class_weight_threshold_tuning,LOGO,7,0.05,balanced,none,sweep,Fulvestrant
0.35557303176365396,0.4375,0.3333333333333333,0.8,0.6363636363636364,0.832566168009206,0.6017261428698378,B5,B5_class_weight_threshold_tuning,LOGO,7,0.1,balanced,none,sweep,Fulvestrant
0.48216340621403914,0.5454545454545454,0.5454545454545454,0.8888888888888888,0.5454545454545454,0.832566168009206,0.6017261428698378,B5,B5_class_weight_threshold_tuning,LOGO,7,0.15,balanced,none,sweep,Fulvestrant
0.5802378669525132,0.5882352941176471,0.8333333333333334,0.9222222222222223,0.45454545454545453,0.832566168009206,0.6017261428698378,B5,B5_class_weight_threshold_tuning,LOGO,7,0.2,balanced,none,sweep,Fulvestrant
0.41335132075305253,0.4,0.75,0.9,0.2727272727272727,0.832566168009206,0.6017261428698378,B5,B5_class_weight_threshold_tuning,LOGO,7,0.25,balanced,none,sweep,Fulvestrant
0.4976433490174631,0.42857142857142855,1.0,0.9111111111111111,0.2727272727272727,0.832566168009206,0.6017261428698378,B5,B5_class_weight_threshold_tuning,LOGO,7,0.3,balanced,none,sweep,Fulvestrant
0.4976433490174631,0.42857142857142855,1.0,0.9111111111111111,0.2727272727272727,0.832566168009206,0.6017261428698378,B5,B5_class_weight_threshold_tuning,LOGO,7,0.35,balanced,none,sweep,Fulvestrant
0.40400883715070857,0.3076923076923077,1.0,0.9,0.18181818181818182,0.832566168009206,0.6017261428698378,B5,B5_class_weight_threshold_tuning,LOGO,7,0.4,balanced,none,sweep,Fulvestrant
0.40400883715070857,0.3076923076923077,1.0,0.9,0.18181818181818182,0.832566168009206,0.6017261428698378,B5,B5_class_weight_threshold_tuning,LOGO,7,0.45,balanced,none,sweep,Fulvestrant
0.40400883715070857,0.3076923076923077,1.0,0.9,0.18181818181818182,0.832566168009206,0.6017261428698378,B5,B5_class_weight_threshold_tuning,LOGO,7,0.5,balanced,none,sweep,Fulvestrant
0.40400883715070857,0.3076923076923077,1.0,0.9,0.18181818181818182,0.832566168009206,0.6017261428698378,B5,B5_class_weight_threshold_tuning,LOGO,7,0.55,balanced,none,sweep,Fulvestrant
0.40400883715070857,0.3076923076923077,1.0,0.9,0.18181818181818182,0.832566168009206,0.6017261428698378,B5,B5_class_weight_threshold_tuning,LOGO,7,0.6,balanced,none,sweep,Fulvestrant
0.284067925525857,0.16666666666666666,1.0,0.8888888888888888,0.09090909090909091,0.832566168009206,0.6017261428698378,B5,B5_class_weight_threshold_tuning,LOGO,7,0.65,balanced,none,sweep,Fulvestrant
0.284067925525857,0.16666666666666666,1.0,0.8888888888888888,0.09090909090909091,0.832566168009206,0.6017261428698378,B5,B5_class_weight_threshold_tuning,LOGO,7,0.7,balanced,none,sweep,Fulvestrant
0.0,0.0,0.0,0.8777777777777778,0.0,0.832566168009206,0.6017261428698378,B5,B5_class_weight_threshold_tuning,LOGO,7,0.75,balanced,none,sweep,Fulvestrant
0.0,0.0,0.0,0.8777777777777778,0.0,0.832566168009206,0.6017261428698378,B5,B5_class_weight_threshold_tuning,LOGO,7,0.8,balanced,none,sweep,Fulvestrant
0.0,0.0,0.0,0.8777777777777778,0.0,0.832566168009206,0.6017261428698378,B5,B5_class_weight_threshold_tuning,LOGO,7,0.85,balanced,none,sweep,Fulvestrant
0.0,0.0,0.0,0.8777777777777778,0.0,0.832566168009206,0.6017261428698378,B5,B5_class_weight_threshold_tuning,LOGO,7,0.9,balanced,none,sweep,Fulvestrant
0.0,0.0,0.0,0.6555555555555556,0.0,,,B5,B5_class_weight_threshold_tuning,LOGO,8,0.05,balanced,none,sweep,Gefitinib
0.0,0.0,0.0,0.7888888888888889,0.0,,,B5,B5_class_weight_threshold_tuning,LOGO,8,0.1,balanced,none,sweep,Gefitinib
0.0,0.0,0.0,0.8777777777777778,0.0,,,B5,B5_class_weight_threshold_tuning,LOGO,8,0.15,balanced,none,sweep,Gefitinib
0.0,0.0,0.0,0.8888888888888888,0.0,,,B5,B5_class_weight_threshold_tuning,LOGO,8,0.2,balanced,none,sweep,Gefitinib
0.0,0.0,0.0,0.9222222222222223,0.0,,,B5,B5_class_weight_threshold_tuning,LOGO,8,0.25,balanced,none,sweep,Gefitinib
0.0,0.0,0.0,0.9444444444444444,0.0,,,B5,B5_class_weight_threshold_tuning,LOGO,8,0.3,balanced,none,sweep,Gefitinib
0.0,0.0,0.0,0.9555555555555556,0.0,,,B5,B5_class_weight_threshold_tuning,LOGO,8,0.35,balanced,none,sweep,Gefitinib
0.0,0.0,0.0,0.9777777777777777,0.0,,,B5,B5_class_weight_threshold_tuning,LOGO,8,0.4,balanced,none,sweep,Gefitinib
0.0,0.0,0.0,0.9777777777777777,0.0,,,B5,B5_class_weight_threshold_tuning,LOGO,8,0.45,balanced,none,sweep,Gefitinib
0.0,0.0,0.0,0.9777777777777777,0.0,,,B5,B5_class_weight_threshold_tuning,LOGO,8,0.5,balanced,none,sweep,Gefitinib
0.0,0.0,0.0,0.9777777777777777,0.0,,,B5,B5_class_weight_threshold_tuning,LOGO,8,0.55,balanced,none,sweep,Gefitinib
0.0,0.0,0.0,0.9777777777777777,0.0,,,B5,B5_class_weight_threshold_tuning,LOGO,8,0.6,balanced,none,sweep,Gefitinib
0.0,0.0,0.0,0.9777777777777777,0.0,,,B5,B5_class_weight_threshold_tuning,LOGO,8,0.65,balanced,none,sweep,Gefitinib
0.0,0.0,0.0,0.9888888888888889,0.0,,,B5,B5_class_weight_threshold_tuning,LOGO,8,0.7,balanced,none,sweep,Gefitinib
0.0,0.0,0.0,1.0,0.0,,,B5,B5_class_weight_threshold_tuning,LOGO,8,0.75,balanced,none,sweep,Gefitinib
0.0,0.0,0.0,1.0,0.0,,,B5,B5_class_weight_threshold_tuning,LOGO,8,0.8,balanced,none,sweep,Gefitinib
0.0,0.0,0.0,1.0,0.0,,,B5,B5_class_weight_threshold_tuning,LOGO,8,0.85,balanced,none,sweep,Gefitinib
0.0,0.0,0.0,1.0,0.0,,,B5,B5_class_weight_threshold_tuning,LOGO,8,0.9,balanced,none,sweep,Gefitinib
0.39097499380795764,0.358974358974359,0.21875,0.7222222222222222,1.0,0.950946643717728,0.7380952380952381,B5,B5_class_weight_threshold_tuning,LOGO,9,0.05,balanced,none,sweep,Lumefantrine
0.37564543510699266,0.375,0.24,0.7777777777777778,0.8571428571428571,0.950946643717728,0.7380952380952381,B5,B5_class_weight_threshold_tuning,LOGO,9,0.1,balanced,none,sweep,Lumefantrine
0.4597273782867746,0.46153846153846156,0.3157894736842105,0.8444444444444444,0.8571428571428571,0.950946643717728,0.7380952380952381,B5,B5_class_weight_threshold_tuning,LOGO,9,0.15,balanced,none,sweep,Lumefantrine
0.6516029421642824,0.6666666666666666,0.5454545454545454,0.9333333333333333,0.8571428571428571,0.950946643717728,0.7380952380952381,B5,B5_class_weight_threshold_tuning,LOGO,9,0.2,balanced,none,sweep,Lumefantrine
0.6381991713220434,0.6666666666666666,0.625,0.9444444444444444,0.7142857142857143,0.950946643717728,0.7380952380952381,B5,B5_class_weight_threshold_tuning,LOGO,9,0.25,balanced,none,sweep,Lumefantrine
0.6394270834691721,0.6,1.0,0.9555555555555556,0.42857142857142855,0.950946643717728,0.7380952380952381,B5,B5_class_weight_threshold_tuning,LOGO,9,0.3,balanced,none,sweep,Lumefantrine
0.5191151312382635,0.4444444444444444,1.0,0.9444444444444444,0.2857142857142857,0.950946643717728,0.7380952380952381,B5,B5_class_weight_threshold_tuning,LOGO,9,0.35,balanced,none,sweep,Lumefantrine
0.5191151312382635,0.4444444444444444,1.0,0.9444444444444444,0.2857142857142857,0.950946643717728,0.7380952380952381,B5,B5_class_weight_threshold_tuning,LOGO,9,0.4,balanced,none,sweep,Lumefantrine
0.5191151312382635,0.4444444444444444,1.0,0.9444444444444444,0.2857142857142857,0.950946643717728,0.7380952380952381,B5,B5_class_weight_threshold_tuning,LOGO,9,0.45,balanced,none,sweep,Lumefantrine
0.5191151312382635,0.4444444444444444,1.0,0.9444444444444444,0.2857142857142857,0.950946643717728,0.7380952380952381,B5,B5_class_weight_threshold_tuning,LOGO,9,0.5,balanced,none,sweep,Lumefantrine
0.5191151312382635,0.4444444444444444,1.0,0.9444444444444444,0.2857142857142857,0.950946643717728,0.7380952380952381,B5,B5_class_weight_threshold_tuning,LOGO,9,0.55,balanced,none,sweep,Lumefantrine
0.5191151312382635,0.4444444444444444,1.0,0.9444444444444444,0.2857142857142857,0.950946643717728,0.7380952380952381,B5,B5_class_weight_threshold_tuning,LOGO,9,0.6,balanced,none,sweep,Lumefantrine
0.5191151312382635,0.4444444444444444,1.0,0.9444444444444444,0.2857142857142857,0.950946643717728,0.7380952380952381,B5,B5_class_weight_threshold_tuning,LOGO,9,0.65,balanced,none,sweep,Lumefantrine
0.0,0.0,0.0,0.9222222222222223,0.0,0.950946643717728,0.7380952380952381,B5,B5_class_weight_threshold_tuning,LOGO,9,0.7,balanced,none,sweep,Lumefantrine
0.0,0.0,0.0,0.9222222222222223,0.0,0.950946643717728,0.7380952380952381,B5,B5_class_weight_threshold_tuning,LOGO,9,0.75,balanced,none,sweep,Lumefantrine
0.0,0.0,0.0,0.9222222222222223,0.0,0.950946643717728,0.7380952380952381,B5,B5_class_weight_threshold_tuning,LOGO,9,0.8,balanced,none,sweep,Lumefantrine
0.0,0.0,0.0,0.9222222222222223,0.0,0.950946643717728,0.7380952380952381,B5,B5_class_weight_threshold_tuning,LOGO,9,0.85,balanced,none,sweep,Lumefantrine
0.0,0.0,0.0,0.9222222222222223,0.0,0.950946643717728,0.7380952380952381,B5,B5_class_weight_threshold_tuning,LOGO,9,0.9,balanced,none,sweep,Lumefantrine
-0.06487825631289339,0.15789473684210525,0.17647058823529413,0.6444444444444445,0.14285714285714285,0.6307798481711524,0.355946029034016,B5,B5_class_weight_threshold_tuning,LOGO,10,0.05,balanced,none,sweep,Nelfinavir
-0.06182446677351863,0.12121212121212122,0.16666666666666666,0.6777777777777778,0.09523809523809523,0.6307798481711524,0.355946029034016,B5,B5_class_weight_threshold_tuning,LOGO,10,0.1,balanced,none,sweep,Nelfinavir
-0.008756782291545561,0.13333333333333333,0.2222222222222222,0.7111111111111111,0.09523809523809523,0.6307798481711524,0.355946029034016,B5,B5_class_weight_threshold_tuning,LOGO,10,0.15,balanced,none,sweep,Nelfinavir
-0.008756782291545561,0.13333333333333333,0.2222222222222222,0.7111111111111111,0.09523809523809523,0.6307798481711524,0.355946029034016,B5,B5_class_weight_threshold_tuning,LOGO,10,0.2,balanced,none,sweep,Nelfinavir
0.03596596198824938,0.14285714285714285,0.2857142857142857,0.7333333333333333,0.09523809523809523,0.6307798481711524,0.355946029034016,B5,B5_class_weight_threshold_tuning,LOGO,10,0.25,balanced,none,sweep,Nelfinavir
0.09557242498741929,0.15384615384615385,0.4,0.7555555555555555,0.09523809523809523,0.6307798481711524,0.355946029034016,B5,B5_class_weight_threshold_tuning,LOGO,10,0.3,balanced,none,sweep,Nelfinavir
0.13597460911240103,0.16,0.5,0.7666666666666667,0.09523809523809523,0.6307798481711524,0.355946029034016,B5,B5_class_weight_threshold_tuning,LOGO,10,0.35,balanced,none,sweep,Nelfinavir
0.19025295692965058,0.16666666666666666,0.6666666666666666,0.7777777777777778,0.09523809523809523,0.6307798481711524,0.355946029034016,B5,B5_class_weight_threshold_tuning,LOGO,10,0.4,balanced,none,sweep,Nelfinavir
0.19025295692965058,0.16666666666666666,0.6666666666666666,0.7777777777777778,0.09523809523809523,0.6307798481711524,0.355946029034016,B5,B5_class_weight_threshold_tuning,LOGO,10,0.45,balanced,none,sweep,Nelfinavir
0.27326786250001056,0.17391304347826086,1.0,0.7888888888888889,0.09523809523809523,0.6307798481711524,0.355946029034016,B5,B5_class_weight_threshold_tuning,LOGO,10,0.5,balanced,none,sweep,Nelfinavir
0.27326786250001056,0.17391304347826086,1.0,0.7888888888888889,0.09523809523809523,0.6307798481711524,0.355946029034016,B5,B5_class_weight_threshold_tuning,LOGO,10,0.55,balanced,none,sweep,Nelfinavir
0.27326786250001056,0.17391304347826086,1.0,0.7888888888888889,0.09523809523809523,0.6307798481711524,0.355946029034016,B5,B5_class_weight_threshold_tuning,LOGO,10,0.6,balanced,none,sweep,Nelfinavir
0.27326786250001056,0.17391304347826086,1.0,0.7888888888888889,0.09523809523809523,0.6307798481711524,0.355946029034016,B5,B5_class_weight_threshold_tuning,LOGO,10,0.65,balanced,none,sweep,Nelfinavir
0.0,0.0,0.0,0.7666666666666667,0.0,0.6307798481711524,0.355946029034016,B5,B5_class_weight_threshold_tuning,LOGO,10,0.7,balanced,none,sweep,Nelfinavir
0.0,0.0,0.0,0.7666666666666667,0.0,0.6307798481711524,0.355946029034016,B5,B5_class_weight_threshold_tuning,LOGO,10,0.75,balanced,none,sweep,Nelfinavir
0.0,0.0,0.0,0.7666666666666667,0.0,0.6307798481711524,0.355946029034016,B5,B5_class_weight_threshold_tuning,LOGO,10,0.8,balanced,none,sweep,Nelfinavir
0.0,0.0,0.0,0.7666666666666667,0.0,0.6307798481711524,0.355946029034016,B5,B5_class_weight_threshold_tuning,LOGO,10,0.85,balanced,none,sweep,Nelfinavir
0.0,0.0,0.0,0.7666666666666667,0.0,0.6307798481711524,0.355946029034016,B5,B5_class_weight_threshold_tuning,LOGO,10,0.9,balanced,none,sweep,Nelfinavir
0.2029610352214972,0.11764705882352941,0.0625,0.6666666666666666,1.0,0.8863636363636364,0.12692307692307692,B5,B5_class_weight_threshold_tuning,LOGO,11,0.05,balanced,none,sweep,Physcion
0.25730435984809497,0.16,0.08695652173913043,0.7666666666666667,1.0,0.8863636363636364,0.12692307692307692,B5,B5_class_weight_threshold_tuning,LOGO,11,0.1,balanced,none,sweep,Physcion
0.16261090889699772,0.14285714285714285,0.08333333333333333,0.8666666666666667,0.5,0.8863636363636364,0.12692307692307692,B5,B5_class_weight_threshold_tuning,LOGO,11,0.15,balanced,none,sweep,Physcion
-0.050251890762960605,0.0,0.0,0.8777777777777778,0.0,0.8863636363636364,0.12692307692307692,B5,B5_class_weight_threshold_tuning,LOGO,11,0.2,balanced,none,sweep,Physcion
-0.036563621206356534,0.0,0.0,0.9222222222222223,0.0,0.8863636363636364,0.12692307692307692,B5,B5_class_weight_threshold_tuning,LOGO,11,0.25,balanced,none,sweep,Physcion
-0.022727272727272728,0.0,0.0,0.9555555555555556,0.0,0.8863636363636364,0.12692307692307692,B5,B5_class_weight_threshold_tuning,LOGO,11,0.3,balanced,none,sweep,Physcion
-0.022727272727272728,0.0,0.0,0.9555555555555556,0.0,0.8863636363636364,0.12692307692307692,B5,B5_class_weight_threshold_tuning,LOGO,11,0.35,balanced,none,sweep,Physcion
-0.022727272727272728,0.0,0.0,0.9555555555555556,0.0,0.8863636363636364,0.12692307692307692,B5,B5_class_weight_threshold_tuning,LOGO,11,0.4,balanced,none,sweep,Physcion
-0.022727272727272728,0.0,0.0,0.9555555555555556,0.0,0.8863636363636364,0.12692307692307692,B5,B5_class_weight_threshold_tuning,LOGO,11,0.45,balanced,none,sweep,Physcion
-0.022727272727272728,0.0,0.0,0.9555555555555556,0.0,0.8863636363636364,0.12692307692307692,B5,B5_class_weight_threshold_tuning,LOGO,11,0.5,balanced,none,sweep,Physcion
-0.022727272727272728,0.0,0.0,0.9555555555555556,0.0,0.8863636363636364,0.12692307692307692,B5,B5_class_weight_threshold_tuning,LOGO,11,0.55,balanced,none,sweep,Physcion
-0.022727272727272728,0.0,0.0,0.9555555555555556,0.0,0.8863636363636364,0.12692307692307692,B5,B5_class_weight_threshold_tuning,LOGO,11,0.6,balanced,none,sweep,Physcion
-0.01598006930251483,0.0,0.0,0.9666666666666667,0.0,0.8863636363636364,0.12692307692307692,B5,B5_class_weight_threshold_tuning,LOGO,11,0.65,balanced,none,sweep,Physcion
0.0,0.0,0.0,0.9777777777777777,0.0,0.8863636363636364,0.12692307692307692,B5,B5_class_weight_threshold_tuning,LOGO,11,0.7,balanced,none,sweep,Physcion
0.0,0.0,0.0,0.9777777777777777,0.0,0.8863636363636364,0.12692307692307692,B5,B5_class_weight_threshold_tuning,LOGO,11,0.75,balanced,none,sweep,Physcion
0.0,0.0,0.0,0.9777777777777777,0.0,0.8863636363636364,0.12692307692307692,B5,B5_class_weight_threshold_tuning,LOGO,11,0.8,balanced,none,sweep,Physcion
0.0,0.0,0.0,0.9777777777777777,0.0,0.8863636363636364,0.12692307692307692,B5,B5_class_weight_threshold_tuning,LOGO,11,0.85,balanced,none,sweep,Physcion
0.0,0.0,0.0,0.9777777777777777,0.0,0.8863636363636364,0.12692307692307692,B5,B5_class_weight_threshold_tuning,LOGO,11,0.9,balanced,none,sweep,Physcion
0.0,0.0,0.0,0.5555555555555556,0.0,,,B5,B5_class_weight_threshold_tuning,LOGO,12,0.05,balanced,none,sweep,Pranlukast
0.0,0.0,0.0,0.7444444444444445,0.0,,,B5,B5_class_weight_threshold_tuning,LOGO,12,0.1,balanced,none,sweep,Pranlukast
0.0,0.0,0.0,0.8555555555555555,0.0,,,B5,B5_class_weight_threshold_tuning,LOGO,12,0.15,balanced,none,sweep,Pranlukast
0.0,0.0,0.0,0.9,0.0,,,B5,B5_class_weight_threshold_tuning,LOGO,12,0.2,balanced,none,sweep,Pranlukast
0.0,0.0,0.0,0.9333333333333333,0.0,,,B5,B5_class_weight_threshold_tuning,LOGO,12,0.25,balanced,none,sweep,Pranlukast
0.0,0.0,0.0,0.9444444444444444,0.0,,,B5,B5_class_weight_threshold_tuning,LOGO,12,0.3,balanced,none,sweep,Pranlukast
0.0,0.0,0.0,0.9666666666666667,0.0,,,B5,B5_class_weight_threshold_tuning,LOGO,12,0.35,balanced,none,sweep,Pranlukast
0.0,0.0,0.0,0.9666666666666667,0.0,,,B5,B5_class_weight_threshold_tuning,LOGO,12,0.4,balanced,none,sweep,Pranlukast
0.0,0.0,0.0,0.9777777777777777,0.0,,,B5,B5_class_weight_threshold_tuning,LOGO,12,0.45,balanced,none,sweep,Pranlukast
0.0,0.0,0.0,0.9777777777777777,0.0,,,B5,B5_class_weight_threshold_tuning,LOGO,12,0.5,balanced,none,sweep,Pranlukast
0.0,0.0,0.0,0.9777777777777777,0.0,,,B5,B5_class_weight_threshold_tuning,LOGO,12,0.55,balanced,none,sweep,Pranlukast
0.0,0.0,0.0,0.9777777777777777,0.0,,,B5,B5_class_weight_threshold_tuning,LOGO,12,0.6,balanced,none,sweep,Pranlukast
0.0,0.0,0.0,0.9777777777777777,0.0,,,B5,B5_class_weight_threshold_tuning,LOGO,12,0.65,balanced,none,sweep,Pranlukast
0.0,0.0,0.0,0.9777777777777777,0.0,,,B5,B5_class_weight_threshold_tuning,LOGO,12,0.7,balanced,none,sweep,Pranlukast
0.0,0.0,0.0,1.0,0.0,,,B5,B5_class_weight_threshold_tuning,LOGO,12,0.75,balanced,none,sweep,Pranlukast
0.0,0.0,0.0,1.0,0.0,,,B5,B5_class_weight_threshold_tuning,LOGO,12,0.8,balanced,none,sweep,Pranlukast
0.0,0.0,0.0,1.0,0.0,,,B5,B5_class_weight_threshold_tuning,LOGO,12,0.85,balanced,none,sweep,Pranlukast
0.0,0.0,0.0,1.0,0.0,,,B5,B5_class_weight_threshold_tuning,LOGO,12,0.9,balanced,none,sweep,Pranlukast
0.20761369963434995,0.13953488372093023,0.075,0.5888888888888889,1.0,0.9961685823754789,0.9166666666666665,B5,B5_class_weight_threshold_tuning,LOGO,13,0.05,balanced,none,sweep,Rapamycin
0.2383172923768684,0.16216216216216217,0.08823529411764706,0.6555555555555556,1.0,0.9961685823754789,0.9166666666666665,B5,B5_class_weight_threshold_tuning,LOGO,13,0.1,balanced,none,sweep,Rapamycin
0.4326570445821968,0.35294117647058826,0.21428571428571427,0.8777777777777778,1.0,0.9961685823754789,0.9166666666666665,B5,B5_class_weight_threshold_tuning,LOGO,13,0.15,balanced,none,sweep,Rapamycin
0.6394270834691721,0.6,0.42857142857142855,0.9555555555555556,1.0,0.9961685823754789,0.9166666666666665,B5,B5_class_weight_threshold_tuning,LOGO,13,0.2,balanced,none,sweep,Rapamycin
0.8610338613230187,0.8571428571428571,0.75,0.9888888888888889,1.0,0.9961685823754789,0.9166666666666665,B5,B5_class_weight_threshold_tuning,LOGO,13,0.25,balanced,none,sweep,Rapamycin
0.8118441408859887,0.8,1.0,0.9888888888888889,0.6666666666666666,0.9961685823754789,0.9166666666666665,B5,B5_class_weight_threshold_tuning,LOGO,13,0.3,balanced,none,sweep,Rapamycin
0.8118441408859887,0.8,1.0,0.9888888888888889,0.6666666666666666,0.9961685823754789,0.9166666666666665,B5,B5_class_weight_threshold_tuning,LOGO,13,0.35,balanced,none,sweep,Rapamycin
0.8118441408859887,0.8,1.0,0.9888888888888889,0.6666666666666666,0.9961685823754789,0.9166666666666665,B5,B5_class_weight_threshold_tuning,LOGO,13,0.4,balanced,none,sweep,Rapamycin
0.5708263279047433,0.5,1.0,0.9777777777777777,0.3333333333333333,0.9961685823754789,0.9166666666666665,B5,B5_class_weight_threshold_tuning,LOGO,13,0.45,balanced,none,sweep,Rapamycin
0.5708263279047433,0.5,1.0,0.9777777777777777,0.3333333333333333,0.9961685823754789,0.9166666666666665,B5,B5_class_weight_threshold_tuning,LOGO,13,0.5,balanced,none,sweep,Rapamycin
0.0,0.0,0.0,0.9666666666666667,0.0,0.9961685823754789,0.9166666666666665,B5,B5_class_weight_threshold_tuning,LOGO,13,0.55,balanced,none,sweep,Rapamycin
0.0,0.0,0.0,0.9666666666666667,0.0,0.9961685823754789,0.9166666666666665,B5,B5_class_weight_threshold_tuning,LOGO,13,0.6,balanced,none,sweep,Rapamycin
0.0,0.0,0.0,0.9666666666666667,0.0,0.9961685823754789,0.9166666666666665,B5,B5_class_weight_threshold_tuning,LOGO,13,0.65,balanced,none,sweep,Rapamycin
0.0,0.0,0.0,0.9666666666666667,0.0,0.9961685823754789,0.9166666666666665,B5,B5_class_weight_threshold_tuning,LOGO,13,0.7,balanced,none,sweep,Rapamycin
0.0,0.0,0.0,0.9666666666666667,0.0,0.9961685823754789,0.9166666666666665,B5,B5_class_weight_threshold_tuning,LOGO,13,0.75,balanced,none,sweep,Rapamycin
0.0,0.0,0.0,0.9666666666666667,0.0,0.9961685823754789,0.9166666666666665,B5,B5_class_weight_threshold_tuning,LOGO,13,0.8,balanced,none,sweep,Rapamycin
0.0,0.0,0.0,0.9666666666666667,0.0,0.9961685823754789,0.9166666666666665,B5,B5_class_weight_threshold_tuning,LOGO,13,0.85,balanced,none,sweep,Rapamycin
0.0,0.0,0.0,0.9666666666666667,0.0,0.9961685823754789,0.9166666666666665,B5,B5_class_weight_threshold_tuning,LOGO,13,0.9,balanced,none,sweep,Rapamycin
0.23204774044612858,0.25806451612903225,0.16,0.7444444444444445,0.6666666666666666,0.8353174603174602,0.443560606060606,B5,B5_class_weight_threshold_tuning,LOGO,14,0.05,balanced,none,sweep,Rilpivirine
0.39702403730695546,0.42105263157894735,0.3076923076923077,0.8777777777777778,0.6666666666666666,0.8353174603174602,0.443560606060606,B5,B5_class_weight_threshold_tuning,LOGO,14,0.1,balanced,none,sweep,Rilpivirine
0.444244616885518,0.47058823529411764,0.36363636363636365,0.9,0.6666666666666666,0.8353174603174602,0.443560606060606,B5,B5_class_weight_threshold_tuning,LOGO,14,0.15,balanced,none,sweep,Rilpivirine
0.22956556456066263,0.2857142857142857,0.25,0.8888888888888888,0.3333333333333333,0.8353174603174602,0.443560606060606,B5,B5_class_weight_threshold_tuning,LOGO,14,0.2,balanced,none,sweep,Rilpivirine
0.2857142857142857,0.3333333333333333,0.3333333333333333,0.9111111111111111,0.3333333333333333,0.8353174603174602,0.443560606060606,B5,B5_class_weight_threshold_tuning,LOGO,14,0.25,balanced,none,sweep,Rilpivirine
0.3241018617760822,0.36363636363636365,0.4,0.9222222222222223,0.3333333333333333,0.8353174603174602,0.443560606060606,B5,B5_class_weight_threshold_tuning,LOGO,14,0.3,balanced,none,sweep,Rilpivirine
0.4466625002869186,0.4444444444444444,0.6666666666666666,0.9444444444444444,0.3333333333333333,0.8353174603174602,0.443560606060606,B5,B5_class_weight_threshold_tuning,LOGO,14,0.35,balanced,none,sweep,Rilpivirine
0.4466625002869186,0.4444444444444444,0.6666666666666666,0.9444444444444444,0.3333333333333333,0.8353174603174602,0.443560606060606,B5,B5_class_weight_threshold_tuning,LOGO,14,0.4,balanced,none,sweep,Rilpivirine
0.2618924633082486,0.25,0.5,0.9333333333333333,0.16666666666666666,0.8353174603174602,0.443560606060606,B5,B5_class_weight_threshold_tuning,LOGO,14,0.45,balanced,none,sweep,Rilpivirine
0.2618924633082486,0.25,0.5,0.9333333333333333,0.16666666666666666,0.8353174603174602,0.443560606060606,B5,B5_class_weight_threshold_tuning,LOGO,14,0.5,balanced,none,sweep,Rilpivirine
0.39661488976905146,0.2857142857142857,1.0,0.9444444444444444,0.16666666666666666,0.8353174603174602,0.443560606060606,B5,B5_class_weight_threshold_tuning,LOGO,14,0.55,balanced,none,sweep,Rilpivirine
0.39661488976905146,0.2857142857142857,1.0,0.9444444444444444,0.16666666666666666,0.8353174603174602,0.443560606060606,B5,B5_class_weight_threshold_tuning,LOGO,14,0.6,balanced,none,sweep,Rilpivirine
0.39661488976905146,0.2857142857142857,1.0,0.9444444444444444,0.16666666666666666,0.8353174603174602,0.443560606060606,B5,B5_class_weight_threshold_tuning,LOGO,14,0.65,balanced,none,sweep,Rilpivirine
0.0,0.0,0.0,0.9333333333333333,0.0,0.8353174603174602,0.443560606060606,B5,B5_class_weight_threshold_tuning,LOGO,14,0.7,balanced,none,sweep,Rilpivirine
0.0,0.0,0.0,0.9333333333333333,0.0,0.8353174603174602,0.443560606060606,B5,B5_class_weight_threshold_tuning,LOGO,14,0.75,balanced,none,sweep,Rilpivirine
0.0,0.0,0.0,0.9333333333333333,0.0,0.8353174603174602,0.443560606060606,B5,B5_class_weight_threshold_tuning,LOGO,14,0.8,balanced,none,sweep,Rilpivirine
0.0,0.0,0.0,0.9333333333333333,0.0,0.8353174603174602,0.443560606060606,B5,B5_class_weight_threshold_tuning,LOGO,14,0.85,balanced,none,sweep,Rilpivirine
0.0,0.0,0.0,0.9333333333333333,0.0,0.8353174603174602,0.443560606060606,B5,B5_class_weight_threshold_tuning,LOGO,14,0.9,balanced,none,sweep,Rilpivirine
0.31776751888768856,0.35294117647058826,0.23076923076923078,0.7555555555555555,0.75,0.8201219512195121,0.6211909983291563,B5,B5_class_weight_threshold_tuning,LOGO,15,0.05,balanced,none,sweep,Sorafenib
0.5666215999443122,0.6,0.5,0.9111111111111111,0.75,0.8201219512195121,0.6211909983291563,B5,B5_class_weight_threshold_tuning,LOGO,15,0.1,balanced,none,sweep,Sorafenib
0.38608754039747806,0.42857142857142855,0.5,0.9111111111111111,0.375,0.8201219512195121,0.6211909983291563,B5,B5_class_weight_threshold_tuning,LOGO,15,0.15,balanced,none,sweep,Sorafenib
0.4355935609701779,0.46153846153846156,0.6,0.9222222222222223,0.375,0.8201219512195121,0.6211909983291563,B5,B5_class_weight_threshold_tuning,LOGO,15,0.2,balanced,none,sweep,Sorafenib
0.4355935609701779,0.46153846153846156,0.6,0.9222222222222223,0.375,0.8201219512195121,0.6211909983291563,B5,B5_class_weight_threshold_tuning,LOGO,15,0.25,balanced,none,sweep,Sorafenib
0.594515160329885,0.5454545454545454,1.0,0.9444444444444444,0.375,0.8201219512195121,0.6211909983291563,B5,B5_class_weight_threshold_tuning,LOGO,15,0.3,balanced,none,sweep,Sorafenib
0.48265364958171136,0.4,1.0,0.9333333333333333,0.25,0.8201219512195121,0.6211909983291563,B5,B5_class_weight_threshold_tuning,LOGO,15,0.35,balanced,none,sweep,Sorafenib
0.48265364958171136,0.4,1.0,0.9333333333333333,0.25,0.8201219512195121,0.6211909983291563,B5,B5_class_weight_threshold_tuning,LOGO,15,0.4,balanced,none,sweep,Sorafenib
0.48265364958171136,0.4,1.0,0.9333333333333333,0.25,0.8201219512195121,0.6211909983291563,B5,B5_class_weight_threshold_tuning,LOGO,15,0.45,balanced,none,sweep,Sorafenib
0.339364905854808,0.2222222222222222,1.0,0.9222222222222223,0.125,0.8201219512195121,0.6211909983291563,B5,B5_class_weight_threshold_tuning,LOGO,15,0.5,balanced,none,sweep,Sorafenib
0.339364905854808,0.2222222222222222,1.0,0.9222222222222223,0.125,0.8201219512195121,0.6211909983291563,B5,B5_class_weight_threshold_tuning,LOGO,15,0.55,balanced,none,sweep,Sorafenib
0.339364905854808,0.2222222222222222,1.0,0.9222222222222223,0.125,0.8201219512195121,0.6211909983291563,B5,B5_class_weight_threshold_tuning,LOGO,15,0.6,balanced,none,sweep,Sorafenib
0.0,0.0,0.0,0.9111111111111111,0.0,0.8201219512195121,0.6211909983291563,B5,B5_class_weight_threshold_tuning,LOGO,15,0.65,balanced,none,sweep,Sorafenib
0.0,0.0,0.0,0.9111111111111111,0.0,0.8201219512195121,0.6211909983291563,B5,B5_class_weight_threshold_tuning,LOGO,15,0.7,balanced,none,sweep,Sorafenib
0.0,0.0,0.0,0.9111111111111111,0.0,0.8201219512195121,0.6211909983291563,B5,B5_class_weight_threshold_tuning,LOGO,15,0.75,balanced,none,sweep,Sorafenib
0.0,0.0,0.0,0.9111111111111111,0.0,0.8201219512195121,0.6211909983291563,B5,B5_class_weight_threshold_tuning,LOGO,15,0.8,balanced,none,sweep,Sorafenib
0.0,0.0,0.0,0.9111111111111111,0.0,0.8201219512195121,0.6211909983291563,B5,B5_class_weight_threshold_tuning,LOGO,15,0.85,balanced,none,sweep,Sorafenib
0.0,0.0,0.0,0.9111111111111111,0.0,0.8201219512195121,0.6211909983291563,B5,B5_class_weight_threshold_tuning,LOGO,15,0.9,balanced,none,sweep,Sorafenib
0.12121539504758784,0.05,0.02564102564102564,0.5777777777777777,1.0,0.9887640449438202,0.5,B5,B5_class_weight_threshold_tuning,LOGO,16,0.05,balanced,none,sweep,Taxol
0.1921409327596115,0.09090909090909091,0.047619047619047616,0.7777777777777778,1.0,0.9887640449438202,0.5,B5,B5_class_weight_threshold_tuning,LOGO,16,0.1,balanced,none,sweep,Taxol
0.29981267559834457,0.18181818181818182,0.1,0.9,1.0,0.9887640449438202,0.5,B5,B5_class_weight_threshold_tuning,LOGO,16,0.15,balanced,none,sweep,Taxol
0.49150079726066076,0.4,0.25,0.9666666666666667,1.0,0.9887640449438202,0.5,B5,B5_class_weight_threshold_tuning,LOGO,16,0.2,balanced,none,sweep,Taxol
0.5708263279047433,0.5,0.3333333333333333,0.9777777777777777,1.0,0.9887640449438202,0.5,B5,B5_class_weight_threshold_tuning,LOGO,16,0.25,balanced,none,sweep,Taxol
0.5708263279047433,0.5,0.3333333333333333,0.9777777777777777,1.0,0.9887640449438202,0.5,B5,B5_class_weight_threshold_tuning,LOGO,16,0.3,balanced,none,sweep,Taxol
0.5708263279047433,0.5,0.3333333333333333,0.9777777777777777,1.0,0.9887640449438202,0.5,B5,B5_class_weight_threshold_tuning,LOGO,16,0.35,balanced,none,sweep,Taxol
0.7031230493106524,0.6666666666666666,0.5,0.9888888888888889,1.0,0.9887640449438202,0.5,B5,B5_class_weight_threshold_tuning,LOGO,16,0.4,balanced,none,sweep,Taxol
0.7031230493106524,0.6666666666666666,0.5,0.9888888888888889,1.0,0.9887640449438202,0.5,B5,B5_class_weight_threshold_tuning,LOGO,16,0.45,balanced,none,sweep,Taxol
0.7031230493106524,0.6666666666666666,0.5,0.9888888888888889,1.0,0.9887640449438202,0.5,B5,B5_class_weight_threshold_tuning,LOGO,16,0.5,balanced,none,sweep,Taxol
0.7031230493106524,0.6666666666666666,0.5,0.9888888888888889,1.0,0.9887640449438202,0.5,B5,B5_class_weight_threshold_tuning,LOGO,16,0.55,balanced,none,sweep,Taxol
-0.011235955056179775,0.0,0.0,0.9777777777777777,0.0,0.9887640449438202,0.5,B5,B5_class_weight_threshold_tuning,LOGO,16,0.6,balanced,none,sweep,Taxol
0.0,0.0,0.0,0.9888888888888889,0.0,0.9887640449438202,0.5,B5,B5_class_weight_threshold_tuning,LOGO,16,0.65,balanced,none,sweep,Taxol
0.0,0.0,0.0,0.9888888888888889,0.0,0.9887640449438202,0.5,B5,B5_class_weight_threshold_tuning,LOGO,16,0.7,balanced,none,sweep,Taxol
0.0,0.0,0.0,0.9888888888888889,0.0,0.9887640449438202,0.5,B5,B5_class_weight_threshold_tuning,LOGO,16,0.75,balanced,none,sweep,Taxol
0.0,0.0,0.0,0.9888888888888889,0.0,0.9887640449438202,0.5,B5,B5_class_weight_threshold_tuning,LOGO,16,0.8,balanced,none,sweep,Taxol
0.0,0.0,0.0,0.9888888888888889,0.0,0.9887640449438202,0.5,B5,B5_class_weight_threshold_tuning,LOGO,16,0.85,balanced,none,sweep,Taxol
0.0,0.0,0.0,0.9888888888888889,0.0,0.9887640449438202,0.5,B5,B5_class_weight_threshold_tuning,LOGO,16,0.9,balanced,none,sweep,Taxol
