Evaluation,RepresentationStage,Representation,ImbalanceStage,ImbalanceMethod,Threshold,MCC_mean,MCC_std,F1_mean,F1_std,Precision_mean,Precision_std,Accuracy_mean,Accuracy_std,Recall_mean,Recall_std,AUROC_mean,AUROC_std,AUPRC_mean,AUPRC_std
CV,C1,C1_morgan_only,B5,B5_class_weight_threshold_tuning,0.15,0.4121,0.0902,0.4363,0.0812,0.3371,0.0835,0.8875,0.0312,0.65,0.1313,0.8874,0.0634,0.4508,0.0975
CV,C1,C1_morgan_only,B5,B5_class_weight_threshold_tuning,0.25,0.3964,0.078,0.4321,0.073,0.4134,0.0958,0.9188,0.015,0.4767,0.1141,0.8874,0.0634,0.4508,0.0975
CV,C1,C1_morgan_only,B5,B5_class_weight_threshold_tuning,0.2,0.3732,0.1156,0.41,0.1029,0.3512,0.0994,0.9014,0.0277,0.52,0.1589,0.8874,0.0634,0.4508,0.0975
CV,C1,C1_morgan_only,B5,B5_class_weight_threshold_tuning,0.1,0.3657,0.0891,0.3763,0.0737,0.2572,0.0581,0.841,0.0355,0.7233,0.1469,0.8874,0.0634,0.4508,0.0975
CV,C1,C1_morgan_only,B5,B5_class_weight_threshold_tuning,0.05,0.3613,0.0682,0.3431,0.0582,0.2151,0.043,0.7771,0.049,0.8722,0.1091,0.8874,0.0634,0.4508,0.0975
CV,C1,C1_morgan_only,B5,B5_class_weight_threshold_tuning,0.3,0.3502,0.0978,0.386,0.0888,0.4263,0.1271,0.9236,0.0179,0.3622,0.0761,0.8874,0.0634,0.4508,0.0975
CV,C1,C1_morgan_only,B5,B5_class_weight_threshold_tuning,0.35,0.3357,0.1276,0.3606,0.1125,0.4641,0.1741,0.9299,0.0159,0.2989,0.0858,0.8874,0.0634,0.4508,0.0975
CV,C1,C1_morgan_only,B5,B5_class_weight_threshold_tuning,0.4,0.3168,0.1422,0.3301,0.1313,0.4806,0.1867,0.9326,0.0147,0.2556,0.1008,0.8874,0.0634,0.4508,0.0975
CV,C1,C1_morgan_only,B5,B5_class_weight_threshold_tuning,0.55,0.29,0.1507,0.261,0.1335,0.5667,0.2772,0.9389,0.0091,0.1722,0.0927,0.8874,0.0634,0.4508,0.0975
CV,C1,C1_morgan_only,B5,B5_class_weight_threshold_tuning,0.6,0.2891,0.1483,0.2161,0.1116,0.7333,0.3702,0.9403,0.0088,0.1289,0.0683,0.8874,0.0634,0.4508,0.0975
CV,C1,C1_morgan_only,B5,B5_class_weight_threshold_tuning,0.45,0.2759,0.1726,0.2783,0.1576,0.4652,0.2542,0.9333,0.0136,0.2044,0.1199,0.8874,0.0634,0.4508,0.0975
CV,C1,C1_morgan_only,B5,B5_class_weight_threshold_tuning,0.5,0.2753,0.1479,0.2636,0.1404,0.4933,0.2347,0.9368,0.0089,0.1833,0.1052,0.8874,0.0634,0.4508,0.0975
CV,C1,C1_morgan_only,B5,B5_class_weight_threshold_tuning,0.65,0.1582,0.186,0.1127,0.1296,0.45,0.4972,0.9368,0.0089,0.0656,0.0771,0.8874,0.0634,0.4508,0.0975
CV,C1,C1_morgan_only,B5,B5_class_weight_threshold_tuning,0.7,0.0651,0.1547,0.0545,0.1227,0.15,0.3375,0.9354,0.0074,0.0333,0.075,0.8874,0.0634,0.4508,0.0975
CV,C1,C1_morgan_only,B5,B5_class_weight_threshold_tuning,0.75,0.0192,0.069,0.0182,0.0575,0.05,0.1581,0.934,0.0049,0.0111,0.0351,0.8874,0.0634,0.4508,0.0975
CV,C1,C1_morgan_only,B5,B5_class_weight_threshold_tuning,0.85,0.0,0.0,0.0,0.0,0.0,0.0,0.9347,0.0036,0.0,0.0,0.8874,0.0634,0.4508,0.0975
CV,C1,C1_morgan_only,B5,B5_class_weight_threshold_tuning,0.9,0.0,0.0,0.0,0.0,0.0,0.0,0.9347,0.0036,0.0,0.0,0.8874,0.0634,0.4508,0.0975
CV,C1,C1_morgan_only,B5,B5_class_weight_threshold_tuning,0.8,-0.0022,0.0068,0.0,0.0,0.0,0.0,0.934,0.0037,0.0,0.0,0.8874,0.0634,0.4508,0.0975
CV,C3,C3_morgan_rdkit,B4,B4_threshold_tuning_only,0.15,0.401,0.0521,0.4286,0.0466,0.3369,0.0643,0.8917,0.0213,0.6178,0.1119,0.8655,0.0648,0.4409,0.1058
CV,C3,C3_morgan_rdkit,B4,B4_threshold_tuning_only,0.1,0.3876,0.0553,0.3979,0.052,0.2796,0.0547,0.8542,0.0342,0.7256,0.1197,0.8655,0.0648,0.4409,0.1058
CV,C3,C3_morgan_rdkit,B4,B4_threshold_tuning_only,0.2,0.362,0.0786,0.4018,0.07,0.3439,0.0702,0.9035,0.0162,0.4989,0.1189,0.8655,0.0648,0.4409,0.1058
CV,C3,C3_morgan_rdkit,B4,B4_threshold_tuning_only,0.25,0.3493,0.0674,0.3875,0.0641,0.3842,0.0918,0.9153,0.0153,0.4144,0.1022,0.8655,0.0648,0.4409,0.1058
CV,C3,C3_morgan_rdkit,B4,B4_threshold_tuning_only,0.45,0.3292,0.1516,0.307,0.1368,0.615,0.2769,0.9382,0.0124,0.2133,0.1003,0.8655,0.0648,0.4409,0.1058
CV,C3,C3_morgan_rdkit,B4,B4_threshold_tuning_only,0.05,0.3218,0.0625,0.3083,0.0487,0.1894,0.0345,0.7458,0.0541,0.8522,0.1139,0.8655,0.0648,0.4409,0.1058
CV,C3,C3_morgan_rdkit,B4,B4_threshold_tuning_only,0.5,0.3168,0.1549,0.2754,0.1415,0.6667,0.3216,0.9396,0.0104,0.1833,0.1052,0.8655,0.0648,0.4409,0.1058
CV,C3,C3_morgan_rdkit,B4,B4_threshold_tuning_only,0.4,0.305,0.1593,0.3117,0.1506,0.4867,0.2071,0.934,0.0132,0.2356,0.1243,0.8655,0.0648,0.4409,0.1058
CV,C3,C3_morgan_rdkit,B4,B4_threshold_tuning_only,0.3,0.2952,0.1094,0.3289,0.1076,0.3798,0.128,0.9194,0.0174,0.3089,0.1156,0.8655,0.0648,0.4409,0.1058
CV,C3,C3_morgan_rdkit,B4,B4_threshold_tuning_only,0.35,0.2888,0.111,0.3149,0.1121,0.4048,0.1145,0.9271,0.01,0.2667,0.1154,0.8655,0.0648,0.4409,0.1058
CV,C3,C3_morgan_rdkit,B4,B4_threshold_tuning_only,0.55,0.2848,0.1762,0.2345,0.1533,0.6417,0.3929,0.9403,0.0082,0.1511,0.1071,0.8655,0.0648,0.4409,0.1058
CV,C3,C3_morgan_rdkit,B4,B4_threshold_tuning_only,0.6,0.273,0.1667,0.2074,0.1431,0.6917,0.4045,0.9403,0.0075,0.1289,0.1008,0.8655,0.0648,0.4409,0.1058
CV,C3,C3_morgan_rdkit,B4,B4_threshold_tuning_only,0.65,0.1534,0.1818,0.1225,0.1524,0.375,0.429,0.9368,0.0083,0.0778,0.1054,0.8655,0.0648,0.4409,0.1058
CV,C3,C3_morgan_rdkit,B4,B4_threshold_tuning_only,0.7,0.0954,0.1739,0.0745,0.129,0.25,0.4249,0.9354,0.0081,0.0444,0.0777,0.8655,0.0648,0.4409,0.1058
CV,C3,C3_morgan_rdkit,B4,B4_threshold_tuning_only,0.75,0.0625,0.1379,0.04,0.0843,0.2,0.4216,0.9354,0.0066,0.0222,0.0468,0.8655,0.0648,0.4409,0.1058
CV,C3,C3_morgan_rdkit,B4,B4_threshold_tuning_only,0.8,0.0301,0.1035,0.02,0.0632,0.1,0.3162,0.9347,0.0059,0.0111,0.0351,0.8655,0.0648,0.4409,0.1058
CV,C3,C3_morgan_rdkit,B4,B4_threshold_tuning_only,0.85,0.0,0.0,0.0,0.0,0.0,0.0,0.9347,0.0036,0.0,0.0,0.8655,0.0648,0.4409,0.1058
CV,C3,C3_morgan_rdkit,B4,B4_threshold_tuning_only,0.9,0.0,0.0,0.0,0.0,0.0,0.0,0.9347,0.0036,0.0,0.0,0.8655,0.0648,0.4409,0.1058
CV,C3,C3_morgan_rdkit,B5,B5_class_weight_threshold_tuning,0.1,0.3991,0.056,0.4051,0.0552,0.2804,0.0513,0.8521,0.0365,0.7556,0.1025,0.8704,0.0552,0.4378,0.0871
CV,C3,C3_morgan_rdkit,B5,B5_class_weight_threshold_tuning,0.15,0.3975,0.1014,0.425,0.0906,0.3266,0.0833,0.8875,0.0268,0.6278,0.1364,0.8704,0.0552,0.4378,0.0871
CV,C3,C3_morgan_rdkit,B5,B5_class_weight_threshold_tuning,0.2,0.3572,0.0975,0.3962,0.0835,0.3373,0.0739,0.9021,0.0184,0.4989,0.1585,0.8704,0.0552,0.4378,0.0871
CV,C3,C3_morgan_rdkit,B5,B5_class_weight_threshold_tuning,0.45,0.3329,0.1668,0.2797,0.1557,0.7167,0.322,0.9424,0.0087,0.1822,0.1138,0.8704,0.0552,0.4378,0.0871
CV,C3,C3_morgan_rdkit,B5,B5_class_weight_threshold_tuning,0.05,0.3167,0.0654,0.3069,0.047,0.1892,0.032,0.7542,0.0393,0.8289,0.1367,0.8704,0.0552,0.4378,0.0871
CV,C3,C3_morgan_rdkit,B5,B5_class_weight_threshold_tuning,0.35,0.3052,0.1252,0.3286,0.1265,0.4263,0.1291,0.9292,0.0108,0.2778,0.1272,0.8704,0.0552,0.4378,0.0871
CV,C3,C3_morgan_rdkit,B5,B5_class_weight_threshold_tuning,0.25,0.3019,0.0619,0.3432,0.0629,0.3305,0.0518,0.9069,0.0168,0.3833,0.1229,0.8704,0.0552,0.4378,0.0871
CV,C3,C3_morgan_rdkit,B5,B5_class_weight_threshold_tuning,0.4,0.2993,0.1127,0.297,0.1222,0.5017,0.1316,0.9347,0.0075,0.2256,0.1225,0.8704,0.0552,0.4378,0.0871
CV,C3,C3_morgan_rdkit,B5,B5_class_weight_threshold_tuning,0.5,0.2886,0.1789,0.2335,0.164,0.6667,0.3909,0.941,0.0082,0.1511,0.1192,0.8704,0.0552,0.4378,0.0871
CV,C3,C3_morgan_rdkit,B5,B5_class_weight_threshold_tuning,0.3,0.2671,0.1159,0.3044,0.12,0.3328,0.0895,0.9167,0.0109,0.2989,0.1492,0.8704,0.0552,0.4378,0.0871
CV,C3,C3_morgan_rdkit,B5,B5_class_weight_threshold_tuning,0.55,0.2542,0.1974,0.2037,0.1672,0.5917,0.4417,0.9403,0.0082,0.1289,0.1136,0.8704,0.0552,0.4378,0.0871
CV,C3,C3_morgan_rdkit,B5,B5_class_weight_threshold_tuning,0.6,0.1951,0.1831,0.1442,0.1392,0.5167,0.4743,0.9382,0.0076,0.0867,0.0871,0.8704,0.0552,0.4378,0.0871
CV,C3,C3_morgan_rdkit,B5,B5_class_weight_threshold_tuning,0.7,0.1469,0.163,0.0964,0.1018,0.45,0.4972,0.9368,0.0069,0.0544,0.0575,0.8704,0.0552,0.4378,0.0871
CV,C3,C3_morgan_rdkit,B5,B5_class_weight_threshold_tuning,0.65,0.136,0.1531,0.0945,0.0999,0.4,0.4595,0.9361,0.0064,0.0544,0.0575,0.8704,0.0552,0.4378,0.0871
CV,C3,C3_morgan_rdkit,B5,B5_class_weight_threshold_tuning,0.75,0.0516,0.1178,0.0382,0.0806,0.15,0.3375,0.9347,0.0059,0.0222,0.0468,0.8704,0.0552,0.4378,0.0871
CV,C3,C3_morgan_rdkit,B5,B5_class_weight_threshold_tuning,0.8,0.0324,0.1024,0.02,0.0632,0.1,0.3162,0.9354,0.0047,0.0111,0.0351,0.8704,0.0552,0.4378,0.0871
CV,C3,C3_morgan_rdkit,B5,B5_class_weight_threshold_tuning,0.85,0.0,0.0,0.0,0.0,0.0,0.0,0.9347,0.0036,0.0,0.0,0.8704,0.0552,0.4378,0.0871
CV,C3,C3_morgan_rdkit,B5,B5_class_weight_threshold_tuning,0.9,0.0,0.0,0.0,0.0,0.0,0.0,0.9347,0.0036,0.0,0.0,0.8704,0.0552,0.4378,0.0871
CV,C8,C8_morgan_rdkit_eos2lm8,B4,B4_threshold_tuning_only,0.15,0.3744,0.0705,0.3984,0.0631,0.2908,0.0568,0.8708,0.026,0.6478,0.107,0.8672,0.0564,0.4362,0.129
CV,C8,C8_morgan_rdkit_eos2lm8,B4,B4_threshold_tuning_only,0.2,0.3712,0.0935,0.4055,0.0814,0.3376,0.0906,0.8965,0.0242,0.5411,0.1579,0.8672,0.0564,0.4362,0.129
CV,C8,C8_morgan_rdkit_eos2lm8,B4,B4_threshold_tuning_only,0.1,0.3527,0.0624,0.359,0.0519,0.2385,0.0414,0.8243,0.0363,0.7444,0.1181,0.8672,0.0564,0.4362,0.129
CV,C8,C8_morgan_rdkit_eos2lm8,B4,B4_threshold_tuning_only,0.25,0.3445,0.1344,0.3825,0.1147,0.3808,0.174,0.9118,0.0229,0.4156,0.1508,0.8672,0.0564,0.4362,0.129
CV,C8,C8_morgan_rdkit_eos2lm8,B4,B4_threshold_tuning_only,0.5,0.3171,0.1451,0.2545,0.1306,0.7417,0.3344,0.941,0.0082,0.1622,0.0947,0.8672,0.0564,0.4362,0.129
CV,C8,C8_morgan_rdkit_eos2lm8,B4,B4_threshold_tuning_only,0.05,0.3088,0.0674,0.2922,0.0474,0.1761,0.0314,0.7208,0.047,0.8722,0.1211,0.8672,0.0564,0.4362,0.129
CV,C8,C8_morgan_rdkit_eos2lm8,B4,B4_threshold_tuning_only,0.55,0.3036,0.1363,0.2381,0.1256,0.7417,0.3344,0.9403,0.0075,0.1511,0.0934,0.8672,0.0564,0.4362,0.129
CV,C8,C8_morgan_rdkit_eos2lm8,B4,B4_threshold_tuning_only,0.6,0.3036,0.1363,0.2381,0.1256,0.7417,0.3344,0.9403,0.0075,0.1511,0.0934,0.8672,0.0564,0.4362,0.129
CV,C8,C8_morgan_rdkit_eos2lm8,B4,B4_threshold_tuning_only,0.45,0.3004,0.1583,0.2607,0.1422,0.635,0.3145,0.9389,0.0102,0.1733,0.1081,0.8672,0.0564,0.4362,0.129
CV,C8,C8_morgan_rdkit_eos2lm8,B4,B4_threshold_tuning_only,0.3,0.2989,0.1588,0.3315,0.1387,0.4015,0.2145,0.9188,0.0252,0.2989,0.1228,0.8672,0.0564,0.4362,0.129
CV,C8,C8_morgan_rdkit_eos2lm8,B4,B4_threshold_tuning_only,0.35,0.2788,0.1773,0.2891,0.1539,0.4513,0.2771,0.9285,0.0182,0.2256,0.1313,0.8672,0.0564,0.4362,0.129
CV,C8,C8_morgan_rdkit_eos2lm8,B4,B4_threshold_tuning_only,0.4,0.2753,0.1657,0.2629,0.1518,0.5117,0.266,0.9354,0.0123,0.1844,0.1189,0.8672,0.0564,0.4362,0.129
CV,C8,C8_morgan_rdkit_eos2lm8,B4,B4_threshold_tuning_only,0.65,0.2706,0.1805,0.2094,0.1513,0.6667,0.4082,0.9403,0.0088,0.1289,0.1008,0.8672,0.0564,0.4362,0.129
CV,C8,C8_morgan_rdkit_eos2lm8,B4,B4_threshold_tuning_only,0.7,0.2104,0.1814,0.1591,0.1473,0.55,0.4378,0.9382,0.0083,0.0967,0.097,0.8672,0.0564,0.4362,0.129
CV,C8,C8_morgan_rdkit_eos2lm8,B4,B4_threshold_tuning_only,0.75,0.0839,0.1437,0.0582,0.0938,0.25,0.4249,0.9354,0.0066,0.0333,0.0537,0.8672,0.0564,0.4362,0.129
CV,C8,C8_morgan_rdkit_eos2lm8,B4,B4_threshold_tuning_only,0.8,0.0648,0.1366,0.04,0.0843,0.2,0.4216,0.9361,0.0055,0.0222,0.0468,0.8672,0.0564,0.4362,0.129
CV,C8,C8_morgan_rdkit_eos2lm8,B4,B4_threshold_tuning_only,0.85,0.0324,0.1024,0.02,0.0632,0.1,0.3162,0.9354,0.0047,0.0111,0.0351,0.8672,0.0564,0.4362,0.129
CV,C8,C8_morgan_rdkit_eos2lm8,B4,B4_threshold_tuning_only,0.9,0.0,0.0,0.0,0.0,0.0,0.0,0.9347,0.0036,0.0,0.0,0.8672,0.0564,0.4362,0.129
CV,C6,C6_morgan_eos2lm8,B4,B4_threshold_tuning_only,0.2,0.397,0.1159,0.4291,0.1062,0.3558,0.1181,0.8986,0.03,0.5733,0.1572,0.8682,0.058,0.4335,0.1195
CV,C6,C6_morgan_eos2lm8,B4,B4_threshold_tuning_only,0.15,0.3832,0.0678,0.404,0.0584,0.2922,0.049,0.8701,0.0262,0.6689,0.1133,0.8682,0.058,0.4335,0.1195
CV,C6,C6_morgan_eos2lm8,B4,B4_threshold_tuning_only,0.1,0.3574,0.0659,0.362,0.054,0.2397,0.0417,0.8236,0.0372,0.7556,0.1151,0.8682,0.058,0.4335,0.1195
CV,C6,C6_morgan_eos2lm8,B4,B4_threshold_tuning_only,0.25,0.3375,0.1356,0.3747,0.1179,0.3724,0.1678,0.9097,0.0238,0.4156,0.1649,0.8682,0.058,0.4335,0.1195
CV,C6,C6_morgan_eos2lm8,B4,B4_threshold_tuning_only,0.3,0.3178,0.1328,0.3518,0.1165,0.4062,0.1921,0.9194,0.0208,0.3289,0.104,0.8682,0.058,0.4335,0.1195
CV,C6,C6_morgan_eos2lm8,B4,B4_threshold_tuning_only,0.5,0.3171,0.1451,0.2545,0.1306,0.7417,0.3344,0.941,0.0082,0.1622,0.0947,0.8682,0.058,0.4335,0.1195
CV,C6,C6_morgan_eos2lm8,B4,B4_threshold_tuning_only,0.45,0.3053,0.1509,0.2527,0.1316,0.6917,0.3288,0.9396,0.0098,0.1622,0.0947,0.8682,0.058,0.4335,0.1195
CV,C6,C6_morgan_eos2lm8,B4,B4_threshold_tuning_only,0.55,0.3036,0.1363,0.2381,0.1256,0.7417,0.3344,0.9403,0.0075,0.1511,0.0934,0.8682,0.058,0.4335,0.1195
CV,C6,C6_morgan_eos2lm8,B4,B4_threshold_tuning_only,0.05,0.2986,0.0506,0.2862,0.0363,0.1727,0.0244,0.7215,0.043,0.85,0.1153,0.8682,0.058,0.4335,0.1195
CV,C6,C6_morgan_eos2lm8,B4,B4_threshold_tuning_only,0.6,0.2945,0.1392,0.2255,0.1242,0.7417,0.3344,0.9403,0.0075,0.14,0.0906,0.8682,0.058,0.4335,0.1195
CV,C6,C6_morgan_eos2lm8,B4,B4_threshold_tuning_only,0.35,0.274,0.1663,0.287,0.1435,0.4383,0.2663,0.9278,0.0164,0.2256,0.1225,0.8682,0.058,0.4335,0.1195
CV,C6,C6_morgan_eos2lm8,B4,B4_threshold_tuning_only,0.4,0.2672,0.1648,0.2519,0.1458,0.515,0.2779,0.9347,0.0128,0.1733,0.1081,0.8682,0.058,0.4335,0.1195
CV,C6,C6_morgan_eos2lm8,B4,B4_threshold_tuning_only,0.65,0.2297,0.1838,0.1855,0.1575,0.5417,0.4181,0.9389,0.0072,0.1178,0.1088,0.8682,0.058,0.4335,0.1195
CV,C6,C6_morgan_eos2lm8,B4,B4_threshold_tuning_only,0.7,0.1566,0.1842,0.1109,0.1284,0.45,0.4972,0.9368,0.0076,0.0644,0.0764,0.8682,0.058,0.4335,0.1195
CV,C6,C6_morgan_eos2lm8,B4,B4_threshold_tuning_only,0.75,0.0927,0.1598,0.06,0.0966,0.3,0.483,0.9354,0.0074,0.0333,0.0537,0.8682,0.058,0.4335,0.1195
CV,C6,C6_morgan_eos2lm8,B4,B4_threshold_tuning_only,0.8,0.0,0.0,0.0,0.0,0.0,0.0,0.9347,0.0036,0.0,0.0,0.8682,0.058,0.4335,0.1195
CV,C6,C6_morgan_eos2lm8,B4,B4_threshold_tuning_only,0.85,0.0,0.0,0.0,0.0,0.0,0.0,0.9347,0.0036,0.0,0.0,0.8682,0.058,0.4335,0.1195
CV,C6,C6_morgan_eos2lm8,B4,B4_threshold_tuning_only,0.9,0.0,0.0,0.0,0.0,0.0,0.0,0.9347,0.0036,0.0,0.0,0.8682,0.058,0.4335,0.1195
CV,C1,C1_morgan_only,B4,B4_threshold_tuning_only,0.15,0.3908,0.0817,0.4272,0.0733,0.3819,0.0954,0.909,0.0239,0.5122,0.116,0.8807,0.0657,0.4313,0.0908
CV,C1,C1_morgan_only,B4,B4_threshold_tuning_only,0.2,0.365,0.0835,0.3995,0.0724,0.4306,0.1333,0.9208,0.0215,0.3944,0.0754,0.8807,0.0657,0.4313,0.0908
CV,C1,C1_morgan_only,B4,B4_threshold_tuning_only,0.1,0.3649,0.091,0.393,0.0812,0.3006,0.0868,0.8743,0.0346,0.6078,0.1393,0.8807,0.0657,0.4313,0.0908
CV,C1,C1_morgan_only,B4,B4_threshold_tuning_only,0.25,0.3441,0.1188,0.3689,0.1109,0.4622,0.1645,0.9292,0.0142,0.32,0.1037,0.8807,0.0657,0.4313,0.0908
CV,C1,C1_morgan_only,B4,B4_threshold_tuning_only,0.05,0.3283,0.0851,0.3289,0.0717,0.2114,0.0567,0.7875,0.0492,0.7767,0.1397,0.8807,0.0657,0.4313,0.0908
CV,C1,C1_morgan_only,B4,B4_threshold_tuning_only,0.45,0.3256,0.1111,0.306,0.1137,0.6,0.2071,0.9382,0.0089,0.2156,0.0942,0.8807,0.0657,0.4313,0.0908
CV,C1,C1_morgan_only,B4,B4_threshold_tuning_only,0.3,0.3189,0.1394,0.3329,0.132,0.4733,0.1888,0.9319,0.0134,0.2678,0.1159,0.8807,0.0657,0.4313,0.0908
CV,C1,C1_morgan_only,B4,B4_threshold_tuning_only,0.4,0.3182,0.1368,0.3177,0.1333,0.5217,0.1783,0.9361,0.0102,0.2356,0.1103,0.8807,0.0657,0.4313,0.0908
CV,C1,C1_morgan_only,B4,B4_threshold_tuning_only,0.35,0.3167,0.1509,0.3282,0.1387,0.4833,0.2108,0.9326,0.0143,0.2567,0.1142,0.8807,0.0657,0.4313,0.0908
CV,C1,C1_morgan_only,B4,B4_threshold_tuning_only,0.5,0.2921,0.1429,0.2641,0.1363,0.575,0.3003,0.9382,0.0076,0.1822,0.1061,0.8807,0.0657,0.4313,0.0908
CV,C1,C1_morgan_only,B4,B4_threshold_tuning_only,0.55,0.2369,0.1549,0.1974,0.1392,0.5583,0.381,0.9368,0.0076,0.13,0.103,0.8807,0.0657,0.4313,0.0908
CV,C1,C1_morgan_only,B4,B4_threshold_tuning_only,0.6,0.1295,0.1563,0.1156,0.1336,0.3,0.3583,0.934,0.0059,0.0756,0.0907,0.8807,0.0657,0.4313,0.0908
CV,C1,C1_morgan_only,B4,B4_threshold_tuning_only,0.65,0.0858,0.1271,0.0715,0.0928,0.2333,0.3443,0.9333,0.0059,0.0433,0.056,0.8807,0.0657,0.4313,0.0908
CV,C1,C1_morgan_only,B4,B4_threshold_tuning_only,0.7,0.0665,0.1194,0.0533,0.0864,0.1833,0.3375,0.934,0.0059,0.0322,0.052,0.8807,0.0657,0.4313,0.0908
CV,C1,C1_morgan_only,B4,B4_threshold_tuning_only,0.75,0.0278,0.1045,0.02,0.0632,0.1,0.3162,0.934,0.0067,0.0111,0.0351,0.8807,0.0657,0.4313,0.0908
CV,C1,C1_morgan_only,B4,B4_threshold_tuning_only,0.8,0.0,0.0,0.0,0.0,0.0,0.0,0.9347,0.0036,0.0,0.0,0.8807,0.0657,0.4313,0.0908
CV,C1,C1_morgan_only,B4,B4_threshold_tuning_only,0.85,0.0,0.0,0.0,0.0,0.0,0.0,0.9347,0.0036,0.0,0.0,0.8807,0.0657,0.4313,0.0908
CV,C1,C1_morgan_only,B4,B4_threshold_tuning_only,0.9,0.0,0.0,0.0,0.0,0.0,0.0,0.9347,0.0036,0.0,0.0,0.8807,0.0657,0.4313,0.0908
CV,C4,C4_eos2lm8,B4,B4_threshold_tuning_only,0.2,0.3897,0.0987,0.4224,0.0902,0.3526,0.109,0.8979,0.0287,0.5622,0.1445,0.8652,0.0566,0.4164,0.1291
CV,C4,C4_eos2lm8,B4,B4_threshold_tuning_only,0.15,0.3619,0.0764,0.3869,0.0649,0.2812,0.0525,0.8674,0.0292,0.6367,0.1311,0.8652,0.0566,0.4164,0.1291
CV,C4,C4_eos2lm8,B4,B4_threshold_tuning_only,0.1,0.3369,0.0676,0.3448,0.0547,0.2273,0.0414,0.816,0.0389,0.7333,0.1307,0.8652,0.0566,0.4164,0.1291
CV,C4,C4_eos2lm8,B4,B4_threshold_tuning_only,0.25,0.336,0.1549,0.3745,0.1359,0.3679,0.1865,0.9097,0.0243,0.4144,0.1722,0.8652,0.0566,0.4164,0.1291
CV,C4,C4_eos2lm8,B4,B4_threshold_tuning_only,0.55,0.3036,0.1363,0.2381,0.1256,0.7417,0.3344,0.9403,0.0075,0.1511,0.0934,0.8652,0.0566,0.4164,0.1291
CV,C4,C4_eos2lm8,B4,B4_threshold_tuning_only,0.6,0.3036,0.1363,0.2381,0.1256,0.7417,0.3344,0.9403,0.0075,0.1511,0.0934,0.8652,0.0566,0.4164,0.1291
CV,C4,C4_eos2lm8,B4,B4_threshold_tuning_only,0.45,0.3033,0.1523,0.2491,0.1427,0.7,0.3291,0.9396,0.0098,0.1622,0.1083,0.8652,0.0566,0.4164,0.1291
CV,C4,C4_eos2lm8,B4,B4_threshold_tuning_only,0.65,0.2945,0.1392,0.2255,0.1242,0.7417,0.3344,0.9403,0.0075,0.14,0.0906,0.8652,0.0566,0.4164,0.1291
CV,C4,C4_eos2lm8,B4,B4_threshold_tuning_only,0.5,0.2917,0.1413,0.2363,0.1264,0.6917,0.3288,0.9389,0.0091,0.1511,0.0934,0.8652,0.0566,0.4164,0.1291
CV,C4,C4_eos2lm8,B4,B4_threshold_tuning_only,0.05,0.2883,0.0481,0.279,0.0354,0.1679,0.024,0.7139,0.0497,0.84,0.1047,0.8652,0.0566,0.4164,0.1291
CV,C4,C4_eos2lm8,B4,B4_threshold_tuning_only,0.3,0.272,0.1496,0.3095,0.131,0.3592,0.1978,0.9146,0.0232,0.2878,0.1243,0.8652,0.0566,0.4164,0.1291
CV,C4,C4_eos2lm8,B4,B4_threshold_tuning_only,0.35,0.2646,0.1342,0.2766,0.1227,0.4302,0.1935,0.9278,0.0164,0.2144,0.1041,0.8652,0.0566,0.4164,0.1291
CV,C4,C4_eos2lm8,B4,B4_threshold_tuning_only,0.4,0.2603,0.1538,0.2395,0.1408,0.5183,0.2575,0.9361,0.0097,0.1622,0.1083,0.8652,0.0566,0.4164,0.1291
CV,C4,C4_eos2lm8,B4,B4_threshold_tuning_only,0.7,0.2277,0.1808,0.1758,0.1405,0.5667,0.4389,0.9389,0.0072,0.1067,0.088,0.8652,0.0566,0.4164,0.1291
CV,C4,C4_eos2lm8,B4,B4_threshold_tuning_only,0.75,0.136,0.1531,0.0945,0.0999,0.4,0.4595,0.9361,0.0064,0.0544,0.0575,0.8652,0.0566,0.4164,0.1291
CV,C4,C4_eos2lm8,B4,B4_threshold_tuning_only,0.8,0.0972,0.1564,0.06,0.0966,0.3,0.483,0.9368,0.0061,0.0333,0.0537,0.8652,0.0566,0.4164,0.1291
CV,C4,C4_eos2lm8,B4,B4_threshold_tuning_only,0.85,0.0,0.0,0.0,0.0,0.0,0.0,0.9347,0.0036,0.0,0.0,0.8652,0.0566,0.4164,0.1291
CV,C4,C4_eos2lm8,B4,B4_threshold_tuning_only,0.9,0.0,0.0,0.0,0.0,0.0,0.0,0.9347,0.0036,0.0,0.0,0.8652,0.0566,0.4164,0.1291
CV,C7,C7_morgan_chemberta,B4,B4_threshold_tuning_only,0.1,0.3478,0.0945,0.3525,0.0804,0.2327,0.0621,0.8153,0.0455,0.7533,0.1495,0.8639,0.0589,0.4064,0.0937
CV,C7,C7_morgan_chemberta,B4,B4_threshold_tuning_only,0.25,0.3424,0.1038,0.3827,0.0931,0.3824,0.136,0.9132,0.0218,0.4033,0.0934,0.8639,0.0589,0.4064,0.0937
CV,C7,C7_morgan_chemberta,B4,B4_threshold_tuning_only,0.15,0.3197,0.086,0.3513,0.0611,0.2606,0.0366,0.8681,0.0176,0.5644,0.1924,0.8639,0.0589,0.4064,0.0937
CV,C7,C7_morgan_chemberta,B4,B4_threshold_tuning_only,0.2,0.3165,0.0914,0.3594,0.0798,0.3071,0.0915,0.8924,0.0241,0.4589,0.1313,0.8639,0.0589,0.4064,0.0937
CV,C7,C7_morgan_chemberta,B4,B4_threshold_tuning_only,0.3,0.3059,0.1326,0.3432,0.1214,0.3853,0.1556,0.9194,0.0191,0.32,0.1162,0.8639,0.0589,0.4064,0.0937
CV,C7,C7_morgan_chemberta,B4,B4_threshold_tuning_only,0.5,0.3036,0.1363,0.2381,0.1256,0.7417,0.3344,0.9403,0.0075,0.1511,0.0934,0.8639,0.0589,0.4064,0.0937
CV,C7,C7_morgan_chemberta,B4,B4_threshold_tuning_only,0.55,0.3036,0.1363,0.2381,0.1256,0.7417,0.3344,0.9403,0.0075,0.1511,0.0934,0.8639,0.0589,0.4064,0.0937
CV,C7,C7_morgan_chemberta,B4,B4_threshold_tuning_only,0.6,0.3036,0.1363,0.2381,0.1256,0.7417,0.3344,0.9403,0.0075,0.1511,0.0934,0.8639,0.0589,0.4064,0.0937
CV,C7,C7_morgan_chemberta,B4,B4_threshold_tuning_only,0.45,0.2898,0.1488,0.2481,0.1301,0.6417,0.3241,0.9375,0.0113,0.1622,0.0947,0.8639,0.0589,0.4064,0.0937
CV,C7,C7_morgan_chemberta,B4,B4_threshold_tuning_only,0.05,0.2882,0.0527,0.2791,0.0401,0.1682,0.0275,0.7132,0.0512,0.84,0.1047,0.8639,0.0589,0.4064,0.0937
CV,C7,C7_morgan_chemberta,B4,B4_threshold_tuning_only,0.35,0.2784,0.1596,0.2999,0.1485,0.4155,0.1926,0.9292,0.0153,0.2367,0.1251,0.8639,0.0589,0.4064,0.0937
CV,C7,C7_morgan_chemberta,B4,B4_threshold_tuning_only,0.4,0.2781,0.174,0.2815,0.1574,0.4683,0.2451,0.9333,0.0143,0.2044,0.1199,0.8639,0.0589,0.4064,0.0937
CV,C7,C7_morgan_chemberta,B4,B4_threshold_tuning_only,0.65,0.1713,0.171,0.1371,0.1455,0.425,0.4091,0.9368,0.0069,0.0867,0.1017,0.8639,0.0589,0.4064,0.0937
CV,C7,C7_morgan_chemberta,B4,B4_threshold_tuning_only,0.7,0.1055,0.152,0.0879,0.1216,0.2667,0.3702,0.9347,0.0059,0.0544,0.0778,0.8639,0.0589,0.4064,0.0937
CV,C7,C7_morgan_chemberta,B4,B4_threshold_tuning_only,0.75,0.0582,0.1404,0.04,0.0843,0.2,0.4216,0.934,0.0067,0.0222,0.0468,0.8639,0.0589,0.4064,0.0937
CV,C7,C7_morgan_chemberta,B4,B4_threshold_tuning_only,0.8,0.0301,0.1035,0.02,0.0632,0.1,0.3162,0.9347,0.0059,0.0111,0.0351,0.8639,0.0589,0.4064,0.0937
CV,C7,C7_morgan_chemberta,B4,B4_threshold_tuning_only,0.85,0.0,0.0,0.0,0.0,0.0,0.0,0.9347,0.0036,0.0,0.0,0.8639,0.0589,0.4064,0.0937
CV,C7,C7_morgan_chemberta,B4,B4_threshold_tuning_only,0.9,0.0,0.0,0.0,0.0,0.0,0.0,0.9347,0.0036,0.0,0.0,0.8639,0.0589,0.4064,0.0937
CV,C2,C2_rdkit_descriptors_only,B4,B4_threshold_tuning_only,0.15,0.3856,0.0715,0.4049,0.0571,0.2946,0.051,0.8708,0.0243,0.6722,0.1423,0.8541,0.0625,0.4039,0.1041
CV,C2,C2_rdkit_descriptors_only,B4,B4_threshold_tuning_only,0.1,0.359,0.0461,0.3609,0.0399,0.2383,0.0352,0.8208,0.0338,0.7667,0.1085,0.8541,0.0625,0.4039,0.1041
CV,C2,C2_rdkit_descriptors_only,B4,B4_threshold_tuning_only,0.2,0.3284,0.0933,0.3665,0.0751,0.293,0.0556,0.8882,0.0144,0.51,0.1765,0.8541,0.0625,0.4039,0.1041
CV,C2,C2_rdkit_descriptors_only,B4,B4_threshold_tuning_only,0.55,0.321,0.1473,0.2535,0.1433,0.7667,0.3235,0.9417,0.0082,0.1622,0.1083,0.8541,0.0625,0.4039,0.1041
CV,C2,C2_rdkit_descriptors_only,B4,B4_threshold_tuning_only,0.5,0.3142,0.1491,0.251,0.1419,0.75,0.3333,0.9403,0.0099,0.1622,0.1083,0.8541,0.0625,0.4039,0.1041
CV,C2,C2_rdkit_descriptors_only,B4,B4_threshold_tuning_only,0.25,0.3054,0.0815,0.3511,0.0771,0.3109,0.0675,0.9014,0.0138,0.4144,0.1102,0.8541,0.0625,0.4039,0.1041
CV,C2,C2_rdkit_descriptors_only,B4,B4_threshold_tuning_only,0.6,0.3054,0.1365,0.2274,0.1236,0.7917,0.3316,0.941,0.0075,0.14,0.0906,0.8541,0.0625,0.4039,0.1041
CV,C2,C2_rdkit_descriptors_only,B4,B4_threshold_tuning_only,0.45,0.3001,0.1847,0.274,0.1608,0.5833,0.3043,0.9382,0.0141,0.1833,0.1153,0.8541,0.0625,0.4039,0.1041
CV,C2,C2_rdkit_descriptors_only,B4,B4_threshold_tuning_only,0.05,0.2892,0.0558,0.2794,0.0402,0.1684,0.0271,0.716,0.0427,0.8389,0.1277,0.8541,0.0625,0.4039,0.1041
CV,C2,C2_rdkit_descriptors_only,B4,B4_threshold_tuning_only,0.35,0.2768,0.1088,0.3004,0.1061,0.403,0.1552,0.9243,0.0129,0.2567,0.1065,0.8541,0.0625,0.4039,0.1041
CV,C2,C2_rdkit_descriptors_only,B4,B4_threshold_tuning_only,0.4,0.2724,0.1926,0.2698,0.1716,0.485,0.282,0.9319,0.0199,0.1944,0.135,0.8541,0.0625,0.4039,0.1041
CV,C2,C2_rdkit_descriptors_only,B4,B4_threshold_tuning_only,0.3,0.2528,0.1115,0.2962,0.1103,0.3071,0.1,0.9111,0.0134,0.2978,0.1293,0.8541,0.0625,0.4039,0.1041
CV,C2,C2_rdkit_descriptors_only,B4,B4_threshold_tuning_only,0.65,0.21,0.1988,0.1692,0.1684,0.4917,0.4521,0.9389,0.0079,0.1078,0.115,0.8541,0.0625,0.4039,0.1041
CV,C2,C2_rdkit_descriptors_only,B4,B4_threshold_tuning_only,0.7,0.1295,0.1969,0.1064,0.1643,0.3,0.4216,0.9368,0.0095,0.0667,0.1073,0.8541,0.0625,0.4039,0.1041
CV,C2,C2_rdkit_descriptors_only,B4,B4_threshold_tuning_only,0.75,0.1054,0.1458,0.0764,0.0988,0.3,0.4216,0.9354,0.0066,0.0444,0.0574,0.8541,0.0625,0.4039,0.1041
CV,C2,C2_rdkit_descriptors_only,B4,B4_threshold_tuning_only,0.8,0.0972,0.1564,0.06,0.0966,0.3,0.483,0.9368,0.0061,0.0333,0.0537,0.8541,0.0625,0.4039,0.1041
CV,C2,C2_rdkit_descriptors_only,B4,B4_threshold_tuning_only,0.85,0.0324,0.1024,0.02,0.0632,0.1,0.3162,0.9354,0.0047,0.0111,0.0351,0.8541,0.0625,0.4039,0.1041
CV,C2,C2_rdkit_descriptors_only,B4,B4_threshold_tuning_only,0.9,0.0,0.0,0.0,0.0,0.0,0.0,0.9347,0.0036,0.0,0.0,0.8541,0.0625,0.4039,0.1041
CV,C9,C9_morgan_rdkit_chemberta,B4,B4_threshold_tuning_only,0.15,0.3505,0.0713,0.3777,0.0555,0.2795,0.0424,0.8715,0.0197,0.6067,0.1588,0.86,0.0545,0.4004,0.093
CV,C9,C9_morgan_rdkit_chemberta,B4,B4_threshold_tuning_only,0.1,0.3493,0.0661,0.3558,0.0657,0.2374,0.0589,0.8188,0.047,0.7444,0.1058,0.86,0.0545,0.4004,0.093
CV,C9,C9_morgan_rdkit_chemberta,B4,B4_threshold_tuning_only,0.2,0.3407,0.1041,0.3801,0.0889,0.3163,0.0855,0.8938,0.0229,0.5,0.1619,0.86,0.0545,0.4004,0.093
CV,C9,C9_morgan_rdkit_chemberta,B4,B4_threshold_tuning_only,0.25,0.3319,0.0986,0.3731,0.0882,0.3663,0.1324,0.9097,0.0224,0.4033,0.0934,0.86,0.0545,0.4004,0.093
CV,C9,C9_morgan_rdkit_chemberta,B4,B4_threshold_tuning_only,0.45,0.3173,0.1611,0.2658,0.1458,0.7,0.3291,0.9403,0.011,0.1733,0.1081,0.86,0.0545,0.4004,0.093
CV,C9,C9_morgan_rdkit_chemberta,B4,B4_threshold_tuning_only,0.6,0.3094,0.1377,0.2407,0.1274,0.7583,0.325,0.941,0.0075,0.1511,0.0934,0.86,0.0545,0.4004,0.093
CV,C9,C9_morgan_rdkit_chemberta,B4,B4_threshold_tuning_only,0.5,0.3036,0.1363,0.2381,0.1256,0.7417,0.3344,0.9403,0.0075,0.1511,0.0934,0.86,0.0545,0.4004,0.093
CV,C9,C9_morgan_rdkit_chemberta,B4,B4_threshold_tuning_only,0.55,0.3036,0.1363,0.2381,0.1256,0.7417,0.3344,0.9403,0.0075,0.1511,0.0934,0.86,0.0545,0.4004,0.093
CV,C9,C9_morgan_rdkit_chemberta,B4,B4_threshold_tuning_only,0.35,0.2982,0.1212,0.3188,0.1081,0.44,0.1693,0.9285,0.0139,0.2567,0.0955,0.86,0.0545,0.4004,0.093
CV,C9,C9_morgan_rdkit_chemberta,B4,B4_threshold_tuning_only,0.05,0.297,0.0694,0.2849,0.0481,0.1719,0.0317,0.7188,0.0478,0.85,0.137,0.86,0.0545,0.4004,0.093
CV,C9,C9_morgan_rdkit_chemberta,B4,B4_threshold_tuning_only,0.3,0.2954,0.0918,0.3334,0.081,0.3695,0.1274,0.916,0.0181,0.32,0.0895,0.86,0.0545,0.4004,0.093
CV,C9,C9_morgan_rdkit_chemberta,B4,B4_threshold_tuning_only,0.4,0.2874,0.191,0.2874,0.1731,0.4883,0.2602,0.9347,0.0168,0.2056,0.1319,0.86,0.0545,0.4004,0.093
CV,C9,C9_morgan_rdkit_chemberta,B4,B4_threshold_tuning_only,0.65,0.2169,0.172,0.1704,0.1487,0.5417,0.4181,0.9382,0.0069,0.1078,0.1049,0.86,0.0545,0.4004,0.093
CV,C9,C9_morgan_rdkit_chemberta,B4,B4_threshold_tuning_only,0.7,0.1361,0.1591,0.1061,0.1206,0.3667,0.4216,0.9354,0.0057,0.0644,0.0764,0.86,0.0545,0.4004,0.093
CV,C9,C9_morgan_rdkit_chemberta,B4,B4_threshold_tuning_only,0.8,0.0625,0.1379,0.04,0.0843,0.2,0.4216,0.9354,0.0066,0.0222,0.0468,0.86,0.0545,0.4004,0.093
CV,C9,C9_morgan_rdkit_chemberta,B4,B4_threshold_tuning_only,0.75,0.0472,0.1202,0.0382,0.0806,0.15,0.3375,0.9333,0.0059,0.0222,0.0468,0.86,0.0545,0.4004,0.093
CV,C9,C9_morgan_rdkit_chemberta,B4,B4_threshold_tuning_only,0.85,0.0324,0.1024,0.02,0.0632,0.1,0.3162,0.9354,0.0047,0.0111,0.0351,0.86,0.0545,0.4004,0.093
CV,C9,C9_morgan_rdkit_chemberta,B4,B4_threshold_tuning_only,0.9,0.0,0.0,0.0,0.0,0.0,0.0,0.9347,0.0036,0.0,0.0,0.86,0.0545,0.4004,0.093
CV,C8,C8_morgan_rdkit_eos2lm8,B5,B5_class_weight_threshold_tuning,0.1,0.3321,0.0925,0.3549,0.0816,0.2489,0.0671,0.8431,0.0416,0.6467,0.1381,0.8455,0.0545,0.4002,0.1108
CV,C8,C8_morgan_rdkit_eos2lm8,B5,B5_class_weight_threshold_tuning,0.2,0.3301,0.1036,0.3741,0.0959,0.3397,0.1147,0.9035,0.0239,0.4333,0.1016,0.8455,0.0545,0.4002,0.1108
CV,C8,C8_morgan_rdkit_eos2lm8,B5,B5_class_weight_threshold_tuning,0.15,0.3167,0.118,0.3596,0.1098,0.2901,0.1108,0.8792,0.0385,0.4967,0.1144,0.8455,0.0545,0.4002,0.1108
CV,C8,C8_morgan_rdkit_eos2lm8,B5,B5_class_weight_threshold_tuning,0.5,0.2989,0.1427,0.2393,0.1293,0.7083,0.3222,0.9403,0.0082,0.1511,0.0934,0.8455,0.0545,0.4002,0.1108
CV,C8,C8_morgan_rdkit_eos2lm8,B5,B5_class_weight_threshold_tuning,0.25,0.2884,0.0876,0.3334,0.0809,0.3298,0.0961,0.9083,0.0196,0.35,0.0949,0.8455,0.0545,0.4002,0.1108
CV,C8,C8_morgan_rdkit_eos2lm8,B5,B5_class_weight_threshold_tuning,0.05,0.288,0.0726,0.2909,0.0508,0.1806,0.034,0.7556,0.0413,0.7656,0.1515,0.8455,0.0545,0.4002,0.1108
CV,C8,C8_morgan_rdkit_eos2lm8,B5,B5_class_weight_threshold_tuning,0.3,0.283,0.1358,0.3157,0.1273,0.3795,0.165,0.9194,0.02,0.2878,0.133,0.8455,0.0545,0.4002,0.1108
CV,C8,C8_morgan_rdkit_eos2lm8,B5,B5_class_weight_threshold_tuning,0.55,0.2757,0.1774,0.2219,0.1518,0.6417,0.3929,0.9403,0.0082,0.14,0.1047,0.8455,0.0545,0.4002,0.1108
CV,C8,C8_morgan_rdkit_eos2lm8,B5,B5_class_weight_threshold_tuning,0.4,0.2731,0.137,0.258,0.129,0.525,0.2707,0.9347,0.0088,0.1833,0.1052,0.8455,0.0545,0.4002,0.1108
CV,C8,C8_morgan_rdkit_eos2lm8,B5,B5_class_weight_threshold_tuning,0.6,0.2641,0.1659,0.2091,0.1336,0.6333,0.3913,0.9396,0.0074,0.1289,0.0861,0.8455,0.0545,0.4002,0.1108
CV,C8,C8_morgan_rdkit_eos2lm8,B5,B5_class_weight_threshold_tuning,0.45,0.2569,0.1363,0.2289,0.1266,0.5417,0.2643,0.9368,0.0076,0.1511,0.0934,0.8455,0.0545,0.4002,0.1108
CV,C8,C8_morgan_rdkit_eos2lm8,B5,B5_class_weight_threshold_tuning,0.35,0.2419,0.1497,0.2627,0.1457,0.3805,0.1756,0.9236,0.0179,0.2156,0.1371,0.8455,0.0545,0.4002,0.1108
CV,C8,C8_morgan_rdkit_eos2lm8,B5,B5_class_weight_threshold_tuning,0.65,0.2108,0.1651,0.1473,0.1158,0.6,0.4595,0.9382,0.0069,0.0856,0.0693,0.8455,0.0545,0.4002,0.1108
CV,C8,C8_morgan_rdkit_eos2lm8,B5,B5_class_weight_threshold_tuning,0.75,0.1383,0.1507,0.0945,0.0999,0.4,0.4595,0.9368,0.0051,0.0544,0.0575,0.8455,0.0545,0.4002,0.1108
CV,C8,C8_morgan_rdkit_eos2lm8,B5,B5_class_weight_threshold_tuning,0.7,0.136,0.1531,0.0945,0.0999,0.4,0.4595,0.9361,0.0064,0.0544,0.0575,0.8455,0.0545,0.4002,0.1108
CV,C8,C8_morgan_rdkit_eos2lm8,B5,B5_class_weight_threshold_tuning,0.8,0.0648,0.1366,0.04,0.0843,0.2,0.4216,0.9361,0.0055,0.0222,0.0468,0.8455,0.0545,0.4002,0.1108
CV,C8,C8_morgan_rdkit_eos2lm8,B5,B5_class_weight_threshold_tuning,0.85,0.0324,0.1024,0.02,0.0632,0.1,0.3162,0.9354,0.0047,0.0111,0.0351,0.8455,0.0545,0.4002,0.1108
CV,C8,C8_morgan_rdkit_eos2lm8,B5,B5_class_weight_threshold_tuning,0.9,0.0,0.0,0.0,0.0,0.0,0.0,0.9347,0.0036,0.0,0.0,0.8455,0.0545,0.4002,0.1108
CV,C7,C7_morgan_chemberta,B5,B5_class_weight_threshold_tuning,0.1,0.3148,0.0793,0.3376,0.0665,0.2309,0.0529,0.8306,0.0394,0.6489,0.1178,0.85,0.0443,0.3968,0.1054
CV,C7,C7_morgan_chemberta,B5,B5_class_weight_threshold_tuning,0.2,0.3081,0.0779,0.3527,0.0716,0.3314,0.0892,0.9049,0.0212,0.3944,0.0918,0.85,0.0443,0.3968,0.1054
CV,C7,C7_morgan_chemberta,B5,B5_class_weight_threshold_tuning,0.15,0.3005,0.1117,0.3433,0.0993,0.2702,0.0864,0.8778,0.0266,0.4878,0.1473,0.85,0.0443,0.3968,0.1054
CV,C7,C7_morgan_chemberta,B5,B5_class_weight_threshold_tuning,0.25,0.2953,0.1156,0.3376,0.1032,0.3524,0.1485,0.9111,0.0231,0.34,0.097,0.85,0.0443,0.3968,0.1054
CV,C7,C7_morgan_chemberta,B5,B5_class_weight_threshold_tuning,0.05,0.2888,0.0707,0.2924,0.0524,0.1817,0.0361,0.7556,0.0438,0.7656,0.1302,0.85,0.0443,0.3968,0.1054
CV,C7,C7_morgan_chemberta,B5,B5_class_weight_threshold_tuning,0.3,0.2769,0.1348,0.3127,0.1177,0.3679,0.1829,0.916,0.0218,0.2889,0.1154,0.85,0.0443,0.3968,0.1054
CV,C7,C7_morgan_chemberta,B5,B5_class_weight_threshold_tuning,0.4,0.2737,0.1518,0.2478,0.1451,0.57,0.3066,0.9354,0.0114,0.1722,0.1164,0.85,0.0443,0.3968,0.1054
CV,C7,C7_morgan_chemberta,B5,B5_class_weight_threshold_tuning,0.5,0.2661,0.1687,0.2189,0.1489,0.6083,0.3728,0.9396,0.0074,0.14,0.1047,0.85,0.0443,0.3968,0.1054
CV,C7,C7_morgan_chemberta,B5,B5_class_weight_threshold_tuning,0.55,0.2641,0.1659,0.2091,0.1336,0.6333,0.3913,0.9396,0.0074,0.1289,0.0861,0.85,0.0443,0.3968,0.1054
CV,C7,C7_morgan_chemberta,B5,B5_class_weight_threshold_tuning,0.6,0.2622,0.1569,0.1958,0.1263,0.6833,0.4041,0.9396,0.0074,0.1189,0.0827,0.85,0.0443,0.3968,0.1054
CV,C7,C7_morgan_chemberta,B5,B5_class_weight_threshold_tuning,0.45,0.256,0.1723,0.2243,0.1585,0.55,0.3583,0.9375,0.0093,0.15,0.1153,0.85,0.0443,0.3968,0.1054
CV,C7,C7_morgan_chemberta,B5,B5_class_weight_threshold_tuning,0.35,0.2546,0.1424,0.266,0.1376,0.4188,0.1779,0.9292,0.0142,0.2033,0.1165,0.85,0.0443,0.3968,0.1054
CV,C7,C7_morgan_chemberta,B5,B5_class_weight_threshold_tuning,0.65,0.2148,0.1687,0.1606,0.1294,0.5667,0.4389,0.9382,0.0069,0.0967,0.0817,0.85,0.0443,0.3968,0.1054
CV,C7,C7_morgan_chemberta,B5,B5_class_weight_threshold_tuning,0.7,0.0927,0.1275,0.0727,0.0939,0.25,0.3536,0.9347,0.0049,0.0433,0.056,0.85,0.0443,0.3968,0.1054
CV,C7,C7_morgan_chemberta,B5,B5_class_weight_threshold_tuning,0.75,0.0839,0.1437,0.0582,0.0938,0.25,0.4249,0.9354,0.0066,0.0333,0.0537,0.85,0.0443,0.3968,0.1054
CV,C7,C7_morgan_chemberta,B5,B5_class_weight_threshold_tuning,0.8,0.0648,0.1366,0.04,0.0843,0.2,0.4216,0.9361,0.0055,0.0222,0.0468,0.85,0.0443,0.3968,0.1054
CV,C7,C7_morgan_chemberta,B5,B5_class_weight_threshold_tuning,0.85,0.0,0.0,0.0,0.0,0.0,0.0,0.9347,0.0036,0.0,0.0,0.85,0.0443,0.3968,0.1054
CV,C7,C7_morgan_chemberta,B5,B5_class_weight_threshold_tuning,0.9,0.0,0.0,0.0,0.0,0.0,0.0,0.9347,0.0036,0.0,0.0,0.85,0.0443,0.3968,0.1054
CV,C6,C6_morgan_eos2lm8,B5,B5_class_weight_threshold_tuning,0.1,0.3464,0.0862,0.365,0.073,0.2554,0.0622,0.8451,0.0378,0.6711,0.1533,0.8516,0.0548,0.3936,0.1197
CV,C6,C6_morgan_eos2lm8,B5,B5_class_weight_threshold_tuning,0.15,0.3178,0.1053,0.359,0.0969,0.2848,0.0929,0.8785,0.0344,0.5078,0.1256,0.8516,0.0548,0.3936,0.1197
CV,C6,C6_morgan_eos2lm8,B5,B5_class_weight_threshold_tuning,0.2,0.3141,0.1184,0.3593,0.1094,0.322,0.1187,0.9,0.026,0.4233,0.1238,0.8516,0.0548,0.3936,0.1197
CV,C6,C6_morgan_eos2lm8,B5,B5_class_weight_threshold_tuning,0.3,0.303,0.1279,0.3355,0.1131,0.3981,0.1848,0.9194,0.021,0.3089,0.108,0.8516,0.0548,0.3936,0.1197
CV,C6,C6_morgan_eos2lm8,B5,B5_class_weight_threshold_tuning,0.5,0.2989,0.1427,0.2393,0.1293,0.7083,0.3222,0.9403,0.0082,0.1511,0.0934,0.8516,0.0548,0.3936,0.1197
CV,C6,C6_morgan_eos2lm8,B5,B5_class_weight_threshold_tuning,0.25,0.295,0.0981,0.3397,0.089,0.3338,0.1143,0.9076,0.0205,0.3611,0.0991,0.8516,0.0548,0.3936,0.1197
CV,C6,C6_morgan_eos2lm8,B5,B5_class_weight_threshold_tuning,0.05,0.2904,0.0589,0.2935,0.0421,0.1828,0.0298,0.7562,0.0508,0.7667,0.1294,0.8516,0.0548,0.3936,0.1197
CV,C6,C6_morgan_eos2lm8,B5,B5_class_weight_threshold_tuning,0.55,0.2757,0.1774,0.2219,0.1518,0.6417,0.3929,0.9403,0.0082,0.14,0.1047,0.8516,0.0548,0.3936,0.1197
CV,C6,C6_morgan_eos2lm8,B5,B5_class_weight_threshold_tuning,0.4,0.2685,0.1599,0.2508,0.1435,0.5317,0.2927,0.9347,0.0123,0.1722,0.1065,0.8516,0.0548,0.3936,0.1197
CV,C6,C6_morgan_eos2lm8,B5,B5_class_weight_threshold_tuning,0.45,0.2664,0.1379,0.2304,0.1259,0.5917,0.3003,0.9368,0.0089,0.1511,0.0934,0.8516,0.0548,0.3936,0.1197
CV,C6,C6_morgan_eos2lm8,B5,B5_class_weight_threshold_tuning,0.35,0.253,0.1502,0.2657,0.1415,0.4195,0.1919,0.9271,0.0183,0.2044,0.1199,0.8516,0.0548,0.3936,0.1197
CV,C6,C6_morgan_eos2lm8,B5,B5_class_weight_threshold_tuning,0.6,0.2404,0.189,0.1909,0.1492,0.5833,0.4392,0.9389,0.0079,0.1178,0.0953,0.8516,0.0548,0.3936,0.1197
CV,C6,C6_morgan_eos2lm8,B5,B5_class_weight_threshold_tuning,0.65,0.2258,0.1721,0.1624,0.1299,0.6167,0.4585,0.9389,0.0072,0.0967,0.0817,0.8516,0.0548,0.3936,0.1197
CV,C6,C6_morgan_eos2lm8,B5,B5_class_weight_threshold_tuning,0.7,0.1666,0.1535,0.1127,0.0973,0.5,0.4714,0.9368,0.0061,0.0644,0.0556,0.8516,0.0548,0.3936,0.1197
CV,C6,C6_morgan_eos2lm8,B5,B5_class_weight_threshold_tuning,0.75,0.1383,0.1507,0.0945,0.0999,0.4,0.4595,0.9368,0.0051,0.0544,0.0575,0.8516,0.0548,0.3936,0.1197
CV,C6,C6_morgan_eos2lm8,B5,B5_class_weight_threshold_tuning,0.8,0.0324,0.1024,0.02,0.0632,0.1,0.3162,0.9354,0.0047,0.0111,0.0351,0.8516,0.0548,0.3936,0.1197
CV,C6,C6_morgan_eos2lm8,B5,B5_class_weight_threshold_tuning,0.85,0.0,0.0,0.0,0.0,0.0,0.0,0.9347,0.0036,0.0,0.0,0.8516,0.0548,0.3936,0.1197
CV,C6,C6_morgan_eos2lm8,B5,B5_class_weight_threshold_tuning,0.9,0.0,0.0,0.0,0.0,0.0,0.0,0.9347,0.0036,0.0,0.0,0.8516,0.0548,0.3936,0.1197
CV,C2,C2_rdkit_descriptors_only,B5,B5_class_weight_threshold_tuning,0.15,0.3425,0.0748,0.3763,0.0626,0.2881,0.0593,0.8778,0.0237,0.5644,0.1374,0.8464,0.0604,0.3934,0.1126
CV,C2,C2_rdkit_descriptors_only,B5,B5_class_weight_threshold_tuning,0.1,0.3425,0.0789,0.36,0.0679,0.2476,0.0547,0.8403,0.0327,0.68,0.1274,0.8464,0.0604,0.3934,0.1126
CV,C2,C2_rdkit_descriptors_only,B5,B5_class_weight_threshold_tuning,0.05,0.3157,0.0746,0.308,0.0551,0.1909,0.0382,0.7576,0.0421,0.8189,0.1462,0.8464,0.0604,0.3934,0.1126
CV,C2,C2_rdkit_descriptors_only,B5,B5_class_weight_threshold_tuning,0.2,0.3046,0.0734,0.3509,0.0687,0.3109,0.0686,0.8993,0.0205,0.4156,0.0923,0.8464,0.0604,0.3934,0.1126
CV,C2,C2_rdkit_descriptors_only,B5,B5_class_weight_threshold_tuning,0.5,0.2989,0.1427,0.2393,0.1293,0.7083,0.3222,0.9403,0.0082,0.1511,0.0934,0.8464,0.0604,0.3934,0.1126
CV,C2,C2_rdkit_descriptors_only,B5,B5_class_weight_threshold_tuning,0.35,0.2867,0.1342,0.3016,0.1321,0.4383,0.1674,0.9285,0.0164,0.2456,0.1251,0.8464,0.0604,0.3934,0.1126
CV,C2,C2_rdkit_descriptors_only,B5,B5_class_weight_threshold_tuning,0.45,0.2836,0.1489,0.2451,0.1421,0.6167,0.2919,0.9382,0.0101,0.1622,0.1083,0.8464,0.0604,0.3934,0.1126
CV,C2,C2_rdkit_descriptors_only,B5,B5_class_weight_threshold_tuning,0.55,0.2757,0.1774,0.2219,0.1518,0.6417,0.3929,0.9403,0.0082,0.14,0.1047,0.8464,0.0604,0.3934,0.1126
CV,C2,C2_rdkit_descriptors_only,B5,B5_class_weight_threshold_tuning,0.25,0.272,0.0876,0.3132,0.0852,0.3221,0.0948,0.9083,0.0173,0.33,0.1255,0.8464,0.0604,0.3934,0.1126
CV,C2,C2_rdkit_descriptors_only,B5,B5_class_weight_threshold_tuning,0.6,0.2521,0.2006,0.2037,0.1672,0.5917,0.4417,0.9396,0.0087,0.1289,0.1136,0.8464,0.0604,0.3934,0.1126
CV,C2,C2_rdkit_descriptors_only,B5,B5_class_weight_threshold_tuning,0.3,0.2517,0.1289,0.2892,0.1313,0.3238,0.1077,0.9167,0.0143,0.2767,0.1509,0.8464,0.0604,0.3934,0.1126
CV,C2,C2_rdkit_descriptors_only,B5,B5_class_weight_threshold_tuning,0.4,0.2327,0.1394,0.2338,0.1348,0.4245,0.1904,0.9299,0.0129,0.1722,0.1164,0.8464,0.0604,0.3934,0.1126
CV,C2,C2_rdkit_descriptors_only,B5,B5_class_weight_threshold_tuning,0.65,0.2047,0.195,0.1473,0.144,0.55,0.4972,0.9389,0.0085,0.0867,0.0871,0.8464,0.0604,0.3934,0.1126
CV,C2,C2_rdkit_descriptors_only,B5,B5_class_weight_threshold_tuning,0.7,0.1776,0.161,0.1145,0.0989,0.55,0.4972,0.9375,0.0065,0.0644,0.0556,0.8464,0.0604,0.3934,0.1126
CV,C2,C2_rdkit_descriptors_only,B5,B5_class_weight_threshold_tuning,0.75,0.1168,0.1538,0.0764,0.0988,0.35,0.4743,0.9368,0.0051,0.0433,0.056,0.8464,0.0604,0.3934,0.1126
CV,C2,C2_rdkit_descriptors_only,B5,B5_class_weight_threshold_tuning,0.8,0.0972,0.1564,0.06,0.0966,0.3,0.483,0.9368,0.0061,0.0333,0.0537,0.8464,0.0604,0.3934,0.1126
CV,C2,C2_rdkit_descriptors_only,B5,B5_class_weight_threshold_tuning,0.85,0.0324,0.1024,0.02,0.0632,0.1,0.3162,0.9354,0.0047,0.0111,0.0351,0.8464,0.0604,0.3934,0.1126
CV,C2,C2_rdkit_descriptors_only,B5,B5_class_weight_threshold_tuning,0.9,0.0,0.0,0.0,0.0,0.0,0.0,0.9347,0.0036,0.0,0.0,0.8464,0.0604,0.3934,0.1126
CV,C4,C4_eos2lm8,B5,B5_class_weight_threshold_tuning,0.15,0.328,0.1023,0.3669,0.094,0.2878,0.0888,0.8778,0.0344,0.5289,0.1245,0.8391,0.0527,0.3884,0.1202
CV,C4,C4_eos2lm8,B5,B5_class_weight_threshold_tuning,0.2,0.3212,0.1401,0.3665,0.1304,0.322,0.1427,0.8972,0.0292,0.4422,0.1305,0.8391,0.0527,0.3884,0.1202
CV,C4,C4_eos2lm8,B5,B5_class_weight_threshold_tuning,0.1,0.3117,0.0773,0.3393,0.069,0.238,0.0586,0.8396,0.0415,0.6167,0.1157,0.8391,0.0527,0.3884,0.1202
CV,C4,C4_eos2lm8,B5,B5_class_weight_threshold_tuning,0.3,0.3053,0.1082,0.3417,0.1005,0.3839,0.1231,0.9201,0.0161,0.32,0.1116,0.8391,0.0527,0.3884,0.1202
CV,C4,C4_eos2lm8,B5,B5_class_weight_threshold_tuning,0.25,0.2879,0.0923,0.3329,0.0844,0.3301,0.1049,0.9076,0.0207,0.35,0.0949,0.8391,0.0527,0.3884,0.1202
CV,C4,C4_eos2lm8,B5,B5_class_weight_threshold_tuning,0.5,0.2879,0.1448,0.2375,0.13,0.6583,0.3104,0.9396,0.0081,0.1511,0.0934,0.8391,0.0527,0.3884,0.1202
CV,C4,C4_eos2lm8,B5,B5_class_weight_threshold_tuning,0.05,0.2723,0.0677,0.2818,0.0493,0.1757,0.0339,0.7542,0.0487,0.7333,0.1468,0.8391,0.0527,0.3884,0.1202
CV,C4,C4_eos2lm8,B5,B5_class_weight_threshold_tuning,0.4,0.2673,0.1565,0.2501,0.1418,0.5317,0.2819,0.934,0.014,0.1722,0.1065,0.8391,0.0527,0.3884,0.1202
CV,C4,C4_eos2lm8,B5,B5_class_weight_threshold_tuning,0.55,0.2665,0.1705,0.2193,0.1499,0.6083,0.3728,0.9396,0.0081,0.14,0.1047,0.8391,0.0527,0.3884,0.1202
CV,C4,C4_eos2lm8,B5,B5_class_weight_threshold_tuning,0.45,0.2486,0.1401,0.2254,0.126,0.5233,0.2759,0.9347,0.0099,0.1511,0.0934,0.8391,0.0527,0.3884,0.1202
CV,C4,C4_eos2lm8,B5,B5_class_weight_threshold_tuning,0.6,0.2404,0.189,0.1909,0.1492,0.5833,0.4392,0.9389,0.0079,0.1178,0.0953,0.8391,0.0527,0.3884,0.1202
CV,C4,C4_eos2lm8,B5,B5_class_weight_threshold_tuning,0.65,0.2258,0.1721,0.1624,0.1299,0.6167,0.4585,0.9389,0.0072,0.0967,0.0817,0.8391,0.0527,0.3884,0.1202
CV,C4,C4_eos2lm8,B5,B5_class_weight_threshold_tuning,0.35,0.2252,0.1343,0.2455,0.1275,0.3657,0.1696,0.9243,0.0144,0.1933,0.1115,0.8391,0.0527,0.3884,0.1202
CV,C4,C4_eos2lm8,B5,B5_class_weight_threshold_tuning,0.7,0.1666,0.1535,0.1127,0.0973,0.5,0.4714,0.9368,0.0061,0.0644,0.0556,0.8391,0.0527,0.3884,0.1202
CV,C4,C4_eos2lm8,B5,B5_class_weight_threshold_tuning,0.75,0.1492,0.1605,0.0964,0.1018,0.45,0.4972,0.9375,0.0057,0.0544,0.0575,0.8391,0.0527,0.3884,0.1202
CV,C4,C4_eos2lm8,B5,B5_class_weight_threshold_tuning,0.85,0.0324,0.1024,0.02,0.0632,0.1,0.3162,0.9354,0.0047,0.0111,0.0351,0.8391,0.0527,0.3884,0.1202
CV,C4,C4_eos2lm8,B5,B5_class_weight_threshold_tuning,0.8,0.0214,0.0678,0.0182,0.0575,0.05,0.1581,0.9347,0.0036,0.0111,0.0351,0.8391,0.0527,0.3884,0.1202
CV,C4,C4_eos2lm8,B5,B5_class_weight_threshold_tuning,0.9,0.0,0.0,0.0,0.0,0.0,0.0,0.9347,0.0036,0.0,0.0,0.8391,0.0527,0.3884,0.1202
CV,C9,C9_morgan_rdkit_chemberta,B5,B5_class_weight_threshold_tuning,0.15,0.3193,0.1225,0.3608,0.1136,0.2914,0.109,0.8819,0.0348,0.4978,0.144,0.8426,0.0562,0.3878,0.0978
CV,C9,C9_morgan_rdkit_chemberta,B5,B5_class_weight_threshold_tuning,0.1,0.319,0.0822,0.3389,0.0643,0.2314,0.0507,0.8306,0.0371,0.66,0.1576,0.8426,0.0562,0.3878,0.0978
CV,C9,C9_morgan_rdkit_chemberta,B5,B5_class_weight_threshold_tuning,0.2,0.3096,0.0844,0.3551,0.079,0.3195,0.0793,0.9014,0.0224,0.4144,0.1022,0.8426,0.0562,0.3878,0.0978
CV,C9,C9_morgan_rdkit_chemberta,B5,B5_class_weight_threshold_tuning,0.3,0.2988,0.0992,0.3341,0.093,0.3838,0.1222,0.9194,0.0177,0.31,0.0972,0.8426,0.0562,0.3878,0.0978
CV,C9,C9_morgan_rdkit_chemberta,B5,B5_class_weight_threshold_tuning,0.05,0.2944,0.0744,0.2956,0.0547,0.1836,0.0372,0.7569,0.0397,0.7756,0.1387,0.8426,0.0562,0.3878,0.0978
CV,C9,C9_morgan_rdkit_chemberta,B5,B5_class_weight_threshold_tuning,0.25,0.2782,0.0805,0.3224,0.0721,0.3305,0.1029,0.9083,0.0212,0.33,0.0796,0.8426,0.0562,0.3878,0.0978
CV,C9,C9_morgan_rdkit_chemberta,B5,B5_class_weight_threshold_tuning,0.35,0.2772,0.1463,0.2939,0.1462,0.4244,0.1609,0.9292,0.0156,0.2356,0.1329,0.8426,0.0562,0.3878,0.0978
CV,C9,C9_morgan_rdkit_chemberta,B5,B5_class_weight_threshold_tuning,0.55,0.2757,0.1774,0.2219,0.1518,0.6417,0.3929,0.9403,0.0082,0.14,0.1047,0.8426,0.0562,0.3878,0.0978
CV,C9,C9_morgan_rdkit_chemberta,B5,B5_class_weight_threshold_tuning,0.45,0.2692,0.1299,0.2277,0.1196,0.6183,0.3313,0.9368,0.0076,0.1511,0.0934,0.8426,0.0562,0.3878,0.0978
CV,C9,C9_morgan_rdkit_chemberta,B5,B5_class_weight_threshold_tuning,0.6,0.2622,0.1569,0.1958,0.1263,0.6833,0.4041,0.9396,0.0074,0.1189,0.0827,0.8426,0.0562,0.3878,0.0978
CV,C9,C9_morgan_rdkit_chemberta,B5,B5_class_weight_threshold_tuning,0.5,0.2569,0.1608,0.2163,0.1469,0.575,0.3479,0.9389,0.0072,0.14,0.1047,0.8426,0.0562,0.3878,0.0978
CV,C9,C9_morgan_rdkit_chemberta,B5,B5_class_weight_threshold_tuning,0.4,0.2221,0.1441,0.2258,0.1351,0.4,0.205,0.9312,0.0089,0.1611,0.104,0.8426,0.0562,0.3878,0.0978
CV,C9,C9_morgan_rdkit_chemberta,B5,B5_class_weight_threshold_tuning,0.65,0.1693,0.1669,0.1273,0.1227,0.45,0.4378,0.9368,0.0069,0.0756,0.074,0.8426,0.0562,0.3878,0.0978
CV,C9,C9_morgan_rdkit_chemberta,B5,B5_class_weight_threshold_tuning,0.75,0.1059,0.1408,0.0745,0.0964,0.3,0.4216,0.9361,0.0044,0.0433,0.056,0.8426,0.0562,0.3878,0.0978
CV,C9,C9_morgan_rdkit_chemberta,B5,B5_class_weight_threshold_tuning,0.7,0.1036,0.1429,0.0745,0.0964,0.3,0.4216,0.9354,0.0057,0.0433,0.056,0.8426,0.0562,0.3878,0.0978
CV,C9,C9_morgan_rdkit_chemberta,B5,B5_class_weight_threshold_tuning,0.8,0.0972,0.1564,0.06,0.0966,0.3,0.483,0.9368,0.0061,0.0333,0.0537,0.8426,0.0562,0.3878,0.0978
CV,C9,C9_morgan_rdkit_chemberta,B5,B5_class_weight_threshold_tuning,0.85,0.0,0.0,0.0,0.0,0.0,0.0,0.9347,0.0036,0.0,0.0,0.8426,0.0562,0.3878,0.0978
CV,C9,C9_morgan_rdkit_chemberta,B5,B5_class_weight_threshold_tuning,0.9,0.0,0.0,0.0,0.0,0.0,0.0,0.9347,0.0036,0.0,0.0,0.8426,0.0562,0.3878,0.0978
CV,C5,C5_chemberta,B4,B4_threshold_tuning_only,0.15,0.3322,0.0908,0.3599,0.0707,0.2602,0.0545,0.8604,0.0255,0.6056,0.1743,0.854,0.053,0.3802,0.0922
CV,C5,C5_chemberta,B4,B4_threshold_tuning_only,0.2,0.3303,0.0914,0.3725,0.0834,0.3009,0.0773,0.8903,0.0179,0.4978,0.1118,0.854,0.053,0.3802,0.0922
CV,C5,C5_chemberta,B4,B4_threshold_tuning_only,0.1,0.323,0.0726,0.3309,0.0594,0.2155,0.0449,0.8049,0.0362,0.7322,0.1332,0.854,0.053,0.3802,0.0922
CV,C5,C5_chemberta,B4,B4_threshold_tuning_only,0.5,0.3036,0.1363,0.2381,0.1256,0.7417,0.3344,0.9403,0.0075,0.1511,0.0934,0.854,0.053,0.3802,0.0922
CV,C5,C5_chemberta,B4,B4_threshold_tuning_only,0.55,0.3036,0.1363,0.2381,0.1256,0.7417,0.3344,0.9403,0.0075,0.1511,0.0934,0.854,0.053,0.3802,0.0922
CV,C5,C5_chemberta,B4,B4_threshold_tuning_only,0.6,0.3036,0.1363,0.2381,0.1256,0.7417,0.3344,0.9403,0.0075,0.1511,0.0934,0.854,0.053,0.3802,0.0922
CV,C5,C5_chemberta,B4,B4_threshold_tuning_only,0.25,0.295,0.0931,0.3413,0.0842,0.3275,0.1138,0.9035,0.0235,0.3722,0.0736,0.854,0.053,0.3802,0.0922
CV,C5,C5_chemberta,B4,B4_threshold_tuning_only,0.65,0.2907,0.1285,0.223,0.1219,0.7417,0.3344,0.9396,0.0074,0.1411,0.093,0.854,0.053,0.3802,0.0922
CV,C5,C5_chemberta,B4,B4_threshold_tuning_only,0.05,0.288,0.0612,0.2751,0.0433,0.1645,0.0287,0.7,0.0556,0.8611,0.1244,0.854,0.053,0.3802,0.0922
CV,C5,C5_chemberta,B4,B4_threshold_tuning_only,0.45,0.2821,0.1417,0.2348,0.1272,0.6417,0.3144,0.9389,0.0079,0.1511,0.0934,0.854,0.053,0.3802,0.0922
CV,C5,C5_chemberta,B4,B4_threshold_tuning_only,0.3,0.2747,0.1495,0.3096,0.1365,0.3698,0.1689,0.9174,0.0246,0.28,0.1339,0.854,0.053,0.3802,0.0922
CV,C5,C5_chemberta,B4,B4_threshold_tuning_only,0.35,0.2739,0.1324,0.2946,0.1266,0.4112,0.1545,0.9278,0.014,0.2367,0.1158,0.854,0.053,0.3802,0.0922
CV,C5,C5_chemberta,B4,B4_threshold_tuning_only,0.4,0.264,0.1654,0.2521,0.1439,0.5017,0.2756,0.934,0.0144,0.1733,0.1081,0.854,0.053,0.3802,0.0922
CV,C5,C5_chemberta,B4,B4_threshold_tuning_only,0.7,0.2169,0.172,0.1704,0.1487,0.5417,0.4181,0.9382,0.0069,0.1078,0.1049,0.854,0.053,0.3802,0.0922
CV,C5,C5_chemberta,B4,B4_threshold_tuning_only,0.85,0.0625,0.1379,0.04,0.0843,0.2,0.4216,0.9354,0.0066,0.0222,0.0468,0.854,0.053,0.3802,0.0922
CV,C5,C5_chemberta,B4,B4_threshold_tuning_only,0.8,0.0494,0.119,0.0382,0.0806,0.15,0.3375,0.934,0.0059,0.0222,0.0468,0.854,0.053,0.3802,0.0922
CV,C5,C5_chemberta,B4,B4_threshold_tuning_only,0.75,0.0363,0.0945,0.0364,0.0767,0.1,0.2108,0.9326,0.0047,0.0222,0.0468,0.854,0.053,0.3802,0.0922
CV,C5,C5_chemberta,B4,B4_threshold_tuning_only,0.9,0.0,0.0,0.0,0.0,0.0,0.0,0.9347,0.0036,0.0,0.0,0.854,0.053,0.3802,0.0922
CV,C5,C5_chemberta,B5,B5_class_weight_threshold_tuning,0.1,0.302,0.0929,0.3296,0.0763,0.2277,0.0589,0.8347,0.0341,0.6156,0.1429,0.8448,0.0495,0.3787,0.1116
CV,C5,C5_chemberta,B5,B5_class_weight_threshold_tuning,0.15,0.2963,0.1104,0.3405,0.1014,0.2674,0.0963,0.8729,0.0347,0.4878,0.1182,0.8448,0.0495,0.3787,0.1116
CV,C5,C5_chemberta,B5,B5_class_weight_threshold_tuning,0.05,0.2903,0.0586,0.2931,0.0411,0.1821,0.0284,0.7576,0.0391,0.7667,0.1294,0.8448,0.0495,0.3787,0.1116
CV,C5,C5_chemberta,B5,B5_class_weight_threshold_tuning,0.2,0.2884,0.1164,0.3363,0.1062,0.3053,0.125,0.8958,0.0287,0.3922,0.1081,0.8448,0.0495,0.3787,0.1116
CV,C5,C5_chemberta,B5,B5_class_weight_threshold_tuning,0.25,0.287,0.1054,0.3302,0.0968,0.3378,0.126,0.9083,0.0247,0.3411,0.0994,0.8448,0.0495,0.3787,0.1116
CV,C5,C5_chemberta,B5,B5_class_weight_threshold_tuning,0.55,0.2757,0.1774,0.2219,0.1518,0.6417,0.3929,0.9403,0.0082,0.14,0.1047,0.8448,0.0495,0.3787,0.1116
CV,C5,C5_chemberta,B5,B5_class_weight_threshold_tuning,0.45,0.27,0.1405,0.2288,0.1247,0.6233,0.3397,0.9361,0.0102,0.1511,0.0934,0.8448,0.0495,0.3787,0.1116
CV,C5,C5_chemberta,B5,B5_class_weight_threshold_tuning,0.3,0.2685,0.1098,0.3011,0.1099,0.364,0.1271,0.9174,0.0189,0.2789,0.1186,0.8448,0.0495,0.3787,0.1116
CV,C5,C5_chemberta,B5,B5_class_weight_threshold_tuning,0.5,0.2665,0.1705,0.2193,0.1499,0.6083,0.3728,0.9396,0.0081,0.14,0.1047,0.8448,0.0495,0.3787,0.1116
CV,C5,C5_chemberta,B5,B5_class_weight_threshold_tuning,0.6,0.2512,0.1559,0.1939,0.1263,0.6333,0.3913,0.9389,0.0072,0.1189,0.0827,0.8448,0.0495,0.3787,0.1116
CV,C5,C5_chemberta,B5,B5_class_weight_threshold_tuning,0.4,0.247,0.1515,0.233,0.1351,0.5,0.279,0.9319,0.0149,0.1611,0.104,0.8448,0.0495,0.3787,0.1116
CV,C5,C5_chemberta,B5,B5_class_weight_threshold_tuning,0.35,0.2339,0.1674,0.2567,0.1583,0.3695,0.1937,0.9236,0.0215,0.2044,0.1372,0.8448,0.0495,0.3787,0.1116
CV,C5,C5_chemberta,B5,B5_class_weight_threshold_tuning,0.7,0.2108,0.1651,0.1473,0.1158,0.6,0.4595,0.9382,0.0069,0.0856,0.0693,0.8448,0.0495,0.3787,0.1116
CV,C5,C5_chemberta,B5,B5_class_weight_threshold_tuning,0.65,0.1999,0.1604,0.1455,0.115,0.55,0.4378,0.9375,0.0065,0.0856,0.0693,0.8448,0.0495,0.3787,0.1116
CV,C5,C5_chemberta,B5,B5_class_weight_threshold_tuning,0.75,0.1036,0.1429,0.0745,0.0964,0.3,0.4216,0.9354,0.0057,0.0433,0.056,0.8448,0.0495,0.3787,0.1116
CV,C5,C5_chemberta,B5,B5_class_weight_threshold_tuning,0.8,0.0538,0.1164,0.0382,0.0806,0.15,0.3375,0.9354,0.0047,0.0222,0.0468,0.8448,0.0495,0.3787,0.1116
CV,C5,C5_chemberta,B5,B5_class_weight_threshold_tuning,0.85,0.0,0.0,0.0,0.0,0.0,0.0,0.9347,0.0036,0.0,0.0,0.8448,0.0495,0.3787,0.1116
CV,C5,C5_chemberta,B5,B5_class_weight_threshold_tuning,0.9,0.0,0.0,0.0,0.0,0.0,0.0,0.9347,0.0036,0.0,0.0,0.8448,0.0495,0.3787,0.1116
LOGO,C1,C1_morgan_only,B5,B5_class_weight_threshold_tuning,0.3,0.3381,0.2498,0.3451,0.2374,0.3926,0.2955,0.916,0.0543,0.413,0.3102,0.8426,0.1276,0.4858,0.2454
LOGO,C1,C1_morgan_only,B5,B5_class_weight_threshold_tuning,0.5,0.3338,0.2457,0.3165,0.2316,0.5365,0.3763,0.9354,0.0534,0.278,0.2692,0.8426,0.1276,0.4858,0.2454
LOGO,C1,C1_morgan_only,B5,B5_class_weight_threshold_tuning,0.55,0.3178,0.2171,0.2908,0.1985,0.5521,0.3688,0.9361,0.0516,0.2468,0.2494,0.8426,0.1276,0.4858,0.2454
LOGO,C1,C1_morgan_only,B5,B5_class_weight_threshold_tuning,0.45,0.3153,0.2477,0.3012,0.2304,0.5021,0.3914,0.9306,0.0516,0.278,0.2692,0.8426,0.1276,0.4858,0.2454
LOGO,C1,C1_morgan_only,B5,B5_class_weight_threshold_tuning,0.35,0.3093,0.2477,0.3128,0.2278,0.4162,0.3449,0.9194,0.0536,0.3338,0.2828,0.8426,0.1276,0.4858,0.2454
LOGO,C1,C1_morgan_only,B5,B5_class_weight_threshold_tuning,0.25,0.3066,0.2301,0.3237,0.2159,0.313,0.2367,0.9021,0.0584,0.4437,0.3138,0.8426,0.1276,0.4858,0.2454
LOGO,C1,C1_morgan_only,B5,B5_class_weight_threshold_tuning,0.4,0.2985,0.2569,0.299,0.2339,0.4312,0.3526,0.9229,0.0572,0.2988,0.2861,0.8426,0.1276,0.4858,0.2454
LOGO,C1,C1_morgan_only,B5,B5_class_weight_threshold_tuning,0.2,0.2941,0.2372,0.3113,0.224,0.278,0.229,0.8889,0.0582,0.4765,0.3279,0.8426,0.1276,0.4858,0.2454
LOGO,C1,C1_morgan_only,B5,B5_class_weight_threshold_tuning,0.6,0.2844,0.2223,0.2536,0.2057,0.5208,0.3891,0.9361,0.0506,0.2181,0.2566,0.8426,0.1276,0.4858,0.2454
LOGO,C1,C1_morgan_only,B5,B5_class_weight_threshold_tuning,0.15,0.2812,0.2309,0.2962,0.2114,0.2486,0.2116,0.875,0.0617,0.5134,0.3545,0.8426,0.1276,0.4858,0.2454
LOGO,C1,C1_morgan_only,B5,B5_class_weight_threshold_tuning,0.1,0.2697,0.2244,0.2795,0.2037,0.2154,0.1799,0.8403,0.0624,0.5749,0.3797,0.8426,0.1276,0.4858,0.2454
LOGO,C1,C1_morgan_only,B5,B5_class_weight_threshold_tuning,0.65,0.2542,0.2131,0.2204,0.1917,0.5312,0.427,0.9368,0.0505,0.1556,0.1552,0.8426,0.1276,0.4858,0.2454
LOGO,C1,C1_morgan_only,B5,B5_class_weight_threshold_tuning,0.05,0.2283,0.1517,0.2356,0.1566,0.1584,0.1152,0.7264,0.0736,0.6747,0.3562,0.8426,0.1276,0.4858,0.2454
LOGO,C1,C1_morgan_only,B5,B5_class_weight_threshold_tuning,0.7,0.1938,0.2101,0.17,0.1941,0.4062,0.4171,0.934,0.0548,0.1245,0.16,0.8426,0.1276,0.4858,0.2454
LOGO,C1,C1_morgan_only,B5,B5_class_weight_threshold_tuning,0.75,0.1565,0.2019,0.1368,0.1773,0.3125,0.4031,0.9347,0.0589,0.1001,0.1481,0.8426,0.1276,0.4858,0.2454
LOGO,C1,C1_morgan_only,B5,B5_class_weight_threshold_tuning,0.9,0.0,0.0,0.0,0.0,0.0,0.0,0.9347,0.06,0.0,0.0,0.8426,0.1276,0.4858,0.2454
LOGO,C1,C1_morgan_only,B5,B5_class_weight_threshold_tuning,0.85,-0.0022,0.0088,0.0,0.0,0.0,0.0,0.934,0.0605,0.0,0.0,0.8426,0.1276,0.4858,0.2454
LOGO,C1,C1_morgan_only,B5,B5_class_weight_threshold_tuning,0.8,-0.0079,0.0134,0.0,0.0,0.0,0.0,0.9312,0.0599,0.0,0.0,0.8426,0.1276,0.4858,0.2454
LOGO,C1,C1_morgan_only,B4,B4_threshold_tuning_only,0.3,0.3617,0.2497,0.3331,0.24,0.6042,0.3745,0.9389,0.0516,0.278,0.2692,0.8175,0.1493,0.4646,0.2413
LOGO,C1,C1_morgan_only,B4,B4_threshold_tuning_only,0.35,0.3617,0.2497,0.3331,0.24,0.6042,0.3745,0.9396,0.0521,0.278,0.2692,0.8175,0.1493,0.4646,0.2413
LOGO,C1,C1_morgan_only,B4,B4_threshold_tuning_only,0.4,0.3617,0.2497,0.3331,0.24,0.6042,0.3745,0.9396,0.0521,0.278,0.2692,0.8175,0.1493,0.4646,0.2413
LOGO,C1,C1_morgan_only,B4,B4_threshold_tuning_only,0.45,0.3502,0.2498,0.321,0.2389,0.5938,0.375,0.9389,0.0521,0.2676,0.2701,0.8175,0.1493,0.4646,0.2413
LOGO,C1,C1_morgan_only,B4,B4_threshold_tuning_only,0.5,0.3496,0.2467,0.3121,0.2387,0.625,0.3873,0.9389,0.0523,0.2598,0.2725,0.8175,0.1493,0.4646,0.2413
LOGO,C1,C1_morgan_only,B4,B4_threshold_tuning_only,0.25,0.3352,0.2492,0.3165,0.2361,0.5406,0.3743,0.934,0.0514,0.278,0.2692,0.8175,0.1493,0.4646,0.2413
LOGO,C1,C1_morgan_only,B4,B4_threshold_tuning_only,0.55,0.3346,0.2228,0.2933,0.2075,0.625,0.3873,0.9382,0.0516,0.2389,0.2512,0.8175,0.1493,0.4646,0.2413
LOGO,C1,C1_morgan_only,B4,B4_threshold_tuning_only,0.2,0.3235,0.258,0.322,0.2413,0.4385,0.3254,0.9278,0.0541,0.3332,0.3221,0.8175,0.1493,0.4646,0.2413
LOGO,C1,C1_morgan_only,B4,B4_threshold_tuning_only,0.15,0.2902,0.2309,0.2948,0.2188,0.3522,0.2794,0.9153,0.0483,0.3614,0.3292,0.8175,0.1493,0.4646,0.2413
LOGO,C1,C1_morgan_only,B4,B4_threshold_tuning_only,0.1,0.2857,0.2042,0.2972,0.2047,0.2849,0.2272,0.8861,0.0504,0.4551,0.317,0.8175,0.1493,0.4646,0.2413
LOGO,C1,C1_morgan_only,B4,B4_threshold_tuning_only,0.05,0.2155,0.1884,0.2354,0.1889,0.1828,0.1649,0.7889,0.0852,0.5288,0.3366,0.8175,0.1493,0.4646,0.2413
LOGO,C1,C1_morgan_only,B4,B4_threshold_tuning_only,0.6,0.1725,0.1993,0.1485,0.1724,0.375,0.4282,0.9319,0.0558,0.1078,0.146,0.8175,0.1493,0.4646,0.2413
LOGO,C1,C1_morgan_only,B4,B4_threshold_tuning_only,0.65,0.0518,0.1378,0.0461,0.1023,0.1562,0.3521,0.9292,0.0561,0.0286,0.0648,0.8175,0.1493,0.4646,0.2413
LOGO,C1,C1_morgan_only,B4,B4_threshold_tuning_only,0.7,0.0438,0.1464,0.0387,0.1061,0.125,0.3416,0.9306,0.0583,0.0229,0.0629,0.8175,0.1493,0.4646,0.2413
LOGO,C1,C1_morgan_only,B4,B4_threshold_tuning_only,0.75,0.0191,0.1015,0.0179,0.0714,0.0625,0.25,0.9326,0.0601,0.0104,0.0417,0.8175,0.1493,0.4646,0.2413
LOGO,C1,C1_morgan_only,B4,B4_threshold_tuning_only,0.85,0.0,0.0,0.0,0.0,0.0,0.0,0.9347,0.06,0.0,0.0,0.8175,0.1493,0.4646,0.2413
LOGO,C1,C1_morgan_only,B4,B4_threshold_tuning_only,0.9,0.0,0.0,0.0,0.0,0.0,0.0,0.9347,0.06,0.0,0.0,0.8175,0.1493,0.4646,0.2413
LOGO,C1,C1_morgan_only,B4,B4_threshold_tuning_only,0.8,-0.001,0.004,0.0,0.0,0.0,0.0,0.934,0.0596,0.0,0.0,0.8175,0.1493,0.4646,0.2413
LOGO,C3,C3_morgan_rdkit,B4,B4_threshold_tuning_only,0.4,0.3329,0.2363,0.2994,0.2258,0.5833,0.3801,0.9375,0.0516,0.2598,0.2725,0.8055,0.1506,0.4547,0.2486
LOGO,C3,C3_morgan_rdkit,B4,B4_threshold_tuning_only,0.35,0.3281,0.2373,0.3118,0.2233,0.5208,0.3542,0.9347,0.0533,0.278,0.2692,0.8055,0.1506,0.4547,0.2486
LOGO,C3,C3_morgan_rdkit,B4,B4_threshold_tuning_only,0.3,0.3187,0.2614,0.3122,0.25,0.4625,0.3417,0.9312,0.0526,0.3045,0.3095,0.8055,0.1506,0.4547,0.2486
LOGO,C3,C3_morgan_rdkit,B4,B4_threshold_tuning_only,0.5,0.3066,0.2492,0.266,0.2332,0.5938,0.4171,0.9375,0.0515,0.216,0.2679,0.8055,0.1506,0.4547,0.2486
LOGO,C3,C3_morgan_rdkit,B4,B4_threshold_tuning_only,0.45,0.3014,0.2476,0.2682,0.2307,0.5521,0.407,0.9368,0.0511,0.2285,0.2718,0.8055,0.1506,0.4547,0.2486
LOGO,C3,C3_morgan_rdkit,B4,B4_threshold_tuning_only,0.25,0.2877,0.2615,0.2855,0.2465,0.4094,0.3647,0.9215,0.0509,0.3102,0.3097,0.8055,0.1506,0.4547,0.2486
LOGO,C3,C3_morgan_rdkit,B4,B4_threshold_tuning_only,0.2,0.2825,0.2261,0.2863,0.2127,0.3326,0.299,0.9097,0.0452,0.3838,0.3322,0.8055,0.1506,0.4547,0.2486
LOGO,C3,C3_morgan_rdkit,B4,B4_threshold_tuning_only,0.15,0.2382,0.1941,0.2564,0.1835,0.2491,0.2091,0.8806,0.0503,0.402,0.3318,0.8055,0.1506,0.4547,0.2486
LOGO,C3,C3_morgan_rdkit,B4,B4_threshold_tuning_only,0.1,0.2294,0.1961,0.2439,0.1941,0.1978,0.1814,0.8292,0.0678,0.5213,0.3556,0.8055,0.1506,0.4547,0.2486
LOGO,C3,C3_morgan_rdkit,B4,B4_threshold_tuning_only,0.55,0.2292,0.2471,0.2011,0.2186,0.4375,0.4425,0.9354,0.052,0.1679,0.2544,0.8055,0.1506,0.4547,0.2486
LOGO,C3,C3_morgan_rdkit,B4,B4_threshold_tuning_only,0.6,0.2108,0.2554,0.1863,0.2255,0.4062,0.4553,0.934,0.055,0.1593,0.2583,0.8055,0.1506,0.4547,0.2486
LOGO,C3,C3_morgan_rdkit,B4,B4_threshold_tuning_only,0.05,0.2055,0.1584,0.2159,0.1479,0.1461,0.1054,0.7222,0.0763,0.6457,0.3757,0.8055,0.1506,0.4547,0.2486
LOGO,C3,C3_morgan_rdkit,B4,B4_threshold_tuning_only,0.65,0.1803,0.248,0.1527,0.2176,0.375,0.4655,0.9347,0.0574,0.1357,0.2589,0.8055,0.1506,0.4547,0.2486
LOGO,C3,C3_morgan_rdkit,B4,B4_threshold_tuning_only,0.7,0.0111,0.074,0.0104,0.0417,0.0625,0.25,0.9312,0.0581,0.0057,0.0227,0.8055,0.1506,0.4547,0.2486
LOGO,C3,C3_morgan_rdkit,B4,B4_threshold_tuning_only,0.75,0.0,0.0,0.0,0.0,0.0,0.0,0.934,0.0593,0.0,0.0,0.8055,0.1506,0.4547,0.2486
LOGO,C3,C3_morgan_rdkit,B4,B4_threshold_tuning_only,0.8,0.0,0.0,0.0,0.0,0.0,0.0,0.9347,0.06,0.0,0.0,0.8055,0.1506,0.4547,0.2486
LOGO,C3,C3_morgan_rdkit,B4,B4_threshold_tuning_only,0.85,0.0,0.0,0.0,0.0,0.0,0.0,0.9347,0.06,0.0,0.0,0.8055,0.1506,0.4547,0.2486
LOGO,C3,C3_morgan_rdkit,B4,B4_threshold_tuning_only,0.9,0.0,0.0,0.0,0.0,0.0,0.0,0.9347,0.06,0.0,0.0,0.8055,0.1506,0.4547,0.2486
LOGO,C3,C3_morgan_rdkit,B5,B5_class_weight_threshold_tuning,0.4,0.3357,0.2484,0.3203,0.2338,0.5312,0.356,0.9354,0.0545,0.278,0.2692,0.8306,0.1224,0.4472,0.2206
LOGO,C3,C3_morgan_rdkit,B5,B5_class_weight_threshold_tuning,0.45,0.3265,0.2316,0.3011,0.2095,0.5625,0.3645,0.9368,0.0545,0.2468,0.2494,0.8306,0.1224,0.4472,0.2206
LOGO,C3,C3_morgan_rdkit,B5,B5_class_weight_threshold_tuning,0.5,0.3262,0.2228,0.2911,0.2078,0.5938,0.375,0.9375,0.0516,0.2389,0.2512,0.8306,0.1224,0.4472,0.2206
LOGO,C3,C3_morgan_rdkit,B5,B5_class_weight_threshold_tuning,0.3,0.3108,0.26,0.3162,0.2322,0.4216,0.3709,0.9208,0.0579,0.3269,0.282,0.8306,0.1224,0.4472,0.2206
LOGO,C3,C3_morgan_rdkit,B5,B5_class_weight_threshold_tuning,0.35,0.3096,0.2485,0.3014,0.2227,0.4729,0.3765,0.9285,0.0559,0.2837,0.268,0.8306,0.1224,0.4472,0.2206
LOGO,C3,C3_morgan_rdkit,B5,B5_class_weight_threshold_tuning,0.25,0.2909,0.2585,0.3149,0.2403,0.3221,0.247,0.9083,0.0608,0.3781,0.3284,0.8306,0.1224,0.4472,0.2206
LOGO,C3,C3_morgan_rdkit,B5,B5_class_weight_threshold_tuning,0.2,0.267,0.2374,0.2921,0.2121,0.2741,0.2287,0.8896,0.06,0.4054,0.3336,0.8306,0.1224,0.4472,0.2206
LOGO,C3,C3_morgan_rdkit,B5,B5_class_weight_threshold_tuning,0.55,0.2558,0.2204,0.216,0.1934,0.5312,0.427,0.9361,0.0503,0.1744,0.2439,0.8306,0.1224,0.4472,0.2206
LOGO,C3,C3_morgan_rdkit,B5,B5_class_weight_threshold_tuning,0.15,0.2394,0.1734,0.2576,0.1616,0.212,0.1551,0.8597,0.051,0.4756,0.3218,0.8306,0.1224,0.4472,0.2206
LOGO,C3,C3_morgan_rdkit,B5,B5_class_weight_threshold_tuning,0.1,0.218,0.1765,0.2315,0.1689,0.1676,0.1338,0.7854,0.0649,0.5792,0.3621,0.8306,0.1224,0.4472,0.2206
LOGO,C3,C3_morgan_rdkit,B5,B5_class_weight_threshold_tuning,0.6,0.1839,0.1914,0.1535,0.1581,0.4375,0.4425,0.9347,0.0493,0.0994,0.1098,0.8306,0.1224,0.4472,0.2206
LOGO,C3,C3_morgan_rdkit,B5,B5_class_weight_threshold_tuning,0.05,0.1798,0.1436,0.1916,0.1258,0.1236,0.083,0.6799,0.0626,0.6541,0.3779,0.8306,0.1224,0.4472,0.2206
LOGO,C3,C3_morgan_rdkit,B5,B5_class_weight_threshold_tuning,0.65,0.1515,0.1985,0.1224,0.1617,0.375,0.4655,0.9354,0.0526,0.0789,0.1115,0.8306,0.1224,0.4472,0.2206
LOGO,C3,C3_morgan_rdkit,B5,B5_class_weight_threshold_tuning,0.7,0.0252,0.0826,0.02,0.0548,0.0938,0.272,0.9319,0.0574,0.0114,0.0311,0.8306,0.1224,0.4472,0.2206
LOGO,C3,C3_morgan_rdkit,B5,B5_class_weight_threshold_tuning,0.8,0.0,0.0,0.0,0.0,0.0,0.0,0.9347,0.06,0.0,0.0,0.8306,0.1224,0.4472,0.2206
LOGO,C3,C3_morgan_rdkit,B5,B5_class_weight_threshold_tuning,0.85,0.0,0.0,0.0,0.0,0.0,0.0,0.9347,0.06,0.0,0.0,0.8306,0.1224,0.4472,0.2206
LOGO,C3,C3_morgan_rdkit,B5,B5_class_weight_threshold_tuning,0.9,0.0,0.0,0.0,0.0,0.0,0.0,0.9347,0.06,0.0,0.0,0.8306,0.1224,0.4472,0.2206
LOGO,C3,C3_morgan_rdkit,B5,B5_class_weight_threshold_tuning,0.75,-0.0025,0.0099,0.0,0.0,0.0,0.0,0.934,0.0608,0.0,0.0,0.8306,0.1224,0.4472,0.2206
LOGO,C8,C8_morgan_rdkit_eos2lm8,B4,B4_threshold_tuning_only,0.45,0.3476,0.2503,0.3216,0.2411,0.5833,0.36,0.9375,0.054,0.2702,0.2719,0.8101,0.1418,0.438,0.2324
LOGO,C8,C8_morgan_rdkit_eos2lm8,B4,B4_threshold_tuning_only,0.4,0.3314,0.2317,0.3067,0.2237,0.5521,0.3481,0.9361,0.053,0.2702,0.2719,0.8101,0.1418,0.438,0.2324
LOGO,C8,C8_morgan_rdkit_eos2lm8,B4,B4_threshold_tuning_only,0.35,0.3223,0.2311,0.303,0.2161,0.5156,0.3577,0.934,0.0523,0.278,0.2692,0.8101,0.1418,0.438,0.2324
LOGO,C8,C8_morgan_rdkit_eos2lm8,B4,B4_threshold_tuning_only,0.5,0.3216,0.2604,0.2908,0.2485,0.5729,0.4035,0.9389,0.0521,0.2389,0.2724,0.8101,0.1418,0.438,0.2324
LOGO,C8,C8_morgan_rdkit_eos2lm8,B4,B4_threshold_tuning_only,0.3,0.2881,0.2422,0.292,0.224,0.3885,0.316,0.9229,0.0556,0.317,0.309,0.8101,0.1418,0.438,0.2324
LOGO,C8,C8_morgan_rdkit_eos2lm8,B4,B4_threshold_tuning_only,0.55,0.285,0.2813,0.2573,0.2621,0.5,0.4472,0.9396,0.055,0.215,0.2804,0.8101,0.1418,0.438,0.2324
LOGO,C8,C8_morgan_rdkit_eos2lm8,B4,B4_threshold_tuning_only,0.25,0.2578,0.2329,0.2764,0.211,0.2975,0.2578,0.9083,0.0627,0.3561,0.3227,0.8101,0.1418,0.438,0.2324
LOGO,C8,C8_morgan_rdkit_eos2lm8,B4,B4_threshold_tuning_only,0.2,0.2502,0.1943,0.269,0.1871,0.2416,0.1956,0.8743,0.068,0.4541,0.3185,0.8101,0.1418,0.438,0.2324
LOGO,C8,C8_morgan_rdkit_eos2lm8,B4,B4_threshold_tuning_only,0.6,0.2258,0.2763,0.1939,0.2509,0.4375,0.4787,0.9389,0.0556,0.1658,0.2799,0.8101,0.1418,0.438,0.2324
LOGO,C8,C8_morgan_rdkit_eos2lm8,B4,B4_threshold_tuning_only,0.15,0.2143,0.1847,0.2364,0.1772,0.1899,0.1534,0.8319,0.0852,0.4869,0.3397,0.8101,0.1418,0.438,0.2324
LOGO,C8,C8_morgan_rdkit_eos2lm8,B4,B4_threshold_tuning_only,0.1,0.193,0.168,0.212,0.1621,0.1572,0.1488,0.7639,0.0842,0.5646,0.3489,0.8101,0.1418,0.438,0.2324
LOGO,C8,C8_morgan_rdkit_eos2lm8,B4,B4_threshold_tuning_only,0.05,0.1808,0.1318,0.1965,0.1318,0.1273,0.0942,0.6632,0.0765,0.6753,0.3607,0.8101,0.1418,0.438,0.2324
LOGO,C8,C8_morgan_rdkit_eos2lm8,B4,B4_threshold_tuning_only,0.65,0.1122,0.2273,0.0942,0.2017,0.2188,0.407,0.9368,0.0563,0.095,0.2561,0.8101,0.1418,0.438,0.2324
LOGO,C8,C8_morgan_rdkit_eos2lm8,B4,B4_threshold_tuning_only,0.7,0.0647,0.1584,0.0473,0.1291,0.1875,0.4031,0.9361,0.0572,0.0295,0.0847,0.8101,0.1418,0.438,0.2324
LOGO,C8,C8_morgan_rdkit_eos2lm8,B4,B4_threshold_tuning_only,0.75,0.012,0.048,0.0057,0.0227,0.0625,0.25,0.9354,0.058,0.003,0.0119,0.8101,0.1418,0.438,0.2324
LOGO,C8,C8_morgan_rdkit_eos2lm8,B4,B4_threshold_tuning_only,0.8,0.0,0.0,0.0,0.0,0.0,0.0,0.9347,0.06,0.0,0.0,0.8101,0.1418,0.438,0.2324
LOGO,C8,C8_morgan_rdkit_eos2lm8,B4,B4_threshold_tuning_only,0.85,0.0,0.0,0.0,0.0,0.0,0.0,0.9347,0.06,0.0,0.0,0.8101,0.1418,0.438,0.2324
LOGO,C8,C8_morgan_rdkit_eos2lm8,B4,B4_threshold_tuning_only,0.9,0.0,0.0,0.0,0.0,0.0,0.0,0.9347,0.06,0.0,0.0,0.8101,0.1418,0.438,0.2324
LOGO,C6,C6_morgan_eos2lm8,B5,B5_class_weight_threshold_tuning,0.4,0.3528,0.2476,0.322,0.2408,0.6042,0.3745,0.9389,0.0523,0.2702,0.2719,0.8152,0.142,0.4373,0.2238
LOGO,C6,C6_morgan_eos2lm8,B5,B5_class_weight_threshold_tuning,0.35,0.3329,0.2414,0.3154,0.2254,0.5333,0.359,0.9347,0.055,0.278,0.2692,0.8152,0.142,0.4373,0.2238
LOGO,C6,C6_morgan_eos2lm8,B5,B5_class_weight_threshold_tuning,0.25,0.2979,0.2569,0.3175,0.2357,0.3662,0.3035,0.9194,0.0646,0.3427,0.2901,0.8152,0.142,0.4373,0.2238
LOGO,C6,C6_morgan_eos2lm8,B5,B5_class_weight_threshold_tuning,0.5,0.2927,0.2545,0.2616,0.2305,0.5312,0.427,0.9396,0.0532,0.2103,0.2543,0.8152,0.142,0.4373,0.2238
LOGO,C6,C6_morgan_eos2lm8,B5,B5_class_weight_threshold_tuning,0.45,0.2923,0.2551,0.2616,0.2305,0.5312,0.427,0.9375,0.0516,0.2103,0.2543,0.8152,0.142,0.4373,0.2238
LOGO,C6,C6_morgan_eos2lm8,B5,B5_class_weight_threshold_tuning,0.3,0.2904,0.2415,0.2913,0.2178,0.4312,0.3419,0.9264,0.0595,0.278,0.2692,0.8152,0.142,0.4373,0.2238
LOGO,C6,C6_morgan_eos2lm8,B5,B5_class_weight_threshold_tuning,0.2,0.2685,0.2411,0.2931,0.2181,0.2669,0.2125,0.8951,0.0723,0.4251,0.333,0.8152,0.142,0.4373,0.2238
LOGO,C6,C6_morgan_eos2lm8,B5,B5_class_weight_threshold_tuning,0.15,0.2081,0.1806,0.2343,0.1612,0.1827,0.1437,0.8417,0.074,0.4708,0.3274,0.8152,0.142,0.4373,0.2238
LOGO,C6,C6_morgan_eos2lm8,B5,B5_class_weight_threshold_tuning,0.1,0.1909,0.1567,0.2088,0.1427,0.1447,0.1071,0.7667,0.072,0.5771,0.3538,0.8152,0.142,0.4373,0.2238
LOGO,C6,C6_morgan_eos2lm8,B5,B5_class_weight_threshold_tuning,0.05,0.1841,0.1279,0.1977,0.1289,0.1252,0.0898,0.6542,0.0668,0.6964,0.3535,0.8152,0.142,0.4373,0.2238
LOGO,C6,C6_morgan_eos2lm8,B5,B5_class_weight_threshold_tuning,0.55,0.1474,0.2228,0.1228,0.1866,0.3438,0.4732,0.9389,0.0541,0.0775,0.1232,0.8152,0.142,0.4373,0.2238
LOGO,C6,C6_morgan_eos2lm8,B5,B5_class_weight_threshold_tuning,0.6,0.0782,0.1566,0.0604,0.1239,0.2188,0.407,0.9375,0.0552,0.0364,0.0775,0.8152,0.142,0.4373,0.2238
LOGO,C6,C6_morgan_eos2lm8,B5,B5_class_weight_threshold_tuning,0.65,0.0326,0.1014,0.0213,0.0651,0.125,0.3416,0.9354,0.0584,0.0119,0.0369,0.8152,0.142,0.4373,0.2238
LOGO,C6,C6_morgan_eos2lm8,B5,B5_class_weight_threshold_tuning,0.75,0.0,0.0,0.0,0.0,0.0,0.0,0.9347,0.06,0.0,0.0,0.8152,0.142,0.4373,0.2238
LOGO,C6,C6_morgan_eos2lm8,B5,B5_class_weight_threshold_tuning,0.8,0.0,0.0,0.0,0.0,0.0,0.0,0.9347,0.06,0.0,0.0,0.8152,0.142,0.4373,0.2238
LOGO,C6,C6_morgan_eos2lm8,B5,B5_class_weight_threshold_tuning,0.85,0.0,0.0,0.0,0.0,0.0,0.0,0.9347,0.06,0.0,0.0,0.8152,0.142,0.4373,0.2238
LOGO,C6,C6_morgan_eos2lm8,B5,B5_class_weight_threshold_tuning,0.9,0.0,0.0,0.0,0.0,0.0,0.0,0.9347,0.06,0.0,0.0,0.8152,0.142,0.4373,0.2238
LOGO,C6,C6_morgan_eos2lm8,B5,B5_class_weight_threshold_tuning,0.7,-0.0022,0.0088,0.0,0.0,0.0,0.0,0.934,0.0605,0.0,0.0,0.8152,0.142,0.4373,0.2238
LOGO,C4,C4_eos2lm8,B4,B4_threshold_tuning_only,0.45,0.3476,0.2503,0.3216,0.2411,0.5833,0.36,0.9375,0.054,0.2702,0.2719,0.8025,0.1591,0.4369,0.2407
LOGO,C4,C4_eos2lm8,B4,B4_threshold_tuning_only,0.4,0.3296,0.2401,0.3086,0.2287,0.5417,0.3469,0.9354,0.0546,0.2702,0.2719,0.8025,0.1591,0.4369,0.2407
LOGO,C4,C4_eos2lm8,B4,B4_threshold_tuning_only,0.5,0.3286,0.2663,0.2942,0.2511,0.5938,0.4171,0.9396,0.0526,0.2389,0.2724,0.8025,0.1591,0.4369,0.2407
LOGO,C4,C4_eos2lm8,B4,B4_threshold_tuning_only,0.35,0.294,0.2328,0.2884,0.2141,0.4472,0.3414,0.9278,0.0564,0.278,0.2692,0.8025,0.1591,0.4369,0.2407
LOGO,C4,C4_eos2lm8,B4,B4_threshold_tuning_only,0.3,0.287,0.2415,0.292,0.221,0.3751,0.3141,0.9188,0.0611,0.3379,0.3212,0.8025,0.1591,0.4369,0.2407
LOGO,C4,C4_eos2lm8,B4,B4_threshold_tuning_only,0.55,0.2697,0.2977,0.2457,0.2747,0.4688,0.4644,0.941,0.0563,0.2046,0.2854,0.8025,0.1591,0.4369,0.2407
LOGO,C4,C4_eos2lm8,B4,B4_threshold_tuning_only,0.2,0.2363,0.1927,0.253,0.1813,0.247,0.251,0.8639,0.0811,0.4437,0.3138,0.8025,0.1591,0.4369,0.2407
LOGO,C4,C4_eos2lm8,B4,B4_threshold_tuning_only,0.25,0.233,0.2166,0.2499,0.1924,0.2739,0.2756,0.8931,0.0765,0.3635,0.3248,0.8025,0.1591,0.4369,0.2407
LOGO,C4,C4_eos2lm8,B4,B4_threshold_tuning_only,0.6,0.2229,0.2769,0.1966,0.2562,0.4062,0.4553,0.9396,0.0549,0.1692,0.2817,0.8025,0.1591,0.4369,0.2407
LOGO,C4,C4_eos2lm8,B4,B4_threshold_tuning_only,0.1,0.1929,0.1469,0.2076,0.1389,0.1509,0.1225,0.7507,0.0823,0.5931,0.3656,0.8025,0.1591,0.4369,0.2407
LOGO,C4,C4_eos2lm8,B4,B4_threshold_tuning_only,0.15,0.1876,0.1618,0.2149,0.1541,0.1678,0.1373,0.8111,0.0902,0.4813,0.3239,0.8025,0.1591,0.4369,0.2407
LOGO,C4,C4_eos2lm8,B4,B4_threshold_tuning_only,0.05,0.1761,0.1277,0.1907,0.1278,0.1214,0.0898,0.6382,0.0758,0.6955,0.3624,0.8025,0.1591,0.4369,0.2407
LOGO,C4,C4_eos2lm8,B4,B4_threshold_tuning_only,0.65,0.1148,0.2013,0.0896,0.1567,0.3125,0.4787,0.9361,0.0567,0.0545,0.099,0.8025,0.1591,0.4369,0.2407
LOGO,C4,C4_eos2lm8,B4,B4_threshold_tuning_only,0.7,0.0291,0.0834,0.0161,0.0461,0.125,0.3416,0.9354,0.0567,0.0087,0.0249,0.8025,0.1591,0.4369,0.2407
LOGO,C4,C4_eos2lm8,B4,B4_threshold_tuning_only,0.75,0.0178,0.071,0.0104,0.0417,0.0625,0.25,0.9354,0.0594,0.0057,0.0227,0.8025,0.1591,0.4369,0.2407
LOGO,C4,C4_eos2lm8,B4,B4_threshold_tuning_only,0.8,0.0,0.0,0.0,0.0,0.0,0.0,0.9347,0.06,0.0,0.0,0.8025,0.1591,0.4369,0.2407
LOGO,C4,C4_eos2lm8,B4,B4_threshold_tuning_only,0.85,0.0,0.0,0.0,0.0,0.0,0.0,0.9347,0.06,0.0,0.0,0.8025,0.1591,0.4369,0.2407
LOGO,C4,C4_eos2lm8,B4,B4_threshold_tuning_only,0.9,0.0,0.0,0.0,0.0,0.0,0.0,0.9347,0.06,0.0,0.0,0.8025,0.1591,0.4369,0.2407
LOGO,C7,C7_morgan_chemberta,B4,B4_threshold_tuning_only,0.4,0.3709,0.277,0.3429,0.2699,0.5833,0.3801,0.9389,0.0521,0.3171,0.3265,0.8152,0.1398,0.4362,0.2328
LOGO,C7,C7_morgan_chemberta,B4,B4_threshold_tuning_only,0.35,0.3239,0.23,0.2982,0.2111,0.4958,0.359,0.9312,0.0494,0.3171,0.3265,0.8152,0.1398,0.4362,0.2328
LOGO,C7,C7_morgan_chemberta,B4,B4_threshold_tuning_only,0.3,0.3105,0.2119,0.2901,0.1914,0.4495,0.3465,0.9257,0.0453,0.3332,0.3221,0.8152,0.1398,0.4362,0.2328
LOGO,C7,C7_morgan_chemberta,B4,B4_threshold_tuning_only,0.5,0.3097,0.2591,0.2786,0.2452,0.5625,0.4031,0.9375,0.0518,0.2285,0.2718,0.8152,0.1398,0.4362,0.2328
LOGO,C7,C7_morgan_chemberta,B4,B4_threshold_tuning_only,0.45,0.3053,0.2507,0.2751,0.2309,0.5417,0.4105,0.9368,0.0506,0.2363,0.2704,0.8152,0.1398,0.4362,0.2328
LOGO,C7,C7_morgan_chemberta,B4,B4_threshold_tuning_only,0.25,0.2632,0.2034,0.2685,0.1867,0.3256,0.2621,0.9118,0.0491,0.3421,0.3226,0.8152,0.1398,0.4362,0.2328
LOGO,C7,C7_morgan_chemberta,B4,B4_threshold_tuning_only,0.55,0.2396,0.2712,0.2147,0.2503,0.4375,0.4425,0.9347,0.0527,0.1847,0.2795,0.8152,0.1398,0.4362,0.2328
LOGO,C7,C7_morgan_chemberta,B4,B4_threshold_tuning_only,0.2,0.2119,0.1778,0.2296,0.1652,0.2439,0.21,0.8826,0.0524,0.3478,0.3221,0.8152,0.1398,0.4362,0.2328
LOGO,C7,C7_morgan_chemberta,B4,B4_threshold_tuning_only,0.1,0.2091,0.1699,0.2222,0.1603,0.1602,0.1173,0.7785,0.0751,0.5722,0.3738,0.8152,0.1398,0.4362,0.2328
LOGO,C7,C7_morgan_chemberta,B4,B4_threshold_tuning_only,0.15,0.2064,0.1944,0.2315,0.1924,0.1998,0.1744,0.8396,0.0709,0.4244,0.3445,0.8152,0.1398,0.4362,0.2328
LOGO,C7,C7_morgan_chemberta,B4,B4_threshold_tuning_only,0.05,0.1865,0.1262,0.2017,0.1334,0.1323,0.0973,0.6694,0.0937,0.6561,0.3593,0.8152,0.1398,0.4362,0.2328
LOGO,C7,C7_morgan_chemberta,B4,B4_threshold_tuning_only,0.6,0.1759,0.2371,0.1572,0.2158,0.3125,0.4031,0.934,0.0514,0.1409,0.2581,0.8152,0.1398,0.4362,0.2328
LOGO,C7,C7_morgan_chemberta,B4,B4_threshold_tuning_only,0.65,0.0757,0.1526,0.0678,0.1344,0.1875,0.3594,0.9319,0.0535,0.0477,0.1,0.8152,0.1398,0.4362,0.2328
LOGO,C7,C7_morgan_chemberta,B4,B4_threshold_tuning_only,0.8,0.0,0.0,0.0,0.0,0.0,0.0,0.9347,0.06,0.0,0.0,0.8152,0.1398,0.4362,0.2328
LOGO,C7,C7_morgan_chemberta,B4,B4_threshold_tuning_only,0.85,0.0,0.0,0.0,0.0,0.0,0.0,0.9347,0.06,0.0,0.0,0.8152,0.1398,0.4362,0.2328
LOGO,C7,C7_morgan_chemberta,B4,B4_threshold_tuning_only,0.9,0.0,0.0,0.0,0.0,0.0,0.0,0.9347,0.06,0.0,0.0,0.8152,0.1398,0.4362,0.2328
LOGO,C7,C7_morgan_chemberta,B4,B4_threshold_tuning_only,0.75,-0.0034,0.0098,0.0,0.0,0.0,0.0,0.9333,0.0602,0.0,0.0,0.8152,0.1398,0.4362,0.2328
LOGO,C7,C7_morgan_chemberta,B4,B4_threshold_tuning_only,0.7,-0.0057,0.0112,0.0,0.0,0.0,0.0,0.9319,0.0595,0.0,0.0,0.8152,0.1398,0.4362,0.2328
LOGO,C6,C6_morgan_eos2lm8,B4,B4_threshold_tuning_only,0.4,0.3393,0.2397,0.3111,0.2284,0.5729,0.365,0.9368,0.0533,0.2702,0.2719,0.796,0.1671,0.4347,0.2419
LOGO,C6,C6_morgan_eos2lm8,B4,B4_threshold_tuning_only,0.45,0.3233,0.2523,0.2977,0.2404,0.5312,0.3907,0.9375,0.0519,0.2624,0.278,0.796,0.1671,0.4347,0.2419
LOGO,C6,C6_morgan_eos2lm8,B4,B4_threshold_tuning_only,0.3,0.3145,0.264,0.3127,0.2498,0.4417,0.3422,0.9278,0.0559,0.317,0.309,0.796,0.1671,0.4347,0.2419
LOGO,C6,C6_morgan_eos2lm8,B4,B4_threshold_tuning_only,0.35,0.3069,0.2274,0.2887,0.2144,0.5,0.36,0.9319,0.0527,0.2702,0.2719,0.796,0.1671,0.4347,0.2419
LOGO,C6,C6_morgan_eos2lm8,B4,B4_threshold_tuning_only,0.5,0.294,0.2903,0.2707,0.269,0.5,0.4472,0.9382,0.0538,0.2255,0.2816,0.796,0.1671,0.4347,0.2419
LOGO,C6,C6_morgan_eos2lm8,B4,B4_threshold_tuning_only,0.55,0.284,0.2824,0.2573,0.2621,0.5,0.4472,0.9389,0.0546,0.215,0.2804,0.796,0.1671,0.4347,0.2419
LOGO,C6,C6_morgan_eos2lm8,B4,B4_threshold_tuning_only,0.25,0.2687,0.2097,0.2802,0.1915,0.3052,0.2581,0.9076,0.055,0.3817,0.3256,0.796,0.1671,0.4347,0.2419
LOGO,C6,C6_morgan_eos2lm8,B4,B4_threshold_tuning_only,0.6,0.2368,0.2957,0.2093,0.2739,0.4375,0.4787,0.9396,0.0574,0.1787,0.2887,0.796,0.1671,0.4347,0.2419
LOGO,C6,C6_morgan_eos2lm8,B4,B4_threshold_tuning_only,0.2,0.2357,0.1999,0.2571,0.1866,0.2272,0.1854,0.8722,0.0679,0.4412,0.327,0.796,0.1671,0.4347,0.2419
LOGO,C6,C6_morgan_eos2lm8,B4,B4_threshold_tuning_only,0.15,0.1992,0.1659,0.2221,0.1554,0.1764,0.1356,0.825,0.0835,0.4812,0.3378,0.796,0.1671,0.4347,0.2419
LOGO,C6,C6_morgan_eos2lm8,B4,B4_threshold_tuning_only,0.1,0.1873,0.1791,0.2084,0.1625,0.1481,0.1283,0.7618,0.0855,0.5597,0.3617,0.796,0.1671,0.4347,0.2419
LOGO,C6,C6_morgan_eos2lm8,B4,B4_threshold_tuning_only,0.05,0.187,0.1382,0.2001,0.1342,0.128,0.0936,0.6542,0.077,0.6955,0.3624,0.796,0.1671,0.4347,0.2419
LOGO,C6,C6_morgan_eos2lm8,B4,B4_threshold_tuning_only,0.65,0.1395,0.2405,0.1157,0.2105,0.2812,0.446,0.9375,0.0578,0.1081,0.2566,0.796,0.1671,0.4347,0.2419
LOGO,C6,C6_morgan_eos2lm8,B4,B4_threshold_tuning_only,0.7,0.0269,0.0846,0.0161,0.0461,0.125,0.3416,0.9347,0.0572,0.0087,0.0249,0.796,0.1671,0.4347,0.2419
LOGO,C6,C6_morgan_eos2lm8,B4,B4_threshold_tuning_only,0.8,0.0,0.0,0.0,0.0,0.0,0.0,0.9347,0.06,0.0,0.0,0.796,0.1671,0.4347,0.2419
LOGO,C6,C6_morgan_eos2lm8,B4,B4_threshold_tuning_only,0.85,0.0,0.0,0.0,0.0,0.0,0.0,0.9347,0.06,0.0,0.0,0.796,0.1671,0.4347,0.2419
LOGO,C6,C6_morgan_eos2lm8,B4,B4_threshold_tuning_only,0.9,0.0,0.0,0.0,0.0,0.0,0.0,0.9347,0.06,0.0,0.0,0.796,0.1671,0.4347,0.2419
LOGO,C6,C6_morgan_eos2lm8,B4,B4_threshold_tuning_only,0.75,-0.0029,0.0091,0.0,0.0,0.0,0.0,0.9333,0.0599,0.0,0.0,0.796,0.1671,0.4347,0.2419
LOGO,C4,C4_eos2lm8,B5,B5_class_weight_threshold_tuning,0.4,0.3549,0.2551,0.325,0.2434,0.6042,0.3745,0.9389,0.0546,0.2702,0.2719,0.8044,0.1549,0.4305,0.2313
LOGO,C4,C4_eos2lm8,B5,B5_class_weight_threshold_tuning,0.45,0.3403,0.266,0.3116,0.2554,0.5625,0.4031,0.941,0.0541,0.2624,0.278,0.8044,0.1549,0.4305,0.2313
LOGO,C4,C4_eos2lm8,B5,B5_class_weight_threshold_tuning,0.35,0.3239,0.2381,0.3042,0.2253,0.5333,0.359,0.934,0.0551,0.2702,0.2719,0.8044,0.1549,0.4305,0.2313
LOGO,C4,C4_eos2lm8,B5,B5_class_weight_threshold_tuning,0.3,0.2942,0.2413,0.293,0.2173,0.4406,0.3441,0.9278,0.06,0.278,0.2692,0.8044,0.1549,0.4305,0.2313
LOGO,C4,C4_eos2lm8,B5,B5_class_weight_threshold_tuning,0.25,0.2878,0.2578,0.3082,0.237,0.3513,0.3076,0.916,0.0639,0.3427,0.2901,0.8044,0.1549,0.4305,0.2313
LOGO,C4,C4_eos2lm8,B5,B5_class_weight_threshold_tuning,0.5,0.268,0.2633,0.2366,0.2361,0.5,0.4472,0.941,0.0548,0.1895,0.2572,0.8044,0.1549,0.4305,0.2313
LOGO,C4,C4_eos2lm8,B5,B5_class_weight_threshold_tuning,0.2,0.2668,0.25,0.2962,0.2237,0.2667,0.2132,0.8924,0.0808,0.4157,0.3427,0.8044,0.1549,0.4305,0.2313
LOGO,C4,C4_eos2lm8,B5,B5_class_weight_threshold_tuning,0.15,0.1984,0.1666,0.2237,0.148,0.1793,0.1461,0.8354,0.0772,0.463,0.3281,0.8044,0.1549,0.4305,0.2313
LOGO,C4,C4_eos2lm8,B5,B5_class_weight_threshold_tuning,0.05,0.1748,0.1221,0.1899,0.1257,0.1201,0.0896,0.6424,0.063,0.6964,0.3535,0.8044,0.1549,0.4305,0.2313
LOGO,C4,C4_eos2lm8,B5,B5_class_weight_threshold_tuning,0.1,0.1733,0.1609,0.1998,0.1509,0.1427,0.1313,0.7597,0.076,0.5333,0.3292,0.8044,0.1549,0.4305,0.2313
LOGO,C4,C4_eos2lm8,B5,B5_class_weight_threshold_tuning,0.55,0.1545,0.2002,0.1258,0.1585,0.375,0.4655,0.9389,0.055,0.0775,0.0992,0.8044,0.1549,0.4305,0.2313
LOGO,C4,C4_eos2lm8,B5,B5_class_weight_threshold_tuning,0.6,0.0686,0.1302,0.0483,0.0881,0.2188,0.407,0.9368,0.0551,0.0275,0.0503,0.8044,0.1549,0.4305,0.2313
LOGO,C4,C4_eos2lm8,B5,B5_class_weight_threshold_tuning,0.65,0.0149,0.0695,0.0109,0.0435,0.0625,0.25,0.9354,0.0565,0.006,0.0238,0.8044,0.1549,0.4305,0.2313
LOGO,C4,C4_eos2lm8,B5,B5_class_weight_threshold_tuning,0.7,0.0,0.0,0.0,0.0,0.0,0.0,0.9347,0.06,0.0,0.0,0.8044,0.1549,0.4305,0.2313
LOGO,C4,C4_eos2lm8,B5,B5_class_weight_threshold_tuning,0.75,0.0,0.0,0.0,0.0,0.0,0.0,0.9347,0.06,0.0,0.0,0.8044,0.1549,0.4305,0.2313
LOGO,C4,C4_eos2lm8,B5,B5_class_weight_threshold_tuning,0.8,0.0,0.0,0.0,0.0,0.0,0.0,0.9347,0.06,0.0,0.0,0.8044,0.1549,0.4305,0.2313
LOGO,C4,C4_eos2lm8,B5,B5_class_weight_threshold_tuning,0.85,0.0,0.0,0.0,0.0,0.0,0.0,0.9347,0.06,0.0,0.0,0.8044,0.1549,0.4305,0.2313
LOGO,C4,C4_eos2lm8,B5,B5_class_weight_threshold_tuning,0.9,0.0,0.0,0.0,0.0,0.0,0.0,0.9347,0.06,0.0,0.0,0.8044,0.1549,0.4305,0.2313
LOGO,C9,C9_morgan_rdkit_chemberta,B5,B5_class_weight_threshold_tuning,0.35,0.3433,0.2679,0.3303,0.2477,0.5281,0.3826,0.9333,0.0577,0.2988,0.2861,0.8117,0.1458,0.4295,0.2349
LOGO,C9,C9_morgan_rdkit_chemberta,B5,B5_class_weight_threshold_tuning,0.4,0.3357,0.2536,0.3141,0.2388,0.5521,0.3688,0.9368,0.0539,0.2676,0.2701,0.8117,0.1458,0.4295,0.2349
LOGO,C9,C9_morgan_rdkit_chemberta,B5,B5_class_weight_threshold_tuning,0.3,0.3065,0.2583,0.3071,0.2277,0.436,0.3782,0.925,0.062,0.3123,0.2847,0.8117,0.1458,0.4295,0.2349
LOGO,C9,C9_morgan_rdkit_chemberta,B5,B5_class_weight_threshold_tuning,0.45,0.2946,0.2337,0.2599,0.2119,0.5625,0.4031,0.9368,0.0511,0.2077,0.2476,0.8117,0.1458,0.4295,0.2349
LOGO,C9,C9_morgan_rdkit_chemberta,B5,B5_class_weight_threshold_tuning,0.25,0.2695,0.2545,0.2869,0.2245,0.3292,0.3085,0.9097,0.0641,0.3421,0.3226,0.8117,0.1458,0.4295,0.2349
LOGO,C9,C9_morgan_rdkit_chemberta,B5,B5_class_weight_threshold_tuning,0.5,0.2346,0.228,0.2021,0.2008,0.4688,0.427,0.9354,0.0505,0.1665,0.2476,0.8117,0.1458,0.4295,0.2349
LOGO,C9,C9_morgan_rdkit_chemberta,B5,B5_class_weight_threshold_tuning,0.2,0.2274,0.2087,0.255,0.1819,0.2494,0.2079,0.8868,0.0635,0.3603,0.3164,0.8117,0.1458,0.4295,0.2349
LOGO,C9,C9_morgan_rdkit_chemberta,B5,B5_class_weight_threshold_tuning,0.15,0.2076,0.1638,0.2336,0.1579,0.1994,0.1709,0.8438,0.0741,0.4391,0.3017,0.8117,0.1458,0.4295,0.2349
LOGO,C9,C9_morgan_rdkit_chemberta,B5,B5_class_weight_threshold_tuning,0.1,0.2061,0.1775,0.2238,0.1678,0.1612,0.1342,0.7681,0.0839,0.5771,0.3613,0.8117,0.1458,0.4295,0.2349
LOGO,C9,C9_morgan_rdkit_chemberta,B5,B5_class_weight_threshold_tuning,0.05,0.2009,0.1203,0.2092,0.1347,0.1353,0.0983,0.6604,0.0779,0.7028,0.3521,0.8117,0.1458,0.4295,0.2349
LOGO,C9,C9_morgan_rdkit_chemberta,B5,B5_class_weight_threshold_tuning,0.55,0.0931,0.1594,0.0843,0.138,0.2188,0.3637,0.9326,0.0517,0.0576,0.1008,0.8117,0.1458,0.4295,0.2349
LOGO,C9,C9_morgan_rdkit_chemberta,B5,B5_class_weight_threshold_tuning,0.6,0.0682,0.137,0.0651,0.1257,0.1562,0.301,0.9326,0.0542,0.0462,0.096,0.8117,0.1458,0.4295,0.2349
LOGO,C9,C9_morgan_rdkit_chemberta,B5,B5_class_weight_threshold_tuning,0.65,0.0467,0.1052,0.0401,0.0892,0.125,0.2887,0.934,0.0542,0.0254,0.0584,0.8117,0.1458,0.4295,0.2349
LOGO,C9,C9_morgan_rdkit_chemberta,B5,B5_class_weight_threshold_tuning,0.7,0.023,0.0681,0.017,0.0494,0.0938,0.272,0.934,0.0572,0.0099,0.0295,0.8117,0.1458,0.4295,0.2349
LOGO,C9,C9_morgan_rdkit_chemberta,B5,B5_class_weight_threshold_tuning,0.8,0.0,0.0,0.0,0.0,0.0,0.0,0.9347,0.06,0.0,0.0,0.8117,0.1458,0.4295,0.2349
LOGO,C9,C9_morgan_rdkit_chemberta,B5,B5_class_weight_threshold_tuning,0.85,0.0,0.0,0.0,0.0,0.0,0.0,0.9347,0.06,0.0,0.0,0.8117,0.1458,0.4295,0.2349
LOGO,C9,C9_morgan_rdkit_chemberta,B5,B5_class_weight_threshold_tuning,0.9,0.0,0.0,0.0,0.0,0.0,0.0,0.9347,0.06,0.0,0.0,0.8117,0.1458,0.4295,0.2349
LOGO,C9,C9_morgan_rdkit_chemberta,B5,B5_class_weight_threshold_tuning,0.75,-0.0022,0.0088,0.0,0.0,0.0,0.0,0.934,0.0605,0.0,0.0,0.8117,0.1458,0.4295,0.2349
LOGO,C8,C8_morgan_rdkit_eos2lm8,B5,B5_class_weight_threshold_tuning,0.4,0.3514,0.2577,0.3241,0.244,0.5938,0.3799,0.9382,0.0552,0.2702,0.2719,0.8003,0.155,0.4249,0.215
LOGO,C8,C8_morgan_rdkit_eos2lm8,B5,B5_class_weight_threshold_tuning,0.35,0.3411,0.2521,0.3258,0.238,0.5438,0.3552,0.9354,0.0557,0.278,0.2692,0.8003,0.155,0.4249,0.215
LOGO,C8,C8_morgan_rdkit_eos2lm8,B5,B5_class_weight_threshold_tuning,0.45,0.3389,0.2679,0.3116,0.2554,0.5625,0.4031,0.9389,0.0527,0.2624,0.278,0.8003,0.155,0.4249,0.215
LOGO,C8,C8_morgan_rdkit_eos2lm8,B5,B5_class_weight_threshold_tuning,0.3,0.3118,0.2525,0.3071,0.2286,0.4646,0.3699,0.9285,0.0581,0.2926,0.2704,0.8003,0.155,0.4249,0.215
LOGO,C8,C8_morgan_rdkit_eos2lm8,B5,B5_class_weight_threshold_tuning,0.2,0.2845,0.2293,0.3083,0.2085,0.2823,0.2052,0.8965,0.0661,0.4344,0.3222,0.8003,0.155,0.4249,0.215
LOGO,C8,C8_morgan_rdkit_eos2lm8,B5,B5_class_weight_threshold_tuning,0.5,0.2822,0.2459,0.2482,0.2218,0.5312,0.427,0.9382,0.0524,0.1999,0.2523,0.8003,0.155,0.4249,0.215
LOGO,C8,C8_morgan_rdkit_eos2lm8,B5,B5_class_weight_threshold_tuning,0.25,0.2781,0.2474,0.2987,0.2258,0.3561,0.3052,0.9167,0.0635,0.3129,0.2706,0.8003,0.155,0.4249,0.215
LOGO,C8,C8_morgan_rdkit_eos2lm8,B5,B5_class_weight_threshold_tuning,0.15,0.2036,0.1685,0.2297,0.1515,0.1772,0.1233,0.8382,0.0721,0.4687,0.3288,0.8003,0.155,0.4249,0.215
LOGO,C8,C8_morgan_rdkit_eos2lm8,B5,B5_class_weight_threshold_tuning,0.1,0.1773,0.1557,0.2035,0.1464,0.1431,0.1145,0.7653,0.0777,0.5333,0.3292,0.8003,0.155,0.4249,0.215
LOGO,C8,C8_morgan_rdkit_eos2lm8,B5,B5_class_weight_threshold_tuning,0.05,0.1723,0.1124,0.1904,0.1244,0.1208,0.0892,0.6451,0.062,0.6801,0.3423,0.8003,0.155,0.4249,0.215
LOGO,C8,C8_morgan_rdkit_eos2lm8,B5,B5_class_weight_threshold_tuning,0.55,0.1513,0.203,0.1258,0.1585,0.375,0.4655,0.9361,0.053,0.0775,0.0992,0.8003,0.155,0.4249,0.215
LOGO,C8,C8_morgan_rdkit_eos2lm8,B5,B5_class_weight_threshold_tuning,0.6,0.0974,0.1631,0.0783,0.1347,0.25,0.4082,0.9375,0.0546,0.0489,0.0868,0.8003,0.155,0.4249,0.215
LOGO,C8,C8_morgan_rdkit_eos2lm8,B5,B5_class_weight_threshold_tuning,0.65,0.0525,0.1167,0.0379,0.0828,0.1562,0.3521,0.9368,0.0559,0.0218,0.0478,0.8003,0.155,0.4249,0.215
LOGO,C8,C8_morgan_rdkit_eos2lm8,B5,B5_class_weight_threshold_tuning,0.75,0.0,0.0,0.0,0.0,0.0,0.0,0.9347,0.06,0.0,0.0,0.8003,0.155,0.4249,0.215
LOGO,C8,C8_morgan_rdkit_eos2lm8,B5,B5_class_weight_threshold_tuning,0.8,0.0,0.0,0.0,0.0,0.0,0.0,0.9347,0.06,0.0,0.0,0.8003,0.155,0.4249,0.215
LOGO,C8,C8_morgan_rdkit_eos2lm8,B5,B5_class_weight_threshold_tuning,0.85,0.0,0.0,0.0,0.0,0.0,0.0,0.9347,0.06,0.0,0.0,0.8003,0.155,0.4249,0.215
LOGO,C8,C8_morgan_rdkit_eos2lm8,B5,B5_class_weight_threshold_tuning,0.9,0.0,0.0,0.0,0.0,0.0,0.0,0.9347,0.06,0.0,0.0,0.8003,0.155,0.4249,0.215
LOGO,C8,C8_morgan_rdkit_eos2lm8,B5,B5_class_weight_threshold_tuning,0.7,-0.0022,0.0088,0.0,0.0,0.0,0.0,0.934,0.0605,0.0,0.0,0.8003,0.155,0.4249,0.215
LOGO,C7,C7_morgan_chemberta,B5,B5_class_weight_threshold_tuning,0.35,0.3149,0.2427,0.3038,0.2216,0.476,0.3706,0.9299,0.0547,0.2988,0.2861,0.8136,0.1306,0.4247,0.2349
LOGO,C7,C7_morgan_chemberta,B5,B5_class_weight_threshold_tuning,0.4,0.3144,0.2331,0.2927,0.2089,0.5365,0.3763,0.9347,0.054,0.2468,0.2494,0.8136,0.1306,0.4247,0.2349
LOGO,C7,C7_morgan_chemberta,B5,B5_class_weight_threshold_tuning,0.3,0.3039,0.2582,0.3041,0.2277,0.4329,0.38,0.9229,0.0607,0.3123,0.2847,0.8136,0.1306,0.4247,0.2349
LOGO,C7,C7_morgan_chemberta,B5,B5_class_weight_threshold_tuning,0.45,0.2808,0.2195,0.2477,0.2061,0.5312,0.386,0.9361,0.0511,0.2092,0.2566,0.8136,0.1306,0.4247,0.2349
LOGO,C7,C7_morgan_chemberta,B5,B5_class_weight_threshold_tuning,0.25,0.271,0.2633,0.2849,0.2318,0.3634,0.3637,0.9076,0.0656,0.3213,0.286,0.8136,0.1306,0.4247,0.2349
LOGO,C7,C7_morgan_chemberta,B5,B5_class_weight_threshold_tuning,0.2,0.2336,0.2245,0.2614,0.1963,0.2629,0.2332,0.8812,0.0665,0.3603,0.3164,0.8136,0.1306,0.4247,0.2349
LOGO,C7,C7_morgan_chemberta,B5,B5_class_weight_threshold_tuning,0.5,0.2232,0.2442,0.1952,0.2168,0.4375,0.4425,0.9347,0.0518,0.1644,0.2558,0.8136,0.1306,0.4247,0.2349
LOGO,C7,C7_morgan_chemberta,B5,B5_class_weight_threshold_tuning,0.15,0.2155,0.1677,0.2414,0.1509,0.2047,0.1619,0.8458,0.0703,0.4426,0.3025,0.8136,0.1306,0.4247,0.2349
LOGO,C7,C7_morgan_chemberta,B5,B5_class_weight_threshold_tuning,0.1,0.2135,0.1613,0.231,0.162,0.1659,0.1319,0.766,0.0847,0.5937,0.3521,0.8136,0.1306,0.4247,0.2349
LOGO,C7,C7_morgan_chemberta,B5,B5_class_weight_threshold_tuning,0.05,0.1922,0.1235,0.2045,0.1359,0.1319,0.0989,0.6569,0.0798,0.6926,0.3506,0.8136,0.1306,0.4247,0.2349
LOGO,C7,C7_morgan_chemberta,B5,B5_class_weight_threshold_tuning,0.55,0.1144,0.1668,0.0963,0.1403,0.2812,0.407,0.9333,0.052,0.0644,0.1015,0.8136,0.1306,0.4247,0.2349
LOGO,C7,C7_morgan_chemberta,B5,B5_class_weight_threshold_tuning,0.6,0.0703,0.1356,0.0651,0.1257,0.1562,0.301,0.9326,0.053,0.0462,0.096,0.8136,0.1306,0.4247,0.2349
LOGO,C7,C7_morgan_chemberta,B5,B5_class_weight_threshold_tuning,0.65,0.0402,0.0959,0.0349,0.0831,0.125,0.2887,0.9333,0.0568,0.0224,0.0557,0.8136,0.1306,0.4247,0.2349
LOGO,C7,C7_morgan_chemberta,B5,B5_class_weight_threshold_tuning,0.7,0.0308,0.0859,0.0292,0.0821,0.0625,0.1708,0.9347,0.06,0.0194,0.0556,0.8136,0.1306,0.4247,0.2349
LOGO,C7,C7_morgan_chemberta,B5,B5_class_weight_threshold_tuning,0.85,0.0,0.0,0.0,0.0,0.0,0.0,0.9347,0.06,0.0,0.0,0.8136,0.1306,0.4247,0.2349
LOGO,C7,C7_morgan_chemberta,B5,B5_class_weight_threshold_tuning,0.9,0.0,0.0,0.0,0.0,0.0,0.0,0.9347,0.06,0.0,0.0,0.8136,0.1306,0.4247,0.2349
LOGO,C7,C7_morgan_chemberta,B5,B5_class_weight_threshold_tuning,0.8,-0.0022,0.0088,0.0,0.0,0.0,0.0,0.934,0.0605,0.0,0.0,0.8136,0.1306,0.4247,0.2349
LOGO,C7,C7_morgan_chemberta,B5,B5_class_weight_threshold_tuning,0.75,-0.0038,0.0106,0.0,0.0,0.0,0.0,0.9333,0.0605,0.0,0.0,0.8136,0.1306,0.4247,0.2349
LOGO,C9,C9_morgan_rdkit_chemberta,B4,B4_threshold_tuning_only,0.35,0.3319,0.2696,0.3153,0.2585,0.4938,0.3647,0.9326,0.0522,0.3171,0.3265,0.8059,0.1413,0.4209,0.238
LOGO,C9,C9_morgan_rdkit_chemberta,B4,B4_threshold_tuning_only,0.3,0.3024,0.2165,0.2933,0.2015,0.4156,0.3118,0.9257,0.048,0.3332,0.3221,0.8059,0.1413,0.4209,0.238
LOGO,C9,C9_morgan_rdkit_chemberta,B4,B4_threshold_tuning_only,0.45,0.302,0.2513,0.2707,0.2335,0.5521,0.407,0.9368,0.051,0.2238,0.2669,0.8059,0.1413,0.4209,0.238
LOGO,C9,C9_morgan_rdkit_chemberta,B4,B4_threshold_tuning_only,0.4,0.2972,0.246,0.2659,0.2251,0.5312,0.4171,0.9354,0.0499,0.2363,0.2704,0.8059,0.1413,0.4209,0.238
LOGO,C9,C9_morgan_rdkit_chemberta,B4,B4_threshold_tuning_only,0.5,0.2848,0.2607,0.2541,0.241,0.5312,0.427,0.9361,0.0524,0.2103,0.2717,0.8059,0.1413,0.4209,0.238
LOGO,C9,C9_morgan_rdkit_chemberta,B4,B4_threshold_tuning_only,0.25,0.2577,0.1972,0.2645,0.1804,0.3181,0.2537,0.9076,0.0455,0.3421,0.3226,0.8059,0.1413,0.4209,0.238
LOGO,C9,C9_morgan_rdkit_chemberta,B4,B4_threshold_tuning_only,0.15,0.223,0.1828,0.2425,0.1844,0.2017,0.1629,0.8368,0.0742,0.4739,0.3293,0.8059,0.1413,0.4209,0.238
LOGO,C9,C9_morgan_rdkit_chemberta,B4,B4_threshold_tuning_only,0.55,0.2079,0.2705,0.1899,0.2525,0.375,0.4282,0.934,0.0528,0.1696,0.2835,0.8059,0.1413,0.4209,0.238
LOGO,C9,C9_morgan_rdkit_chemberta,B4,B4_threshold_tuning_only,0.2,0.2028,0.1733,0.2244,0.1621,0.2256,0.1952,0.8764,0.053,0.3535,0.3232,0.8059,0.1413,0.4209,0.238
LOGO,C9,C9_morgan_rdkit_chemberta,B4,B4_threshold_tuning_only,0.1,0.1965,0.1646,0.2115,0.1537,0.153,0.1132,0.7757,0.0777,0.5588,0.3731,0.8059,0.1413,0.4209,0.238
LOGO,C9,C9_morgan_rdkit_chemberta,B4,B4_threshold_tuning_only,0.05,0.1861,0.1097,0.1997,0.1295,0.1324,0.0998,0.659,0.089,0.663,0.3513,0.8059,0.1413,0.4209,0.238
LOGO,C9,C9_morgan_rdkit_chemberta,B4,B4_threshold_tuning_only,0.6,0.1402,0.2157,0.126,0.1983,0.25,0.3651,0.9333,0.0508,0.1201,0.2549,0.8059,0.1413,0.4209,0.238
LOGO,C9,C9_morgan_rdkit_chemberta,B4,B4_threshold_tuning_only,0.65,0.0771,0.1518,0.0678,0.1344,0.1875,0.3594,0.9333,0.0544,0.0477,0.1,0.8059,0.1413,0.4209,0.238
LOGO,C9,C9_morgan_rdkit_chemberta,B4,B4_threshold_tuning_only,0.7,0.012,0.0734,0.0104,0.0417,0.0625,0.25,0.9326,0.0589,0.0057,0.0227,0.8059,0.1413,0.4209,0.238
LOGO,C9,C9_morgan_rdkit_chemberta,B4,B4_threshold_tuning_only,0.8,0.0,0.0,0.0,0.0,0.0,0.0,0.9347,0.06,0.0,0.0,0.8059,0.1413,0.4209,0.238
LOGO,C9,C9_morgan_rdkit_chemberta,B4,B4_threshold_tuning_only,0.85,0.0,0.0,0.0,0.0,0.0,0.0,0.9347,0.06,0.0,0.0,0.8059,0.1413,0.4209,0.238
LOGO,C9,C9_morgan_rdkit_chemberta,B4,B4_threshold_tuning_only,0.9,0.0,0.0,0.0,0.0,0.0,0.0,0.9347,0.06,0.0,0.0,0.8059,0.1413,0.4209,0.238
LOGO,C9,C9_morgan_rdkit_chemberta,B4,B4_threshold_tuning_only,0.75,-0.0034,0.0098,0.0,0.0,0.0,0.0,0.9333,0.0602,0.0,0.0,0.8059,0.1413,0.4209,0.238
LOGO,C2,C2_rdkit_descriptors_only,B4,B4_threshold_tuning_only,0.45,0.2909,0.2343,0.2533,0.2171,0.5521,0.407,0.9368,0.0513,0.216,0.2679,0.786,0.151,0.4162,0.2427
LOGO,C2,C2_rdkit_descriptors_only,B4,B4_threshold_tuning_only,0.4,0.2848,0.2402,0.2658,0.2227,0.4792,0.3745,0.9347,0.0533,0.2363,0.2704,0.786,0.151,0.4162,0.2427
LOGO,C2,C2_rdkit_descriptors_only,B4,B4_threshold_tuning_only,0.35,0.2598,0.2434,0.2556,0.2221,0.4115,0.367,0.9285,0.0534,0.242,0.2701,0.786,0.151,0.4162,0.2427
LOGO,C2,C2_rdkit_descriptors_only,B4,B4_threshold_tuning_only,0.6,0.2393,0.2368,0.2073,0.2141,0.4688,0.427,0.9361,0.0539,0.1719,0.2523,0.786,0.151,0.4162,0.2427
LOGO,C2,C2_rdkit_descriptors_only,B4,B4_threshold_tuning_only,0.55,0.2389,0.2372,0.2073,0.2141,0.4688,0.427,0.9354,0.0536,0.1719,0.2523,0.786,0.151,0.4162,0.2427
LOGO,C2,C2_rdkit_descriptors_only,B4,B4_threshold_tuning_only,0.3,0.2306,0.2045,0.2424,0.1867,0.3167,0.2839,0.9146,0.053,0.279,0.2899,0.786,0.151,0.4162,0.2427
LOGO,C2,C2_rdkit_descriptors_only,B4,B4_threshold_tuning_only,0.5,0.2273,0.2178,0.1998,0.1905,0.4271,0.4035,0.9347,0.0507,0.1749,0.251,0.786,0.151,0.4162,0.2427
LOGO,C2,C2_rdkit_descriptors_only,B4,B4_threshold_tuning_only,0.25,0.227,0.1711,0.2367,0.1512,0.2736,0.2615,0.8896,0.0638,0.3638,0.3247,0.786,0.151,0.4162,0.2427
LOGO,C2,C2_rdkit_descriptors_only,B4,B4_threshold_tuning_only,0.1,0.2037,0.1581,0.213,0.1403,0.1453,0.0957,0.7438,0.0695,0.6241,0.3843,0.786,0.151,0.4162,0.2427
LOGO,C2,C2_rdkit_descriptors_only,B4,B4_threshold_tuning_only,0.2,0.1991,0.1665,0.223,0.1576,0.2076,0.1862,0.85,0.0754,0.4077,0.3336,0.786,0.151,0.4162,0.2427
LOGO,C2,C2_rdkit_descriptors_only,B4,B4_threshold_tuning_only,0.15,0.1859,0.1121,0.2047,0.1168,0.161,0.0988,0.8083,0.0707,0.493,0.3428,0.786,0.151,0.4162,0.2427
LOGO,C2,C2_rdkit_descriptors_only,B4,B4_threshold_tuning_only,0.05,0.1562,0.1257,0.1711,0.1119,0.1097,0.0723,0.6396,0.0843,0.6511,0.3823,0.786,0.151,0.4162,0.2427
LOGO,C2,C2_rdkit_descriptors_only,B4,B4_threshold_tuning_only,0.65,0.1218,0.2426,0.1078,0.2107,0.2188,0.407,0.934,0.0587,0.1036,0.2573,0.786,0.151,0.4162,0.2427
LOGO,C2,C2_rdkit_descriptors_only,B4,B4_threshold_tuning_only,0.75,0.0595,0.1861,0.0521,0.1691,0.0938,0.272,0.9347,0.0599,0.0682,0.2495,0.786,0.151,0.4162,0.2427
LOGO,C2,C2_rdkit_descriptors_only,B4,B4_threshold_tuning_only,0.7,0.0583,0.1866,0.0521,0.1691,0.0938,0.272,0.9326,0.058,0.0682,0.2495,0.786,0.151,0.4162,0.2427
LOGO,C2,C2_rdkit_descriptors_only,B4,B4_threshold_tuning_only,0.8,0.0,0.0,0.0,0.0,0.0,0.0,0.9347,0.06,0.0,0.0,0.786,0.151,0.4162,0.2427
LOGO,C2,C2_rdkit_descriptors_only,B4,B4_threshold_tuning_only,0.85,0.0,0.0,0.0,0.0,0.0,0.0,0.9347,0.06,0.0,0.0,0.786,0.151,0.4162,0.2427
LOGO,C2,C2_rdkit_descriptors_only,B4,B4_threshold_tuning_only,0.9,0.0,0.0,0.0,0.0,0.0,0.0,0.9347,0.06,0.0,0.0,0.786,0.151,0.4162,0.2427
LOGO,C2,C2_rdkit_descriptors_only,B5,B5_class_weight_threshold_tuning,0.35,0.3041,0.2713,0.288,0.2485,0.5052,0.3996,0.9354,0.0543,0.242,0.2701,0.8037,0.1354,0.4027,0.1754
LOGO,C2,C2_rdkit_descriptors_only,B5,B5_class_weight_threshold_tuning,0.3,0.2937,0.2527,0.3001,0.2294,0.4146,0.3466,0.925,0.0587,0.2926,0.2704,0.8037,0.1354,0.4027,0.1754
LOGO,C2,C2_rdkit_descriptors_only,B5,B5_class_weight_threshold_tuning,0.4,0.2843,0.2279,0.2547,0.2005,0.5312,0.3907,0.9361,0.0539,0.203,0.2419,0.8037,0.1354,0.4027,0.1754
LOGO,C2,C2_rdkit_descriptors_only,B5,B5_class_weight_threshold_tuning,0.45,0.2689,0.2356,0.237,0.209,0.5104,0.4104,0.9368,0.0532,0.1905,0.2471,0.8037,0.1354,0.4027,0.1754
LOGO,C2,C2_rdkit_descriptors_only,B5,B5_class_weight_threshold_tuning,0.25,0.2676,0.2383,0.2954,0.2184,0.3152,0.2598,0.909,0.0634,0.3359,0.2876,0.8037,0.1354,0.4027,0.1754
LOGO,C2,C2_rdkit_descriptors_only,B5,B5_class_weight_threshold_tuning,0.2,0.2341,0.2027,0.2683,0.1783,0.2373,0.1593,0.8826,0.0756,0.3776,0.3082,0.8037,0.1354,0.4027,0.1754
LOGO,C2,C2_rdkit_descriptors_only,B5,B5_class_weight_threshold_tuning,0.55,0.222,0.2045,0.1847,0.1743,0.5,0.4472,0.9375,0.0513,0.1202,0.1208,0.8037,0.1354,0.4027,0.1754
LOGO,C2,C2_rdkit_descriptors_only,B5,B5_class_weight_threshold_tuning,0.5,0.221,0.2057,0.1847,0.1743,0.5,0.4472,0.9368,0.0508,0.1202,0.1208,0.8037,0.1354,0.4027,0.1754
LOGO,C2,C2_rdkit_descriptors_only,B5,B5_class_weight_threshold_tuning,0.1,0.1866,0.1277,0.2057,0.1262,0.143,0.0907,0.7653,0.0637,0.559,0.3374,0.8037,0.1354,0.4027,0.1754
LOGO,C2,C2_rdkit_descriptors_only,B5,B5_class_weight_threshold_tuning,0.15,0.1647,0.1377,0.1981,0.124,0.1545,0.0989,0.8222,0.0722,0.4111,0.3353,0.8037,0.1354,0.4027,0.1754
LOGO,C2,C2_rdkit_descriptors_only,B5,B5_class_weight_threshold_tuning,0.05,0.1615,0.1314,0.1753,0.1143,0.1107,0.0733,0.6465,0.0631,0.6568,0.3784,0.8037,0.1354,0.4027,0.1754
LOGO,C2,C2_rdkit_descriptors_only,B5,B5_class_weight_threshold_tuning,0.6,0.1168,0.1768,0.0909,0.1393,0.3125,0.4425,0.9354,0.0522,0.0546,0.0864,0.8037,0.1354,0.4027,0.1754
LOGO,C2,C2_rdkit_descriptors_only,B5,B5_class_weight_threshold_tuning,0.65,0.0239,0.0863,0.0161,0.0461,0.125,0.3416,0.9326,0.0567,0.0087,0.0249,0.8037,0.1354,0.4027,0.1754
LOGO,C2,C2_rdkit_descriptors_only,B5,B5_class_weight_threshold_tuning,0.7,0.0155,0.0721,0.0104,0.0417,0.0625,0.25,0.934,0.0591,0.0057,0.0227,0.8037,0.1354,0.4027,0.1754
LOGO,C2,C2_rdkit_descriptors_only,B5,B5_class_weight_threshold_tuning,0.75,0.0,0.0,0.0,0.0,0.0,0.0,0.9347,0.06,0.0,0.0,0.8037,0.1354,0.4027,0.1754
LOGO,C2,C2_rdkit_descriptors_only,B5,B5_class_weight_threshold_tuning,0.8,0.0,0.0,0.0,0.0,0.0,0.0,0.9347,0.06,0.0,0.0,0.8037,0.1354,0.4027,0.1754
LOGO,C2,C2_rdkit_descriptors_only,B5,B5_class_weight_threshold_tuning,0.85,0.0,0.0,0.0,0.0,0.0,0.0,0.9347,0.06,0.0,0.0,0.8037,0.1354,0.4027,0.1754
LOGO,C2,C2_rdkit_descriptors_only,B5,B5_class_weight_threshold_tuning,0.9,0.0,0.0,0.0,0.0,0.0,0.0,0.9347,0.06,0.0,0.0,0.8037,0.1354,0.4027,0.1754
LOGO,C5,C5_chemberta,B5,B5_class_weight_threshold_tuning,0.35,0.3385,0.263,0.3211,0.2451,0.5354,0.378,0.934,0.0551,0.2884,0.2878,0.7909,0.1429,0.3956,0.2172
LOGO,C5,C5_chemberta,B5,B5_class_weight_threshold_tuning,0.3,0.3083,0.2658,0.3177,0.241,0.4162,0.3395,0.9257,0.0623,0.3156,0.2879,0.7909,0.1429,0.3956,0.2172
LOGO,C5,C5_chemberta,B5,B5_class_weight_threshold_tuning,0.25,0.2764,0.2734,0.2969,0.244,0.3365,0.3167,0.909,0.0654,0.3421,0.3226,0.7909,0.1429,0.3956,0.2172
LOGO,C5,C5_chemberta,B5,B5_class_weight_threshold_tuning,0.4,0.2379,0.2442,0.2158,0.2176,0.4479,0.4291,0.934,0.052,0.1812,0.2537,0.7909,0.1429,0.3956,0.2172
LOGO,C5,C5_chemberta,B5,B5_class_weight_threshold_tuning,0.15,0.2234,0.1715,0.2453,0.1645,0.2131,0.1832,0.8368,0.0864,0.4629,0.3076,0.7909,0.1429,0.3956,0.2172
LOGO,C5,C5_chemberta,B5,B5_class_weight_threshold_tuning,0.45,0.2148,0.2401,0.193,0.216,0.4062,0.4171,0.934,0.0517,0.1644,0.2558,0.7909,0.1429,0.3956,0.2172
LOGO,C5,C5_chemberta,B5,B5_class_weight_threshold_tuning,0.2,0.2048,0.2111,0.2359,0.1752,0.2314,0.2046,0.8729,0.0787,0.3421,0.3226,0.7909,0.1429,0.3956,0.2172
LOGO,C5,C5_chemberta,B5,B5_class_weight_threshold_tuning,0.05,0.1836,0.1013,0.1973,0.125,0.1264,0.0923,0.6451,0.073,0.6951,0.3387,0.7909,0.1429,0.3956,0.2172
LOGO,C5,C5_chemberta,B5,B5_class_weight_threshold_tuning,0.1,0.1811,0.1425,0.2037,0.1354,0.1435,0.1054,0.7479,0.0949,0.5607,0.351,0.7909,0.1429,0.3956,0.2172
LOGO,C5,C5_chemberta,B5,B5_class_weight_threshold_tuning,0.5,0.1194,0.1794,0.1052,0.1492,0.2812,0.407,0.9333,0.0523,0.0701,0.1055,0.7909,0.1429,0.3956,0.2172
LOGO,C5,C5_chemberta,B5,B5_class_weight_threshold_tuning,0.55,0.0881,0.1441,0.0755,0.1269,0.2188,0.3637,0.9333,0.0523,0.0519,0.0958,0.7909,0.1429,0.3956,0.2172
LOGO,C5,C5_chemberta,B5,B5_class_weight_threshold_tuning,0.6,0.0467,0.1052,0.0401,0.0892,0.125,0.2887,0.934,0.0542,0.0254,0.0584,0.7909,0.1429,0.3956,0.2172
LOGO,C5,C5_chemberta,B5,B5_class_weight_threshold_tuning,0.65,0.0416,0.0951,0.0349,0.0831,0.125,0.2887,0.934,0.0569,0.0224,0.0557,0.7909,0.1429,0.3956,0.2172
LOGO,C5,C5_chemberta,B5,B5_class_weight_threshold_tuning,0.7,0.011,0.0511,0.0114,0.0455,0.0312,0.125,0.934,0.06,0.0069,0.0278,0.7909,0.1429,0.3956,0.2172
LOGO,C5,C5_chemberta,B5,B5_class_weight_threshold_tuning,0.85,0.0,0.0,0.0,0.0,0.0,0.0,0.9347,0.06,0.0,0.0,0.7909,0.1429,0.3956,0.2172
LOGO,C5,C5_chemberta,B5,B5_class_weight_threshold_tuning,0.9,0.0,0.0,0.0,0.0,0.0,0.0,0.9347,0.06,0.0,0.0,0.7909,0.1429,0.3956,0.2172
LOGO,C5,C5_chemberta,B5,B5_class_weight_threshold_tuning,0.8,-0.0022,0.0088,0.0,0.0,0.0,0.0,0.934,0.0605,0.0,0.0,0.7909,0.1429,0.3956,0.2172
LOGO,C5,C5_chemberta,B5,B5_class_weight_threshold_tuning,0.75,-0.0038,0.0106,0.0,0.0,0.0,0.0,0.9333,0.0605,0.0,0.0,0.7909,0.1429,0.3956,0.2172
LOGO,C5,C5_chemberta,B4,B4_threshold_tuning_only,0.45,0.3053,0.2507,0.2751,0.2309,0.5417,0.4105,0.9368,0.0506,0.2363,0.2704,0.8081,0.1245,0.3869,0.2125
LOGO,C5,C5_chemberta,B4,B4_threshold_tuning_only,0.35,0.2877,0.222,0.2785,0.2034,0.4085,0.3135,0.9243,0.0523,0.3171,0.3265,0.8081,0.1245,0.3869,0.2125
LOGO,C5,C5_chemberta,B4,B4_threshold_tuning_only,0.5,0.2867,0.266,0.2568,0.2489,0.5312,0.427,0.9361,0.0527,0.2139,0.2759,0.8081,0.1245,0.3869,0.2125
LOGO,C5,C5_chemberta,B4,B4_threshold_tuning_only,0.4,0.2712,0.2123,0.2479,0.1918,0.4708,0.3745,0.9312,0.0489,0.2363,0.2704,0.8081,0.1245,0.3869,0.2125
LOGO,C5,C5_chemberta,B4,B4_threshold_tuning_only,0.3,0.2523,0.1932,0.2562,0.1754,0.3168,0.2687,0.9076,0.0525,0.3421,0.3226,0.8081,0.1245,0.3869,0.2125
LOGO,C5,C5_chemberta,B4,B4_threshold_tuning_only,0.55,0.2352,0.2702,0.2107,0.2496,0.4375,0.4425,0.9347,0.053,0.1821,0.2799,0.8081,0.1245,0.3869,0.2125
LOGO,C5,C5_chemberta,B4,B4_threshold_tuning_only,0.25,0.2114,0.173,0.2289,0.1597,0.2476,0.2029,0.8778,0.0739,0.3478,0.3221,0.8081,0.1245,0.3869,0.2125
LOGO,C5,C5_chemberta,B4,B4_threshold_tuning_only,0.1,0.2083,0.1365,0.2214,0.1416,0.1597,0.1144,0.7368,0.0977,0.6098,0.3619,0.8081,0.1245,0.3869,0.2125
LOGO,C5,C5_chemberta,B4,B4_threshold_tuning_only,0.05,0.1842,0.1037,0.1948,0.1244,0.1263,0.0946,0.6229,0.0988,0.7049,0.3582,0.8081,0.1245,0.3869,0.2125
LOGO,C5,C5_chemberta,B4,B4_threshold_tuning_only,0.15,0.1767,0.1547,0.203,0.1495,0.1595,0.1209,0.7958,0.09,0.4635,0.3282,0.8081,0.1245,0.3869,0.2125
LOGO,C5,C5_chemberta,B4,B4_threshold_tuning_only,0.6,0.1763,0.2367,0.1572,0.2158,0.3125,0.4031,0.9347,0.0518,0.1409,0.2581,0.8081,0.1245,0.3869,0.2125
LOGO,C5,C5_chemberta,B4,B4_threshold_tuning_only,0.2,0.172,0.1775,0.2049,0.1647,0.1816,0.166,0.8403,0.0847,0.3702,0.3292,0.8081,0.1245,0.3869,0.2125
LOGO,C5,C5_chemberta,B4,B4_threshold_tuning_only,0.65,0.0844,0.1374,0.0703,0.1243,0.2188,0.3637,0.934,0.0553,0.0489,0.0951,0.8081,0.1245,0.3869,0.2125
LOGO,C5,C5_chemberta,B4,B4_threshold_tuning_only,0.7,0.0063,0.0508,0.0057,0.0227,0.0625,0.25,0.9326,0.0574,0.003,0.0119,0.8081,0.1245,0.3869,0.2125
LOGO,C5,C5_chemberta,B4,B4_threshold_tuning_only,0.8,0.0,0.0,0.0,0.0,0.0,0.0,0.9347,0.06,0.0,0.0,0.8081,0.1245,0.3869,0.2125
LOGO,C5,C5_chemberta,B4,B4_threshold_tuning_only,0.85,0.0,0.0,0.0,0.0,0.0,0.0,0.9347,0.06,0.0,0.0,0.8081,0.1245,0.3869,0.2125
LOGO,C5,C5_chemberta,B4,B4_threshold_tuning_only,0.9,0.0,0.0,0.0,0.0,0.0,0.0,0.9347,0.06,0.0,0.0,0.8081,0.1245,0.3869,0.2125
LOGO,C5,C5_chemberta,B4,B4_threshold_tuning_only,0.75,-0.0057,0.0112,0.0,0.0,0.0,0.0,0.9319,0.0595,0.0,0.0,0.8081,0.1245,0.3869,0.2125
