MCC,F1,Precision,Accuracy,Recall,AUROC,AUPRC,RepresentationStage,Representation,ImbalanceStage,ImbalanceMethod,Evaluation,Fold,Threshold,ClassWeight,HeldOutDrug
0.39686831106550413,0.37209302325581395,0.23529411764705882,0.8125,0.8888888888888888,0.9378600823045268,0.43533707301823243,C1,C1_morgan_only,B4,B4_threshold_tuning_only,CV,1,0.05,none,
0.5278999909964537,0.5384615384615384,0.4117647058823529,0.9166666666666666,0.7777777777777778,0.9378600823045268,0.43533707301823243,C1,C1_morgan_only,B4,B4_threshold_tuning_only,CV,1,0.1,none,
0.5259259259259259,0.5555555555555556,0.5555555555555556,0.9444444444444444,0.5555555555555556,0.9378600823045268,0.43533707301823243,C1,C1_morgan_only,B4,B4_threshold_tuning_only,CV,1,0.15,none,
0.3418447572008692,0.375,0.42857142857142855,0.9305555555555556,0.3333333333333333,0.9378600823045268,0.43533707301823243,C1,C1_morgan_only,B4,B4_threshold_tuning_only,CV,1,0.2,none,
0.1077344635123662,0.14285714285714285,0.2,0.9166666666666666,0.1111111111111111,0.9378600823045268,0.43533707301823243,C1,C1_morgan_only,B4,B4_threshold_tuning_only,CV,1,0.25,none,
0.13093073414159542,0.15384615384615385,0.25,0.9236111111111112,0.1111111111111111,0.9378600823045268,0.43533707301823243,C1,C1_morgan_only,B4,B4_threshold_tuning_only,CV,1,0.3,none,
0.13093073414159542,0.15384615384615385,0.25,0.9236111111111112,0.1111111111111111,0.9378600823045268,0.43533707301823243,C1,C1_morgan_only,B4,B4_threshold_tuning_only,CV,1,0.35,none,
0.13093073414159542,0.15384615384615385,0.25,0.9236111111111112,0.1111111111111111,0.9378600823045268,0.43533707301823243,C1,C1_morgan_only,B4,B4_threshold_tuning_only,CV,1,0.4,none,
0.16320277505018704,0.16666666666666666,0.3333333333333333,0.9305555555555556,0.1111111111111111,0.9378600823045268,0.43533707301823243,C1,C1_morgan_only,B4,B4_threshold_tuning_only,CV,1,0.45,none,
0.16320277505018704,0.16666666666666666,0.3333333333333333,0.9305555555555556,0.1111111111111111,0.9378600823045268,0.43533707301823243,C1,C1_morgan_only,B4,B4_threshold_tuning_only,CV,1,0.5,none,
0.16320277505018704,0.16666666666666666,0.3333333333333333,0.9305555555555556,0.1111111111111111,0.9378600823045268,0.43533707301823243,C1,C1_morgan_only,B4,B4_threshold_tuning_only,CV,1,0.55,none,
0.16320277505018704,0.16666666666666666,0.3333333333333333,0.9305555555555556,0.1111111111111111,0.9378600823045268,0.43533707301823243,C1,C1_morgan_only,B4,B4_threshold_tuning_only,CV,1,0.6,none,
0.16320277505018704,0.16666666666666666,0.3333333333333333,0.9305555555555556,0.1111111111111111,0.9378600823045268,0.43533707301823243,C1,C1_morgan_only,B4,B4_threshold_tuning_only,CV,1,0.65,none,
0.16320277505018704,0.16666666666666666,0.3333333333333333,0.9305555555555556,0.1111111111111111,0.9378600823045268,0.43533707301823243,C1,C1_morgan_only,B4,B4_threshold_tuning_only,CV,1,0.7,none,
0.0,0.0,0.0,0.9375,0.0,0.9378600823045268,0.43533707301823243,C1,C1_morgan_only,B4,B4_threshold_tuning_only,CV,1,0.75,none,
0.0,0.0,0.0,0.9375,0.0,0.9378600823045268,0.43533707301823243,C1,C1_morgan_only,B4,B4_threshold_tuning_only,CV,1,0.8,none,
0.0,0.0,0.0,0.9375,0.0,0.9378600823045268,0.43533707301823243,C1,C1_morgan_only,B4,B4_threshold_tuning_only,CV,1,0.85,none,
0.0,0.0,0.0,0.9375,0.0,0.9378600823045268,0.43533707301823243,C1,C1_morgan_only,B4,B4_threshold_tuning_only,CV,1,0.9,none,
0.17086728939706017,0.2127659574468085,0.13157894736842105,0.7430555555555556,0.5555555555555556,0.7374485596707818,0.3069307270233196,C1,C1_morgan_only,B4,B4_threshold_tuning_only,CV,2,0.05,none,
0.18461861664914883,0.23529411764705882,0.16,0.8194444444444444,0.4444444444444444,0.7374485596707818,0.3069307270233196,C1,C1_morgan_only,B4,B4_threshold_tuning_only,CV,2,0.1,none,
0.22812937284069357,0.27586206896551724,0.2,0.8541666666666666,0.4444444444444444,0.7374485596707818,0.3069307270233196,C1,C1_morgan_only,B4,B4_threshold_tuning_only,CV,2,0.15,none,
0.18257418583505536,0.24,0.1875,0.8680555555555556,0.3333333333333333,0.7374485596707818,0.3069307270233196,C1,C1_morgan_only,B4,B4_threshold_tuning_only,CV,2,0.2,none,
0.24976635242618936,0.3,0.2727272727272727,0.9027777777777778,0.3333333333333333,0.7374485596707818,0.3069307270233196,C1,C1_morgan_only,B4,B4_threshold_tuning_only,CV,2,0.25,none,
0.26803133402626733,0.3157894736842105,0.3,0.9097222222222222,0.3333333333333333,0.7374485596707818,0.3069307270233196,C1,C1_morgan_only,B4,B4_threshold_tuning_only,CV,2,0.3,none,
0.18786728732554484,0.23529411764705882,0.25,0.9097222222222222,0.2222222222222222,0.7374485596707818,0.3069307270233196,C1,C1_morgan_only,B4,B4_threshold_tuning_only,CV,2,0.35,none,
0.26443913771217153,0.2857142857142857,0.4,0.9305555555555556,0.2222222222222222,0.7374485596707818,0.3069307270233196,C1,C1_morgan_only,B4,B4_threshold_tuning_only,CV,2,0.4,none,
0.36406772895810957,0.3333333333333333,0.6666666666666666,0.9444444444444444,0.2222222222222222,0.7374485596707818,0.3069307270233196,C1,C1_morgan_only,B4,B4_threshold_tuning_only,CV,2,0.45,none,
0.0,0.0,0.0,0.9375,0.0,0.7374485596707818,0.3069307270233196,C1,C1_morgan_only,B4,B4_threshold_tuning_only,CV,2,0.5,none,
0.0,0.0,0.0,0.9375,0.0,0.7374485596707818,0.3069307270233196,C1,C1_morgan_only,B4,B4_threshold_tuning_only,CV,2,0.55,none,
0.0,0.0,0.0,0.9375,0.0,0.7374485596707818,0.3069307270233196,C1,C1_morgan_only,B4,B4_threshold_tuning_only,CV,2,0.6,none,
0.0,0.0,0.0,0.9375,0.0,0.7374485596707818,0.3069307270233196,C1,C1_morgan_only,B4,B4_threshold_tuning_only,CV,2,0.65,none,
0.0,0.0,0.0,0.9375,0.0,0.7374485596707818,0.3069307270233196,C1,C1_morgan_only,B4,B4_threshold_tuning_only,CV,2,0.7,none,
0.0,0.0,0.0,0.9375,0.0,0.7374485596707818,0.3069307270233196,C1,C1_morgan_only,B4,B4_threshold_tuning_only,CV,2,0.75,none,
0.0,0.0,0.0,0.9375,0.0,0.7374485596707818,0.3069307270233196,C1,C1_morgan_only,B4,B4_threshold_tuning_only,CV,2,0.8,none,
0.0,0.0,0.0,0.9375,0.0,0.7374485596707818,0.3069307270233196,C1,C1_morgan_only,B4,B4_threshold_tuning_only,CV,2,0.85,none,
0.0,0.0,0.0,0.9375,0.0,0.7374485596707818,0.3069307270233196,C1,C1_morgan_only,B4,B4_threshold_tuning_only,CV,2,0.9,none,
0.38876758598277983,0.36363636363636365,0.22857142857142856,0.8055555555555556,0.8888888888888888,0.9148148148148147,0.44717635592248595,C1,C1_morgan_only,B4,B4_threshold_tuning_only,CV,3,0.05,none,
0.3361433584600503,0.37037037037037035,0.2777777777777778,0.8819444444444444,0.5555555555555556,0.9148148148148147,0.44717635592248595,C1,C1_morgan_only,B4,B4_threshold_tuning_only,CV,3,0.1,none,
0.33734954246999327,0.38095238095238093,0.3333333333333333,0.9097222222222222,0.4444444444444444,0.9148148148148147,0.44717635592248595,C1,C1_morgan_only,B4,B4_threshold_tuning_only,CV,3,0.15,none,
0.3808866325636431,0.42105263157894735,0.4,0.9236111111111112,0.4444444444444444,0.9148148148148147,0.44717635592248595,C1,C1_morgan_only,B4,B4_threshold_tuning_only,CV,3,0.2,none,
0.3418447572008692,0.375,0.42857142857142855,0.9305555555555556,0.3333333333333333,0.9148148148148147,0.44717635592248595,C1,C1_morgan_only,B4,B4_threshold_tuning_only,CV,3,0.25,none,
0.3768673314407158,0.4,0.5,0.9375,0.3333333333333333,0.9148148148148147,0.44717635592248595,C1,C1_morgan_only,B4,B4_threshold_tuning_only,CV,3,0.3,none,
0.3768673314407158,0.4,0.5,0.9375,0.3333333333333333,0.9148148148148147,0.44717635592248595,C1,C1_morgan_only,B4,B4_threshold_tuning_only,CV,3,0.35,none,
0.26443913771217153,0.2857142857142857,0.4,0.9305555555555556,0.2222222222222222,0.9148148148148147,0.44717635592248595,C1,C1_morgan_only,B4,B4_threshold_tuning_only,CV,3,0.4,none,
0.30550504633038933,0.3076923076923077,0.5,0.9375,0.2222222222222222,0.9148148148148147,0.44717635592248595,C1,C1_morgan_only,B4,B4_threshold_tuning_only,CV,3,0.45,none,
0.30550504633038933,0.3076923076923077,0.5,0.9375,0.2222222222222222,0.9148148148148147,0.44717635592248595,C1,C1_morgan_only,B4,B4_threshold_tuning_only,CV,3,0.5,none,
0.30550504633038933,0.3076923076923077,0.5,0.9375,0.2222222222222222,0.9148148148148147,0.44717635592248595,C1,C1_morgan_only,B4,B4_threshold_tuning_only,CV,3,0.55,none,
0.30550504633038933,0.3076923076923077,0.5,0.9375,0.2222222222222222,0.9148148148148147,0.44717635592248595,C1,C1_morgan_only,B4,B4_threshold_tuning_only,CV,3,0.6,none,
0.21449799456256347,0.18181818181818182,0.5,0.9375,0.1111111111111111,0.9148148148148147,0.44717635592248595,C1,C1_morgan_only,B4,B4_threshold_tuning_only,CV,3,0.65,none,
0.32387513781564786,0.2,1.0,0.9444444444444444,0.1111111111111111,0.9148148148148147,0.44717635592248595,C1,C1_morgan_only,B4,B4_threshold_tuning_only,CV,3,0.7,none,
0.32387513781564786,0.2,1.0,0.9444444444444444,0.1111111111111111,0.9148148148148147,0.44717635592248595,C1,C1_morgan_only,B4,B4_threshold_tuning_only,CV,3,0.75,none,
0.0,0.0,0.0,0.9375,0.0,0.9148148148148147,0.44717635592248595,C1,C1_morgan_only,B4,B4_threshold_tuning_only,CV,3,0.8,none,
0.0,0.0,0.0,0.9375,0.0,0.9148148148148147,0.44717635592248595,C1,C1_morgan_only,B4,B4_threshold_tuning_only,CV,3,0.85,none,
0.0,0.0,0.0,0.9375,0.0,0.9148148148148147,0.44717635592248595,C1,C1_morgan_only,B4,B4_threshold_tuning_only,CV,3,0.9,none,
0.3540244812627134,0.3050847457627119,0.18,0.7152777777777778,1.0,0.9382716049382716,0.5172620153598415,C1,C1_morgan_only,B4,B4_threshold_tuning_only,CV,4,0.05,none,
0.4231613910210733,0.4,0.25806451612903225,0.8333333333333334,0.8888888888888888,0.9382716049382716,0.5172620153598415,C1,C1_morgan_only,B4,B4_threshold_tuning_only,CV,4,0.1,none,
0.47699777957599565,0.4827586206896552,0.35,0.8958333333333334,0.7777777777777778,0.9382716049382716,0.5172620153598415,C1,C1_morgan_only,B4,B4_threshold_tuning_only,CV,4,0.15,none,
0.41920055522398564,0.45454545454545453,0.38461538461538464,0.9166666666666666,0.5555555555555556,0.9382716049382716,0.5172620153598415,C1,C1_morgan_only,B4,B4_threshold_tuning_only,CV,4,0.2,none,
0.4383570037596046,0.47058823529411764,0.5,0.9375,0.4444444444444444,0.9382716049382716,0.5172620153598415,C1,C1_morgan_only,B4,B4_threshold_tuning_only,CV,4,0.25,none,
0.4211438119119769,0.42857142857142855,0.6,0.9444444444444444,0.3333333333333333,0.9382716049382716,0.5172620153598415,C1,C1_morgan_only,B4,B4_threshold_tuning_only,CV,4,0.3,none,
0.48007935851918326,0.46153846153846156,0.75,0.9513888888888888,0.3333333333333333,0.9382716049382716,0.5172620153598415,C1,C1_morgan_only,B4,B4_threshold_tuning_only,CV,4,0.35,none,
0.48007935851918326,0.46153846153846156,0.75,0.9513888888888888,0.3333333333333333,0.9382716049382716,0.5172620153598415,C1,C1_morgan_only,B4,B4_threshold_tuning_only,CV,4,0.4,none,
0.48007935851918326,0.46153846153846156,0.75,0.9513888888888888,0.3333333333333333,0.9382716049382716,0.5172620153598415,C1,C1_morgan_only,B4,B4_threshold_tuning_only,CV,4,0.45,none,
0.48007935851918326,0.46153846153846156,0.75,0.9513888888888888,0.3333333333333333,0.9382716049382716,0.5172620153598415,C1,C1_morgan_only,B4,B4_threshold_tuning_only,CV,4,0.5,none,
0.48007935851918326,0.46153846153846156,0.75,0.9513888888888888,0.3333333333333333,0.9382716049382716,0.5172620153598415,C1,C1_morgan_only,B4,B4_threshold_tuning_only,CV,4,0.55,none,
0.36406772895810957,0.3333333333333333,0.6666666666666666,0.9444444444444444,0.2222222222222222,0.9382716049382716,0.5172620153598415,C1,C1_morgan_only,B4,B4_threshold_tuning_only,CV,4,0.6,none,
0.32387513781564786,0.2,1.0,0.9444444444444444,0.1111111111111111,0.9382716049382716,0.5172620153598415,C1,C1_morgan_only,B4,B4_threshold_tuning_only,CV,4,0.65,none,
0.0,0.0,0.0,0.9375,0.0,0.9382716049382716,0.5172620153598415,C1,C1_morgan_only,B4,B4_threshold_tuning_only,CV,4,0.7,none,
0.0,0.0,0.0,0.9375,0.0,0.9382716049382716,0.5172620153598415,C1,C1_morgan_only,B4,B4_threshold_tuning_only,CV,4,0.75,none,
0.0,0.0,0.0,0.9375,0.0,0.9382716049382716,0.5172620153598415,C1,C1_morgan_only,B4,B4_threshold_tuning_only,CV,4,0.8,none,
0.0,0.0,0.0,0.9375,0.0,0.9382716049382716,0.5172620153598415,C1,C1_morgan_only,B4,B4_threshold_tuning_only,CV,4,0.85,none,
0.0,0.0,0.0,0.9375,0.0,0.9382716049382716,0.5172620153598415,C1,C1_morgan_only,B4,B4_threshold_tuning_only,CV,4,0.9,none,
0.268767319880733,0.2857142857142857,0.18181818181818182,0.7916666666666666,0.6666666666666666,0.8942386831275719,0.5401987353206865,C1,C1_morgan_only,B4,B4_threshold_tuning_only,CV,5,0.05,none,
0.3231858951238707,0.35714285714285715,0.2631578947368421,0.875,0.5555555555555556,0.8942386831275719,0.5401987353206865,C1,C1_morgan_only,B4,B4_threshold_tuning_only,CV,5,0.1,none,
0.41920055522398564,0.45454545454545453,0.38461538461538464,0.9166666666666666,0.5555555555555556,0.8942386831275719,0.5401987353206865,C1,C1_morgan_only,B4,B4_threshold_tuning_only,CV,5,0.15,none,
0.4383570037596046,0.47058823529411764,0.5,0.9375,0.4444444444444444,0.8942386831275719,0.5401987353206865,C1,C1_morgan_only,B4,B4_threshold_tuning_only,CV,5,0.2,none,
0.5204358386562267,0.5333333333333333,0.6666666666666666,0.9513888888888888,0.4444444444444444,0.8942386831275719,0.5401987353206865,C1,C1_morgan_only,B4,B4_threshold_tuning_only,CV,5,0.25,none,
0.48007935851918326,0.46153846153846156,0.75,0.9513888888888888,0.3333333333333333,0.8942386831275719,0.5401987353206865,C1,C1_morgan_only,B4,B4_threshold_tuning_only,CV,5,0.3,none,
0.48007935851918326,0.46153846153846156,0.75,0.9513888888888888,0.3333333333333333,0.8942386831275719,0.5401987353206865,C1,C1_morgan_only,B4,B4_threshold_tuning_only,CV,5,0.35,none,
0.48007935851918326,0.46153846153846156,0.75,0.9513888888888888,0.3333333333333333,0.8942386831275719,0.5401987353206865,C1,C1_morgan_only,B4,B4_threshold_tuning_only,CV,5,0.4,none,
0.48007935851918326,0.46153846153846156,0.75,0.9513888888888888,0.3333333333333333,0.8942386831275719,0.5401987353206865,C1,C1_morgan_only,B4,B4_threshold_tuning_only,CV,5,0.45,none,
0.4596385597769217,0.36363636363636365,1.0,0.9513888888888888,0.2222222222222222,0.8942386831275719,0.5401987353206865,C1,C1_morgan_only,B4,B4_threshold_tuning_only,CV,5,0.5,none,
0.32387513781564786,0.2,1.0,0.9444444444444444,0.1111111111111111,0.8942386831275719,0.5401987353206865,C1,C1_morgan_only,B4,B4_threshold_tuning_only,CV,5,0.55,none,
0.0,0.0,0.0,0.9375,0.0,0.8942386831275719,0.5401987353206865,C1,C1_morgan_only,B4,B4_threshold_tuning_only,CV,5,0.6,none,
0.0,0.0,0.0,0.9375,0.0,0.8942386831275719,0.5401987353206865,C1,C1_morgan_only,B4,B4_threshold_tuning_only,CV,5,0.65,none,
0.0,0.0,0.0,0.9375,0.0,0.8942386831275719,0.5401987353206865,C1,C1_morgan_only,B4,B4_threshold_tuning_only,CV,5,0.7,none,
0.0,0.0,0.0,0.9375,0.0,0.8942386831275719,0.5401987353206865,C1,C1_morgan_only,B4,B4_threshold_tuning_only,CV,5,0.75,none,
0.0,0.0,0.0,0.9375,0.0,0.8942386831275719,0.5401987353206865,C1,C1_morgan_only,B4,B4_threshold_tuning_only,CV,5,0.8,none,
0.0,0.0,0.0,0.9375,0.0,0.8942386831275719,0.5401987353206865,C1,C1_morgan_only,B4,B4_threshold_tuning_only,CV,5,0.85,none,
0.0,0.0,0.0,0.9375,0.0,0.8942386831275719,0.5401987353206865,C1,C1_morgan_only,B4,B4_threshold_tuning_only,CV,5,0.9,none,
0.24211050369753387,0.2608695652173913,0.16216216216216217,0.7638888888888888,0.6666666666666666,0.8831275720164609,0.3407980773922803,C1,C1_morgan_only,B4,B4_threshold_tuning_only,CV,6,0.05,none,
0.2997396383854838,0.3333333333333333,0.23809523809523808,0.8611111111111112,0.5555555555555556,0.8831275720164609,0.3407980773922803,C1,C1_morgan_only,B4,B4_threshold_tuning_only,CV,6,0.1,none,
0.3577734237456226,0.4,0.36363636363636365,0.9166666666666666,0.4444444444444444,0.8831275720164609,0.3407980773922803,C1,C1_morgan_only,B4,B4_threshold_tuning_only,CV,6,0.15,none,
0.3131121455425747,0.35294117647058826,0.375,0.9236111111111112,0.3333333333333333,0.8831275720164609,0.3407980773922803,C1,C1_morgan_only,B4,B4_threshold_tuning_only,CV,6,0.2,none,
0.3418447572008692,0.375,0.42857142857142855,0.9305555555555556,0.3333333333333333,0.8831275720164609,0.3407980773922803,C1,C1_morgan_only,B4,B4_threshold_tuning_only,CV,6,0.25,none,
0.3768673314407158,0.4,0.5,0.9375,0.3333333333333333,0.8831275720164609,0.3407980773922803,C1,C1_morgan_only,B4,B4_threshold_tuning_only,CV,6,0.3,none,
0.3768673314407158,0.4,0.5,0.9375,0.3333333333333333,0.8831275720164609,0.3407980773922803,C1,C1_morgan_only,B4,B4_threshold_tuning_only,CV,6,0.35,none,
0.3768673314407158,0.4,0.5,0.9375,0.3333333333333333,0.8831275720164609,0.3407980773922803,C1,C1_morgan_only,B4,B4_threshold_tuning_only,CV,6,0.4,none,
0.3768673314407158,0.4,0.5,0.9375,0.3333333333333333,0.8831275720164609,0.3407980773922803,C1,C1_morgan_only,B4,B4_threshold_tuning_only,CV,6,0.45,none,
0.3768673314407158,0.4,0.5,0.9375,0.3333333333333333,0.8831275720164609,0.3407980773922803,C1,C1_morgan_only,B4,B4_threshold_tuning_only,CV,6,0.5,none,
0.30550504633038933,0.3076923076923077,0.5,0.9375,0.2222222222222222,0.8831275720164609,0.3407980773922803,C1,C1_morgan_only,B4,B4_threshold_tuning_only,CV,6,0.55,none,
-0.021591675854376526,0.0,0.0,0.9305555555555556,0.0,0.8831275720164609,0.3407980773922803,C1,C1_morgan_only,B4,B4_threshold_tuning_only,CV,6,0.6,none,
-0.021591675854376526,0.0,0.0,0.9305555555555556,0.0,0.8831275720164609,0.3407980773922803,C1,C1_morgan_only,B4,B4_threshold_tuning_only,CV,6,0.65,none,
0.0,0.0,0.0,0.9375,0.0,0.8831275720164609,0.3407980773922803,C1,C1_morgan_only,B4,B4_threshold_tuning_only,CV,6,0.7,none,
0.0,0.0,0.0,0.9375,0.0,0.8831275720164609,0.3407980773922803,C1,C1_morgan_only,B4,B4_threshold_tuning_only,CV,6,0.75,none,
0.0,0.0,0.0,0.9375,0.0,0.8831275720164609,0.3407980773922803,C1,C1_morgan_only,B4,B4_threshold_tuning_only,CV,6,0.8,none,
0.0,0.0,0.0,0.9375,0.0,0.8831275720164609,0.3407980773922803,C1,C1_morgan_only,B4,B4_threshold_tuning_only,CV,6,0.85,none,
0.0,0.0,0.0,0.9375,0.0,0.8831275720164609,0.3407980773922803,C1,C1_morgan_only,B4,B4_threshold_tuning_only,CV,6,0.9,none,
0.35869816065240034,0.3783783783783784,0.25925925925925924,0.8402777777777778,0.7,0.882089552238806,0.41823334073334073,C1,C1_morgan_only,B4,B4_threshold_tuning_only,CV,7,0.05,none,
0.371398290485425,0.4166666666666667,0.35714285714285715,0.9027777777777778,0.5,0.882089552238806,0.41823334073334073,C1,C1_morgan_only,B4,B4_threshold_tuning_only,CV,7,0.1,none,
0.35522388059701493,0.4,0.4,0.9166666666666666,0.4,0.882089552238806,0.41823334073334073,C1,C1_morgan_only,B4,B4_threshold_tuning_only,CV,7,0.15,none,
0.39583898234801435,0.4,0.6,0.9375,0.3,0.882089552238806,0.41823334073334073,C1,C1_morgan_only,B4,B4_threshold_tuning_only,CV,7,0.2,none,
0.28628939985455826,0.2857142857142857,0.5,0.9305555555555556,0.2,0.882089552238806,0.41823334073334073,C1,C1_morgan_only,B4,B4_threshold_tuning_only,CV,7,0.25,none,
0.1514196606236208,0.15384615384615385,0.3333333333333333,0.9236111111111112,0.1,0.882089552238806,0.41823334073334073,C1,C1_morgan_only,B4,B4_threshold_tuning_only,CV,7,0.3,none,
0.1514196606236208,0.15384615384615385,0.3333333333333333,0.9236111111111112,0.1,0.882089552238806,0.41823334073334073,C1,C1_morgan_only,B4,B4_threshold_tuning_only,CV,7,0.35,none,
0.2010065066712914,0.16666666666666666,0.5,0.9305555555555556,0.1,0.882089552238806,0.41823334073334073,C1,C1_morgan_only,B4,B4_threshold_tuning_only,CV,7,0.4,none,
0.30611483744878115,0.18181818181818182,1.0,0.9375,0.1,0.882089552238806,0.41823334073334073,C1,C1_morgan_only,B4,B4_threshold_tuning_only,CV,7,0.45,none,
0.30611483744878115,0.18181818181818182,1.0,0.9375,0.1,0.882089552238806,0.41823334073334073,C1,C1_morgan_only,B4,B4_threshold_tuning_only,CV,7,0.5,none,
0.30611483744878115,0.18181818181818182,1.0,0.9375,0.1,0.882089552238806,0.41823334073334073,C1,C1_morgan_only,B4,B4_threshold_tuning_only,CV,7,0.55,none,
0.0,0.0,0.0,0.9305555555555556,0.0,0.882089552238806,0.41823334073334073,C1,C1_morgan_only,B4,B4_threshold_tuning_only,CV,7,0.6,none,
0.0,0.0,0.0,0.9305555555555556,0.0,0.882089552238806,0.41823334073334073,C1,C1_morgan_only,B4,B4_threshold_tuning_only,CV,7,0.65,none,
0.0,0.0,0.0,0.9305555555555556,0.0,0.882089552238806,0.41823334073334073,C1,C1_morgan_only,B4,B4_threshold_tuning_only,CV,7,0.7,none,
0.0,0.0,0.0,0.9305555555555556,0.0,0.882089552238806,0.41823334073334073,C1,C1_morgan_only,B4,B4_threshold_tuning_only,CV,7,0.75,none,
0.0,0.0,0.0,0.9305555555555556,0.0,0.882089552238806,0.41823334073334073,C1,C1_morgan_only,B4,B4_threshold_tuning_only,CV,7,0.8,none,
0.0,0.0,0.0,0.9305555555555556,0.0,0.882089552238806,0.41823334073334073,C1,C1_morgan_only,B4,B4_threshold_tuning_only,CV,7,0.85,none,
0.0,0.0,0.0,0.9305555555555556,0.0,0.882089552238806,0.41823334073334073,C1,C1_morgan_only,B4,B4_threshold_tuning_only,CV,7,0.9,none,
0.46424388855395987,0.47058823529411764,0.3333333333333333,0.875,0.8,0.9242537313432836,0.5788710811884394,C1,C1_morgan_only,B4,B4_threshold_tuning_only,CV,8,0.05,none,
0.43566760954221007,0.47619047619047616,0.45454545454545453,0.9236111111111112,0.5,0.9242537313432836,0.5788710811884394,C1,C1_morgan_only,B4,B4_threshold_tuning_only,CV,8,0.1,none,
0.410785239182794,0.4444444444444444,0.5,0.9305555555555556,0.4,0.9242537313432836,0.5788710811884394,C1,C1_morgan_only,B4,B4_threshold_tuning_only,CV,8,0.15,none,
0.489871455413899,0.5,0.6666666666666666,0.9444444444444444,0.4,0.9242537313432836,0.5788710811884394,C1,C1_morgan_only,B4,B4_threshold_tuning_only,CV,8,0.2,none,
0.45252195460881794,0.42857142857142855,0.75,0.9444444444444444,0.3,0.9242537313432836,0.5788710811884394,C1,C1_morgan_only,B4,B4_threshold_tuning_only,CV,8,0.25,none,
0.45252195460881794,0.42857142857142855,0.75,0.9444444444444444,0.3,0.9242537313432836,0.5788710811884394,C1,C1_morgan_only,B4,B4_threshold_tuning_only,CV,8,0.3,none,
0.45252195460881794,0.42857142857142855,0.75,0.9444444444444444,0.3,0.9242537313432836,0.5788710811884394,C1,C1_morgan_only,B4,B4_threshold_tuning_only,CV,8,0.35,none,
0.3426866003587208,0.3076923076923077,0.6666666666666666,0.9375,0.2,0.9242537313432836,0.5788710811884394,C1,C1_morgan_only,B4,B4_threshold_tuning_only,CV,8,0.4,none,
0.3426866003587208,0.3076923076923077,0.6666666666666666,0.9375,0.2,0.9242537313432836,0.5788710811884394,C1,C1_morgan_only,B4,B4_threshold_tuning_only,CV,8,0.45,none,
0.3426866003587208,0.3076923076923077,0.6666666666666666,0.9375,0.2,0.9242537313432836,0.5788710811884394,C1,C1_morgan_only,B4,B4_threshold_tuning_only,CV,8,0.5,none,
0.30611483744878115,0.18181818181818182,1.0,0.9375,0.1,0.9242537313432836,0.5788710811884394,C1,C1_morgan_only,B4,B4_threshold_tuning_only,CV,8,0.55,none,
0.30611483744878115,0.18181818181818182,1.0,0.9375,0.1,0.9242537313432836,0.5788710811884394,C1,C1_morgan_only,B4,B4_threshold_tuning_only,CV,8,0.6,none,
0.0,0.0,0.0,0.9305555555555556,0.0,0.9242537313432836,0.5788710811884394,C1,C1_morgan_only,B4,B4_threshold_tuning_only,CV,8,0.65,none,
0.0,0.0,0.0,0.9305555555555556,0.0,0.9242537313432836,0.5788710811884394,C1,C1_morgan_only,B4,B4_threshold_tuning_only,CV,8,0.7,none,
0.0,0.0,0.0,0.9305555555555556,0.0,0.9242537313432836,0.5788710811884394,C1,C1_morgan_only,B4,B4_threshold_tuning_only,CV,8,0.75,none,
0.0,0.0,0.0,0.9305555555555556,0.0,0.9242537313432836,0.5788710811884394,C1,C1_morgan_only,B4,B4_threshold_tuning_only,CV,8,0.8,none,
0.0,0.0,0.0,0.9305555555555556,0.0,0.9242537313432836,0.5788710811884394,C1,C1_morgan_only,B4,B4_threshold_tuning_only,CV,8,0.85,none,
0.0,0.0,0.0,0.9305555555555556,0.0,0.9242537313432836,0.5788710811884394,C1,C1_morgan_only,B4,B4_threshold_tuning_only,CV,8,0.9,none,
0.29839274673385774,0.3181818181818182,0.20588235294117646,0.7916666666666666,0.7,0.7914179104477612,0.3643071076210611,C1,C1_morgan_only,B4,B4_threshold_tuning_only,CV,9,0.05,none,
0.37781195004839585,0.41379310344827586,0.3157894736842105,0.8819444444444444,0.6,0.7914179104477612,0.3643071076210611,C1,C1_morgan_only,B4,B4_threshold_tuning_only,CV,9,0.1,none,
0.371398290485425,0.4166666666666667,0.35714285714285715,0.9027777777777778,0.5,0.7914179104477612,0.3643071076210611,C1,C1_morgan_only,B4,B4_threshold_tuning_only,CV,9,0.15,none,
0.35522388059701493,0.4,0.4,0.9166666666666666,0.4,0.7914179104477612,0.3643071076210611,C1,C1_morgan_only,B4,B4_threshold_tuning_only,CV,9,0.2,none,
0.410785239182794,0.4444444444444444,0.5,0.9305555555555556,0.4,0.7914179104477612,0.3643071076210611,C1,C1_morgan_only,B4,B4_threshold_tuning_only,CV,9,0.25,none,
0.410785239182794,0.4444444444444444,0.5,0.9305555555555556,0.4,0.7914179104477612,0.3643071076210611,C1,C1_morgan_only,B4,B4_threshold_tuning_only,CV,9,0.3,none,
0.410785239182794,0.4444444444444444,0.5,0.9305555555555556,0.4,0.7914179104477612,0.3643071076210611,C1,C1_morgan_only,B4,B4_threshold_tuning_only,CV,9,0.35,none,
0.489871455413899,0.5,0.6666666666666666,0.9444444444444444,0.4,0.7914179104477612,0.3643071076210611,C1,C1_morgan_only,B4,B4_threshold_tuning_only,CV,9,0.4,none,
0.28628939985455826,0.2857142857142857,0.5,0.9305555555555556,0.2,0.7914179104477612,0.3643071076210611,C1,C1_morgan_only,B4,B4_threshold_tuning_only,CV,9,0.45,none,
0.28628939985455826,0.2857142857142857,0.5,0.9305555555555556,0.2,0.7914179104477612,0.3643071076210611,C1,C1_morgan_only,B4,B4_threshold_tuning_only,CV,9,0.5,none,
0.2010065066712914,0.16666666666666666,0.5,0.9305555555555556,0.1,0.7914179104477612,0.3643071076210611,C1,C1_morgan_only,B4,B4_threshold_tuning_only,CV,9,0.55,none,
0.2010065066712914,0.16666666666666666,0.5,0.9305555555555556,0.1,0.7914179104477612,0.3643071076210611,C1,C1_morgan_only,B4,B4_threshold_tuning_only,CV,9,0.6,none,
0.2010065066712914,0.16666666666666666,0.5,0.9305555555555556,0.1,0.7914179104477612,0.3643071076210611,C1,C1_morgan_only,B4,B4_threshold_tuning_only,CV,9,0.65,none,
0.2010065066712914,0.16666666666666666,0.5,0.9305555555555556,0.1,0.7914179104477612,0.3643071076210611,C1,C1_morgan_only,B4,B4_threshold_tuning_only,CV,9,0.7,none,
-0.02284439085438665,0.0,0.0,0.9236111111111112,0.0,0.7914179104477612,0.3643071076210611,C1,C1_morgan_only,B4,B4_threshold_tuning_only,CV,9,0.75,none,
0.0,0.0,0.0,0.9305555555555556,0.0,0.7914179104477612,0.3643071076210611,C1,C1_morgan_only,B4,B4_threshold_tuning_only,CV,9,0.8,none,
0.0,0.0,0.0,0.9305555555555556,0.0,0.7914179104477612,0.3643071076210611,C1,C1_morgan_only,B4,B4_threshold_tuning_only,CV,9,0.85,none,
0.0,0.0,0.0,0.9305555555555556,0.0,0.7914179104477612,0.3643071076210611,C1,C1_morgan_only,B4,B4_threshold_tuning_only,CV,9,0.9,none,
0.34014330292858763,0.32142857142857145,0.1956521739130435,0.7361111111111112,0.9,0.9033582089552239,0.3640896358543418,C1,C1_morgan_only,B4,B4_threshold_tuning_only,CV,10,0.05,none,
0.3689109286908117,0.3888888888888889,0.2692307692307692,0.8472222222222222,0.7,0.9033582089552239,0.3640896358543418,C1,C1_morgan_only,B4,B4_threshold_tuning_only,CV,10,0.1,none,
0.4249670751074407,0.46153846153846156,0.375,0.9027777777777778,0.6,0.9033582089552239,0.3640896358543418,C1,C1_morgan_only,B4,B4_threshold_tuning_only,CV,10,0.15,none,
0.3328214853224097,0.38095238095238093,0.36363636363636365,0.9097222222222222,0.4,0.9033582089552239,0.3640896358543418,C1,C1_morgan_only,B4,B4_threshold_tuning_only,CV,10,0.2,none,
0.29152500845230545,0.3333333333333333,0.375,0.9166666666666666,0.3,0.9033582089552239,0.3640896358543418,C1,C1_morgan_only,B4,B4_threshold_tuning_only,CV,10,0.25,none,
0.12005684510029863,0.14285714285714285,0.25,0.9166666666666666,0.1,0.9033582089552239,0.3640896358543418,C1,C1_morgan_only,B4,B4_threshold_tuning_only,CV,10,0.3,none,
0.12005684510029863,0.14285714285714285,0.25,0.9166666666666666,0.1,0.9033582089552239,0.3640896358543418,C1,C1_morgan_only,B4,B4_threshold_tuning_only,CV,10,0.35,none,
0.1514196606236208,0.15384615384615385,0.3333333333333333,0.9236111111111112,0.1,0.9033582089552239,0.3640896358543418,C1,C1_morgan_only,B4,B4_threshold_tuning_only,CV,10,0.4,none,
0.1514196606236208,0.15384615384615385,0.3333333333333333,0.9236111111111112,0.1,0.9033582089552239,0.3640896358543418,C1,C1_morgan_only,B4,B4_threshold_tuning_only,CV,10,0.45,none,
0.2010065066712914,0.16666666666666666,0.5,0.9305555555555556,0.1,0.9033582089552239,0.3640896358543418,C1,C1_morgan_only,B4,B4_threshold_tuning_only,CV,10,0.5,none,
-0.02284439085438665,0.0,0.0,0.9236111111111112,0.0,0.9033582089552239,0.3640896358543418,C1,C1_morgan_only,B4,B4_threshold_tuning_only,CV,10,0.55,none,
-0.02284439085438665,0.0,0.0,0.9236111111111112,0.0,0.9033582089552239,0.3640896358543418,C1,C1_morgan_only,B4,B4_threshold_tuning_only,CV,10,0.6,none,
-0.02284439085438665,0.0,0.0,0.9236111111111112,0.0,0.9033582089552239,0.3640896358543418,C1,C1_morgan_only,B4,B4_threshold_tuning_only,CV,10,0.65,none,
-0.02284439085438665,0.0,0.0,0.9236111111111112,0.0,0.9033582089552239,0.3640896358543418,C1,C1_morgan_only,B4,B4_threshold_tuning_only,CV,10,0.7,none,
-0.02284439085438665,0.0,0.0,0.9236111111111112,0.0,0.9033582089552239,0.3640896358543418,C1,C1_morgan_only,B4,B4_threshold_tuning_only,CV,10,0.75,none,
0.0,0.0,0.0,0.9305555555555556,0.0,0.9033582089552239,0.3640896358543418,C1,C1_morgan_only,B4,B4_threshold_tuning_only,CV,10,0.8,none,
0.0,0.0,0.0,0.9305555555555556,0.0,0.9033582089552239,0.3640896358543418,C1,C1_morgan_only,B4,B4_threshold_tuning_only,CV,10,0.85,none,
0.0,0.0,0.0,0.9305555555555556,0.0,0.9033582089552239,0.3640896358543418,C1,C1_morgan_only,B4,B4_threshold_tuning_only,CV,10,0.9,none,
0.10176802973291375,0.2,0.2222222222222222,0.8222222222222222,0.18181818181818182,0.6409666283084005,0.25195501179543733,C1,C1_morgan_only,B4,B4_threshold_tuning_only,LOGO,1,0.05,none,Atovaquone
0.17225811675152738,0.23529411764705882,0.3333333333333333,0.8555555555555555,0.18181818181818182,0.6409666283084005,0.25195501179543733,C1,C1_morgan_only,B4,B4_threshold_tuning_only,LOGO,1,0.1,none,Atovaquone
0.11968637508014936,0.14285714285714285,0.3333333333333333,0.8666666666666667,0.09090909090909091,0.6409666283084005,0.25195501179543733,C1,C1_morgan_only,B4,B4_threshold_tuning_only,LOGO,1,0.15,none,Atovaquone
0.11968637508014936,0.14285714285714285,0.3333333333333333,0.8666666666666667,0.09090909090909091,0.6409666283084005,0.25195501179543733,C1,C1_morgan_only,B4,B4_threshold_tuning_only,LOGO,1,0.2,none,Atovaquone
0.17387722105220368,0.15384615384615385,0.5,0.8777777777777778,0.09090909090909091,0.6409666283084005,0.25195501179543733,C1,C1_morgan_only,B4,B4_threshold_tuning_only,LOGO,1,0.25,none,Atovaquone
0.17387722105220368,0.15384615384615385,0.5,0.8777777777777778,0.09090909090909091,0.6409666283084005,0.25195501179543733,C1,C1_morgan_only,B4,B4_threshold_tuning_only,LOGO,1,0.3,none,Atovaquone
0.17387722105220368,0.15384615384615385,0.5,0.8777777777777778,0.09090909090909091,0.6409666283084005,0.25195501179543733,C1,C1_morgan_only,B4,B4_threshold_tuning_only,LOGO,1,0.35,none,Atovaquone
0.17387722105220368,0.15384615384615385,0.5,0.8777777777777778,0.09090909090909091,0.6409666283084005,0.25195501179543733,C1,C1_morgan_only,B4,B4_threshold_tuning_only,LOGO,1,0.4,none,Atovaquone
0.17387722105220368,0.15384615384615385,0.5,0.8777777777777778,0.09090909090909091,0.6409666283084005,0.25195501179543733,C1,C1_morgan_only,B4,B4_threshold_tuning_only,LOGO,1,0.45,none,Atovaquone
0.17387722105220368,0.15384615384615385,0.5,0.8777777777777778,0.09090909090909091,0.6409666283084005,0.25195501179543733,C1,C1_morgan_only,B4,B4_threshold_tuning_only,LOGO,1,0.5,none,Atovaquone
0.17387722105220368,0.15384615384615385,0.5,0.8777777777777778,0.09090909090909091,0.6409666283084005,0.25195501179543733,C1,C1_morgan_only,B4,B4_threshold_tuning_only,LOGO,1,0.55,none,Atovaquone
0.17387722105220368,0.15384615384615385,0.5,0.8777777777777778,0.09090909090909091,0.6409666283084005,0.25195501179543733,C1,C1_morgan_only,B4,B4_threshold_tuning_only,LOGO,1,0.6,none,Atovaquone
-0.03955376178208136,0.0,0.0,0.8666666666666667,0.0,0.6409666283084005,0.25195501179543733,C1,C1_morgan_only,B4,B4_threshold_tuning_only,LOGO,1,0.65,none,Atovaquone
-0.03955376178208136,0.0,0.0,0.8666666666666667,0.0,0.6409666283084005,0.25195501179543733,C1,C1_morgan_only,B4,B4_threshold_tuning_only,LOGO,1,0.7,none,Atovaquone
-0.03955376178208136,0.0,0.0,0.8666666666666667,0.0,0.6409666283084005,0.25195501179543733,C1,C1_morgan_only,B4,B4_threshold_tuning_only,LOGO,1,0.75,none,Atovaquone
0.0,0.0,0.0,0.8777777777777778,0.0,0.6409666283084005,0.25195501179543733,C1,C1_morgan_only,B4,B4_threshold_tuning_only,LOGO,1,0.8,none,Atovaquone
0.0,0.0,0.0,0.8777777777777778,0.0,0.6409666283084005,0.25195501179543733,C1,C1_morgan_only,B4,B4_threshold_tuning_only,LOGO,1,0.85,none,Atovaquone
0.0,0.0,0.0,0.8777777777777778,0.0,0.6409666283084005,0.25195501179543733,C1,C1_morgan_only,B4,B4_threshold_tuning_only,LOGO,1,0.9,none,Atovaquone
0.3499817787459071,0.3333333333333333,0.21052631578947367,0.8222222222222222,0.8,0.9,0.5468253968253969,C1,C1_morgan_only,B4,B4_threshold_tuning_only,LOGO,2,0.05,none,Chlorpromazine_Hcl
0.2918001232638926,0.3333333333333333,0.2857142857142857,0.9111111111111111,0.4,0.9,0.5468253968253969,C1,C1_morgan_only,B4,B4_threshold_tuning_only,LOGO,2,0.1,none,Chlorpromazine_Hcl
0.41845262477275313,0.4444444444444444,0.5,0.9444444444444444,0.4,0.9,0.5468253968253969,C1,C1_morgan_only,B4,B4_threshold_tuning_only,LOGO,2,0.15,none,Chlorpromazine_Hcl
0.49541508402214945,0.5,0.6666666666666666,0.9555555555555556,0.4,0.9,0.5468253968253969,C1,C1_morgan_only,B4,B4_threshold_tuning_only,LOGO,2,0.2,none,Chlorpromazine_Hcl
0.621581560508061,0.5714285714285714,1.0,0.9666666666666667,0.4,0.9,0.5468253968253969,C1,C1_morgan_only,B4,B4_threshold_tuning_only,LOGO,2,0.25,none,Chlorpromazine_Hcl
0.621581560508061,0.5714285714285714,1.0,0.9666666666666667,0.4,0.9,0.5468253968253969,C1,C1_morgan_only,B4,B4_threshold_tuning_only,LOGO,2,0.3,none,Chlorpromazine_Hcl
0.621581560508061,0.5714285714285714,1.0,0.9666666666666667,0.4,0.9,0.5468253968253969,C1,C1_morgan_only,B4,B4_threshold_tuning_only,LOGO,2,0.35,none,Chlorpromazine_Hcl
0.621581560508061,0.5714285714285714,1.0,0.9666666666666667,0.4,0.9,0.5468253968253969,C1,C1_morgan_only,B4,B4_threshold_tuning_only,LOGO,2,0.4,none,Chlorpromazine_Hcl
0.621581560508061,0.5714285714285714,1.0,0.9666666666666667,0.4,0.9,0.5468253968253969,C1,C1_morgan_only,B4,B4_threshold_tuning_only,LOGO,2,0.45,none,Chlorpromazine_Hcl
0.621581560508061,0.5714285714285714,1.0,0.9666666666666667,0.4,0.9,0.5468253968253969,C1,C1_morgan_only,B4,B4_threshold_tuning_only,LOGO,2,0.5,none,Chlorpromazine_Hcl
0.621581560508061,0.5714285714285714,1.0,0.9666666666666667,0.4,0.9,0.5468253968253969,C1,C1_morgan_only,B4,B4_threshold_tuning_only,LOGO,2,0.55,none,Chlorpromazine_Hcl
0.4370483222197017,0.3333333333333333,1.0,0.9555555555555556,0.2,0.9,0.5468253968253969,C1,C1_morgan_only,B4,B4_threshold_tuning_only,LOGO,2,0.6,none,Chlorpromazine_Hcl
0.0,0.0,0.0,0.9444444444444444,0.0,0.9,0.5468253968253969,C1,C1_morgan_only,B4,B4_threshold_tuning_only,LOGO,2,0.65,none,Chlorpromazine_Hcl
0.0,0.0,0.0,0.9444444444444444,0.0,0.9,0.5468253968253969,C1,C1_morgan_only,B4,B4_threshold_tuning_only,LOGO,2,0.7,none,Chlorpromazine_Hcl
0.0,0.0,0.0,0.9444444444444444,0.0,0.9,0.5468253968253969,C1,C1_morgan_only,B4,B4_threshold_tuning_only,LOGO,2,0.75,none,Chlorpromazine_Hcl
0.0,0.0,0.0,0.9444444444444444,0.0,0.9,0.5468253968253969,C1,C1_morgan_only,B4,B4_threshold_tuning_only,LOGO,2,0.8,none,Chlorpromazine_Hcl
0.0,0.0,0.0,0.9444444444444444,0.0,0.9,0.5468253968253969,C1,C1_morgan_only,B4,B4_threshold_tuning_only,LOGO,2,0.85,none,Chlorpromazine_Hcl
0.0,0.0,0.0,0.9444444444444444,0.0,0.9,0.5468253968253969,C1,C1_morgan_only,B4,B4_threshold_tuning_only,LOGO,2,0.9,none,Chlorpromazine_Hcl
0.19851666679418606,0.17391304347826086,0.1,0.7888888888888889,0.6666666666666666,0.9022988505747127,0.3717948717948718,C1,C1_morgan_only,B4,B4_threshold_tuning_only,LOGO,3,0.05,none,Clofazimine
0.35075786100109796,0.3333333333333333,0.2222222222222222,0.9111111111111111,0.6666666666666666,0.9022988505747127,0.3717948717948718,C1,C1_morgan_only,B4,B4_threshold_tuning_only,LOGO,3,0.1,none,Clofazimine
0.4083088605285075,0.4,0.2857142857142857,0.9333333333333333,0.6666666666666666,0.9022988505747127,0.3717948717948718,C1,C1_morgan_only,B4,B4_threshold_tuning_only,LOGO,3,0.15,none,Clofazimine
0.5606732120242913,0.5714285714285714,0.5,0.9666666666666667,0.6666666666666666,0.9022988505747127,0.3717948717948718,C1,C1_morgan_only,B4,B4_threshold_tuning_only,LOGO,3,0.2,none,Clofazimine
0.39192475766909796,0.4,0.5,0.9666666666666667,0.3333333333333333,0.9022988505747127,0.3717948717948718,C1,C1_morgan_only,B4,B4_threshold_tuning_only,LOGO,3,0.25,none,Clofazimine
0.39192475766909796,0.4,0.5,0.9666666666666667,0.3333333333333333,0.9022988505747127,0.3717948717948718,C1,C1_morgan_only,B4,B4_threshold_tuning_only,LOGO,3,0.3,none,Clofazimine
0.39192475766909796,0.4,0.5,0.9666666666666667,0.3333333333333333,0.9022988505747127,0.3717948717948718,C1,C1_morgan_only,B4,B4_threshold_tuning_only,LOGO,3,0.35,none,Clofazimine
0.39192475766909796,0.4,0.5,0.9666666666666667,0.3333333333333333,0.9022988505747127,0.3717948717948718,C1,C1_morgan_only,B4,B4_threshold_tuning_only,LOGO,3,0.4,none,Clofazimine
0.39192475766909796,0.4,0.5,0.9666666666666667,0.3333333333333333,0.9022988505747127,0.3717948717948718,C1,C1_morgan_only,B4,B4_threshold_tuning_only,LOGO,3,0.45,none,Clofazimine
0.39192475766909796,0.4,0.5,0.9666666666666667,0.3333333333333333,0.9022988505747127,0.3717948717948718,C1,C1_morgan_only,B4,B4_threshold_tuning_only,LOGO,3,0.5,none,Clofazimine
0.39192475766909796,0.4,0.5,0.9666666666666667,0.3333333333333333,0.9022988505747127,0.3717948717948718,C1,C1_morgan_only,B4,B4_threshold_tuning_only,LOGO,3,0.55,none,Clofazimine
0.39192475766909796,0.4,0.5,0.9666666666666667,0.3333333333333333,0.9022988505747127,0.3717948717948718,C1,C1_morgan_only,B4,B4_threshold_tuning_only,LOGO,3,0.6,none,Clofazimine
-0.019683666479473904,0.0,0.0,0.9555555555555556,0.0,0.9022988505747127,0.3717948717948718,C1,C1_morgan_only,B4,B4_threshold_tuning_only,LOGO,3,0.65,none,Clofazimine
-0.019683666479473904,0.0,0.0,0.9555555555555556,0.0,0.9022988505747127,0.3717948717948718,C1,C1_morgan_only,B4,B4_threshold_tuning_only,LOGO,3,0.7,none,Clofazimine
0.0,0.0,0.0,0.9666666666666667,0.0,0.9022988505747127,0.3717948717948718,C1,C1_morgan_only,B4,B4_threshold_tuning_only,LOGO,3,0.75,none,Clofazimine
0.0,0.0,0.0,0.9666666666666667,0.0,0.9022988505747127,0.3717948717948718,C1,C1_morgan_only,B4,B4_threshold_tuning_only,LOGO,3,0.8,none,Clofazimine
0.0,0.0,0.0,0.9666666666666667,0.0,0.9022988505747127,0.3717948717948718,C1,C1_morgan_only,B4,B4_threshold_tuning_only,LOGO,3,0.85,none,Clofazimine
0.0,0.0,0.0,0.9666666666666667,0.0,0.9022988505747127,0.3717948717948718,C1,C1_morgan_only,B4,B4_threshold_tuning_only,LOGO,3,0.9,none,Clofazimine
0.11306675421666135,0.1,0.05555555555555555,0.8,0.5,0.5482954545454546,0.2611111111111111,C1,C1_morgan_only,B4,B4_threshold_tuning_only,LOGO,4,0.05,none,Curcumine
0.2618924633082486,0.25,0.16666666666666666,0.9333333333333333,0.5,0.5482954545454546,0.2611111111111111,C1,C1_morgan_only,B4,B4_threshold_tuning_only,LOGO,4,0.1,none,Curcumine
0.333256245490707,0.3333333333333333,0.25,0.9555555555555556,0.5,0.5482954545454546,0.2611111111111111,C1,C1_morgan_only,B4,B4_threshold_tuning_only,LOGO,4,0.15,none,Curcumine
0.39192475766909796,0.4,0.3333333333333333,0.9666666666666667,0.5,0.5482954545454546,0.2611111111111111,C1,C1_morgan_only,B4,B4_threshold_tuning_only,LOGO,4,0.2,none,Curcumine
0.39192475766909796,0.4,0.3333333333333333,0.9666666666666667,0.5,0.5482954545454546,0.2611111111111111,C1,C1_morgan_only,B4,B4_threshold_tuning_only,LOGO,4,0.25,none,Curcumine
0.48863636363636365,0.5,0.5,0.9777777777777777,0.5,0.5482954545454546,0.2611111111111111,C1,C1_morgan_only,B4,B4_threshold_tuning_only,LOGO,4,0.3,none,Curcumine
0.48863636363636365,0.5,0.5,0.9777777777777777,0.5,0.5482954545454546,0.2611111111111111,C1,C1_morgan_only,B4,B4_threshold_tuning_only,LOGO,4,0.35,none,Curcumine
0.48863636363636365,0.5,0.5,0.9777777777777777,0.5,0.5482954545454546,0.2611111111111111,C1,C1_morgan_only,B4,B4_threshold_tuning_only,LOGO,4,0.4,none,Curcumine
0.48863636363636365,0.5,0.5,0.9777777777777777,0.5,0.5482954545454546,0.2611111111111111,C1,C1_morgan_only,B4,B4_threshold_tuning_only,LOGO,4,0.45,none,Curcumine
0.48863636363636365,0.5,0.5,0.9777777777777777,0.5,0.5482954545454546,0.2611111111111111,C1,C1_morgan_only,B4,B4_threshold_tuning_only,LOGO,4,0.5,none,Curcumine
0.48863636363636365,0.5,0.5,0.9777777777777777,0.5,0.5482954545454546,0.2611111111111111,C1,C1_morgan_only,B4,B4_threshold_tuning_only,LOGO,4,0.55,none,Curcumine
0.48863636363636365,0.5,0.5,0.9777777777777777,0.5,0.5482954545454546,0.2611111111111111,C1,C1_morgan_only,B4,B4_threshold_tuning_only,LOGO,4,0.6,none,Curcumine
-0.01598006930251483,0.0,0.0,0.9666666666666667,0.0,0.5482954545454546,0.2611111111111111,C1,C1_morgan_only,B4,B4_threshold_tuning_only,LOGO,4,0.65,none,Curcumine
-0.01598006930251483,0.0,0.0,0.9666666666666667,0.0,0.5482954545454546,0.2611111111111111,C1,C1_morgan_only,B4,B4_threshold_tuning_only,LOGO,4,0.7,none,Curcumine
0.0,0.0,0.0,0.9777777777777777,0.0,0.5482954545454546,0.2611111111111111,C1,C1_morgan_only,B4,B4_threshold_tuning_only,LOGO,4,0.75,none,Curcumine
0.0,0.0,0.0,0.9777777777777777,0.0,0.5482954545454546,0.2611111111111111,C1,C1_morgan_only,B4,B4_threshold_tuning_only,LOGO,4,0.8,none,Curcumine
0.0,0.0,0.0,0.9777777777777777,0.0,0.5482954545454546,0.2611111111111111,C1,C1_morgan_only,B4,B4_threshold_tuning_only,LOGO,4,0.85,none,Curcumine
0.0,0.0,0.0,0.9777777777777777,0.0,0.5482954545454546,0.2611111111111111,C1,C1_morgan_only,B4,B4_threshold_tuning_only,LOGO,4,0.9,none,Curcumine
0.0,0.10526315789473684,0.1,0.8111111111111111,0.1111111111111111,0.6824417009602195,0.2048518867870386,C1,C1_morgan_only,B4,B4_threshold_tuning_only,LOGO,5,0.05,none,Econazole
0.04148699068225112,0.125,0.14285714285714285,0.8444444444444444,0.1111111111111111,0.6824417009602195,0.2048518867870386,C1,C1_morgan_only,B4,B4_threshold_tuning_only,LOGO,5,0.1,none,Econazole
0.10783277320343841,0.15384615384615385,0.25,0.8777777777777778,0.1111111111111111,0.6824417009602195,0.2048518867870386,C1,C1_morgan_only,B4,B4_threshold_tuning_only,LOGO,5,0.15,none,Econazole
0.14442970747104034,0.16666666666666666,0.3333333333333333,0.8888888888888888,0.1111111111111111,0.6824417009602195,0.2048518867870386,C1,C1_morgan_only,B4,B4_threshold_tuning_only,LOGO,5,0.2,none,Econazole
0.20100756305184242,0.18181818181818182,0.5,0.9,0.1111111111111111,0.6824417009602195,0.2048518867870386,C1,C1_morgan_only,B4,B4_threshold_tuning_only,LOGO,5,0.25,none,Econazole
0.20100756305184242,0.18181818181818182,0.5,0.9,0.1111111111111111,0.6824417009602195,0.2048518867870386,C1,C1_morgan_only,B4,B4_threshold_tuning_only,LOGO,5,0.3,none,Econazole
0.20100756305184242,0.18181818181818182,0.5,0.9,0.1111111111111111,0.6824417009602195,0.2048518867870386,C1,C1_morgan_only,B4,B4_threshold_tuning_only,LOGO,5,0.35,none,Econazole
0.20100756305184242,0.18181818181818182,0.5,0.9,0.1111111111111111,0.6824417009602195,0.2048518867870386,C1,C1_morgan_only,B4,B4_threshold_tuning_only,LOGO,5,0.4,none,Econazole
0.20100756305184242,0.18181818181818182,0.5,0.9,0.1111111111111111,0.6824417009602195,0.2048518867870386,C1,C1_morgan_only,B4,B4_threshold_tuning_only,LOGO,5,0.45,none,Econazole
0.20100756305184242,0.18181818181818182,0.5,0.9,0.1111111111111111,0.6824417009602195,0.2048518867870386,C1,C1_morgan_only,B4,B4_threshold_tuning_only,LOGO,5,0.5,none,Econazole
0.20100756305184242,0.18181818181818182,0.5,0.9,0.1111111111111111,0.6824417009602195,0.2048518867870386,C1,C1_morgan_only,B4,B4_threshold_tuning_only,LOGO,5,0.55,none,Econazole
-0.03533326266687867,0.0,0.0,0.8888888888888888,0.0,0.6824417009602195,0.2048518867870386,C1,C1_morgan_only,B4,B4_threshold_tuning_only,LOGO,5,0.6,none,Econazole
-0.03533326266687867,0.0,0.0,0.8888888888888888,0.0,0.6824417009602195,0.2048518867870386,C1,C1_morgan_only,B4,B4_threshold_tuning_only,LOGO,5,0.65,none,Econazole
-0.03533326266687867,0.0,0.0,0.8888888888888888,0.0,0.6824417009602195,0.2048518867870386,C1,C1_morgan_only,B4,B4_threshold_tuning_only,LOGO,5,0.7,none,Econazole
-0.03533326266687867,0.0,0.0,0.8888888888888888,0.0,0.6824417009602195,0.2048518867870386,C1,C1_morgan_only,B4,B4_threshold_tuning_only,LOGO,5,0.75,none,Econazole
0.0,0.0,0.0,0.9,0.0,0.6824417009602195,0.2048518867870386,C1,C1_morgan_only,B4,B4_threshold_tuning_only,LOGO,5,0.8,none,Econazole
0.0,0.0,0.0,0.9,0.0,0.6824417009602195,0.2048518867870386,C1,C1_morgan_only,B4,B4_threshold_tuning_only,LOGO,5,0.85,none,Econazole
0.0,0.0,0.0,0.9,0.0,0.6824417009602195,0.2048518867870386,C1,C1_morgan_only,B4,B4_threshold_tuning_only,LOGO,5,0.9,none,Econazole
0.3142985354273937,0.3333333333333333,0.23076923076923078,0.8666666666666667,0.6,0.8329411764705883,0.37252747252747254,C1,C1_morgan_only,B4,B4_threshold_tuning_only,LOGO,6,0.05,none,Etravirine
0.2651439066774996,0.3076923076923077,0.25,0.9,0.4,0.8329411764705883,0.37252747252747254,C1,C1_morgan_only,B4,B4_threshold_tuning_only,LOGO,6,0.1,none,Etravirine
0.12964074471043288,0.18181818181818182,0.16666666666666666,0.9,0.2,0.8329411764705883,0.37252747252747254,C1,C1_morgan_only,B4,B4_threshold_tuning_only,LOGO,6,0.15,none,Etravirine
0.15294117647058825,0.2,0.2,0.9111111111111111,0.2,0.8329411764705883,0.37252747252747254,C1,C1_morgan_only,B4,B4_threshold_tuning_only,LOGO,6,0.2,none,Etravirine
0.1830730233380795,0.2222222222222222,0.25,0.9222222222222223,0.2,0.8329411764705883,0.37252747252747254,C1,C1_morgan_only,B4,B4_threshold_tuning_only,LOGO,6,0.25,none,Etravirine
0.29250896965085227,0.2857142857142857,0.5,0.9444444444444444,0.2,0.8329411764705883,0.37252747252747254,C1,C1_morgan_only,B4,B4_threshold_tuning_only,LOGO,6,0.3,none,Etravirine
0.29250896965085227,0.2857142857142857,0.5,0.9444444444444444,0.2,0.8329411764705883,0.37252747252747254,C1,C1_morgan_only,B4,B4_threshold_tuning_only,LOGO,6,0.35,none,Etravirine
0.29250896965085227,0.2857142857142857,0.5,0.9444444444444444,0.2,0.8329411764705883,0.37252747252747254,C1,C1_morgan_only,B4,B4_threshold_tuning_only,LOGO,6,0.4,none,Etravirine
0.29250896965085227,0.2857142857142857,0.5,0.9444444444444444,0.2,0.8329411764705883,0.37252747252747254,C1,C1_morgan_only,B4,B4_threshold_tuning_only,LOGO,6,0.45,none,Etravirine
0.29250896965085227,0.2857142857142857,0.5,0.9444444444444444,0.2,0.8329411764705883,0.37252747252747254,C1,C1_morgan_only,B4,B4_threshold_tuning_only,LOGO,6,0.5,none,Etravirine
0.29250896965085227,0.2857142857142857,0.5,0.9444444444444444,0.2,0.8329411764705883,0.37252747252747254,C1,C1_morgan_only,B4,B4_threshold_tuning_only,LOGO,6,0.55,none,Etravirine
0.29250896965085227,0.2857142857142857,0.5,0.9444444444444444,0.2,0.8329411764705883,0.37252747252747254,C1,C1_morgan_only,B4,B4_threshold_tuning_only,LOGO,6,0.6,none,Etravirine
0.29250896965085227,0.2857142857142857,0.5,0.9444444444444444,0.2,0.8329411764705883,0.37252747252747254,C1,C1_morgan_only,B4,B4_threshold_tuning_only,LOGO,6,0.65,none,Etravirine
0.4370483222197017,0.3333333333333333,1.0,0.9555555555555556,0.2,0.8329411764705883,0.37252747252747254,C1,C1_morgan_only,B4,B4_threshold_tuning_only,LOGO,6,0.7,none,Etravirine
0.0,0.0,0.0,0.9444444444444444,0.0,0.8329411764705883,0.37252747252747254,C1,C1_morgan_only,B4,B4_threshold_tuning_only,LOGO,6,0.75,none,Etravirine
0.0,0.0,0.0,0.9444444444444444,0.0,0.8329411764705883,0.37252747252747254,C1,C1_morgan_only,B4,B4_threshold_tuning_only,LOGO,6,0.8,none,Etravirine
0.0,0.0,0.0,0.9444444444444444,0.0,0.8329411764705883,0.37252747252747254,C1,C1_morgan_only,B4,B4_threshold_tuning_only,LOGO,6,0.85,none,Etravirine
0.0,0.0,0.0,0.9444444444444444,0.0,0.8329411764705883,0.37252747252747254,C1,C1_morgan_only,B4,B4_threshold_tuning_only,LOGO,6,0.9,none,Etravirine
0.5521810905877627,0.6086956521739131,0.5833333333333334,0.9,0.6363636363636364,0.8889528193325662,0.671449747497018,C1,C1_morgan_only,B4,B4_threshold_tuning_only,LOGO,7,0.05,none,Fulvestrant
0.5986550176340046,0.631578947368421,0.75,0.9222222222222223,0.5454545454545454,0.8889528193325662,0.671449747497018,C1,C1_morgan_only,B4,B4_threshold_tuning_only,LOGO,7,0.1,none,Fulvestrant
0.41335132075305253,0.4,0.75,0.9,0.2727272727272727,0.8889528193325662,0.671449747497018,C1,C1_morgan_only,B4,B4_threshold_tuning_only,LOGO,7,0.15,none,Fulvestrant
0.41335132075305253,0.4,0.75,0.9,0.2727272727272727,0.8889528193325662,0.671449747497018,C1,C1_morgan_only,B4,B4_threshold_tuning_only,LOGO,7,0.2,none,Fulvestrant
0.3086648620488062,0.2857142857142857,0.6666666666666666,0.8888888888888888,0.18181818181818182,0.8889528193325662,0.671449747497018,C1,C1_morgan_only,B4,B4_threshold_tuning_only,LOGO,7,0.25,none,Fulvestrant
0.40400883715070857,0.3076923076923077,1.0,0.9,0.18181818181818182,0.8889528193325662,0.671449747497018,C1,C1_morgan_only,B4,B4_threshold_tuning_only,LOGO,7,0.3,none,Fulvestrant
0.40400883715070857,0.3076923076923077,1.0,0.9,0.18181818181818182,0.8889528193325662,0.671449747497018,C1,C1_morgan_only,B4,B4_threshold_tuning_only,LOGO,7,0.35,none,Fulvestrant
0.40400883715070857,0.3076923076923077,1.0,0.9,0.18181818181818182,0.8889528193325662,0.671449747497018,C1,C1_morgan_only,B4,B4_threshold_tuning_only,LOGO,7,0.4,none,Fulvestrant
0.40400883715070857,0.3076923076923077,1.0,0.9,0.18181818181818182,0.8889528193325662,0.671449747497018,C1,C1_morgan_only,B4,B4_threshold_tuning_only,LOGO,7,0.45,none,Fulvestrant
0.40400883715070857,0.3076923076923077,1.0,0.9,0.18181818181818182,0.8889528193325662,0.671449747497018,C1,C1_morgan_only,B4,B4_threshold_tuning_only,LOGO,7,0.5,none,Fulvestrant
0.40400883715070857,0.3076923076923077,1.0,0.9,0.18181818181818182,0.8889528193325662,0.671449747497018,C1,C1_morgan_only,B4,B4_threshold_tuning_only,LOGO,7,0.55,none,Fulvestrant
0.284067925525857,0.16666666666666666,1.0,0.8888888888888888,0.09090909090909091,0.8889528193325662,0.671449747497018,C1,C1_morgan_only,B4,B4_threshold_tuning_only,LOGO,7,0.6,none,Fulvestrant
0.284067925525857,0.16666666666666666,1.0,0.8888888888888888,0.09090909090909091,0.8889528193325662,0.671449747497018,C1,C1_morgan_only,B4,B4_threshold_tuning_only,LOGO,7,0.65,none,Fulvestrant
0.0,0.0,0.0,0.8777777777777778,0.0,0.8889528193325662,0.671449747497018,C1,C1_morgan_only,B4,B4_threshold_tuning_only,LOGO,7,0.7,none,Fulvestrant
0.0,0.0,0.0,0.8777777777777778,0.0,0.8889528193325662,0.671449747497018,C1,C1_morgan_only,B4,B4_threshold_tuning_only,LOGO,7,0.75,none,Fulvestrant
0.0,0.0,0.0,0.8777777777777778,0.0,0.8889528193325662,0.671449747497018,C1,C1_morgan_only,B4,B4_threshold_tuning_only,LOGO,7,0.8,none,Fulvestrant
0.0,0.0,0.0,0.8777777777777778,0.0,0.8889528193325662,0.671449747497018,C1,C1_morgan_only,B4,B4_threshold_tuning_only,LOGO,7,0.85,none,Fulvestrant
0.0,0.0,0.0,0.8777777777777778,0.0,0.8889528193325662,0.671449747497018,C1,C1_morgan_only,B4,B4_threshold_tuning_only,LOGO,7,0.9,none,Fulvestrant
0.0,0.0,0.0,0.7555555555555555,0.0,,,C1,C1_morgan_only,B4,B4_threshold_tuning_only,LOGO,8,0.05,none,Gefitinib
0.0,0.0,0.0,0.8666666666666667,0.0,,,C1,C1_morgan_only,B4,B4_threshold_tuning_only,LOGO,8,0.1,none,Gefitinib
0.0,0.0,0.0,0.9222222222222223,0.0,,,C1,C1_morgan_only,B4,B4_threshold_tuning_only,LOGO,8,0.15,none,Gefitinib
0.0,0.0,0.0,0.9444444444444444,0.0,,,C1,C1_morgan_only,B4,B4_threshold_tuning_only,LOGO,8,0.2,none,Gefitinib
0.0,0.0,0.0,0.9666666666666667,0.0,,,C1,C1_morgan_only,B4,B4_threshold_tuning_only,LOGO,8,0.25,none,Gefitinib
0.0,0.0,0.0,0.9777777777777777,0.0,,,C1,C1_morgan_only,B4,B4_threshold_tuning_only,LOGO,8,0.3,none,Gefitinib
0.0,0.0,0.0,0.9777777777777777,0.0,,,C1,C1_morgan_only,B4,B4_threshold_tuning_only,LOGO,8,0.35,none,Gefitinib
0.0,0.0,0.0,0.9777777777777777,0.0,,,C1,C1_morgan_only,B4,B4_threshold_tuning_only,LOGO,8,0.4,none,Gefitinib
0.0,0.0,0.0,0.9777777777777777,0.0,,,C1,C1_morgan_only,B4,B4_threshold_tuning_only,LOGO,8,0.45,none,Gefitinib
0.0,0.0,0.0,0.9777777777777777,0.0,,,C1,C1_morgan_only,B4,B4_threshold_tuning_only,LOGO,8,0.5,none,Gefitinib
0.0,0.0,0.0,0.9777777777777777,0.0,,,C1,C1_morgan_only,B4,B4_threshold_tuning_only,LOGO,8,0.55,none,Gefitinib
0.0,0.0,0.0,0.9777777777777777,0.0,,,C1,C1_morgan_only,B4,B4_threshold_tuning_only,LOGO,8,0.6,none,Gefitinib
0.0,0.0,0.0,0.9888888888888889,0.0,,,C1,C1_morgan_only,B4,B4_threshold_tuning_only,LOGO,8,0.65,none,Gefitinib
0.0,0.0,0.0,0.9888888888888889,0.0,,,C1,C1_morgan_only,B4,B4_threshold_tuning_only,LOGO,8,0.7,none,Gefitinib
0.0,0.0,0.0,0.9888888888888889,0.0,,,C1,C1_morgan_only,B4,B4_threshold_tuning_only,LOGO,8,0.75,none,Gefitinib
0.0,0.0,0.0,1.0,0.0,,,C1,C1_morgan_only,B4,B4_threshold_tuning_only,LOGO,8,0.8,none,Gefitinib
0.0,0.0,0.0,1.0,0.0,,,C1,C1_morgan_only,B4,B4_threshold_tuning_only,LOGO,8,0.85,none,Gefitinib
0.0,0.0,0.0,1.0,0.0,,,C1,C1_morgan_only,B4,B4_threshold_tuning_only,LOGO,8,0.9,none,Gefitinib
0.42832191095096994,0.42857142857142855,0.2857142857142857,0.8222222222222222,0.8571428571428571,0.9518072289156626,0.7666483516483515,C1,C1_morgan_only,B4,B4_threshold_tuning_only,LOGO,9,0.05,none,Lumefantrine
0.6381991713220434,0.6666666666666666,0.625,0.9444444444444444,0.7142857142857143,0.9518072289156626,0.7666483516483515,C1,C1_morgan_only,B4,B4_threshold_tuning_only,LOGO,9,0.1,none,Lumefantrine
0.7426271046839696,0.7272727272727273,1.0,0.9666666666666667,0.5714285714285714,0.9518072289156626,0.7666483516483515,C1,C1_morgan_only,B4,B4_threshold_tuning_only,LOGO,9,0.15,none,Lumefantrine
0.5191151312382635,0.4444444444444444,1.0,0.9444444444444444,0.2857142857142857,0.9518072289156626,0.7666483516483515,C1,C1_morgan_only,B4,B4_threshold_tuning_only,LOGO,9,0.2,none,Lumefantrine
0.5191151312382635,0.4444444444444444,1.0,0.9444444444444444,0.2857142857142857,0.9518072289156626,0.7666483516483515,C1,C1_morgan_only,B4,B4_threshold_tuning_only,LOGO,9,0.25,none,Lumefantrine
0.5191151312382635,0.4444444444444444,1.0,0.9444444444444444,0.2857142857142857,0.9518072289156626,0.7666483516483515,C1,C1_morgan_only,B4,B4_threshold_tuning_only,LOGO,9,0.3,none,Lumefantrine
0.5191151312382635,0.4444444444444444,1.0,0.9444444444444444,0.2857142857142857,0.9518072289156626,0.7666483516483515,C1,C1_morgan_only,B4,B4_threshold_tuning_only,LOGO,9,0.35,none,Lumefantrine
0.5191151312382635,0.4444444444444444,1.0,0.9444444444444444,0.2857142857142857,0.9518072289156626,0.7666483516483515,C1,C1_morgan_only,B4,B4_threshold_tuning_only,LOGO,9,0.4,none,Lumefantrine
0.5191151312382635,0.4444444444444444,1.0,0.9444444444444444,0.2857142857142857,0.9518072289156626,0.7666483516483515,C1,C1_morgan_only,B4,B4_threshold_tuning_only,LOGO,9,0.45,none,Lumefantrine
0.5191151312382635,0.4444444444444444,1.0,0.9444444444444444,0.2857142857142857,0.9518072289156626,0.7666483516483515,C1,C1_morgan_only,B4,B4_threshold_tuning_only,LOGO,9,0.5,none,Lumefantrine
0.5191151312382635,0.4444444444444444,1.0,0.9444444444444444,0.2857142857142857,0.9518072289156626,0.7666483516483515,C1,C1_morgan_only,B4,B4_threshold_tuning_only,LOGO,9,0.55,none,Lumefantrine
0.36500181401954734,0.25,1.0,0.9333333333333333,0.14285714285714285,0.9518072289156626,0.7666483516483515,C1,C1_morgan_only,B4,B4_threshold_tuning_only,LOGO,9,0.6,none,Lumefantrine
0.0,0.0,0.0,0.9222222222222223,0.0,0.9518072289156626,0.7666483516483515,C1,C1_morgan_only,B4,B4_threshold_tuning_only,LOGO,9,0.65,none,Lumefantrine
0.0,0.0,0.0,0.9222222222222223,0.0,0.9518072289156626,0.7666483516483515,C1,C1_morgan_only,B4,B4_threshold_tuning_only,LOGO,9,0.7,none,Lumefantrine
0.0,0.0,0.0,0.9222222222222223,0.0,0.9518072289156626,0.7666483516483515,C1,C1_morgan_only,B4,B4_threshold_tuning_only,LOGO,9,0.75,none,Lumefantrine
0.0,0.0,0.0,0.9222222222222223,0.0,0.9518072289156626,0.7666483516483515,C1,C1_morgan_only,B4,B4_threshold_tuning_only,LOGO,9,0.8,none,Lumefantrine
0.0,0.0,0.0,0.9222222222222223,0.0,0.9518072289156626,0.7666483516483515,C1,C1_morgan_only,B4,B4_threshold_tuning_only,LOGO,9,0.85,none,Lumefantrine
0.0,0.0,0.0,0.9222222222222223,0.0,0.9518072289156626,0.7666483516483515,C1,C1_morgan_only,B4,B4_threshold_tuning_only,LOGO,9,0.9,none,Lumefantrine
0.0022371812521687373,0.21052631578947367,0.23529411764705882,0.6666666666666666,0.19047619047619047,0.5641821946169772,0.33896527608712484,C1,C1_morgan_only,B4,B4_threshold_tuning_only,LOGO,10,0.05,none,Nelfinavir
0.0631894097806702,0.14814814814814814,0.3333333333333333,0.7444444444444445,0.09523809523809523,0.5641821946169772,0.33896527608712484,C1,C1_morgan_only,B4,B4_threshold_tuning_only,LOGO,10,0.1,none,Nelfinavir
0.13597460911240103,0.16,0.5,0.7666666666666667,0.09523809523809523,0.5641821946169772,0.33896527608712484,C1,C1_morgan_only,B4,B4_threshold_tuning_only,LOGO,10,0.15,none,Nelfinavir
0.13597460911240103,0.16,0.5,0.7666666666666667,0.09523809523809523,0.5641821946169772,0.33896527608712484,C1,C1_morgan_only,B4,B4_threshold_tuning_only,LOGO,10,0.2,none,Nelfinavir
0.27326786250001056,0.17391304347826086,1.0,0.7888888888888889,0.09523809523809523,0.5641821946169772,0.33896527608712484,C1,C1_morgan_only,B4,B4_threshold_tuning_only,LOGO,10,0.25,none,Nelfinavir
0.27326786250001056,0.17391304347826086,1.0,0.7888888888888889,0.09523809523809523,0.5641821946169772,0.33896527608712484,C1,C1_morgan_only,B4,B4_threshold_tuning_only,LOGO,10,0.3,none,Nelfinavir
0.27326786250001056,0.17391304347826086,1.0,0.7888888888888889,0.09523809523809523,0.5641821946169772,0.33896527608712484,C1,C1_morgan_only,B4,B4_threshold_tuning_only,LOGO,10,0.35,none,Nelfinavir
0.27326786250001056,0.17391304347826086,1.0,0.7888888888888889,0.09523809523809523,0.5641821946169772,0.33896527608712484,C1,C1_morgan_only,B4,B4_threshold_tuning_only,LOGO,10,0.4,none,Nelfinavir
0.27326786250001056,0.17391304347826086,1.0,0.7888888888888889,0.09523809523809523,0.5641821946169772,0.33896527608712484,C1,C1_morgan_only,B4,B4_threshold_tuning_only,LOGO,10,0.45,none,Nelfinavir
0.27326786250001056,0.17391304347826086,1.0,0.7888888888888889,0.09523809523809523,0.5641821946169772,0.33896527608712484,C1,C1_morgan_only,B4,B4_threshold_tuning_only,LOGO,10,0.5,none,Nelfinavir
0.27326786250001056,0.17391304347826086,1.0,0.7888888888888889,0.09523809523809523,0.5641821946169772,0.33896527608712484,C1,C1_morgan_only,B4,B4_threshold_tuning_only,LOGO,10,0.55,none,Nelfinavir
0.0,0.0,0.0,0.7666666666666667,0.0,0.5641821946169772,0.33896527608712484,C1,C1_morgan_only,B4,B4_threshold_tuning_only,LOGO,10,0.6,none,Nelfinavir
0.0,0.0,0.0,0.7666666666666667,0.0,0.5641821946169772,0.33896527608712484,C1,C1_morgan_only,B4,B4_threshold_tuning_only,LOGO,10,0.65,none,Nelfinavir
0.0,0.0,0.0,0.7666666666666667,0.0,0.5641821946169772,0.33896527608712484,C1,C1_morgan_only,B4,B4_threshold_tuning_only,LOGO,10,0.7,none,Nelfinavir
0.0,0.0,0.0,0.7666666666666667,0.0,0.5641821946169772,0.33896527608712484,C1,C1_morgan_only,B4,B4_threshold_tuning_only,LOGO,10,0.75,none,Nelfinavir
0.0,0.0,0.0,0.7666666666666667,0.0,0.5641821946169772,0.33896527608712484,C1,C1_morgan_only,B4,B4_threshold_tuning_only,LOGO,10,0.8,none,Nelfinavir
0.0,0.0,0.0,0.7666666666666667,0.0,0.5641821946169772,0.33896527608712484,C1,C1_morgan_only,B4,B4_threshold_tuning_only,LOGO,10,0.85,none,Nelfinavir
0.0,0.0,0.0,0.7666666666666667,0.0,0.5641821946169772,0.33896527608712484,C1,C1_morgan_only,B4,B4_threshold_tuning_only,LOGO,10,0.9,none,Nelfinavir
0.12705618424844167,0.1111111111111111,0.0625,0.8222222222222222,0.5,0.8607954545454546,0.12878787878787878,C1,C1_morgan_only,B4,B4_threshold_tuning_only,LOGO,11,0.05,none,Physcion
0.21778274432345512,0.2,0.125,0.9111111111111111,0.5,0.8607954545454546,0.12878787878787878,C1,C1_morgan_only,B4,B4_threshold_tuning_only,LOGO,11,0.1,none,Physcion
-0.027994625547792713,0.0,0.0,0.9444444444444444,0.0,0.8607954545454546,0.12878787878787878,C1,C1_morgan_only,B4,B4_threshold_tuning_only,LOGO,11,0.15,none,Physcion
-0.027994625547792713,0.0,0.0,0.9444444444444444,0.0,0.8607954545454546,0.12878787878787878,C1,C1_morgan_only,B4,B4_threshold_tuning_only,LOGO,11,0.2,none,Physcion
-0.022727272727272728,0.0,0.0,0.9555555555555556,0.0,0.8607954545454546,0.12878787878787878,C1,C1_morgan_only,B4,B4_threshold_tuning_only,LOGO,11,0.25,none,Physcion
-0.022727272727272728,0.0,0.0,0.9555555555555556,0.0,0.8607954545454546,0.12878787878787878,C1,C1_morgan_only,B4,B4_threshold_tuning_only,LOGO,11,0.3,none,Physcion
-0.022727272727272728,0.0,0.0,0.9555555555555556,0.0,0.8607954545454546,0.12878787878787878,C1,C1_morgan_only,B4,B4_threshold_tuning_only,LOGO,11,0.35,none,Physcion
-0.022727272727272728,0.0,0.0,0.9555555555555556,0.0,0.8607954545454546,0.12878787878787878,C1,C1_morgan_only,B4,B4_threshold_tuning_only,LOGO,11,0.4,none,Physcion
-0.022727272727272728,0.0,0.0,0.9555555555555556,0.0,0.8607954545454546,0.12878787878787878,C1,C1_morgan_only,B4,B4_threshold_tuning_only,LOGO,11,0.45,none,Physcion
-0.022727272727272728,0.0,0.0,0.9555555555555556,0.0,0.8607954545454546,0.12878787878787878,C1,C1_morgan_only,B4,B4_threshold_tuning_only,LOGO,11,0.5,none,Physcion
-0.022727272727272728,0.0,0.0,0.9555555555555556,0.0,0.8607954545454546,0.12878787878787878,C1,C1_morgan_only,B4,B4_threshold_tuning_only,LOGO,11,0.55,none,Physcion
-0.022727272727272728,0.0,0.0,0.9555555555555556,0.0,0.8607954545454546,0.12878787878787878,C1,C1_morgan_only,B4,B4_threshold_tuning_only,LOGO,11,0.6,none,Physcion
-0.022727272727272728,0.0,0.0,0.9555555555555556,0.0,0.8607954545454546,0.12878787878787878,C1,C1_morgan_only,B4,B4_threshold_tuning_only,LOGO,11,0.65,none,Physcion
-0.022727272727272728,0.0,0.0,0.9555555555555556,0.0,0.8607954545454546,0.12878787878787878,C1,C1_morgan_only,B4,B4_threshold_tuning_only,LOGO,11,0.7,none,Physcion
-0.01598006930251483,0.0,0.0,0.9666666666666667,0.0,0.8607954545454546,0.12878787878787878,C1,C1_morgan_only,B4,B4_threshold_tuning_only,LOGO,11,0.75,none,Physcion
-0.01598006930251483,0.0,0.0,0.9666666666666667,0.0,0.8607954545454546,0.12878787878787878,C1,C1_morgan_only,B4,B4_threshold_tuning_only,LOGO,11,0.8,none,Physcion
0.0,0.0,0.0,0.9777777777777777,0.0,0.8607954545454546,0.12878787878787878,C1,C1_morgan_only,B4,B4_threshold_tuning_only,LOGO,11,0.85,none,Physcion
0.0,0.0,0.0,0.9777777777777777,0.0,0.8607954545454546,0.12878787878787878,C1,C1_morgan_only,B4,B4_threshold_tuning_only,LOGO,11,0.9,none,Physcion
0.0,0.0,0.0,0.7111111111111111,0.0,,,C1,C1_morgan_only,B4,B4_threshold_tuning_only,LOGO,12,0.05,none,Pranlukast
0.0,0.0,0.0,0.8666666666666667,0.0,,,C1,C1_morgan_only,B4,B4_threshold_tuning_only,LOGO,12,0.1,none,Pranlukast
0.0,0.0,0.0,0.9333333333333333,0.0,,,C1,C1_morgan_only,B4,B4_threshold_tuning_only,LOGO,12,0.15,none,Pranlukast
0.0,0.0,0.0,0.9666666666666667,0.0,,,C1,C1_morgan_only,B4,B4_threshold_tuning_only,LOGO,12,0.2,none,Pranlukast
0.0,0.0,0.0,0.9666666666666667,0.0,,,C1,C1_morgan_only,B4,B4_threshold_tuning_only,LOGO,12,0.25,none,Pranlukast
0.0,0.0,0.0,0.9666666666666667,0.0,,,C1,C1_morgan_only,B4,B4_threshold_tuning_only,LOGO,12,0.3,none,Pranlukast
0.0,0.0,0.0,0.9777777777777777,0.0,,,C1,C1_morgan_only,B4,B4_threshold_tuning_only,LOGO,12,0.35,none,Pranlukast
0.0,0.0,0.0,0.9777777777777777,0.0,,,C1,C1_morgan_only,B4,B4_threshold_tuning_only,LOGO,12,0.4,none,Pranlukast
0.0,0.0,0.0,0.9777777777777777,0.0,,,C1,C1_morgan_only,B4,B4_threshold_tuning_only,LOGO,12,0.45,none,Pranlukast
0.0,0.0,0.0,0.9777777777777777,0.0,,,C1,C1_morgan_only,B4,B4_threshold_tuning_only,LOGO,12,0.5,none,Pranlukast
0.0,0.0,0.0,0.9777777777777777,0.0,,,C1,C1_morgan_only,B4,B4_threshold_tuning_only,LOGO,12,0.55,none,Pranlukast
0.0,0.0,0.0,0.9777777777777777,0.0,,,C1,C1_morgan_only,B4,B4_threshold_tuning_only,LOGO,12,0.6,none,Pranlukast
0.0,0.0,0.0,0.9777777777777777,0.0,,,C1,C1_morgan_only,B4,B4_threshold_tuning_only,LOGO,12,0.65,none,Pranlukast
0.0,0.0,0.0,0.9888888888888889,0.0,,,C1,C1_morgan_only,B4,B4_threshold_tuning_only,LOGO,12,0.7,none,Pranlukast
0.0,0.0,0.0,1.0,0.0,,,C1,C1_morgan_only,B4,B4_threshold_tuning_only,LOGO,12,0.75,none,Pranlukast
0.0,0.0,0.0,1.0,0.0,,,C1,C1_morgan_only,B4,B4_threshold_tuning_only,LOGO,12,0.8,none,Pranlukast
0.0,0.0,0.0,1.0,0.0,,,C1,C1_morgan_only,B4,B4_threshold_tuning_only,LOGO,12,0.85,none,Pranlukast
0.0,0.0,0.0,1.0,0.0,,,C1,C1_morgan_only,B4,B4_threshold_tuning_only,LOGO,12,0.9,none,Pranlukast
0.21722553452429297,0.14634146341463414,0.07894736842105263,0.6111111111111112,1.0,1.0,1.0,C1,C1_morgan_only,B4,B4_threshold_tuning_only,LOGO,13,0.05,none,Rapamycin
0.3713906763541037,0.2857142857142857,0.16666666666666666,0.8333333333333334,1.0,1.0,1.0,C1,C1_morgan_only,B4,B4_threshold_tuning_only,LOGO,13,0.1,none,Rapamycin
0.6394270834691721,0.6,0.42857142857142855,0.9555555555555556,1.0,1.0,1.0,C1,C1_morgan_only,B4,B4_threshold_tuning_only,LOGO,13,0.15,none,Rapamycin
0.8610338613230187,0.8571428571428571,0.75,0.9888888888888889,1.0,1.0,1.0,C1,C1_morgan_only,B4,B4_threshold_tuning_only,LOGO,13,0.2,none,Rapamycin
0.8118441408859887,0.8,1.0,0.9888888888888889,0.6666666666666666,1.0,1.0,C1,C1_morgan_only,B4,B4_threshold_tuning_only,LOGO,13,0.25,none,Rapamycin
0.8118441408859887,0.8,1.0,0.9888888888888889,0.6666666666666666,1.0,1.0,C1,C1_morgan_only,B4,B4_threshold_tuning_only,LOGO,13,0.3,none,Rapamycin
0.8118441408859887,0.8,1.0,0.9888888888888889,0.6666666666666666,1.0,1.0,C1,C1_morgan_only,B4,B4_threshold_tuning_only,LOGO,13,0.35,none,Rapamycin
0.8118441408859887,0.8,1.0,0.9888888888888889,0.6666666666666666,1.0,1.0,C1,C1_morgan_only,B4,B4_threshold_tuning_only,LOGO,13,0.4,none,Rapamycin
0.8118441408859887,0.8,1.0,0.9888888888888889,0.6666666666666666,1.0,1.0,C1,C1_morgan_only,B4,B4_threshold_tuning_only,LOGO,13,0.45,none,Rapamycin
0.8118441408859887,0.8,1.0,0.9888888888888889,0.6666666666666666,1.0,1.0,C1,C1_morgan_only,B4,B4_threshold_tuning_only,LOGO,13,0.5,none,Rapamycin
0.5708263279047433,0.5,1.0,0.9777777777777777,0.3333333333333333,1.0,1.0,C1,C1_morgan_only,B4,B4_threshold_tuning_only,LOGO,13,0.55,none,Rapamycin
0.0,0.0,0.0,0.9666666666666667,0.0,1.0,1.0,C1,C1_morgan_only,B4,B4_threshold_tuning_only,LOGO,13,0.6,none,Rapamycin
0.0,0.0,0.0,0.9666666666666667,0.0,1.0,1.0,C1,C1_morgan_only,B4,B4_threshold_tuning_only,LOGO,13,0.65,none,Rapamycin
0.0,0.0,0.0,0.9666666666666667,0.0,1.0,1.0,C1,C1_morgan_only,B4,B4_threshold_tuning_only,LOGO,13,0.7,none,Rapamycin
0.0,0.0,0.0,0.9666666666666667,0.0,1.0,1.0,C1,C1_morgan_only,B4,B4_threshold_tuning_only,LOGO,13,0.75,none,Rapamycin
0.0,0.0,0.0,0.9666666666666667,0.0,1.0,1.0,C1,C1_morgan_only,B4,B4_threshold_tuning_only,LOGO,13,0.8,none,Rapamycin
0.0,0.0,0.0,0.9666666666666667,0.0,1.0,1.0,C1,C1_morgan_only,B4,B4_threshold_tuning_only,LOGO,13,0.85,none,Rapamycin
0.0,0.0,0.0,0.9666666666666667,0.0,1.0,1.0,C1,C1_morgan_only,B4,B4_threshold_tuning_only,LOGO,13,0.9,none,Rapamycin
0.35856858280031806,0.38095238095238093,0.26666666666666666,0.8555555555555555,0.6666666666666666,0.8253968253968254,0.4556599832915622,C1,C1_morgan_only,B4,B4_threshold_tuning_only,LOGO,14,0.05,none,Rilpivirine
0.472455591261534,0.5,0.4,0.9111111111111111,0.6666666666666666,0.8253968253968254,0.4556599832915622,C1,C1_morgan_only,B4,B4_threshold_tuning_only,LOGO,14,0.1,none,Rilpivirine
0.4213388568120093,0.46153846153846156,0.42857142857142855,0.9222222222222223,0.5,0.8253968253968254,0.4556599832915622,C1,C1_morgan_only,B4,B4_threshold_tuning_only,LOGO,14,0.15,none,Rilpivirine
0.3241018617760822,0.36363636363636365,0.4,0.9222222222222223,0.3333333333333333,0.8253968253968254,0.4556599832915622,C1,C1_morgan_only,B4,B4_threshold_tuning_only,LOGO,14,0.2,none,Rilpivirine
0.3241018617760822,0.36363636363636365,0.4,0.9222222222222223,0.3333333333333333,0.8253968253968254,0.4556599832915622,C1,C1_morgan_only,B4,B4_threshold_tuning_only,LOGO,14,0.25,none,Rilpivirine
0.4466625002869186,0.4444444444444444,0.6666666666666666,0.9444444444444444,0.3333333333333333,0.8253968253968254,0.4556599832915622,C1,C1_morgan_only,B4,B4_threshold_tuning_only,LOGO,14,0.3,none,Rilpivirine
0.4466625002869186,0.4444444444444444,0.6666666666666666,0.9444444444444444,0.3333333333333333,0.8253968253968254,0.4556599832915622,C1,C1_morgan_only,B4,B4_threshold_tuning_only,LOGO,14,0.35,none,Rilpivirine
0.4466625002869186,0.4444444444444444,0.6666666666666666,0.9444444444444444,0.3333333333333333,0.8253968253968254,0.4556599832915622,C1,C1_morgan_only,B4,B4_threshold_tuning_only,LOGO,14,0.4,none,Rilpivirine
0.2618924633082486,0.25,0.5,0.9333333333333333,0.16666666666666666,0.8253968253968254,0.4556599832915622,C1,C1_morgan_only,B4,B4_threshold_tuning_only,LOGO,14,0.45,none,Rilpivirine
0.39661488976905146,0.2857142857142857,1.0,0.9444444444444444,0.16666666666666666,0.8253968253968254,0.4556599832915622,C1,C1_morgan_only,B4,B4_threshold_tuning_only,LOGO,14,0.5,none,Rilpivirine
0.39661488976905146,0.2857142857142857,1.0,0.9444444444444444,0.16666666666666666,0.8253968253968254,0.4556599832915622,C1,C1_morgan_only,B4,B4_threshold_tuning_only,LOGO,14,0.55,none,Rilpivirine
0.39661488976905146,0.2857142857142857,1.0,0.9444444444444444,0.16666666666666666,0.8253968253968254,0.4556599832915622,C1,C1_morgan_only,B4,B4_threshold_tuning_only,LOGO,14,0.6,none,Rilpivirine
0.39661488976905146,0.2857142857142857,1.0,0.9444444444444444,0.16666666666666666,0.8253968253968254,0.4556599832915622,C1,C1_morgan_only,B4,B4_threshold_tuning_only,LOGO,14,0.65,none,Rilpivirine
0.39661488976905146,0.2857142857142857,1.0,0.9444444444444444,0.16666666666666666,0.8253968253968254,0.4556599832915622,C1,C1_morgan_only,B4,B4_threshold_tuning_only,LOGO,14,0.7,none,Rilpivirine
0.39661488976905146,0.2857142857142857,1.0,0.9444444444444444,0.16666666666666666,0.8253968253968254,0.4556599832915622,C1,C1_morgan_only,B4,B4_threshold_tuning_only,LOGO,14,0.75,none,Rilpivirine
0.0,0.0,0.0,0.9333333333333333,0.0,0.8253968253968254,0.4556599832915622,C1,C1_morgan_only,B4,B4_threshold_tuning_only,LOGO,14,0.8,none,Rilpivirine
0.0,0.0,0.0,0.9333333333333333,0.0,0.8253968253968254,0.4556599832915622,C1,C1_morgan_only,B4,B4_threshold_tuning_only,LOGO,14,0.85,none,Rilpivirine
0.0,0.0,0.0,0.9333333333333333,0.0,0.8253968253968254,0.4556599832915622,C1,C1_morgan_only,B4,B4_threshold_tuning_only,LOGO,14,0.9,none,Rilpivirine
0.5380436755581001,0.5714285714285714,0.46153846153846156,0.9,0.75,0.8582317073170731,0.6333867521367521,C1,C1_morgan_only,B4,B4_threshold_tuning_only,LOGO,15,0.05,none,Sorafenib
0.5426095162342934,0.5714285714285714,0.6666666666666666,0.9333333333333333,0.5,0.8582317073170731,0.6333867521367521,C1,C1_morgan_only,B4,B4_threshold_tuning_only,LOGO,15,0.1,none,Sorafenib
0.4355935609701779,0.46153846153846156,0.6,0.9222222222222223,0.375,0.8582317073170731,0.6333867521367521,C1,C1_morgan_only,B4,B4_threshold_tuning_only,LOGO,15,0.15,none,Sorafenib
0.594515160329885,0.5454545454545454,1.0,0.9444444444444444,0.375,0.8582317073170731,0.6333867521367521,C1,C1_morgan_only,B4,B4_threshold_tuning_only,LOGO,15,0.2,none,Sorafenib
0.48265364958171136,0.4,1.0,0.9333333333333333,0.25,0.8582317073170731,0.6333867521367521,C1,C1_morgan_only,B4,B4_threshold_tuning_only,LOGO,15,0.25,none,Sorafenib
0.48265364958171136,0.4,1.0,0.9333333333333333,0.25,0.8582317073170731,0.6333867521367521,C1,C1_morgan_only,B4,B4_threshold_tuning_only,LOGO,15,0.3,none,Sorafenib
0.48265364958171136,0.4,1.0,0.9333333333333333,0.25,0.8582317073170731,0.6333867521367521,C1,C1_morgan_only,B4,B4_threshold_tuning_only,LOGO,15,0.35,none,Sorafenib
0.48265364958171136,0.4,1.0,0.9333333333333333,0.25,0.8582317073170731,0.6333867521367521,C1,C1_morgan_only,B4,B4_threshold_tuning_only,LOGO,15,0.4,none,Sorafenib
0.48265364958171136,0.4,1.0,0.9333333333333333,0.25,0.8582317073170731,0.6333867521367521,C1,C1_morgan_only,B4,B4_threshold_tuning_only,LOGO,15,0.45,none,Sorafenib
0.339364905854808,0.2222222222222222,1.0,0.9222222222222223,0.125,0.8582317073170731,0.6333867521367521,C1,C1_morgan_only,B4,B4_threshold_tuning_only,LOGO,15,0.5,none,Sorafenib
0.339364905854808,0.2222222222222222,1.0,0.9222222222222223,0.125,0.8582317073170731,0.6333867521367521,C1,C1_morgan_only,B4,B4_threshold_tuning_only,LOGO,15,0.55,none,Sorafenib
0.0,0.0,0.0,0.9111111111111111,0.0,0.8582317073170731,0.6333867521367521,C1,C1_morgan_only,B4,B4_threshold_tuning_only,LOGO,15,0.6,none,Sorafenib
0.0,0.0,0.0,0.9111111111111111,0.0,0.8582317073170731,0.6333867521367521,C1,C1_morgan_only,B4,B4_threshold_tuning_only,LOGO,15,0.65,none,Sorafenib
0.0,0.0,0.0,0.9111111111111111,0.0,0.8582317073170731,0.6333867521367521,C1,C1_morgan_only,B4,B4_threshold_tuning_only,LOGO,15,0.7,none,Sorafenib
0.0,0.0,0.0,0.9111111111111111,0.0,0.8582317073170731,0.6333867521367521,C1,C1_morgan_only,B4,B4_threshold_tuning_only,LOGO,15,0.75,none,Sorafenib
0.0,0.0,0.0,0.9111111111111111,0.0,0.8582317073170731,0.6333867521367521,C1,C1_morgan_only,B4,B4_threshold_tuning_only,LOGO,15,0.8,none,Sorafenib
0.0,0.0,0.0,0.9111111111111111,0.0,0.8582317073170731,0.6333867521367521,C1,C1_morgan_only,B4,B4_threshold_tuning_only,LOGO,15,0.85,none,Sorafenib
0.0,0.0,0.0,0.9111111111111111,0.0,0.8582317073170731,0.6333867521367521,C1,C1_morgan_only,B4,B4_threshold_tuning_only,LOGO,15,0.9,none,Sorafenib
0.14623460473859062,0.0625,0.03225806451612903,0.6666666666666666,1.0,0.9887640449438202,0.5,C1,C1_morgan_only,B4,B4_threshold_tuning_only,LOGO,16,0.05,none,Taxol
0.284067925525857,0.16666666666666666,0.09090909090909091,0.8888888888888888,1.0,0.9887640449438202,0.5,C1,C1_morgan_only,B4,B4_threshold_tuning_only,LOGO,16,0.1,none,Taxol
0.36500181401954734,0.25,0.14285714285714285,0.9333333333333333,1.0,0.9887640449438202,0.5,C1,C1_morgan_only,B4,B4_threshold_tuning_only,LOGO,16,0.15,none,Taxol
0.49150079726066076,0.4,0.25,0.9666666666666667,1.0,0.9887640449438202,0.5,C1,C1_morgan_only,B4,B4_threshold_tuning_only,LOGO,16,0.2,none,Taxol
0.7031230493106524,0.6666666666666666,0.5,0.9888888888888889,1.0,0.9887640449438202,0.5,C1,C1_morgan_only,B4,B4_threshold_tuning_only,LOGO,16,0.25,none,Taxol
0.7031230493106524,0.6666666666666666,0.5,0.9888888888888889,1.0,0.9887640449438202,0.5,C1,C1_morgan_only,B4,B4_threshold_tuning_only,LOGO,16,0.3,none,Taxol
0.7031230493106524,0.6666666666666666,0.5,0.9888888888888889,1.0,0.9887640449438202,0.5,C1,C1_morgan_only,B4,B4_threshold_tuning_only,LOGO,16,0.35,none,Taxol
0.7031230493106524,0.6666666666666666,0.5,0.9888888888888889,1.0,0.9887640449438202,0.5,C1,C1_morgan_only,B4,B4_threshold_tuning_only,LOGO,16,0.4,none,Taxol
0.7031230493106524,0.6666666666666666,0.5,0.9888888888888889,1.0,0.9887640449438202,0.5,C1,C1_morgan_only,B4,B4_threshold_tuning_only,LOGO,16,0.45,none,Taxol
0.7031230493106524,0.6666666666666666,0.5,0.9888888888888889,1.0,0.9887640449438202,0.5,C1,C1_morgan_only,B4,B4_threshold_tuning_only,LOGO,16,0.5,none,Taxol
0.7031230493106524,0.6666666666666666,0.5,0.9888888888888889,1.0,0.9887640449438202,0.5,C1,C1_morgan_only,B4,B4_threshold_tuning_only,LOGO,16,0.55,none,Taxol
-0.011235955056179775,0.0,0.0,0.9777777777777777,0.0,0.9887640449438202,0.5,C1,C1_morgan_only,B4,B4_threshold_tuning_only,LOGO,16,0.6,none,Taxol
-0.011235955056179775,0.0,0.0,0.9777777777777777,0.0,0.9887640449438202,0.5,C1,C1_morgan_only,B4,B4_threshold_tuning_only,LOGO,16,0.65,none,Taxol
0.0,0.0,0.0,0.9888888888888889,0.0,0.9887640449438202,0.5,C1,C1_morgan_only,B4,B4_threshold_tuning_only,LOGO,16,0.7,none,Taxol
0.0,0.0,0.0,0.9888888888888889,0.0,0.9887640449438202,0.5,C1,C1_morgan_only,B4,B4_threshold_tuning_only,LOGO,16,0.75,none,Taxol
0.0,0.0,0.0,0.9888888888888889,0.0,0.9887640449438202,0.5,C1,C1_morgan_only,B4,B4_threshold_tuning_only,LOGO,16,0.8,none,Taxol
0.0,0.0,0.0,0.9888888888888889,0.0,0.9887640449438202,0.5,C1,C1_morgan_only,B4,B4_threshold_tuning_only,LOGO,16,0.85,none,Taxol
0.0,0.0,0.0,0.9888888888888889,0.0,0.9887640449438202,0.5,C1,C1_morgan_only,B4,B4_threshold_tuning_only,LOGO,16,0.9,none,Taxol
0.3661441915651289,0.3404255319148936,0.21052631578947367,0.7847222222222222,0.8888888888888888,0.9283950617283951,0.40689125689125694,C1,C1_morgan_only,B5,B5_class_weight_threshold_tuning,CV,1,0.05,balanced,
0.4355999025743339,0.4375,0.30434782608695654,0.875,0.7777777777777778,0.9283950617283951,0.40689125689125694,C1,C1_morgan_only,B5,B5_class_weight_threshold_tuning,CV,1,0.1,balanced,
0.44114940169152966,0.47619047619047616,0.4166666666666667,0.9236111111111112,0.5555555555555556,0.9283950617283951,0.40689125689125694,C1,C1_morgan_only,B5,B5_class_weight_threshold_tuning,CV,1,0.15,balanced,
0.28888888888888886,0.3333333333333333,0.3333333333333333,0.9166666666666666,0.3333333333333333,0.9283950617283951,0.40689125689125694,C1,C1_morgan_only,B5,B5_class_weight_threshold_tuning,CV,1,0.2,balanced,
0.3768673314407158,0.4,0.5,0.9375,0.3333333333333333,0.9283950617283951,0.40689125689125694,C1,C1_morgan_only,B5,B5_class_weight_threshold_tuning,CV,1,0.25,balanced,
0.26443913771217153,0.2857142857142857,0.4,0.9305555555555556,0.2222222222222222,0.9283950617283951,0.40689125689125694,C1,C1_morgan_only,B5,B5_class_weight_threshold_tuning,CV,1,0.3,balanced,
0.26443913771217153,0.2857142857142857,0.4,0.9305555555555556,0.2222222222222222,0.9283950617283951,0.40689125689125694,C1,C1_morgan_only,B5,B5_class_weight_threshold_tuning,CV,1,0.35,balanced,
0.13093073414159542,0.15384615384615385,0.25,0.9236111111111112,0.1111111111111111,0.9283950617283951,0.40689125689125694,C1,C1_morgan_only,B5,B5_class_weight_threshold_tuning,CV,1,0.4,balanced,
0.13093073414159542,0.15384615384615385,0.25,0.9236111111111112,0.1111111111111111,0.9283950617283951,0.40689125689125694,C1,C1_morgan_only,B5,B5_class_weight_threshold_tuning,CV,1,0.45,balanced,
0.13093073414159542,0.15384615384615385,0.25,0.9236111111111112,0.1111111111111111,0.9283950617283951,0.40689125689125694,C1,C1_morgan_only,B5,B5_class_weight_threshold_tuning,CV,1,0.5,balanced,
0.13093073414159542,0.15384615384615385,0.25,0.9236111111111112,0.1111111111111111,0.9283950617283951,0.40689125689125694,C1,C1_morgan_only,B5,B5_class_weight_threshold_tuning,CV,1,0.55,balanced,
0.16320277505018704,0.16666666666666666,0.3333333333333333,0.9305555555555556,0.1111111111111111,0.9283950617283951,0.40689125689125694,C1,C1_morgan_only,B5,B5_class_weight_threshold_tuning,CV,1,0.6,balanced,
0.21449799456256347,0.18181818181818182,0.5,0.9375,0.1111111111111111,0.9283950617283951,0.40689125689125694,C1,C1_morgan_only,B5,B5_class_weight_threshold_tuning,CV,1,0.65,balanced,
0.21449799456256347,0.18181818181818182,0.5,0.9375,0.1111111111111111,0.9283950617283951,0.40689125689125694,C1,C1_morgan_only,B5,B5_class_weight_threshold_tuning,CV,1,0.7,balanced,
0.21449799456256347,0.18181818181818182,0.5,0.9375,0.1111111111111111,0.9283950617283951,0.40689125689125694,C1,C1_morgan_only,B5,B5_class_weight_threshold_tuning,CV,1,0.75,balanced,
-0.021591675854376526,0.0,0.0,0.9305555555555556,0.0,0.9283950617283951,0.40689125689125694,C1,C1_morgan_only,B5,B5_class_weight_threshold_tuning,CV,1,0.8,balanced,
0.0,0.0,0.0,0.9375,0.0,0.9283950617283951,0.40689125689125694,C1,C1_morgan_only,B5,B5_class_weight_threshold_tuning,CV,1,0.85,balanced,
0.0,0.0,0.0,0.9375,0.0,0.9283950617283951,0.40689125689125694,C1,C1_morgan_only,B5,B5_class_weight_threshold_tuning,CV,1,0.9,balanced,
0.20765162084726016,0.23076923076923078,0.13953488372093023,0.7222222222222222,0.6666666666666666,0.7510288065843621,0.35374081178055494,C1,C1_morgan_only,B5,B5_class_weight_threshold_tuning,CV,2,0.05,balanced,
0.1501136671340383,0.20512820512820512,0.13333333333333333,0.7847222222222222,0.4444444444444444,0.7510288065843621,0.35374081178055494,C1,C1_morgan_only,B5,B5_class_weight_threshold_tuning,CV,2,0.1,balanced,
0.20932080926713992,0.25806451612903225,0.18181818181818182,0.8402777777777778,0.4444444444444444,0.7510288065843621,0.35374081178055494,C1,C1_morgan_only,B5,B5_class_weight_threshold_tuning,CV,2,0.15,balanced,
0.22812937284069357,0.27586206896551724,0.2,0.8541666666666666,0.4444444444444444,0.7510288065843621,0.35374081178055494,C1,C1_morgan_only,B5,B5_class_weight_threshold_tuning,CV,2,0.2,balanced,
0.30261376633440124,0.34782608695652173,0.2857142857142857,0.8958333333333334,0.4444444444444444,0.7510288065843621,0.35374081178055494,C1,C1_morgan_only,B5,B5_class_weight_threshold_tuning,CV,2,0.25,balanced,
0.21898536466924623,0.2727272727272727,0.23076923076923078,0.8888888888888888,0.3333333333333333,0.7510288065843621,0.35374081178055494,C1,C1_morgan_only,B5,B5_class_weight_threshold_tuning,CV,2,0.3,balanced,
0.17037037037037037,0.2222222222222222,0.2222222222222222,0.9027777777777778,0.2222222222222222,0.7510288065843621,0.35374081178055494,C1,C1_morgan_only,B5,B5_class_weight_threshold_tuning,CV,2,0.35,balanced,
0.17037037037037037,0.2222222222222222,0.2222222222222222,0.9027777777777778,0.2222222222222222,0.7510288065843621,0.35374081178055494,C1,C1_morgan_only,B5,B5_class_weight_threshold_tuning,CV,2,0.4,balanced,
0.20844192512248122,0.25,0.2857142857142857,0.9166666666666666,0.2222222222222222,0.7510288065843621,0.35374081178055494,C1,C1_morgan_only,B5,B5_class_weight_threshold_tuning,CV,2,0.45,balanced,
0.30550504633038933,0.3076923076923077,0.5,0.9375,0.2222222222222222,0.7510288065843621,0.35374081178055494,C1,C1_morgan_only,B5,B5_class_weight_threshold_tuning,CV,2,0.5,balanced,
0.4596385597769217,0.36363636363636365,1.0,0.9513888888888888,0.2222222222222222,0.7510288065843621,0.35374081178055494,C1,C1_morgan_only,B5,B5_class_weight_threshold_tuning,CV,2,0.55,balanced,
0.32387513781564786,0.2,1.0,0.9444444444444444,0.1111111111111111,0.7510288065843621,0.35374081178055494,C1,C1_morgan_only,B5,B5_class_weight_threshold_tuning,CV,2,0.6,balanced,
0.32387513781564786,0.2,1.0,0.9444444444444444,0.1111111111111111,0.7510288065843621,0.35374081178055494,C1,C1_morgan_only,B5,B5_class_weight_threshold_tuning,CV,2,0.65,balanced,
0.0,0.0,0.0,0.9375,0.0,0.7510288065843621,0.35374081178055494,C1,C1_morgan_only,B5,B5_class_weight_threshold_tuning,CV,2,0.7,balanced,
0.0,0.0,0.0,0.9375,0.0,0.7510288065843621,0.35374081178055494,C1,C1_morgan_only,B5,B5_class_weight_threshold_tuning,CV,2,0.75,balanced,
0.0,0.0,0.0,0.9375,0.0,0.7510288065843621,0.35374081178055494,C1,C1_morgan_only,B5,B5_class_weight_threshold_tuning,CV,2,0.8,balanced,
0.0,0.0,0.0,0.9375,0.0,0.7510288065843621,0.35374081178055494,C1,C1_morgan_only,B5,B5_class_weight_threshold_tuning,CV,2,0.85,balanced,
0.0,0.0,0.0,0.9375,0.0,0.7510288065843621,0.35374081178055494,C1,C1_morgan_only,B5,B5_class_weight_threshold_tuning,CV,2,0.9,balanced,
0.4140393356054125,0.3902439024390244,0.25,0.8263888888888888,0.8888888888888888,0.9230452674897119,0.4710423991824958,C1,C1_morgan_only,B5,B5_class_weight_threshold_tuning,CV,3,0.05,balanced,
0.3810249640493438,0.4,0.2857142857142857,0.875,0.6666666666666666,0.9230452674897119,0.4710423991824958,C1,C1_morgan_only,B5,B5_class_weight_threshold_tuning,CV,3,0.1,balanced,
0.5193081505013554,0.5454545454545454,0.46153846153846156,0.9305555555555556,0.6666666666666666,0.9230452674897119,0.4710423991824958,C1,C1_morgan_only,B5,B5_class_weight_threshold_tuning,CV,3,0.15,balanced,
0.4074074074074074,0.4444444444444444,0.4444444444444444,0.9305555555555556,0.4444444444444444,0.9230452674897119,0.4710423991824958,C1,C1_morgan_only,B5,B5_class_weight_threshold_tuning,CV,3,0.2,balanced,
0.3131121455425747,0.35294117647058826,0.375,0.9236111111111112,0.3333333333333333,0.9230452674897119,0.4710423991824958,C1,C1_morgan_only,B5,B5_class_weight_threshold_tuning,CV,3,0.25,balanced,
0.3131121455425747,0.35294117647058826,0.375,0.9236111111111112,0.3333333333333333,0.9230452674897119,0.4710423991824958,C1,C1_morgan_only,B5,B5_class_weight_threshold_tuning,CV,3,0.3,balanced,
0.3418447572008692,0.375,0.42857142857142855,0.9305555555555556,0.3333333333333333,0.9230452674897119,0.4710423991824958,C1,C1_morgan_only,B5,B5_class_weight_threshold_tuning,CV,3,0.35,balanced,
0.26443913771217153,0.2857142857142857,0.4,0.9305555555555556,0.2222222222222222,0.9230452674897119,0.4710423991824958,C1,C1_morgan_only,B5,B5_class_weight_threshold_tuning,CV,3,0.4,balanced,
0.21449799456256347,0.18181818181818182,0.5,0.9375,0.1111111111111111,0.9230452674897119,0.4710423991824958,C1,C1_morgan_only,B5,B5_class_weight_threshold_tuning,CV,3,0.45,balanced,
0.21449799456256347,0.18181818181818182,0.5,0.9375,0.1111111111111111,0.9230452674897119,0.4710423991824958,C1,C1_morgan_only,B5,B5_class_weight_threshold_tuning,CV,3,0.5,balanced,
0.21449799456256347,0.18181818181818182,0.5,0.9375,0.1111111111111111,0.9230452674897119,0.4710423991824958,C1,C1_morgan_only,B5,B5_class_weight_threshold_tuning,CV,3,0.55,balanced,
0.32387513781564786,0.2,1.0,0.9444444444444444,0.1111111111111111,0.9230452674897119,0.4710423991824958,C1,C1_morgan_only,B5,B5_class_weight_threshold_tuning,CV,3,0.6,balanced,
0.32387513781564786,0.2,1.0,0.9444444444444444,0.1111111111111111,0.9230452674897119,0.4710423991824958,C1,C1_morgan_only,B5,B5_class_weight_threshold_tuning,CV,3,0.65,balanced,
0.0,0.0,0.0,0.9375,0.0,0.9230452674897119,0.4710423991824958,C1,C1_morgan_only,B5,B5_class_weight_threshold_tuning,CV,3,0.7,balanced,
0.0,0.0,0.0,0.9375,0.0,0.9230452674897119,0.4710423991824958,C1,C1_morgan_only,B5,B5_class_weight_threshold_tuning,CV,3,0.75,balanced,
0.0,0.0,0.0,0.9375,0.0,0.9230452674897119,0.4710423991824958,C1,C1_morgan_only,B5,B5_class_weight_threshold_tuning,CV,3,0.8,balanced,
0.0,0.0,0.0,0.9375,0.0,0.9230452674897119,0.4710423991824958,C1,C1_morgan_only,B5,B5_class_weight_threshold_tuning,CV,3,0.85,balanced,
0.0,0.0,0.0,0.9375,0.0,0.9230452674897119,0.4710423991824958,C1,C1_morgan_only,B5,B5_class_weight_threshold_tuning,CV,3,0.9,balanced,
0.32844906435973886,0.28125,0.16363636363636364,0.6805555555555556,1.0,0.9580246913580247,0.6289756195609191,C1,C1_morgan_only,B5,B5_class_weight_threshold_tuning,CV,4,0.05,balanced,
0.41633319989322654,0.3673469387755102,0.225,0.7847222222222222,1.0,0.9580246913580247,0.6289756195609191,C1,C1_morgan_only,B5,B5_class_weight_threshold_tuning,CV,4,0.1,balanced,
0.4754740995006545,0.45714285714285713,0.3076923076923077,0.8680555555555556,0.8888888888888888,0.9580246913580247,0.6289756195609191,C1,C1_morgan_only,B5,B5_class_weight_threshold_tuning,CV,4,0.15,balanced,
0.5774961076803591,0.5714285714285714,0.42105263157894735,0.9166666666666666,0.8888888888888888,0.9580246913580247,0.6289756195609191,C1,C1_morgan_only,B5,B5_class_weight_threshold_tuning,CV,4,0.2,balanced,
0.47544348941583686,0.5,0.4,0.9166666666666666,0.6666666666666666,0.9580246913580247,0.6289756195609191,C1,C1_morgan_only,B5,B5_class_weight_threshold_tuning,CV,4,0.25,balanced,
0.4752475892792572,0.5,0.5714285714285714,0.9444444444444444,0.4444444444444444,0.9580246913580247,0.6289756195609191,C1,C1_morgan_only,B5,B5_class_weight_threshold_tuning,CV,4,0.3,balanced,
0.4211438119119769,0.42857142857142855,0.6,0.9444444444444444,0.3333333333333333,0.9580246913580247,0.6289756195609191,C1,C1_morgan_only,B5,B5_class_weight_threshold_tuning,CV,4,0.35,balanced,
0.4211438119119769,0.42857142857142855,0.6,0.9444444444444444,0.3333333333333333,0.9580246913580247,0.6289756195609191,C1,C1_morgan_only,B5,B5_class_weight_threshold_tuning,CV,4,0.4,balanced,
0.48007935851918326,0.46153846153846156,0.75,0.9513888888888888,0.3333333333333333,0.9580246913580247,0.6289756195609191,C1,C1_morgan_only,B5,B5_class_weight_threshold_tuning,CV,4,0.45,balanced,
0.36406772895810957,0.3333333333333333,0.6666666666666666,0.9444444444444444,0.2222222222222222,0.9580246913580247,0.6289756195609191,C1,C1_morgan_only,B5,B5_class_weight_threshold_tuning,CV,4,0.5,balanced,
0.36406772895810957,0.3333333333333333,0.6666666666666666,0.9444444444444444,0.2222222222222222,0.9580246913580247,0.6289756195609191,C1,C1_morgan_only,B5,B5_class_weight_threshold_tuning,CV,4,0.55,balanced,
0.4596385597769217,0.36363636363636365,1.0,0.9513888888888888,0.2222222222222222,0.9580246913580247,0.6289756195609191,C1,C1_morgan_only,B5,B5_class_weight_threshold_tuning,CV,4,0.6,balanced,
0.4596385597769217,0.36363636363636365,1.0,0.9513888888888888,0.2222222222222222,0.9580246913580247,0.6289756195609191,C1,C1_morgan_only,B5,B5_class_weight_threshold_tuning,CV,4,0.65,balanced,
0.4596385597769217,0.36363636363636365,1.0,0.9513888888888888,0.2222222222222222,0.9580246913580247,0.6289756195609191,C1,C1_morgan_only,B5,B5_class_weight_threshold_tuning,CV,4,0.7,balanced,
0.0,0.0,0.0,0.9375,0.0,0.9580246913580247,0.6289756195609191,C1,C1_morgan_only,B5,B5_class_weight_threshold_tuning,CV,4,0.75,balanced,
0.0,0.0,0.0,0.9375,0.0,0.9580246913580247,0.6289756195609191,C1,C1_morgan_only,B5,B5_class_weight_threshold_tuning,CV,4,0.8,balanced,
0.0,0.0,0.0,0.9375,0.0,0.9580246913580247,0.6289756195609191,C1,C1_morgan_only,B5,B5_class_weight_threshold_tuning,CV,4,0.85,balanced,
0.0,0.0,0.0,0.9375,0.0,0.9580246913580247,0.6289756195609191,C1,C1_morgan_only,B5,B5_class_weight_threshold_tuning,CV,4,0.9,balanced,
0.3591016693834894,0.3333333333333333,0.20512820512820512,0.7777777777777778,0.8888888888888888,0.8954732510288066,0.5040360122968819,C1,C1_morgan_only,B5,B5_class_weight_threshold_tuning,CV,5,0.05,balanced,
0.30807415992441867,0.32432432432432434,0.21428571428571427,0.8263888888888888,0.6666666666666666,0.8954732510288066,0.5040360122968819,C1,C1_morgan_only,B5,B5_class_weight_threshold_tuning,CV,5,0.1,balanced,
0.3572898077295098,0.375,0.2608695652173913,0.8611111111111112,0.6666666666666666,0.8954732510288066,0.5040360122968819,C1,C1_morgan_only,B5,B5_class_weight_threshold_tuning,CV,5,0.15,balanced,
0.22812937284069357,0.27586206896551724,0.2,0.8541666666666666,0.4444444444444444,0.8954732510288066,0.5040360122968819,C1,C1_morgan_only,B5,B5_class_weight_threshold_tuning,CV,5,0.2,balanced,
0.31909295994661596,0.36363636363636365,0.3076923076923077,0.9027777777777778,0.4444444444444444,0.8954732510288066,0.5040360122968819,C1,C1_morgan_only,B5,B5_class_weight_threshold_tuning,CV,5,0.25,balanced,
0.4383570037596046,0.47058823529411764,0.5,0.9375,0.4444444444444444,0.8954732510288066,0.5040360122968819,C1,C1_morgan_only,B5,B5_class_weight_threshold_tuning,CV,5,0.3,balanced,
0.5204358386562267,0.5333333333333333,0.6666666666666666,0.9513888888888888,0.4444444444444444,0.8954732510288066,0.5040360122968819,C1,C1_morgan_only,B5,B5_class_weight_threshold_tuning,CV,5,0.35,balanced,
0.4211438119119769,0.42857142857142855,0.6,0.9444444444444444,0.3333333333333333,0.8954732510288066,0.5040360122968819,C1,C1_morgan_only,B5,B5_class_weight_threshold_tuning,CV,5,0.4,balanced,
0.4211438119119769,0.42857142857142855,0.6,0.9444444444444444,0.3333333333333333,0.8954732510288066,0.5040360122968819,C1,C1_morgan_only,B5,B5_class_weight_threshold_tuning,CV,5,0.45,balanced,
0.48007935851918326,0.46153846153846156,0.75,0.9513888888888888,0.3333333333333333,0.8954732510288066,0.5040360122968819,C1,C1_morgan_only,B5,B5_class_weight_threshold_tuning,CV,5,0.5,balanced,
0.48007935851918326,0.46153846153846156,0.75,0.9513888888888888,0.3333333333333333,0.8954732510288066,0.5040360122968819,C1,C1_morgan_only,B5,B5_class_weight_threshold_tuning,CV,5,0.55,balanced,
0.4596385597769217,0.36363636363636365,1.0,0.9513888888888888,0.2222222222222222,0.8954732510288066,0.5040360122968819,C1,C1_morgan_only,B5,B5_class_weight_threshold_tuning,CV,5,0.6,balanced,
0.0,0.0,0.0,0.9375,0.0,0.8954732510288066,0.5040360122968819,C1,C1_morgan_only,B5,B5_class_weight_threshold_tuning,CV,5,0.65,balanced,
0.0,0.0,0.0,0.9375,0.0,0.8954732510288066,0.5040360122968819,C1,C1_morgan_only,B5,B5_class_weight_threshold_tuning,CV,5,0.7,balanced,
0.0,0.0,0.0,0.9375,0.0,0.8954732510288066,0.5040360122968819,C1,C1_morgan_only,B5,B5_class_weight_threshold_tuning,CV,5,0.75,balanced,
0.0,0.0,0.0,0.9375,0.0,0.8954732510288066,0.5040360122968819,C1,C1_morgan_only,B5,B5_class_weight_threshold_tuning,CV,5,0.8,balanced,
0.0,0.0,0.0,0.9375,0.0,0.8954732510288066,0.5040360122968819,C1,C1_morgan_only,B5,B5_class_weight_threshold_tuning,CV,5,0.85,balanced,
0.0,0.0,0.0,0.9375,0.0,0.8954732510288066,0.5040360122968819,C1,C1_morgan_only,B5,B5_class_weight_threshold_tuning,CV,5,0.9,balanced,
0.3661441915651289,0.3404255319148936,0.21052631578947367,0.7847222222222222,0.8888888888888888,0.917283950617284,0.5260282564204133,C1,C1_morgan_only,B5,B5_class_weight_threshold_tuning,CV,6,0.05,balanced,
0.38056219755369364,0.3783783783783784,0.25,0.8402777777777778,0.7777777777777778,0.917283950617284,0.5260282564204133,C1,C1_morgan_only,B5,B5_class_weight_threshold_tuning,CV,6,0.1,balanced,
0.5096367047620117,0.5185185185185185,0.3888888888888889,0.9097222222222222,0.7777777777777778,0.917283950617284,0.5260282564204133,C1,C1_morgan_only,B5,B5_class_weight_threshold_tuning,CV,6,0.15,balanced,
0.30261376633440124,0.34782608695652173,0.2857142857142857,0.8958333333333334,0.4444444444444444,0.917283950617284,0.5260282564204133,C1,C1_morgan_only,B5,B5_class_weight_threshold_tuning,CV,6,0.2,balanced,
0.3577734237456226,0.4,0.36363636363636365,0.9166666666666666,0.4444444444444444,0.917283950617284,0.5260282564204133,C1,C1_morgan_only,B5,B5_class_weight_threshold_tuning,CV,6,0.25,balanced,
0.4074074074074074,0.4444444444444444,0.4444444444444444,0.9305555555555556,0.4444444444444444,0.917283950617284,0.5260282564204133,C1,C1_morgan_only,B5,B5_class_weight_threshold_tuning,CV,6,0.3,balanced,
0.3418447572008692,0.375,0.42857142857142855,0.9305555555555556,0.3333333333333333,0.917283950617284,0.5260282564204133,C1,C1_morgan_only,B5,B5_class_weight_threshold_tuning,CV,6,0.35,balanced,
0.4211438119119769,0.42857142857142855,0.6,0.9444444444444444,0.3333333333333333,0.917283950617284,0.5260282564204133,C1,C1_morgan_only,B5,B5_class_weight_threshold_tuning,CV,6,0.4,balanced,
0.4211438119119769,0.42857142857142855,0.6,0.9444444444444444,0.3333333333333333,0.917283950617284,0.5260282564204133,C1,C1_morgan_only,B5,B5_class_weight_threshold_tuning,CV,6,0.45,balanced,
0.4211438119119769,0.42857142857142855,0.6,0.9444444444444444,0.3333333333333333,0.917283950617284,0.5260282564204133,C1,C1_morgan_only,B5,B5_class_weight_threshold_tuning,CV,6,0.5,balanced,
0.36406772895810957,0.3333333333333333,0.6666666666666666,0.9444444444444444,0.2222222222222222,0.917283950617284,0.5260282564204133,C1,C1_morgan_only,B5,B5_class_weight_threshold_tuning,CV,6,0.55,balanced,
0.32387513781564786,0.2,1.0,0.9444444444444444,0.1111111111111111,0.917283950617284,0.5260282564204133,C1,C1_morgan_only,B5,B5_class_weight_threshold_tuning,CV,6,0.6,balanced,
0.0,0.0,0.0,0.9375,0.0,0.917283950617284,0.5260282564204133,C1,C1_morgan_only,B5,B5_class_weight_threshold_tuning,CV,6,0.65,balanced,
0.0,0.0,0.0,0.9375,0.0,0.917283950617284,0.5260282564204133,C1,C1_morgan_only,B5,B5_class_weight_threshold_tuning,CV,6,0.7,balanced,
0.0,0.0,0.0,0.9375,0.0,0.917283950617284,0.5260282564204133,C1,C1_morgan_only,B5,B5_class_weight_threshold_tuning,CV,6,0.75,balanced,
0.0,0.0,0.0,0.9375,0.0,0.917283950617284,0.5260282564204133,C1,C1_morgan_only,B5,B5_class_weight_threshold_tuning,CV,6,0.8,balanced,
0.0,0.0,0.0,0.9375,0.0,0.917283950617284,0.5260282564204133,C1,C1_morgan_only,B5,B5_class_weight_threshold_tuning,CV,6,0.85,balanced,
0.0,0.0,0.0,0.9375,0.0,0.917283950617284,0.5260282564204133,C1,C1_morgan_only,B5,B5_class_weight_threshold_tuning,CV,6,0.9,balanced,
0.4100721936197327,0.391304347826087,0.25,0.8055555555555556,0.9,0.8865671641791045,0.36141407081062255,C1,C1_morgan_only,B5,B5_class_weight_threshold_tuning,CV,7,0.05,balanced,
0.35153060860574914,0.3870967741935484,0.2857142857142857,0.8680555555555556,0.6,0.8865671641791045,0.36141407081062255,C1,C1_morgan_only,B5,B5_class_weight_threshold_tuning,CV,7,0.1,balanced,
0.4434098413434328,0.48,0.4,0.9097222222222222,0.6,0.8865671641791045,0.36141407081062255,C1,C1_morgan_only,B5,B5_class_weight_threshold_tuning,CV,7,0.15,balanced,
0.5106730600098365,0.5454545454545454,0.5,0.9305555555555556,0.6,0.8865671641791045,0.36141407081062255,C1,C1_morgan_only,B5,B5_class_weight_threshold_tuning,CV,7,0.2,balanced,
0.5385137337620105,0.5714285714285714,0.5454545454545454,0.9375,0.6,0.8865671641791045,0.36141407081062255,C1,C1_morgan_only,B5,B5_class_weight_threshold_tuning,CV,7,0.25,balanced,
0.29152500845230545,0.3333333333333333,0.375,0.9166666666666666,0.3,0.8865671641791045,0.36141407081062255,C1,C1_morgan_only,B5,B5_class_weight_threshold_tuning,CV,7,0.3,balanced,
0.21645482913637398,0.25,0.3333333333333333,0.9166666666666666,0.2,0.8865671641791045,0.36141407081062255,C1,C1_morgan_only,B5,B5_class_weight_threshold_tuning,CV,7,0.35,balanced,
0.1514196606236208,0.15384615384615385,0.3333333333333333,0.9236111111111112,0.1,0.8865671641791045,0.36141407081062255,C1,C1_morgan_only,B5,B5_class_weight_threshold_tuning,CV,7,0.4,balanced,
-0.03242040430182119,0.0,0.0,0.9166666666666666,0.0,0.8865671641791045,0.36141407081062255,C1,C1_morgan_only,B5,B5_class_weight_threshold_tuning,CV,7,0.45,balanced,
0.0,0.0,0.0,0.9305555555555556,0.0,0.8865671641791045,0.36141407081062255,C1,C1_morgan_only,B5,B5_class_weight_threshold_tuning,CV,7,0.5,balanced,
0.0,0.0,0.0,0.9305555555555556,0.0,0.8865671641791045,0.36141407081062255,C1,C1_morgan_only,B5,B5_class_weight_threshold_tuning,CV,7,0.55,balanced,
0.0,0.0,0.0,0.9305555555555556,0.0,0.8865671641791045,0.36141407081062255,C1,C1_morgan_only,B5,B5_class_weight_threshold_tuning,CV,7,0.6,balanced,
0.0,0.0,0.0,0.9305555555555556,0.0,0.8865671641791045,0.36141407081062255,C1,C1_morgan_only,B5,B5_class_weight_threshold_tuning,CV,7,0.65,balanced,
0.0,0.0,0.0,0.9305555555555556,0.0,0.8865671641791045,0.36141407081062255,C1,C1_morgan_only,B5,B5_class_weight_threshold_tuning,CV,7,0.7,balanced,
0.0,0.0,0.0,0.9305555555555556,0.0,0.8865671641791045,0.36141407081062255,C1,C1_morgan_only,B5,B5_class_weight_threshold_tuning,CV,7,0.75,balanced,
0.0,0.0,0.0,0.9305555555555556,0.0,0.8865671641791045,0.36141407081062255,C1,C1_morgan_only,B5,B5_class_weight_threshold_tuning,CV,7,0.8,balanced,
0.0,0.0,0.0,0.9305555555555556,0.0,0.8865671641791045,0.36141407081062255,C1,C1_morgan_only,B5,B5_class_weight_threshold_tuning,CV,7,0.85,balanced,
0.0,0.0,0.0,0.9305555555555556,0.0,0.8865671641791045,0.36141407081062255,C1,C1_morgan_only,B5,B5_class_weight_threshold_tuning,CV,7,0.9,balanced,
0.4550974971803154,0.43902439024390244,0.2903225806451613,0.8402777777777778,0.9,0.9123134328358209,0.5403453792584227,C1,C1_morgan_only,B5,B5_class_weight_threshold_tuning,CV,8,0.05,balanced,
0.47744342694673875,0.48484848484848486,0.34782608695652173,0.8819444444444444,0.8,0.9123134328358209,0.5403453792584227,C1,C1_morgan_only,B5,B5_class_weight_threshold_tuning,CV,8,0.1,balanced,
0.371398290485425,0.4166666666666667,0.35714285714285715,0.9027777777777778,0.5,0.9123134328358209,0.5403453792584227,C1,C1_morgan_only,B5,B5_class_weight_threshold_tuning,CV,8,0.15,balanced,
0.35522388059701493,0.4,0.4,0.9166666666666666,0.4,0.9123134328358209,0.5403453792584227,C1,C1_morgan_only,B5,B5_class_weight_threshold_tuning,CV,8,0.2,balanced,
0.44636364366847076,0.47058823529411764,0.5714285714285714,0.9375,0.4,0.9123134328358209,0.5403453792584227,C1,C1_morgan_only,B5,B5_class_weight_threshold_tuning,CV,8,0.25,balanced,
0.489871455413899,0.5,0.6666666666666666,0.9444444444444444,0.4,0.9123134328358209,0.5403453792584227,C1,C1_morgan_only,B5,B5_class_weight_threshold_tuning,CV,8,0.3,balanced,
0.545055771505381,0.5333333333333333,0.8,0.9513888888888888,0.4,0.9123134328358209,0.5403453792584227,C1,C1_morgan_only,B5,B5_class_weight_threshold_tuning,CV,8,0.35,balanced,
0.545055771505381,0.5333333333333333,0.8,0.9513888888888888,0.4,0.9123134328358209,0.5403453792584227,C1,C1_morgan_only,B5,B5_class_weight_threshold_tuning,CV,8,0.4,balanced,
0.45252195460881794,0.42857142857142855,0.75,0.9444444444444444,0.3,0.9123134328358209,0.5403453792584227,C1,C1_morgan_only,B5,B5_class_weight_threshold_tuning,CV,8,0.45,balanced,
0.3426866003587208,0.3076923076923077,0.6666666666666666,0.9375,0.2,0.9123134328358209,0.5403453792584227,C1,C1_morgan_only,B5,B5_class_weight_threshold_tuning,CV,8,0.5,balanced,
0.3426866003587208,0.3076923076923077,0.6666666666666666,0.9375,0.2,0.9123134328358209,0.5403453792584227,C1,C1_morgan_only,B5,B5_class_weight_threshold_tuning,CV,8,0.55,balanced,
0.434433417644404,0.3333333333333333,1.0,0.9444444444444444,0.2,0.9123134328358209,0.5403453792584227,C1,C1_morgan_only,B5,B5_class_weight_threshold_tuning,CV,8,0.6,balanced,
0.30611483744878115,0.18181818181818182,1.0,0.9375,0.1,0.9123134328358209,0.5403453792584227,C1,C1_morgan_only,B5,B5_class_weight_threshold_tuning,CV,8,0.65,balanced,
0.0,0.0,0.0,0.9305555555555556,0.0,0.9123134328358209,0.5403453792584227,C1,C1_morgan_only,B5,B5_class_weight_threshold_tuning,CV,8,0.7,balanced,
0.0,0.0,0.0,0.9305555555555556,0.0,0.9123134328358209,0.5403453792584227,C1,C1_morgan_only,B5,B5_class_weight_threshold_tuning,CV,8,0.75,balanced,
0.0,0.0,0.0,0.9305555555555556,0.0,0.9123134328358209,0.5403453792584227,C1,C1_morgan_only,B5,B5_class_weight_threshold_tuning,CV,8,0.8,balanced,
0.0,0.0,0.0,0.9305555555555556,0.0,0.9123134328358209,0.5403453792584227,C1,C1_morgan_only,B5,B5_class_weight_threshold_tuning,CV,8,0.85,balanced,
0.0,0.0,0.0,0.9305555555555556,0.0,0.9123134328358209,0.5403453792584227,C1,C1_morgan_only,B5,B5_class_weight_threshold_tuning,CV,8,0.9,balanced,
0.3139438924244559,0.3333333333333333,0.21875,0.8055555555555556,0.7,0.7988805970149253,0.3690675382181406,C1,C1_morgan_only,B5,B5_class_weight_threshold_tuning,CV,9,0.05,balanced,
0.35869816065240034,0.3783783783783784,0.25925925925925924,0.8402777777777778,0.7,0.7988805970149253,0.3690675382181406,C1,C1_morgan_only,B5,B5_class_weight_threshold_tuning,CV,9,0.1,balanced,
0.4028752561437774,0.42424242424242425,0.30434782608695654,0.8680555555555556,0.7,0.7988805970149253,0.3690675382181406,C1,C1_morgan_only,B5,B5_class_weight_threshold_tuning,CV,9,0.15,balanced,
0.4249670751074407,0.46153846153846156,0.375,0.9027777777777778,0.6,0.7988805970149253,0.3690675382181406,C1,C1_morgan_only,B5,B5_class_weight_threshold_tuning,CV,9,0.2,balanced,
0.4434098413434328,0.48,0.4,0.9097222222222222,0.6,0.7988805970149253,0.3690675382181406,C1,C1_morgan_only,B5,B5_class_weight_threshold_tuning,CV,9,0.25,balanced,
0.24776119402985075,0.3,0.3,0.9027777777777778,0.3,0.7988805970149253,0.3690675382181406,C1,C1_morgan_only,B5,B5_class_weight_threshold_tuning,CV,9,0.3,balanced,
0.3193352549564949,0.35294117647058826,0.42857142857142855,0.9236111111111112,0.3,0.7988805970149253,0.3690675382181406,C1,C1_morgan_only,B5,B5_class_weight_threshold_tuning,CV,9,0.35,balanced,
0.39583898234801435,0.4,0.6,0.9375,0.3,0.7988805970149253,0.3690675382181406,C1,C1_morgan_only,B5,B5_class_weight_threshold_tuning,CV,9,0.4,balanced,
0.3426866003587208,0.3076923076923077,0.6666666666666666,0.9375,0.2,0.7988805970149253,0.3690675382181406,C1,C1_morgan_only,B5,B5_class_weight_threshold_tuning,CV,9,0.45,balanced,
0.3426866003587208,0.3076923076923077,0.6666666666666666,0.9375,0.2,0.7988805970149253,0.3690675382181406,C1,C1_morgan_only,B5,B5_class_weight_threshold_tuning,CV,9,0.5,balanced,
0.3426866003587208,0.3076923076923077,0.6666666666666666,0.9375,0.2,0.7988805970149253,0.3690675382181406,C1,C1_morgan_only,B5,B5_class_weight_threshold_tuning,CV,9,0.55,balanced,
0.2010065066712914,0.16666666666666666,0.5,0.9305555555555556,0.1,0.7988805970149253,0.3690675382181406,C1,C1_morgan_only,B5,B5_class_weight_threshold_tuning,CV,9,0.6,balanced,
-0.02284439085438665,0.0,0.0,0.9236111111111112,0.0,0.7988805970149253,0.3690675382181406,C1,C1_morgan_only,B5,B5_class_weight_threshold_tuning,CV,9,0.65,balanced,
0.0,0.0,0.0,0.9305555555555556,0.0,0.7988805970149253,0.3690675382181406,C1,C1_morgan_only,B5,B5_class_weight_threshold_tuning,CV,9,0.7,balanced,
0.0,0.0,0.0,0.9305555555555556,0.0,0.7988805970149253,0.3690675382181406,C1,C1_morgan_only,B5,B5_class_weight_threshold_tuning,CV,9,0.75,balanced,
0.0,0.0,0.0,0.9305555555555556,0.0,0.7988805970149253,0.3690675382181406,C1,C1_morgan_only,B5,B5_class_weight_threshold_tuning,CV,9,0.8,balanced,
0.0,0.0,0.0,0.9305555555555556,0.0,0.7988805970149253,0.3690675382181406,C1,C1_morgan_only,B5,B5_class_weight_threshold_tuning,CV,9,0.85,balanced,
0.0,0.0,0.0,0.9305555555555556,0.0,0.7988805970149253,0.3690675382181406,C1,C1_morgan_only,B5,B5_class_weight_threshold_tuning,CV,9,0.9,balanced,
0.39245018575743845,0.3508771929824561,0.2127659574468085,0.7430555555555556,1.0,0.9033582089552239,0.34669274019813145,C1,C1_morgan_only,B5,B5_class_weight_threshold_tuning,CV,10,0.05,balanced,
0.39799181681655943,0.4,0.26666666666666666,0.8333333333333334,0.8,0.9033582089552239,0.34669274019813145,C1,C1_morgan_only,B5,B5_class_weight_threshold_tuning,CV,10,0.1,balanced,
0.39094222194017675,0.4117647058823529,0.2916666666666667,0.8611111111111112,0.7,0.9033582089552239,0.34669274019813145,C1,C1_morgan_only,B5,B5_class_weight_threshold_tuning,CV,10,0.15,balanced,
0.40801934102720944,0.4444444444444444,0.35294117647058826,0.8958333333333334,0.6,0.9033582089552239,0.34669274019813145,C1,C1_morgan_only,B5,B5_class_weight_threshold_tuning,CV,10,0.2,balanced,
0.39056407060681303,0.43478260869565216,0.38461538461538464,0.9097222222222222,0.5,0.9033582089552239,0.34669274019813145,C1,C1_morgan_only,B5,B5_class_weight_threshold_tuning,CV,10,0.25,balanced,
0.35522388059701493,0.4,0.4,0.9166666666666666,0.4,0.9033582089552239,0.34669274019813145,C1,C1_morgan_only,B5,B5_class_weight_threshold_tuning,CV,10,0.3,balanced,
0.21645482913637398,0.25,0.3333333333333333,0.9166666666666666,0.2,0.9033582089552239,0.34669274019813145,C1,C1_morgan_only,B5,B5_class_weight_threshold_tuning,CV,10,0.35,balanced,
0.24662219319064768,0.26666666666666666,0.4,0.9236111111111112,0.2,0.9033582089552239,0.34669274019813145,C1,C1_morgan_only,B5,B5_class_weight_threshold_tuning,CV,10,0.4,balanced,
0.12005684510029863,0.14285714285714285,0.25,0.9166666666666666,0.1,0.9033582089552239,0.34669274019813145,C1,C1_morgan_only,B5,B5_class_weight_threshold_tuning,CV,10,0.45,balanced,
0.1514196606236208,0.15384615384615385,0.3333333333333333,0.9236111111111112,0.1,0.9033582089552239,0.34669274019813145,C1,C1_morgan_only,B5,B5_class_weight_threshold_tuning,CV,10,0.5,balanced,
0.2010065066712914,0.16666666666666666,0.5,0.9305555555555556,0.1,0.9033582089552239,0.34669274019813145,C1,C1_morgan_only,B5,B5_class_weight_threshold_tuning,CV,10,0.55,balanced,
0.2010065066712914,0.16666666666666666,0.5,0.9305555555555556,0.1,0.9033582089552239,0.34669274019813145,C1,C1_morgan_only,B5,B5_class_weight_threshold_tuning,CV,10,0.6,balanced,
-0.02284439085438665,0.0,0.0,0.9236111111111112,0.0,0.9033582089552239,0.34669274019813145,C1,C1_morgan_only,B5,B5_class_weight_threshold_tuning,CV,10,0.65,balanced,
-0.02284439085438665,0.0,0.0,0.9236111111111112,0.0,0.9033582089552239,0.34669274019813145,C1,C1_morgan_only,B5,B5_class_weight_threshold_tuning,CV,10,0.7,balanced,
-0.02284439085438665,0.0,0.0,0.9236111111111112,0.0,0.9033582089552239,0.34669274019813145,C1,C1_morgan_only,B5,B5_class_weight_threshold_tuning,CV,10,0.75,balanced,
0.0,0.0,0.0,0.9305555555555556,0.0,0.9033582089552239,0.34669274019813145,C1,C1_morgan_only,B5,B5_class_weight_threshold_tuning,CV,10,0.8,balanced,
0.0,0.0,0.0,0.9305555555555556,0.0,0.9033582089552239,0.34669274019813145,C1,C1_morgan_only,B5,B5_class_weight_threshold_tuning,CV,10,0.85,balanced,
0.0,0.0,0.0,0.9305555555555556,0.0,0.9033582089552239,0.34669274019813145,C1,C1_morgan_only,B5,B5_class_weight_threshold_tuning,CV,10,0.9,balanced,
0.19516414525373488,0.3125,0.23809523809523808,0.7555555555555555,0.45454545454545453,0.6829689298043728,0.2433861689154342,C1,C1_morgan_only,B5,B5_class_weight_threshold_tuning,LOGO,1,0.05,balanced,Atovaquone
0.08395434125416042,0.19047619047619047,0.2,0.8111111111111111,0.18181818181818182,0.6829689298043728,0.2433861689154342,C1,C1_morgan_only,B5,B5_class_weight_threshold_tuning,LOGO,1,0.1,balanced,Atovaquone
0.08395434125416042,0.19047619047619047,0.2,0.8111111111111111,0.18181818181818182,0.6829689298043728,0.2433861689154342,C1,C1_morgan_only,B5,B5_class_weight_threshold_tuning,LOGO,1,0.15,balanced,Atovaquone
0.12185013633258501,0.21052631578947367,0.25,0.8333333333333334,0.18181818181818182,0.6829689298043728,0.2433861689154342,C1,C1_morgan_only,B5,B5_class_weight_threshold_tuning,LOGO,1,0.2,balanced,Atovaquone
0.14495702601062868,0.2222222222222222,0.2857142857142857,0.8444444444444444,0.18181818181818182,0.6829689298043728,0.2433861689154342,C1,C1_morgan_only,B5,B5_class_weight_threshold_tuning,LOGO,1,0.25,balanced,Atovaquone
0.17225811675152738,0.23529411764705882,0.3333333333333333,0.8555555555555555,0.18181818181818182,0.6829689298043728,0.2433861689154342,C1,C1_morgan_only,B5,B5_class_weight_threshold_tuning,LOGO,1,0.3,balanced,Atovaquone
0.20568643916656965,0.25,0.4,0.8666666666666667,0.18181818181818182,0.6829689298043728,0.2433861689154342,C1,C1_morgan_only,B5,B5_class_weight_threshold_tuning,LOGO,1,0.35,balanced,Atovaquone
0.0841334546665505,0.13333333333333333,0.25,0.8555555555555555,0.09090909090909091,0.6829689298043728,0.2433861689154342,C1,C1_morgan_only,B5,B5_class_weight_threshold_tuning,LOGO,1,0.4,balanced,Atovaquone
0.11968637508014936,0.14285714285714285,0.3333333333333333,0.8666666666666667,0.09090909090909091,0.6829689298043728,0.2433861689154342,C1,C1_morgan_only,B5,B5_class_weight_threshold_tuning,LOGO,1,0.45,balanced,Atovaquone
0.11968637508014936,0.14285714285714285,0.3333333333333333,0.8666666666666667,0.09090909090909091,0.6829689298043728,0.2433861689154342,C1,C1_morgan_only,B5,B5_class_weight_threshold_tuning,LOGO,1,0.5,balanced,Atovaquone
0.11968637508014936,0.14285714285714285,0.3333333333333333,0.8666666666666667,0.09090909090909091,0.6829689298043728,0.2433861689154342,C1,C1_morgan_only,B5,B5_class_weight_threshold_tuning,LOGO,1,0.55,balanced,Atovaquone
0.17387722105220368,0.15384615384615385,0.5,0.8777777777777778,0.09090909090909091,0.6829689298043728,0.2433861689154342,C1,C1_morgan_only,B5,B5_class_weight_threshold_tuning,LOGO,1,0.6,balanced,Atovaquone
0.17387722105220368,0.15384615384615385,0.5,0.8777777777777778,0.09090909090909091,0.6829689298043728,0.2433861689154342,C1,C1_morgan_only,B5,B5_class_weight_threshold_tuning,LOGO,1,0.65,balanced,Atovaquone
0.17387722105220368,0.15384615384615385,0.5,0.8777777777777778,0.09090909090909091,0.6829689298043728,0.2433861689154342,C1,C1_morgan_only,B5,B5_class_weight_threshold_tuning,LOGO,1,0.7,balanced,Atovaquone
0.17387722105220368,0.15384615384615385,0.5,0.8777777777777778,0.09090909090909091,0.6829689298043728,0.2433861689154342,C1,C1_morgan_only,B5,B5_class_weight_threshold_tuning,LOGO,1,0.75,balanced,Atovaquone
-0.03955376178208136,0.0,0.0,0.8666666666666667,0.0,0.6829689298043728,0.2433861689154342,C1,C1_morgan_only,B5,B5_class_weight_threshold_tuning,LOGO,1,0.8,balanced,Atovaquone
0.0,0.0,0.0,0.8777777777777778,0.0,0.6829689298043728,0.2433861689154342,C1,C1_morgan_only,B5,B5_class_weight_threshold_tuning,LOGO,1,0.85,balanced,Atovaquone
0.0,0.0,0.0,0.8777777777777778,0.0,0.6829689298043728,0.2433861689154342,C1,C1_morgan_only,B5,B5_class_weight_threshold_tuning,LOGO,1,0.9,balanced,Atovaquone
0.36090455918474645,0.30303030303030304,0.17857142857142858,0.7444444444444445,1.0,0.9258823529411764,0.6015384615384616,C1,C1_morgan_only,B5,B5_class_weight_threshold_tuning,LOGO,2,0.05,balanced,Chlorpromazine_Hcl
0.43125358551541654,0.42105263157894735,0.2857142857142857,0.8777777777777778,0.8,0.9258823529411764,0.6015384615384616,C1,C1_morgan_only,B5,B5_class_weight_threshold_tuning,LOGO,2,0.1,balanced,Chlorpromazine_Hcl
0.35378067536649976,0.375,0.2727272727272727,0.8888888888888888,0.6,0.9258823529411764,0.6015384615384616,C1,C1_morgan_only,B5,B5_class_weight_threshold_tuning,LOGO,2,0.15,balanced,Chlorpromazine_Hcl
0.40422604172722165,0.42857142857142855,0.3333333333333333,0.9111111111111111,0.6,0.9258823529411764,0.6015384615384616,C1,C1_morgan_only,B5,B5_class_weight_threshold_tuning,LOGO,2,0.2,balanced,Chlorpromazine_Hcl
0.4355935609701779,0.46153846153846156,0.375,0.9222222222222223,0.6,0.9258823529411764,0.6015384615384616,C1,C1_morgan_only,B5,B5_class_weight_threshold_tuning,LOGO,2,0.25,balanced,Chlorpromazine_Hcl
0.5185629788417315,0.5454545454545454,0.5,0.9444444444444444,0.6,0.9258823529411764,0.6015384615384616,C1,C1_morgan_only,B5,B5_class_weight_threshold_tuning,LOGO,2,0.3,balanced,Chlorpromazine_Hcl
0.36470588235294116,0.4,0.4,0.9333333333333333,0.4,0.9258823529411764,0.6015384615384616,C1,C1_morgan_only,B5,B5_class_weight_threshold_tuning,LOGO,2,0.35,balanced,Chlorpromazine_Hcl
0.36470588235294116,0.4,0.4,0.9333333333333333,0.4,0.9258823529411764,0.6015384615384616,C1,C1_morgan_only,B5,B5_class_weight_threshold_tuning,LOGO,2,0.4,balanced,Chlorpromazine_Hcl
0.41845262477275313,0.4444444444444444,0.5,0.9444444444444444,0.4,0.9258823529411764,0.6015384615384616,C1,C1_morgan_only,B5,B5_class_weight_threshold_tuning,LOGO,2,0.45,balanced,Chlorpromazine_Hcl
0.41845262477275313,0.4444444444444444,0.5,0.9444444444444444,0.4,0.9258823529411764,0.6015384615384616,C1,C1_morgan_only,B5,B5_class_weight_threshold_tuning,LOGO,2,0.5,balanced,Chlorpromazine_Hcl
0.49541508402214945,0.5,0.6666666666666666,0.9555555555555556,0.4,0.9258823529411764,0.6015384615384616,C1,C1_morgan_only,B5,B5_class_weight_threshold_tuning,LOGO,2,0.55,balanced,Chlorpromazine_Hcl
0.621581560508061,0.5714285714285714,1.0,0.9666666666666667,0.4,0.9258823529411764,0.6015384615384616,C1,C1_morgan_only,B5,B5_class_weight_threshold_tuning,LOGO,2,0.6,balanced,Chlorpromazine_Hcl
0.621581560508061,0.5714285714285714,1.0,0.9666666666666667,0.4,0.9258823529411764,0.6015384615384616,C1,C1_morgan_only,B5,B5_class_weight_threshold_tuning,LOGO,2,0.65,balanced,Chlorpromazine_Hcl
0.621581560508061,0.5714285714285714,1.0,0.9666666666666667,0.4,0.9258823529411764,0.6015384615384616,C1,C1_morgan_only,B5,B5_class_weight_threshold_tuning,LOGO,2,0.7,balanced,Chlorpromazine_Hcl
0.4370483222197017,0.3333333333333333,1.0,0.9555555555555556,0.2,0.9258823529411764,0.6015384615384616,C1,C1_morgan_only,B5,B5_class_weight_threshold_tuning,LOGO,2,0.75,balanced,Chlorpromazine_Hcl
0.0,0.0,0.0,0.9444444444444444,0.0,0.9258823529411764,0.6015384615384616,C1,C1_morgan_only,B5,B5_class_weight_threshold_tuning,LOGO,2,0.8,balanced,Chlorpromazine_Hcl
0.0,0.0,0.0,0.9444444444444444,0.0,0.9258823529411764,0.6015384615384616,C1,C1_morgan_only,B5,B5_class_weight_threshold_tuning,LOGO,2,0.85,balanced,Chlorpromazine_Hcl
0.0,0.0,0.0,0.9444444444444444,0.0,0.9258823529411764,0.6015384615384616,C1,C1_morgan_only,B5,B5_class_weight_threshold_tuning,LOGO,2,0.9,balanced,Chlorpromazine_Hcl
0.2763235057011178,0.1935483870967742,0.10714285714285714,0.7222222222222222,1.0,0.946360153256705,0.40476190476190477,C1,C1_morgan_only,B5,B5_class_weight_threshold_tuning,LOGO,3,0.05,balanced,Clofazimine
0.4326570445821968,0.35294117647058826,0.21428571428571427,0.8777777777777778,1.0,0.946360153256705,0.40476190476190477,C1,C1_morgan_only,B5,B5_class_weight_threshold_tuning,LOGO,3,0.1,balanced,Clofazimine
0.3086648620488062,0.2857142857142857,0.18181818181818182,0.8888888888888888,0.6666666666666666,0.946360153256705,0.40476190476190477,C1,C1_morgan_only,B5,B5_class_weight_threshold_tuning,LOGO,3,0.15,balanced,Clofazimine
0.3086648620488062,0.2857142857142857,0.18181818181818182,0.8888888888888888,0.6666666666666666,0.946360153256705,0.40476190476190477,C1,C1_morgan_only,B5,B5_class_weight_threshold_tuning,LOGO,3,0.2,balanced,Clofazimine
0.377009613867732,0.36363636363636365,0.25,0.9222222222222223,0.6666666666666666,0.946360153256705,0.40476190476190477,C1,C1_morgan_only,B5,B5_class_weight_threshold_tuning,LOGO,3,0.25,balanced,Clofazimine
0.4083088605285075,0.4,0.2857142857142857,0.9333333333333333,0.6666666666666666,0.946360153256705,0.40476190476190477,C1,C1_morgan_only,B5,B5_class_weight_threshold_tuning,LOGO,3,0.3,balanced,Clofazimine
0.4466625002869186,0.4444444444444444,0.3333333333333333,0.9444444444444444,0.6666666666666666,0.946360153256705,0.40476190476190477,C1,C1_morgan_only,B5,B5_class_weight_threshold_tuning,LOGO,3,0.35,balanced,Clofazimine
0.4466625002869186,0.4444444444444444,0.3333333333333333,0.9444444444444444,0.6666666666666666,0.946360153256705,0.40476190476190477,C1,C1_morgan_only,B5,B5_class_weight_threshold_tuning,LOGO,3,0.4,balanced,Clofazimine
0.3103448275862069,0.3333333333333333,0.3333333333333333,0.9555555555555556,0.3333333333333333,0.946360153256705,0.40476190476190477,C1,C1_morgan_only,B5,B5_class_weight_threshold_tuning,LOGO,3,0.45,balanced,Clofazimine
0.39192475766909796,0.4,0.5,0.9666666666666667,0.3333333333333333,0.946360153256705,0.40476190476190477,C1,C1_morgan_only,B5,B5_class_weight_threshold_tuning,LOGO,3,0.5,balanced,Clofazimine
0.39192475766909796,0.4,0.5,0.9666666666666667,0.3333333333333333,0.946360153256705,0.40476190476190477,C1,C1_morgan_only,B5,B5_class_weight_threshold_tuning,LOGO,3,0.55,balanced,Clofazimine
0.39192475766909796,0.4,0.5,0.9666666666666667,0.3333333333333333,0.946360153256705,0.40476190476190477,C1,C1_morgan_only,B5,B5_class_weight_threshold_tuning,LOGO,3,0.6,balanced,Clofazimine
0.39192475766909796,0.4,0.5,0.9666666666666667,0.3333333333333333,0.946360153256705,0.40476190476190477,C1,C1_morgan_only,B5,B5_class_weight_threshold_tuning,LOGO,3,0.65,balanced,Clofazimine
0.39192475766909796,0.4,0.5,0.9666666666666667,0.3333333333333333,0.946360153256705,0.40476190476190477,C1,C1_morgan_only,B5,B5_class_weight_threshold_tuning,LOGO,3,0.7,balanced,Clofazimine
0.39192475766909796,0.4,0.5,0.9666666666666667,0.3333333333333333,0.946360153256705,0.40476190476190477,C1,C1_morgan_only,B5,B5_class_weight_threshold_tuning,LOGO,3,0.75,balanced,Clofazimine
-0.019683666479473904,0.0,0.0,0.9555555555555556,0.0,0.946360153256705,0.40476190476190477,C1,C1_morgan_only,B5,B5_class_weight_threshold_tuning,LOGO,3,0.8,balanced,Clofazimine
0.0,0.0,0.0,0.9666666666666667,0.0,0.946360153256705,0.40476190476190477,C1,C1_morgan_only,B5,B5_class_weight_threshold_tuning,LOGO,3,0.85,balanced,Clofazimine
0.0,0.0,0.0,0.9666666666666667,0.0,0.946360153256705,0.40476190476190477,C1,C1_morgan_only,B5,B5_class_weight_threshold_tuning,LOGO,3,0.9,balanced,Clofazimine
0.0657951694959769,0.06896551724137931,0.037037037037037035,0.7,0.5,0.7301136363636364,0.27,C1,C1_morgan_only,B5,B5_class_weight_threshold_tuning,LOGO,4,0.05,balanced,Curcumine
0.14327306166276627,0.125,0.07142857142857142,0.8444444444444444,0.5,0.7301136363636364,0.27,C1,C1_morgan_only,B5,B5_class_weight_threshold_tuning,LOGO,4,0.1,balanced,Curcumine
0.17387722105220368,0.15384615384615385,0.09090909090909091,0.8777777777777778,0.5,0.7301136363636364,0.27,C1,C1_morgan_only,B5,B5_class_weight_threshold_tuning,LOGO,4,0.15,balanced,Curcumine
0.1865506268111591,0.16666666666666666,0.1,0.8888888888888888,0.5,0.7301136363636364,0.27,C1,C1_morgan_only,B5,B5_class_weight_threshold_tuning,LOGO,4,0.2,balanced,Curcumine
0.20100756305184242,0.18181818181818182,0.1111111111111111,0.9,0.5,0.7301136363636364,0.27,C1,C1_morgan_only,B5,B5_class_weight_threshold_tuning,LOGO,4,0.25,balanced,Curcumine
0.23766716851872305,0.2222222222222222,0.14285714285714285,0.9222222222222223,0.5,0.7301136363636364,0.27,C1,C1_morgan_only,B5,B5_class_weight_threshold_tuning,LOGO,4,0.3,balanced,Curcumine
0.23766716851872305,0.2222222222222222,0.14285714285714285,0.9222222222222223,0.5,0.7301136363636364,0.27,C1,C1_morgan_only,B5,B5_class_weight_threshold_tuning,LOGO,4,0.35,balanced,Curcumine
0.2618924633082486,0.25,0.16666666666666666,0.9333333333333333,0.5,0.7301136363636364,0.27,C1,C1_morgan_only,B5,B5_class_weight_threshold_tuning,LOGO,4,0.4,balanced,Curcumine
0.29250896965085227,0.2857142857142857,0.2,0.9444444444444444,0.5,0.7301136363636364,0.27,C1,C1_morgan_only,B5,B5_class_weight_threshold_tuning,LOGO,4,0.45,balanced,Curcumine
0.39192475766909796,0.4,0.3333333333333333,0.9666666666666667,0.5,0.7301136363636364,0.27,C1,C1_morgan_only,B5,B5_class_weight_threshold_tuning,LOGO,4,0.5,balanced,Curcumine
0.39192475766909796,0.4,0.3333333333333333,0.9666666666666667,0.5,0.7301136363636364,0.27,C1,C1_morgan_only,B5,B5_class_weight_threshold_tuning,LOGO,4,0.55,balanced,Curcumine
0.39192475766909796,0.4,0.3333333333333333,0.9666666666666667,0.5,0.7301136363636364,0.27,C1,C1_morgan_only,B5,B5_class_weight_threshold_tuning,LOGO,4,0.6,balanced,Curcumine
0.48863636363636365,0.5,0.5,0.9777777777777777,0.5,0.7301136363636364,0.27,C1,C1_morgan_only,B5,B5_class_weight_threshold_tuning,LOGO,4,0.65,balanced,Curcumine
0.48863636363636365,0.5,0.5,0.9777777777777777,0.5,0.7301136363636364,0.27,C1,C1_morgan_only,B5,B5_class_weight_threshold_tuning,LOGO,4,0.7,balanced,Curcumine
0.48863636363636365,0.5,0.5,0.9777777777777777,0.5,0.7301136363636364,0.27,C1,C1_morgan_only,B5,B5_class_weight_threshold_tuning,LOGO,4,0.75,balanced,Curcumine
-0.01598006930251483,0.0,0.0,0.9666666666666667,0.0,0.7301136363636364,0.27,C1,C1_morgan_only,B5,B5_class_weight_threshold_tuning,LOGO,4,0.8,balanced,Curcumine
0.0,0.0,0.0,0.9777777777777777,0.0,0.7301136363636364,0.27,C1,C1_morgan_only,B5,B5_class_weight_threshold_tuning,LOGO,4,0.85,balanced,Curcumine
0.0,0.0,0.0,0.9777777777777777,0.0,0.7301136363636364,0.27,C1,C1_morgan_only,B5,B5_class_weight_threshold_tuning,LOGO,4,0.9,balanced,Curcumine
0.1111111111111111,0.2222222222222222,0.16666666666666666,0.7666666666666667,0.3333333333333333,0.6502057613168725,0.20271262861674974,C1,C1_morgan_only,B5,B5_class_weight_threshold_tuning,LOGO,5,0.05,balanced,Econazole
-0.021790681682020446,0.09523809523809523,0.08333333333333333,0.7888888888888889,0.1111111111111111,0.6502057613168725,0.20271262861674974,C1,C1_morgan_only,B5,B5_class_weight_threshold_tuning,LOGO,5,0.1,balanced,Econazole
0.012345679012345678,0.1111111111111111,0.1111111111111111,0.8222222222222222,0.1111111111111111,0.6502057613168725,0.20271262861674974,C1,C1_morgan_only,B5,B5_class_weight_threshold_tuning,LOGO,5,0.15,balanced,Econazole
0.012345679012345678,0.1111111111111111,0.1111111111111111,0.8222222222222222,0.1111111111111111,0.6502057613168725,0.20271262861674974,C1,C1_morgan_only,B5,B5_class_weight_threshold_tuning,LOGO,5,0.2,balanced,Econazole
0.026028960314767677,0.11764705882352941,0.125,0.8333333333333334,0.1111111111111111,0.6502057613168725,0.20271262861674974,C1,C1_morgan_only,B5,B5_class_weight_threshold_tuning,LOGO,5,0.25,balanced,Econazole
0.04148699068225112,0.125,0.14285714285714285,0.8444444444444444,0.1111111111111111,0.6502057613168725,0.20271262861674974,C1,C1_morgan_only,B5,B5_class_weight_threshold_tuning,LOGO,5,0.3,balanced,Econazole
0.059391387091649865,0.13333333333333333,0.16666666666666666,0.8555555555555555,0.1111111111111111,0.6502057613168725,0.20271262861674974,C1,C1_morgan_only,B5,B5_class_weight_threshold_tuning,LOGO,5,0.35,balanced,Econazole
0.059391387091649865,0.13333333333333333,0.16666666666666666,0.8555555555555555,0.1111111111111111,0.6502057613168725,0.20271262861674974,C1,C1_morgan_only,B5,B5_class_weight_threshold_tuning,LOGO,5,0.4,balanced,Econazole
0.10783277320343841,0.15384615384615385,0.25,0.8777777777777778,0.1111111111111111,0.6502057613168725,0.20271262861674974,C1,C1_morgan_only,B5,B5_class_weight_threshold_tuning,LOGO,5,0.45,balanced,Econazole
0.10783277320343841,0.15384615384615385,0.25,0.8777777777777778,0.1111111111111111,0.6502057613168725,0.20271262861674974,C1,C1_morgan_only,B5,B5_class_weight_threshold_tuning,LOGO,5,0.5,balanced,Econazole
0.20100756305184242,0.18181818181818182,0.5,0.9,0.1111111111111111,0.6502057613168725,0.20271262861674974,C1,C1_morgan_only,B5,B5_class_weight_threshold_tuning,LOGO,5,0.55,balanced,Econazole
0.20100756305184242,0.18181818181818182,0.5,0.9,0.1111111111111111,0.6502057613168725,0.20271262861674974,C1,C1_morgan_only,B5,B5_class_weight_threshold_tuning,LOGO,5,0.6,balanced,Econazole
0.20100756305184242,0.18181818181818182,0.5,0.9,0.1111111111111111,0.6502057613168725,0.20271262861674974,C1,C1_morgan_only,B5,B5_class_weight_threshold_tuning,LOGO,5,0.65,balanced,Econazole
0.20100756305184242,0.18181818181818182,0.5,0.9,0.1111111111111111,0.6502057613168725,0.20271262861674974,C1,C1_morgan_only,B5,B5_class_weight_threshold_tuning,LOGO,5,0.7,balanced,Econazole
0.20100756305184242,0.18181818181818182,0.5,0.9,0.1111111111111111,0.6502057613168725,0.20271262861674974,C1,C1_morgan_only,B5,B5_class_weight_threshold_tuning,LOGO,5,0.75,balanced,Econazole
-0.03533326266687867,0.0,0.0,0.8888888888888888,0.0,0.6502057613168725,0.20271262861674974,C1,C1_morgan_only,B5,B5_class_weight_threshold_tuning,LOGO,5,0.8,balanced,Econazole
-0.03533326266687867,0.0,0.0,0.8888888888888888,0.0,0.6502057613168725,0.20271262861674974,C1,C1_morgan_only,B5,B5_class_weight_threshold_tuning,LOGO,5,0.85,balanced,Econazole
0.0,0.0,0.0,0.9,0.0,0.6502057613168725,0.20271262861674974,C1,C1_morgan_only,B5,B5_class_weight_threshold_tuning,LOGO,5,0.9,balanced,Econazole
0.3499817787459071,0.3333333333333333,0.21052631578947367,0.8222222222222222,0.8,0.8235294117647058,0.4027678571428572,C1,C1_morgan_only,B5,B5_class_weight_threshold_tuning,LOGO,6,0.05,balanced,Etravirine
0.33295604590814587,0.35294117647058826,0.25,0.8777777777777778,0.6,0.8235294117647058,0.4027678571428572,C1,C1_morgan_only,B5,B5_class_weight_threshold_tuning,LOGO,6,0.1,balanced,Etravirine
0.2229481606852615,0.26666666666666666,0.2,0.8777777777777778,0.4,0.8235294117647058,0.4027678571428572,C1,C1_morgan_only,B5,B5_class_weight_threshold_tuning,LOGO,6,0.15,balanced,Etravirine
0.242535625036333,0.2857142857142857,0.2222222222222222,0.8888888888888888,0.4,0.8235294117647058,0.4027678571428572,C1,C1_morgan_only,B5,B5_class_weight_threshold_tuning,LOGO,6,0.2,balanced,Etravirine
0.3241018617760822,0.36363636363636365,0.3333333333333333,0.9222222222222223,0.4,0.8235294117647058,0.4027678571428572,C1,C1_morgan_only,B5,B5_class_weight_threshold_tuning,LOGO,6,0.25,balanced,Etravirine
0.3241018617760822,0.36363636363636365,0.3333333333333333,0.9222222222222223,0.4,0.8235294117647058,0.4027678571428572,C1,C1_morgan_only,B5,B5_class_weight_threshold_tuning,LOGO,6,0.3,balanced,Etravirine
0.36470588235294116,0.4,0.4,0.9333333333333333,0.4,0.8235294117647058,0.4027678571428572,C1,C1_morgan_only,B5,B5_class_weight_threshold_tuning,LOGO,6,0.35,balanced,Etravirine
0.1830730233380795,0.2222222222222222,0.25,0.9222222222222223,0.2,0.8235294117647058,0.4027678571428572,C1,C1_morgan_only,B5,B5_class_weight_threshold_tuning,LOGO,6,0.4,balanced,Etravirine
0.1830730233380795,0.2222222222222222,0.25,0.9222222222222223,0.2,0.8235294117647058,0.4027678571428572,C1,C1_morgan_only,B5,B5_class_weight_threshold_tuning,LOGO,6,0.45,balanced,Etravirine
0.29250896965085227,0.2857142857142857,0.5,0.9444444444444444,0.2,0.8235294117647058,0.4027678571428572,C1,C1_morgan_only,B5,B5_class_weight_threshold_tuning,LOGO,6,0.5,balanced,Etravirine
0.29250896965085227,0.2857142857142857,0.5,0.9444444444444444,0.2,0.8235294117647058,0.4027678571428572,C1,C1_morgan_only,B5,B5_class_weight_threshold_tuning,LOGO,6,0.55,balanced,Etravirine
0.29250896965085227,0.2857142857142857,0.5,0.9444444444444444,0.2,0.8235294117647058,0.4027678571428572,C1,C1_morgan_only,B5,B5_class_weight_threshold_tuning,LOGO,6,0.6,balanced,Etravirine
0.29250896965085227,0.2857142857142857,0.5,0.9444444444444444,0.2,0.8235294117647058,0.4027678571428572,C1,C1_morgan_only,B5,B5_class_weight_threshold_tuning,LOGO,6,0.65,balanced,Etravirine
0.29250896965085227,0.2857142857142857,0.5,0.9444444444444444,0.2,0.8235294117647058,0.4027678571428572,C1,C1_morgan_only,B5,B5_class_weight_threshold_tuning,LOGO,6,0.7,balanced,Etravirine
0.4370483222197017,0.3333333333333333,1.0,0.9555555555555556,0.2,0.8235294117647058,0.4027678571428572,C1,C1_morgan_only,B5,B5_class_weight_threshold_tuning,LOGO,6,0.75,balanced,Etravirine
0.0,0.0,0.0,0.9444444444444444,0.0,0.8235294117647058,0.4027678571428572,C1,C1_morgan_only,B5,B5_class_weight_threshold_tuning,LOGO,6,0.8,balanced,Etravirine
0.0,0.0,0.0,0.9444444444444444,0.0,0.8235294117647058,0.4027678571428572,C1,C1_morgan_only,B5,B5_class_weight_threshold_tuning,LOGO,6,0.85,balanced,Etravirine
0.0,0.0,0.0,0.9444444444444444,0.0,0.8235294117647058,0.4027678571428572,C1,C1_morgan_only,B5,B5_class_weight_threshold_tuning,LOGO,6,0.9,balanced,Etravirine
0.5106011891880817,0.5405405405405406,0.38461538461538464,0.8111111111111111,0.9090909090909091,0.8906789413118527,0.7003490897430291,C1,C1_morgan_only,B5,B5_class_weight_threshold_tuning,LOGO,7,0.05,balanced,Fulvestrant
0.5857307249712314,0.6363636363636364,0.6363636363636364,0.9111111111111111,0.6363636363636364,0.8906789413118527,0.7003490897430291,C1,C1_morgan_only,B5,B5_class_weight_threshold_tuning,LOGO,7,0.1,balanced,Fulvestrant
0.6671459726935457,0.7,0.7777777777777778,0.9333333333333333,0.6363636363636364,0.8906789413118527,0.7003490897430291,C1,C1_morgan_only,B5,B5_class_weight_threshold_tuning,LOGO,7,0.15,balanced,Fulvestrant
0.5986550176340046,0.631578947368421,0.75,0.9222222222222223,0.5454545454545454,0.8906789413118527,0.7003490897430291,C1,C1_morgan_only,B5,B5_class_weight_threshold_tuning,LOGO,7,0.2,balanced,Fulvestrant
0.5802378669525132,0.5882352941176471,0.8333333333333334,0.9222222222222223,0.45454545454545453,0.8906789413118527,0.7003490897430291,C1,C1_morgan_only,B5,B5_class_weight_threshold_tuning,LOGO,7,0.25,balanced,Fulvestrant
0.41335132075305253,0.4,0.75,0.9,0.2727272727272727,0.8906789413118527,0.7003490897430291,C1,C1_morgan_only,B5,B5_class_weight_threshold_tuning,LOGO,7,0.3,balanced,Fulvestrant
0.3086648620488062,0.2857142857142857,0.6666666666666666,0.8888888888888888,0.18181818181818182,0.8906789413118527,0.7003490897430291,C1,C1_morgan_only,B5,B5_class_weight_threshold_tuning,LOGO,7,0.35,balanced,Fulvestrant
0.3086648620488062,0.2857142857142857,0.6666666666666666,0.8888888888888888,0.18181818181818182,0.8906789413118527,0.7003490897430291,C1,C1_morgan_only,B5,B5_class_weight_threshold_tuning,LOGO,7,0.4,balanced,Fulvestrant
0.40400883715070857,0.3076923076923077,1.0,0.9,0.18181818181818182,0.8906789413118527,0.7003490897430291,C1,C1_morgan_only,B5,B5_class_weight_threshold_tuning,LOGO,7,0.45,balanced,Fulvestrant
0.40400883715070857,0.3076923076923077,1.0,0.9,0.18181818181818182,0.8906789413118527,0.7003490897430291,C1,C1_morgan_only,B5,B5_class_weight_threshold_tuning,LOGO,7,0.5,balanced,Fulvestrant
0.40400883715070857,0.3076923076923077,1.0,0.9,0.18181818181818182,0.8906789413118527,0.7003490897430291,C1,C1_morgan_only,B5,B5_class_weight_threshold_tuning,LOGO,7,0.55,balanced,Fulvestrant
0.40400883715070857,0.3076923076923077,1.0,0.9,0.18181818181818182,0.8906789413118527,0.7003490897430291,C1,C1_morgan_only,B5,B5_class_weight_threshold_tuning,LOGO,7,0.6,balanced,Fulvestrant
0.40400883715070857,0.3076923076923077,1.0,0.9,0.18181818181818182,0.8906789413118527,0.7003490897430291,C1,C1_morgan_only,B5,B5_class_weight_threshold_tuning,LOGO,7,0.65,balanced,Fulvestrant
0.0,0.0,0.0,0.8777777777777778,0.0,0.8906789413118527,0.7003490897430291,C1,C1_morgan_only,B5,B5_class_weight_threshold_tuning,LOGO,7,0.7,balanced,Fulvestrant
0.0,0.0,0.0,0.8777777777777778,0.0,0.8906789413118527,0.7003490897430291,C1,C1_morgan_only,B5,B5_class_weight_threshold_tuning,LOGO,7,0.75,balanced,Fulvestrant
0.0,0.0,0.0,0.8777777777777778,0.0,0.8906789413118527,0.7003490897430291,C1,C1_morgan_only,B5,B5_class_weight_threshold_tuning,LOGO,7,0.8,balanced,Fulvestrant
0.0,0.0,0.0,0.8777777777777778,0.0,0.8906789413118527,0.7003490897430291,C1,C1_morgan_only,B5,B5_class_weight_threshold_tuning,LOGO,7,0.85,balanced,Fulvestrant
0.0,0.0,0.0,0.8777777777777778,0.0,0.8906789413118527,0.7003490897430291,C1,C1_morgan_only,B5,B5_class_weight_threshold_tuning,LOGO,7,0.9,balanced,Fulvestrant
0.0,0.0,0.0,0.7,0.0,,,C1,C1_morgan_only,B5,B5_class_weight_threshold_tuning,LOGO,8,0.05,balanced,Gefitinib
0.0,0.0,0.0,0.8222222222222222,0.0,,,C1,C1_morgan_only,B5,B5_class_weight_threshold_tuning,LOGO,8,0.1,balanced,Gefitinib
0.0,0.0,0.0,0.8888888888888888,0.0,,,C1,C1_morgan_only,B5,B5_class_weight_threshold_tuning,LOGO,8,0.15,balanced,Gefitinib
0.0,0.0,0.0,0.9,0.0,,,C1,C1_morgan_only,B5,B5_class_weight_threshold_tuning,LOGO,8,0.2,balanced,Gefitinib
0.0,0.0,0.0,0.9111111111111111,0.0,,,C1,C1_morgan_only,B5,B5_class_weight_threshold_tuning,LOGO,8,0.25,balanced,Gefitinib
0.0,0.0,0.0,0.9222222222222223,0.0,,,C1,C1_morgan_only,B5,B5_class_weight_threshold_tuning,LOGO,8,0.3,balanced,Gefitinib
0.0,0.0,0.0,0.9444444444444444,0.0,,,C1,C1_morgan_only,B5,B5_class_weight_threshold_tuning,LOGO,8,0.35,balanced,Gefitinib
0.0,0.0,0.0,0.9666666666666667,0.0,,,C1,C1_morgan_only,B5,B5_class_weight_threshold_tuning,LOGO,8,0.4,balanced,Gefitinib
0.0,0.0,0.0,0.9666666666666667,0.0,,,C1,C1_morgan_only,B5,B5_class_weight_threshold_tuning,LOGO,8,0.45,balanced,Gefitinib
0.0,0.0,0.0,0.9777777777777777,0.0,,,C1,C1_morgan_only,B5,B5_class_weight_threshold_tuning,LOGO,8,0.5,balanced,Gefitinib
0.0,0.0,0.0,0.9777777777777777,0.0,,,C1,C1_morgan_only,B5,B5_class_weight_threshold_tuning,LOGO,8,0.55,balanced,Gefitinib
0.0,0.0,0.0,0.9777777777777777,0.0,,,C1,C1_morgan_only,B5,B5_class_weight_threshold_tuning,LOGO,8,0.6,balanced,Gefitinib
0.0,0.0,0.0,0.9777777777777777,0.0,,,C1,C1_morgan_only,B5,B5_class_weight_threshold_tuning,LOGO,8,0.65,balanced,Gefitinib
0.0,0.0,0.0,0.9777777777777777,0.0,,,C1,C1_morgan_only,B5,B5_class_weight_threshold_tuning,LOGO,8,0.7,balanced,Gefitinib
0.0,0.0,0.0,0.9888888888888889,0.0,,,C1,C1_morgan_only,B5,B5_class_weight_threshold_tuning,LOGO,8,0.75,balanced,Gefitinib
0.0,0.0,0.0,1.0,0.0,,,C1,C1_morgan_only,B5,B5_class_weight_threshold_tuning,LOGO,8,0.8,balanced,Gefitinib
0.0,0.0,0.0,1.0,0.0,,,C1,C1_morgan_only,B5,B5_class_weight_threshold_tuning,LOGO,8,0.85,balanced,Gefitinib
0.0,0.0,0.0,1.0,0.0,,,C1,C1_morgan_only,B5,B5_class_weight_threshold_tuning,LOGO,8,0.9,balanced,Gefitinib
0.41070025419420025,0.3783783783783784,0.23333333333333334,0.7444444444444445,1.0,0.955249569707401,0.8344827586206895,C1,C1_morgan_only,B5,B5_class_weight_threshold_tuning,LOGO,9,0.05,balanced,Lumefantrine
0.4597273782867746,0.46153846153846156,0.3157894736842105,0.8444444444444444,0.8571428571428571,0.955249569707401,0.8344827586206895,C1,C1_morgan_only,B5,B5_class_weight_threshold_tuning,LOGO,9,0.1,balanced,Lumefantrine
0.6183563886048875,0.631578947368421,0.5,0.9222222222222223,0.8571428571428571,0.955249569707401,0.8344827586206895,C1,C1_morgan_only,B5,B5_class_weight_threshold_tuning,LOGO,9,0.15,balanced,Lumefantrine
0.6893897123974075,0.7058823529411765,0.6,0.9444444444444444,0.8571428571428571,0.955249569707401,0.8344827586206895,C1,C1_morgan_only,B5,B5_class_weight_threshold_tuning,LOGO,9,0.2,balanced,Lumefantrine
0.6381991713220434,0.6666666666666666,0.625,0.9444444444444444,0.7142857142857143,0.955249569707401,0.8344827586206895,C1,C1_morgan_only,B5,B5_class_weight_threshold_tuning,LOGO,9,0.25,balanced,Lumefantrine
0.7426271046839696,0.7272727272727273,1.0,0.9666666666666667,0.5714285714285714,0.955249569707401,0.8344827586206895,C1,C1_morgan_only,B5,B5_class_weight_threshold_tuning,LOGO,9,0.3,balanced,Lumefantrine
0.6394270834691721,0.6,1.0,0.9555555555555556,0.42857142857142855,0.955249569707401,0.8344827586206895,C1,C1_morgan_only,B5,B5_class_weight_threshold_tuning,LOGO,9,0.35,balanced,Lumefantrine
0.5191151312382635,0.4444444444444444,1.0,0.9444444444444444,0.2857142857142857,0.955249569707401,0.8344827586206895,C1,C1_morgan_only,B5,B5_class_weight_threshold_tuning,LOGO,9,0.4,balanced,Lumefantrine
0.5191151312382635,0.4444444444444444,1.0,0.9444444444444444,0.2857142857142857,0.955249569707401,0.8344827586206895,C1,C1_morgan_only,B5,B5_class_weight_threshold_tuning,LOGO,9,0.45,balanced,Lumefantrine
0.5191151312382635,0.4444444444444444,1.0,0.9444444444444444,0.2857142857142857,0.955249569707401,0.8344827586206895,C1,C1_morgan_only,B5,B5_class_weight_threshold_tuning,LOGO,9,0.5,balanced,Lumefantrine
0.5191151312382635,0.4444444444444444,1.0,0.9444444444444444,0.2857142857142857,0.955249569707401,0.8344827586206895,C1,C1_morgan_only,B5,B5_class_weight_threshold_tuning,LOGO,9,0.55,balanced,Lumefantrine
0.5191151312382635,0.4444444444444444,1.0,0.9444444444444444,0.2857142857142857,0.955249569707401,0.8344827586206895,C1,C1_morgan_only,B5,B5_class_weight_threshold_tuning,LOGO,9,0.6,balanced,Lumefantrine
0.5191151312382635,0.4444444444444444,1.0,0.9444444444444444,0.2857142857142857,0.955249569707401,0.8344827586206895,C1,C1_morgan_only,B5,B5_class_weight_threshold_tuning,LOGO,9,0.65,balanced,Lumefantrine
0.36500181401954734,0.25,1.0,0.9333333333333333,0.14285714285714285,0.955249569707401,0.8344827586206895,C1,C1_morgan_only,B5,B5_class_weight_threshold_tuning,LOGO,9,0.7,balanced,Lumefantrine
0.0,0.0,0.0,0.9222222222222223,0.0,0.955249569707401,0.8344827586206895,C1,C1_morgan_only,B5,B5_class_weight_threshold_tuning,LOGO,9,0.75,balanced,Lumefantrine
0.0,0.0,0.0,0.9222222222222223,0.0,0.955249569707401,0.8344827586206895,C1,C1_morgan_only,B5,B5_class_weight_threshold_tuning,LOGO,9,0.8,balanced,Lumefantrine
0.0,0.0,0.0,0.9222222222222223,0.0,0.955249569707401,0.8344827586206895,C1,C1_morgan_only,B5,B5_class_weight_threshold_tuning,LOGO,9,0.85,balanced,Lumefantrine
0.0,0.0,0.0,0.9222222222222223,0.0,0.955249569707401,0.8344827586206895,C1,C1_morgan_only,B5,B5_class_weight_threshold_tuning,LOGO,9,0.9,balanced,Lumefantrine
0.09745521440276554,0.3333333333333333,0.2962962962962963,0.6444444444444445,0.38095238095238093,0.6197377501725327,0.3508056316382928,C1,C1_morgan_only,B5,B5_class_weight_threshold_tuning,LOGO,10,0.05,balanced,Nelfinavir
-0.09181208384530734,0.11428571428571428,0.14285714285714285,0.6555555555555556,0.09523809523809523,0.6197377501725327,0.3508056316382928,C1,C1_morgan_only,B5,B5_class_weight_threshold_tuning,LOGO,10,0.1,balanced,Nelfinavir
-0.06182446677351863,0.12121212121212122,0.16666666666666666,0.6777777777777778,0.09523809523809523,0.6197377501725327,0.3508056316382928,C1,C1_morgan_only,B5,B5_class_weight_threshold_tuning,LOGO,10,0.15,balanced,Nelfinavir
-0.008756782291545561,0.13333333333333333,0.2222222222222222,0.7111111111111111,0.09523809523809523,0.6197377501725327,0.3508056316382928,C1,C1_morgan_only,B5,B5_class_weight_threshold_tuning,LOGO,10,0.2,balanced,Nelfinavir
0.01230821669259179,0.13793103448275862,0.25,0.7222222222222222,0.09523809523809523,0.6197377501725327,0.3508056316382928,C1,C1_morgan_only,B5,B5_class_weight_threshold_tuning,LOGO,10,0.25,balanced,Nelfinavir
0.13597460911240103,0.16,0.5,0.7666666666666667,0.09523809523809523,0.6197377501725327,0.3508056316382928,C1,C1_morgan_only,B5,B5_class_weight_threshold_tuning,LOGO,10,0.3,balanced,Nelfinavir
0.13597460911240103,0.16,0.5,0.7666666666666667,0.09523809523809523,0.6197377501725327,0.3508056316382928,C1,C1_morgan_only,B5,B5_class_weight_threshold_tuning,LOGO,10,0.35,balanced,Nelfinavir
0.13597460911240103,0.16,0.5,0.7666666666666667,0.09523809523809523,0.6197377501725327,0.3508056316382928,C1,C1_morgan_only,B5,B5_class_weight_threshold_tuning,LOGO,10,0.4,balanced,Nelfinavir
0.27326786250001056,0.17391304347826086,1.0,0.7888888888888889,0.09523809523809523,0.6197377501725327,0.3508056316382928,C1,C1_morgan_only,B5,B5_class_weight_threshold_tuning,LOGO,10,0.45,balanced,Nelfinavir
0.27326786250001056,0.17391304347826086,1.0,0.7888888888888889,0.09523809523809523,0.6197377501725327,0.3508056316382928,C1,C1_morgan_only,B5,B5_class_weight_threshold_tuning,LOGO,10,0.5,balanced,Nelfinavir
0.27326786250001056,0.17391304347826086,1.0,0.7888888888888889,0.09523809523809523,0.6197377501725327,0.3508056316382928,C1,C1_morgan_only,B5,B5_class_weight_threshold_tuning,LOGO,10,0.55,balanced,Nelfinavir
0.27326786250001056,0.17391304347826086,1.0,0.7888888888888889,0.09523809523809523,0.6197377501725327,0.3508056316382928,C1,C1_morgan_only,B5,B5_class_weight_threshold_tuning,LOGO,10,0.6,balanced,Nelfinavir
0.27326786250001056,0.17391304347826086,1.0,0.7888888888888889,0.09523809523809523,0.6197377501725327,0.3508056316382928,C1,C1_morgan_only,B5,B5_class_weight_threshold_tuning,LOGO,10,0.65,balanced,Nelfinavir
0.1921409327596115,0.09090909090909091,1.0,0.7777777777777778,0.047619047619047616,0.6197377501725327,0.3508056316382928,C1,C1_morgan_only,B5,B5_class_weight_threshold_tuning,LOGO,10,0.7,balanced,Nelfinavir
0.0,0.0,0.0,0.7666666666666667,0.0,0.6197377501725327,0.3508056316382928,C1,C1_morgan_only,B5,B5_class_weight_threshold_tuning,LOGO,10,0.75,balanced,Nelfinavir
0.0,0.0,0.0,0.7666666666666667,0.0,0.6197377501725327,0.3508056316382928,C1,C1_morgan_only,B5,B5_class_weight_threshold_tuning,LOGO,10,0.8,balanced,Nelfinavir
0.0,0.0,0.0,0.7666666666666667,0.0,0.6197377501725327,0.3508056316382928,C1,C1_morgan_only,B5,B5_class_weight_threshold_tuning,LOGO,10,0.85,balanced,Nelfinavir
0.0,0.0,0.0,0.7666666666666667,0.0,0.6197377501725327,0.3508056316382928,C1,C1_morgan_only,B5,B5_class_weight_threshold_tuning,LOGO,10,0.9,balanced,Nelfinavir
0.24308621740219888,0.14814814814814814,0.08,0.7444444444444445,1.0,0.9261363636363636,0.18333333333333335,C1,C1_morgan_only,B5,B5_class_weight_threshold_tuning,LOGO,11,0.05,balanced,Physcion
0.3370999312316211,0.23529411764705882,0.13333333333333333,0.8555555555555555,1.0,0.9261363636363636,0.18333333333333335,C1,C1_morgan_only,B5,B5_class_weight_threshold_tuning,LOGO,11,0.1,balanced,Physcion
0.42640143271122083,0.3333333333333333,0.2,0.9111111111111111,1.0,0.9261363636363636,0.18333333333333335,C1,C1_morgan_only,B5,B5_class_weight_threshold_tuning,LOGO,11,0.15,balanced,Physcion
0.20100756305184242,0.18181818181818182,0.1111111111111111,0.9,0.5,0.9261363636363636,0.18333333333333335,C1,C1_morgan_only,B5,B5_class_weight_threshold_tuning,LOGO,11,0.2,balanced,Physcion
0.21778274432345512,0.2,0.125,0.9111111111111111,0.5,0.9261363636363636,0.18333333333333335,C1,C1_morgan_only,B5,B5_class_weight_threshold_tuning,LOGO,11,0.25,balanced,Physcion
0.23766716851872305,0.2222222222222222,0.14285714285714285,0.9222222222222223,0.5,0.9261363636363636,0.18333333333333335,C1,C1_morgan_only,B5,B5_class_weight_threshold_tuning,LOGO,11,0.3,balanced,Physcion
-0.036563621206356534,0.0,0.0,0.9222222222222223,0.0,0.9261363636363636,0.18333333333333335,C1,C1_morgan_only,B5,B5_class_weight_threshold_tuning,LOGO,11,0.35,balanced,Physcion
-0.03251280443811776,0.0,0.0,0.9333333333333333,0.0,0.9261363636363636,0.18333333333333335,C1,C1_morgan_only,B5,B5_class_weight_threshold_tuning,LOGO,11,0.4,balanced,Physcion
-0.027994625547792713,0.0,0.0,0.9444444444444444,0.0,0.9261363636363636,0.18333333333333335,C1,C1_morgan_only,B5,B5_class_weight_threshold_tuning,LOGO,11,0.45,balanced,Physcion
-0.022727272727272728,0.0,0.0,0.9555555555555556,0.0,0.9261363636363636,0.18333333333333335,C1,C1_morgan_only,B5,B5_class_weight_threshold_tuning,LOGO,11,0.5,balanced,Physcion
-0.022727272727272728,0.0,0.0,0.9555555555555556,0.0,0.9261363636363636,0.18333333333333335,C1,C1_morgan_only,B5,B5_class_weight_threshold_tuning,LOGO,11,0.55,balanced,Physcion
-0.022727272727272728,0.0,0.0,0.9555555555555556,0.0,0.9261363636363636,0.18333333333333335,C1,C1_morgan_only,B5,B5_class_weight_threshold_tuning,LOGO,11,0.6,balanced,Physcion
-0.022727272727272728,0.0,0.0,0.9555555555555556,0.0,0.9261363636363636,0.18333333333333335,C1,C1_morgan_only,B5,B5_class_weight_threshold_tuning,LOGO,11,0.65,balanced,Physcion
-0.022727272727272728,0.0,0.0,0.9555555555555556,0.0,0.9261363636363636,0.18333333333333335,C1,C1_morgan_only,B5,B5_class_weight_threshold_tuning,LOGO,11,0.7,balanced,Physcion
-0.022727272727272728,0.0,0.0,0.9555555555555556,0.0,0.9261363636363636,0.18333333333333335,C1,C1_morgan_only,B5,B5_class_weight_threshold_tuning,LOGO,11,0.75,balanced,Physcion
-0.01598006930251483,0.0,0.0,0.9666666666666667,0.0,0.9261363636363636,0.18333333333333335,C1,C1_morgan_only,B5,B5_class_weight_threshold_tuning,LOGO,11,0.8,balanced,Physcion
0.0,0.0,0.0,0.9777777777777777,0.0,0.9261363636363636,0.18333333333333335,C1,C1_morgan_only,B5,B5_class_weight_threshold_tuning,LOGO,11,0.85,balanced,Physcion
0.0,0.0,0.0,0.9777777777777777,0.0,0.9261363636363636,0.18333333333333335,C1,C1_morgan_only,B5,B5_class_weight_threshold_tuning,LOGO,11,0.9,balanced,Physcion
0.0,0.0,0.0,0.6,0.0,,,C1,C1_morgan_only,B5,B5_class_weight_threshold_tuning,LOGO,12,0.05,balanced,Pranlukast
0.0,0.0,0.0,0.8,0.0,,,C1,C1_morgan_only,B5,B5_class_weight_threshold_tuning,LOGO,12,0.1,balanced,Pranlukast
0.0,0.0,0.0,0.8888888888888888,0.0,,,C1,C1_morgan_only,B5,B5_class_weight_threshold_tuning,LOGO,12,0.15,balanced,Pranlukast
0.0,0.0,0.0,0.9,0.0,,,C1,C1_morgan_only,B5,B5_class_weight_threshold_tuning,LOGO,12,0.2,balanced,Pranlukast
0.0,0.0,0.0,0.9222222222222223,0.0,,,C1,C1_morgan_only,B5,B5_class_weight_threshold_tuning,LOGO,12,0.25,balanced,Pranlukast
0.0,0.0,0.0,0.9444444444444444,0.0,,,C1,C1_morgan_only,B5,B5_class_weight_threshold_tuning,LOGO,12,0.3,balanced,Pranlukast
0.0,0.0,0.0,0.9555555555555556,0.0,,,C1,C1_morgan_only,B5,B5_class_weight_threshold_tuning,LOGO,12,0.35,balanced,Pranlukast
0.0,0.0,0.0,0.9666666666666667,0.0,,,C1,C1_morgan_only,B5,B5_class_weight_threshold_tuning,LOGO,12,0.4,balanced,Pranlukast
0.0,0.0,0.0,0.9777777777777777,0.0,,,C1,C1_morgan_only,B5,B5_class_weight_threshold_tuning,LOGO,12,0.45,balanced,Pranlukast
0.0,0.0,0.0,0.9777777777777777,0.0,,,C1,C1_morgan_only,B5,B5_class_weight_threshold_tuning,LOGO,12,0.5,balanced,Pranlukast
0.0,0.0,0.0,0.9777777777777777,0.0,,,C1,C1_morgan_only,B5,B5_class_weight_threshold_tuning,LOGO,12,0.55,balanced,Pranlukast
0.0,0.0,0.0,0.9777777777777777,0.0,,,C1,C1_morgan_only,B5,B5_class_weight_threshold_tuning,LOGO,12,0.6,balanced,Pranlukast
0.0,0.0,0.0,0.9777777777777777,0.0,,,C1,C1_morgan_only,B5,B5_class_weight_threshold_tuning,LOGO,12,0.65,balanced,Pranlukast
0.0,0.0,0.0,0.9777777777777777,0.0,,,C1,C1_morgan_only,B5,B5_class_weight_threshold_tuning,LOGO,12,0.7,balanced,Pranlukast
0.0,0.0,0.0,1.0,0.0,,,C1,C1_morgan_only,B5,B5_class_weight_threshold_tuning,LOGO,12,0.75,balanced,Pranlukast
0.0,0.0,0.0,1.0,0.0,,,C1,C1_morgan_only,B5,B5_class_weight_threshold_tuning,LOGO,12,0.8,balanced,Pranlukast
0.0,0.0,0.0,1.0,0.0,,,C1,C1_morgan_only,B5,B5_class_weight_threshold_tuning,LOGO,12,0.85,balanced,Pranlukast
0.0,0.0,0.0,1.0,0.0,,,C1,C1_morgan_only,B5,B5_class_weight_threshold_tuning,LOGO,12,0.9,balanced,Pranlukast
0.2123507433382009,0.14285714285714285,0.07692307692307693,0.6,1.0,1.0,1.0,C1,C1_morgan_only,B5,B5_class_weight_threshold_tuning,LOGO,13,0.05,balanced,Rapamycin
0.384802575761095,0.3,0.17647058823529413,0.8444444444444444,1.0,1.0,1.0,C1,C1_morgan_only,B5,B5_class_weight_threshold_tuning,LOGO,13,0.1,balanced,Rapamycin
0.4734320764739993,0.4,0.25,0.9,1.0,1.0,1.0,C1,C1_morgan_only,B5,B5_class_weight_threshold_tuning,LOGO,13,0.15,balanced,Rapamycin
0.594515160329885,0.5454545454545454,0.375,0.9444444444444444,1.0,1.0,1.0,C1,C1_morgan_only,B5,B5_class_weight_threshold_tuning,LOGO,13,0.2,balanced,Rapamycin
0.6948083337796511,0.6666666666666666,0.5,0.9666666666666667,1.0,1.0,1.0,C1,C1_morgan_only,B5,B5_class_weight_threshold_tuning,LOGO,13,0.25,balanced,Rapamycin
0.8610338613230187,0.8571428571428571,0.75,0.9888888888888889,1.0,1.0,1.0,C1,C1_morgan_only,B5,B5_class_weight_threshold_tuning,LOGO,13,0.3,balanced,Rapamycin
0.8118441408859887,0.8,1.0,0.9888888888888889,0.6666666666666666,1.0,1.0,C1,C1_morgan_only,B5,B5_class_weight_threshold_tuning,LOGO,13,0.35,balanced,Rapamycin
0.8118441408859887,0.8,1.0,0.9888888888888889,0.6666666666666666,1.0,1.0,C1,C1_morgan_only,B5,B5_class_weight_threshold_tuning,LOGO,13,0.4,balanced,Rapamycin
0.8118441408859887,0.8,1.0,0.9888888888888889,0.6666666666666666,1.0,1.0,C1,C1_morgan_only,B5,B5_class_weight_threshold_tuning,LOGO,13,0.45,balanced,Rapamycin
0.8118441408859887,0.8,1.0,0.9888888888888889,0.6666666666666666,1.0,1.0,C1,C1_morgan_only,B5,B5_class_weight_threshold_tuning,LOGO,13,0.5,balanced,Rapamycin
0.5708263279047433,0.5,1.0,0.9777777777777777,0.3333333333333333,1.0,1.0,C1,C1_morgan_only,B5,B5_class_weight_threshold_tuning,LOGO,13,0.55,balanced,Rapamycin
0.0,0.0,0.0,0.9666666666666667,0.0,1.0,1.0,C1,C1_morgan_only,B5,B5_class_weight_threshold_tuning,LOGO,13,0.6,balanced,Rapamycin
0.0,0.0,0.0,0.9666666666666667,0.0,1.0,1.0,C1,C1_morgan_only,B5,B5_class_weight_threshold_tuning,LOGO,13,0.65,balanced,Rapamycin
0.0,0.0,0.0,0.9666666666666667,0.0,1.0,1.0,C1,C1_morgan_only,B5,B5_class_weight_threshold_tuning,LOGO,13,0.7,balanced,Rapamycin
0.0,0.0,0.0,0.9666666666666667,0.0,1.0,1.0,C1,C1_morgan_only,B5,B5_class_weight_threshold_tuning,LOGO,13,0.75,balanced,Rapamycin
0.0,0.0,0.0,0.9666666666666667,0.0,1.0,1.0,C1,C1_morgan_only,B5,B5_class_weight_threshold_tuning,LOGO,13,0.8,balanced,Rapamycin
0.0,0.0,0.0,0.9666666666666667,0.0,1.0,1.0,C1,C1_morgan_only,B5,B5_class_weight_threshold_tuning,LOGO,13,0.85,balanced,Rapamycin
0.0,0.0,0.0,0.9666666666666667,0.0,1.0,1.0,C1,C1_morgan_only,B5,B5_class_weight_threshold_tuning,LOGO,13,0.9,balanced,Rapamycin
0.31180478223116176,0.3333333333333333,0.2222222222222222,0.8222222222222222,0.6666666666666666,0.8164682539682541,0.4542685542685543,C1,C1_morgan_only,B5,B5_class_weight_threshold_tuning,LOGO,14,0.05,balanced,Rilpivirine
0.41931393468876726,0.4444444444444444,0.3333333333333333,0.8888888888888888,0.6666666666666666,0.8164682539682541,0.4542685542685543,C1,C1_morgan_only,B5,B5_class_weight_threshold_tuning,LOGO,14,0.1,balanced,Rilpivirine
0.444244616885518,0.47058823529411764,0.36363636363636365,0.9,0.6666666666666666,0.8164682539682541,0.4542685542685543,C1,C1_morgan_only,B5,B5_class_weight_threshold_tuning,LOGO,14,0.15,balanced,Rilpivirine
0.472455591261534,0.5,0.4,0.9111111111111111,0.6666666666666666,0.8164682539682541,0.4542685542685543,C1,C1_morgan_only,B5,B5_class_weight_threshold_tuning,LOGO,14,0.2,balanced,Rilpivirine
0.4213388568120093,0.46153846153846156,0.42857142857142855,0.9222222222222223,0.5,0.8164682539682541,0.4542685542685543,C1,C1_morgan_only,B5,B5_class_weight_threshold_tuning,LOGO,14,0.25,balanced,Rilpivirine
0.3241018617760822,0.36363636363636365,0.4,0.9222222222222223,0.3333333333333333,0.8164682539682541,0.4542685542685543,C1,C1_morgan_only,B5,B5_class_weight_threshold_tuning,LOGO,14,0.3,balanced,Rilpivirine
0.3241018617760822,0.36363636363636365,0.4,0.9222222222222223,0.3333333333333333,0.8164682539682541,0.4542685542685543,C1,C1_morgan_only,B5,B5_class_weight_threshold_tuning,LOGO,14,0.35,balanced,Rilpivirine
0.4466625002869186,0.4444444444444444,0.6666666666666666,0.9444444444444444,0.3333333333333333,0.8164682539682541,0.4542685542685543,C1,C1_morgan_only,B5,B5_class_weight_threshold_tuning,LOGO,14,0.4,balanced,Rilpivirine
0.4466625002869186,0.4444444444444444,0.6666666666666666,0.9444444444444444,0.3333333333333333,0.8164682539682541,0.4542685542685543,C1,C1_morgan_only,B5,B5_class_weight_threshold_tuning,LOGO,14,0.45,balanced,Rilpivirine
0.4466625002869186,0.4444444444444444,0.6666666666666666,0.9444444444444444,0.3333333333333333,0.8164682539682541,0.4542685542685543,C1,C1_morgan_only,B5,B5_class_weight_threshold_tuning,LOGO,14,0.5,balanced,Rilpivirine
0.2618924633082486,0.25,0.5,0.9333333333333333,0.16666666666666666,0.8164682539682541,0.4542685542685543,C1,C1_morgan_only,B5,B5_class_weight_threshold_tuning,LOGO,14,0.55,balanced,Rilpivirine
0.2618924633082486,0.25,0.5,0.9333333333333333,0.16666666666666666,0.8164682539682541,0.4542685542685543,C1,C1_morgan_only,B5,B5_class_weight_threshold_tuning,LOGO,14,0.6,balanced,Rilpivirine
0.39661488976905146,0.2857142857142857,1.0,0.9444444444444444,0.16666666666666666,0.8164682539682541,0.4542685542685543,C1,C1_morgan_only,B5,B5_class_weight_threshold_tuning,LOGO,14,0.65,balanced,Rilpivirine
0.39661488976905146,0.2857142857142857,1.0,0.9444444444444444,0.16666666666666666,0.8164682539682541,0.4542685542685543,C1,C1_morgan_only,B5,B5_class_weight_threshold_tuning,LOGO,14,0.7,balanced,Rilpivirine
0.39661488976905146,0.2857142857142857,1.0,0.9444444444444444,0.16666666666666666,0.8164682539682541,0.4542685542685543,C1,C1_morgan_only,B5,B5_class_weight_threshold_tuning,LOGO,14,0.75,balanced,Rilpivirine
0.0,0.0,0.0,0.9333333333333333,0.0,0.8164682539682541,0.4542685542685543,C1,C1_morgan_only,B5,B5_class_weight_threshold_tuning,LOGO,14,0.8,balanced,Rilpivirine
0.0,0.0,0.0,0.9333333333333333,0.0,0.8164682539682541,0.4542685542685543,C1,C1_morgan_only,B5,B5_class_weight_threshold_tuning,LOGO,14,0.85,balanced,Rilpivirine
0.0,0.0,0.0,0.9333333333333333,0.0,0.8164682539682541,0.4542685542685543,C1,C1_morgan_only,B5,B5_class_weight_threshold_tuning,LOGO,14,0.9,balanced,Rilpivirine
0.3674376604662922,0.4,0.2727272727272727,0.8,0.75,0.8407012195121951,0.6522095959595959,C1,C1_morgan_only,B5,B5_class_weight_threshold_tuning,LOGO,15,0.05,balanced,Sorafenib
0.5986550176340046,0.631578947368421,0.5454545454545454,0.9222222222222223,0.75,0.8407012195121951,0.6522095959595959,C1,C1_morgan_only,B5,B5_class_weight_threshold_tuning,LOGO,15,0.1,balanced,Sorafenib
0.4924176347256376,0.5333333333333333,0.5714285714285714,0.9222222222222223,0.5,0.8407012195121951,0.6522095959595959,C1,C1_morgan_only,B5,B5_class_weight_threshold_tuning,LOGO,15,0.15,balanced,Sorafenib
0.5426095162342934,0.5714285714285714,0.6666666666666666,0.9333333333333333,0.5,0.8407012195121951,0.6522095959595959,C1,C1_morgan_only,B5,B5_class_weight_threshold_tuning,LOGO,15,0.2,balanced,Sorafenib
0.4355935609701779,0.46153846153846156,0.6,0.9222222222222223,0.375,0.8407012195121951,0.6522095959595959,C1,C1_morgan_only,B5,B5_class_weight_threshold_tuning,LOGO,15,0.25,balanced,Sorafenib
0.5010093329203401,0.5,0.75,0.9333333333333333,0.375,0.8407012195121951,0.6522095959595959,C1,C1_morgan_only,B5,B5_class_weight_threshold_tuning,LOGO,15,0.3,balanced,Sorafenib
0.594515160329885,0.5454545454545454,1.0,0.9444444444444444,0.375,0.8407012195121951,0.6522095959595959,C1,C1_morgan_only,B5,B5_class_weight_threshold_tuning,LOGO,15,0.35,balanced,Sorafenib
0.48265364958171136,0.4,1.0,0.9333333333333333,0.25,0.8407012195121951,0.6522095959595959,C1,C1_morgan_only,B5,B5_class_weight_threshold_tuning,LOGO,15,0.4,balanced,Sorafenib
0.48265364958171136,0.4,1.0,0.9333333333333333,0.25,0.8407012195121951,0.6522095959595959,C1,C1_morgan_only,B5,B5_class_weight_threshold_tuning,LOGO,15,0.45,balanced,Sorafenib
0.48265364958171136,0.4,1.0,0.9333333333333333,0.25,0.8407012195121951,0.6522095959595959,C1,C1_morgan_only,B5,B5_class_weight_threshold_tuning,LOGO,15,0.5,balanced,Sorafenib
0.48265364958171136,0.4,1.0,0.9333333333333333,0.25,0.8407012195121951,0.6522095959595959,C1,C1_morgan_only,B5,B5_class_weight_threshold_tuning,LOGO,15,0.55,balanced,Sorafenib
0.339364905854808,0.2222222222222222,1.0,0.9222222222222223,0.125,0.8407012195121951,0.6522095959595959,C1,C1_morgan_only,B5,B5_class_weight_threshold_tuning,LOGO,15,0.6,balanced,Sorafenib
0.339364905854808,0.2222222222222222,1.0,0.9222222222222223,0.125,0.8407012195121951,0.6522095959595959,C1,C1_morgan_only,B5,B5_class_weight_threshold_tuning,LOGO,15,0.65,balanced,Sorafenib
0.0,0.0,0.0,0.9111111111111111,0.0,0.8407012195121951,0.6522095959595959,C1,C1_morgan_only,B5,B5_class_weight_threshold_tuning,LOGO,15,0.7,balanced,Sorafenib
0.0,0.0,0.0,0.9111111111111111,0.0,0.8407012195121951,0.6522095959595959,C1,C1_morgan_only,B5,B5_class_weight_threshold_tuning,LOGO,15,0.75,balanced,Sorafenib
0.0,0.0,0.0,0.9111111111111111,0.0,0.8407012195121951,0.6522095959595959,C1,C1_morgan_only,B5,B5_class_weight_threshold_tuning,LOGO,15,0.8,balanced,Sorafenib
0.0,0.0,0.0,0.9111111111111111,0.0,0.8407012195121951,0.6522095959595959,C1,C1_morgan_only,B5,B5_class_weight_threshold_tuning,LOGO,15,0.85,balanced,Sorafenib
0.0,0.0,0.0,0.9111111111111111,0.0,0.8407012195121951,0.6522095959595959,C1,C1_morgan_only,B5,B5_class_weight_threshold_tuning,LOGO,15,0.9,balanced,Sorafenib
0.13931101440087726,0.058823529411764705,0.030303030303030304,0.6444444444444445,1.0,0.9887640449438202,0.5,C1,C1_morgan_only,B5,B5_class_weight_threshold_tuning,LOGO,16,0.05,balanced,Taxol
0.2196554412899926,0.1111111111111111,0.058823529411764705,0.8222222222222222,1.0,0.9887640449438202,0.5,C1,C1_morgan_only,B5,B5_class_weight_threshold_tuning,LOGO,16,0.1,balanced,Taxol
0.284067925525857,0.16666666666666666,0.09090909090909091,0.8888888888888888,1.0,0.9887640449438202,0.5,C1,C1_morgan_only,B5,B5_class_weight_threshold_tuning,LOGO,16,0.15,balanced,Taxol
0.339364905854808,0.2222222222222222,0.125,0.9222222222222223,1.0,0.9887640449438202,0.5,C1,C1_morgan_only,B5,B5_class_weight_threshold_tuning,LOGO,16,0.2,balanced,Taxol
0.39661488976905146,0.2857142857142857,0.16666666666666666,0.9444444444444444,1.0,0.9887640449438202,0.5,C1,C1_morgan_only,B5,B5_class_weight_threshold_tuning,LOGO,16,0.25,balanced,Taxol
0.49150079726066076,0.4,0.25,0.9666666666666667,1.0,0.9887640449438202,0.5,C1,C1_morgan_only,B5,B5_class_weight_threshold_tuning,LOGO,16,0.3,balanced,Taxol
0.49150079726066076,0.4,0.25,0.9666666666666667,1.0,0.9887640449438202,0.5,C1,C1_morgan_only,B5,B5_class_weight_threshold_tuning,LOGO,16,0.35,balanced,Taxol
0.7031230493106524,0.6666666666666666,0.5,0.9888888888888889,1.0,0.9887640449438202,0.5,C1,C1_morgan_only,B5,B5_class_weight_threshold_tuning,LOGO,16,0.4,balanced,Taxol
0.7031230493106524,0.6666666666666666,0.5,0.9888888888888889,1.0,0.9887640449438202,0.5,C1,C1_morgan_only,B5,B5_class_weight_threshold_tuning,LOGO,16,0.45,balanced,Taxol
0.7031230493106524,0.6666666666666666,0.5,0.9888888888888889,1.0,0.9887640449438202,0.5,C1,C1_morgan_only,B5,B5_class_weight_threshold_tuning,LOGO,16,0.5,balanced,Taxol
0.7031230493106524,0.6666666666666666,0.5,0.9888888888888889,1.0,0.9887640449438202,0.5,C1,C1_morgan_only,B5,B5_class_weight_threshold_tuning,LOGO,16,0.55,balanced,Taxol
0.7031230493106524,0.6666666666666666,0.5,0.9888888888888889,1.0,0.9887640449438202,0.5,C1,C1_morgan_only,B5,B5_class_weight_threshold_tuning,LOGO,16,0.6,balanced,Taxol
-0.011235955056179775,0.0,0.0,0.9777777777777777,0.0,0.9887640449438202,0.5,C1,C1_morgan_only,B5,B5_class_weight_threshold_tuning,LOGO,16,0.65,balanced,Taxol
0.0,0.0,0.0,0.9888888888888889,0.0,0.9887640449438202,0.5,C1,C1_morgan_only,B5,B5_class_weight_threshold_tuning,LOGO,16,0.7,balanced,Taxol
0.0,0.0,0.0,0.9888888888888889,0.0,0.9887640449438202,0.5,C1,C1_morgan_only,B5,B5_class_weight_threshold_tuning,LOGO,16,0.75,balanced,Taxol
0.0,0.0,0.0,0.9888888888888889,0.0,0.9887640449438202,0.5,C1,C1_morgan_only,B5,B5_class_weight_threshold_tuning,LOGO,16,0.8,balanced,Taxol
0.0,0.0,0.0,0.9888888888888889,0.0,0.9887640449438202,0.5,C1,C1_morgan_only,B5,B5_class_weight_threshold_tuning,LOGO,16,0.85,balanced,Taxol
0.0,0.0,0.0,0.9888888888888889,0.0,0.9887640449438202,0.5,C1,C1_morgan_only,B5,B5_class_weight_threshold_tuning,LOGO,16,0.9,balanced,Taxol
0.2740740740740741,0.25396825396825395,0.14814814814814814,0.6736111111111112,0.8888888888888888,0.9004115226337448,0.44455271320062606,C2,C2_rdkit_descriptors_only,B4,B4_threshold_tuning_only,CV,1,0.05,none,
0.3620388442644453,0.358974358974359,0.23333333333333334,0.8263888888888888,0.7777777777777778,0.9004115226337448,0.44455271320062606,C2,C2_rdkit_descriptors_only,B4,B4_threshold_tuning_only,CV,1,0.1,none,
0.49272603682819627,0.5,0.3684210526315789,0.9027777777777778,0.7777777777777778,0.9004115226337448,0.44455271320062606,C2,C2_rdkit_descriptors_only,B4,B4_threshold_tuning_only,CV,1,0.15,none,
0.3577734237456226,0.4,0.36363636363636365,0.9166666666666666,0.4444444444444444,0.9004115226337448,0.44455271320062606,C2,C2_rdkit_descriptors_only,B4,B4_threshold_tuning_only,CV,1,0.2,none,
0.28888888888888886,0.3333333333333333,0.3333333333333333,0.9166666666666666,0.3333333333333333,0.9004115226337448,0.44455271320062606,C2,C2_rdkit_descriptors_only,B4,B4_threshold_tuning_only,CV,1,0.25,none,
0.20844192512248122,0.25,0.2857142857142857,0.9166666666666666,0.2222222222222222,0.9004115226337448,0.44455271320062606,C2,C2_rdkit_descriptors_only,B4,B4_threshold_tuning_only,CV,1,0.3,none,
0.20844192512248122,0.25,0.2857142857142857,0.9166666666666666,0.2222222222222222,0.9004115226337448,0.44455271320062606,C2,C2_rdkit_descriptors_only,B4,B4_threshold_tuning_only,CV,1,0.35,none,
0.21449799456256347,0.18181818181818182,0.5,0.9375,0.1111111111111111,0.9004115226337448,0.44455271320062606,C2,C2_rdkit_descriptors_only,B4,B4_threshold_tuning_only,CV,1,0.4,none,
0.21449799456256347,0.18181818181818182,0.5,0.9375,0.1111111111111111,0.9004115226337448,0.44455271320062606,C2,C2_rdkit_descriptors_only,B4,B4_threshold_tuning_only,CV,1,0.45,none,
0.21449799456256347,0.18181818181818182,0.5,0.9375,0.1111111111111111,0.9004115226337448,0.44455271320062606,C2,C2_rdkit_descriptors_only,B4,B4_threshold_tuning_only,CV,1,0.5,none,
0.21449799456256347,0.18181818181818182,0.5,0.9375,0.1111111111111111,0.9004115226337448,0.44455271320062606,C2,C2_rdkit_descriptors_only,B4,B4_threshold_tuning_only,CV,1,0.55,none,
0.21449799456256347,0.18181818181818182,0.5,0.9375,0.1111111111111111,0.9004115226337448,0.44455271320062606,C2,C2_rdkit_descriptors_only,B4,B4_threshold_tuning_only,CV,1,0.6,none,
0.21449799456256347,0.18181818181818182,0.5,0.9375,0.1111111111111111,0.9004115226337448,0.44455271320062606,C2,C2_rdkit_descriptors_only,B4,B4_threshold_tuning_only,CV,1,0.65,none,
0.21449799456256347,0.18181818181818182,0.5,0.9375,0.1111111111111111,0.9004115226337448,0.44455271320062606,C2,C2_rdkit_descriptors_only,B4,B4_threshold_tuning_only,CV,1,0.7,none,
0.21449799456256347,0.18181818181818182,0.5,0.9375,0.1111111111111111,0.9004115226337448,0.44455271320062606,C2,C2_rdkit_descriptors_only,B4,B4_threshold_tuning_only,CV,1,0.75,none,
0.32387513781564786,0.2,1.0,0.9444444444444444,0.1111111111111111,0.9004115226337448,0.44455271320062606,C2,C2_rdkit_descriptors_only,B4,B4_threshold_tuning_only,CV,1,0.8,none,
0.0,0.0,0.0,0.9375,0.0,0.9004115226337448,0.44455271320062606,C2,C2_rdkit_descriptors_only,B4,B4_threshold_tuning_only,CV,1,0.85,none,
0.0,0.0,0.0,0.9375,0.0,0.9004115226337448,0.44455271320062606,C2,C2_rdkit_descriptors_only,B4,B4_threshold_tuning_only,CV,1,0.9,none,
0.20240972548199596,0.22641509433962265,0.13636363636363635,0.7152777777777778,0.6666666666666666,0.7320987654320987,0.27088098152676154,C2,C2_rdkit_descriptors_only,B4,B4_threshold_tuning_only,CV,2,0.05,none,
0.24845199749997665,0.26666666666666666,0.16666666666666666,0.7708333333333334,0.6666666666666666,0.7320987654320987,0.27088098152676154,C2,C2_rdkit_descriptors_only,B4,B4_threshold_tuning_only,CV,2,0.1,none,
0.26943012562182533,0.30303030303030304,0.20833333333333334,0.8402777777777778,0.5555555555555556,0.7320987654320987,0.27088098152676154,C2,C2_rdkit_descriptors_only,B4,B4_threshold_tuning_only,CV,2,0.15,none,
0.27386127875258304,0.32,0.25,0.8819444444444444,0.4444444444444444,0.7320987654320987,0.27088098152676154,C2,C2_rdkit_descriptors_only,B4,B4_threshold_tuning_only,CV,2,0.2,none,
0.2057773611073928,0.2608695652173913,0.21428571428571427,0.8819444444444444,0.3333333333333333,0.7320987654320987,0.27088098152676154,C2,C2_rdkit_descriptors_only,B4,B4_threshold_tuning_only,CV,2,0.25,none,
0.06262242910851494,0.11764705882352941,0.125,0.8958333333333334,0.1111111111111111,0.7320987654320987,0.27088098152676154,C2,C2_rdkit_descriptors_only,B4,B4_threshold_tuning_only,CV,2,0.3,none,
0.13093073414159542,0.15384615384615385,0.25,0.9236111111111112,0.1111111111111111,0.7320987654320987,0.27088098152676154,C2,C2_rdkit_descriptors_only,B4,B4_threshold_tuning_only,CV,2,0.35,none,
0.16320277505018704,0.16666666666666666,0.3333333333333333,0.9305555555555556,0.1111111111111111,0.7320987654320987,0.27088098152676154,C2,C2_rdkit_descriptors_only,B4,B4_threshold_tuning_only,CV,2,0.4,none,
0.21449799456256347,0.18181818181818182,0.5,0.9375,0.1111111111111111,0.7320987654320987,0.27088098152676154,C2,C2_rdkit_descriptors_only,B4,B4_threshold_tuning_only,CV,2,0.45,none,
0.32387513781564786,0.2,1.0,0.9444444444444444,0.1111111111111111,0.7320987654320987,0.27088098152676154,C2,C2_rdkit_descriptors_only,B4,B4_threshold_tuning_only,CV,2,0.5,none,
0.32387513781564786,0.2,1.0,0.9444444444444444,0.1111111111111111,0.7320987654320987,0.27088098152676154,C2,C2_rdkit_descriptors_only,B4,B4_threshold_tuning_only,CV,2,0.55,none,
0.32387513781564786,0.2,1.0,0.9444444444444444,0.1111111111111111,0.7320987654320987,0.27088098152676154,C2,C2_rdkit_descriptors_only,B4,B4_threshold_tuning_only,CV,2,0.6,none,
0.0,0.0,0.0,0.9375,0.0,0.7320987654320987,0.27088098152676154,C2,C2_rdkit_descriptors_only,B4,B4_threshold_tuning_only,CV,2,0.65,none,
0.0,0.0,0.0,0.9375,0.0,0.7320987654320987,0.27088098152676154,C2,C2_rdkit_descriptors_only,B4,B4_threshold_tuning_only,CV,2,0.7,none,
0.0,0.0,0.0,0.9375,0.0,0.7320987654320987,0.27088098152676154,C2,C2_rdkit_descriptors_only,B4,B4_threshold_tuning_only,CV,2,0.75,none,
0.0,0.0,0.0,0.9375,0.0,0.7320987654320987,0.27088098152676154,C2,C2_rdkit_descriptors_only,B4,B4_threshold_tuning_only,CV,2,0.8,none,
0.0,0.0,0.0,0.9375,0.0,0.7320987654320987,0.27088098152676154,C2,C2_rdkit_descriptors_only,B4,B4_threshold_tuning_only,CV,2,0.85,none,
0.0,0.0,0.0,0.9375,0.0,0.7320987654320987,0.27088098152676154,C2,C2_rdkit_descriptors_only,B4,B4_threshold_tuning_only,CV,2,0.9,none,
0.30974520587760324,0.2857142857142857,0.1702127659574468,0.7222222222222222,0.8888888888888888,0.8855967078189301,0.4118666889048726,C2,C2_rdkit_descriptors_only,B4,B4_threshold_tuning_only,CV,3,0.05,none,
0.3450327796711771,0.34146341463414637,0.21875,0.8125,0.7777777777777778,0.8855967078189301,0.4118666889048726,C2,C2_rdkit_descriptors_only,B4,B4_threshold_tuning_only,CV,3,0.1,none,
0.3231858951238707,0.35714285714285715,0.2631578947368421,0.875,0.5555555555555556,0.8855967078189301,0.4118666889048726,C2,C2_rdkit_descriptors_only,B4,B4_threshold_tuning_only,CV,3,0.15,none,
0.21898536466924623,0.2727272727272727,0.23076923076923078,0.8888888888888888,0.3333333333333333,0.8855967078189301,0.4118666889048726,C2,C2_rdkit_descriptors_only,B4,B4_threshold_tuning_only,CV,3,0.2,none,
0.24976635242618936,0.3,0.2727272727272727,0.9027777777777778,0.3333333333333333,0.8855967078189301,0.4118666889048726,C2,C2_rdkit_descriptors_only,B4,B4_threshold_tuning_only,CV,3,0.25,none,
0.18786728732554484,0.23529411764705882,0.25,0.9097222222222222,0.2222222222222222,0.8855967078189301,0.4118666889048726,C2,C2_rdkit_descriptors_only,B4,B4_threshold_tuning_only,CV,3,0.3,none,
0.20844192512248122,0.25,0.2857142857142857,0.9166666666666666,0.2222222222222222,0.8855967078189301,0.4118666889048726,C2,C2_rdkit_descriptors_only,B4,B4_threshold_tuning_only,CV,3,0.35,none,
0.26443913771217153,0.2857142857142857,0.4,0.9305555555555556,0.2222222222222222,0.8855967078189301,0.4118666889048726,C2,C2_rdkit_descriptors_only,B4,B4_threshold_tuning_only,CV,3,0.4,none,
0.4596385597769217,0.36363636363636365,1.0,0.9513888888888888,0.2222222222222222,0.8855967078189301,0.4118666889048726,C2,C2_rdkit_descriptors_only,B4,B4_threshold_tuning_only,CV,3,0.45,none,
0.32387513781564786,0.2,1.0,0.9444444444444444,0.1111111111111111,0.8855967078189301,0.4118666889048726,C2,C2_rdkit_descriptors_only,B4,B4_threshold_tuning_only,CV,3,0.5,none,
0.32387513781564786,0.2,1.0,0.9444444444444444,0.1111111111111111,0.8855967078189301,0.4118666889048726,C2,C2_rdkit_descriptors_only,B4,B4_threshold_tuning_only,CV,3,0.55,none,
0.32387513781564786,0.2,1.0,0.9444444444444444,0.1111111111111111,0.8855967078189301,0.4118666889048726,C2,C2_rdkit_descriptors_only,B4,B4_threshold_tuning_only,CV,3,0.6,none,
0.0,0.0,0.0,0.9375,0.0,0.8855967078189301,0.4118666889048726,C2,C2_rdkit_descriptors_only,B4,B4_threshold_tuning_only,CV,3,0.65,none,
0.0,0.0,0.0,0.9375,0.0,0.8855967078189301,0.4118666889048726,C2,C2_rdkit_descriptors_only,B4,B4_threshold_tuning_only,CV,3,0.7,none,
0.0,0.0,0.0,0.9375,0.0,0.8855967078189301,0.4118666889048726,C2,C2_rdkit_descriptors_only,B4,B4_threshold_tuning_only,CV,3,0.75,none,
0.0,0.0,0.0,0.9375,0.0,0.8855967078189301,0.4118666889048726,C2,C2_rdkit_descriptors_only,B4,B4_threshold_tuning_only,CV,3,0.8,none,
0.0,0.0,0.0,0.9375,0.0,0.8855967078189301,0.4118666889048726,C2,C2_rdkit_descriptors_only,B4,B4_threshold_tuning_only,CV,3,0.85,none,
0.0,0.0,0.0,0.9375,0.0,0.8855967078189301,0.4118666889048726,C2,C2_rdkit_descriptors_only,B4,B4_threshold_tuning_only,CV,3,0.9,none,
0.31440511241492825,0.26865671641791045,0.15517241379310345,0.6597222222222222,1.0,0.9386831275720166,0.565855241399822,C2,C2_rdkit_descriptors_only,B4,B4_threshold_tuning_only,CV,4,0.05,none,
0.40924280665241747,0.36,0.21951219512195122,0.7777777777777778,1.0,0.9386831275720166,0.565855241399822,C2,C2_rdkit_descriptors_only,B4,B4_threshold_tuning_only,CV,4,0.1,none,
0.4929612080967143,0.45,0.2903225806451613,0.8472222222222222,1.0,0.9386831275720166,0.565855241399822,C2,C2_rdkit_descriptors_only,B4,B4_threshold_tuning_only,CV,4,0.15,none,
0.5003702332976756,0.48484848484848486,0.3333333333333333,0.8819444444444444,0.8888888888888888,0.9386831275720166,0.565855241399822,C2,C2_rdkit_descriptors_only,B4,B4_threshold_tuning_only,CV,4,0.2,none,
0.381528726074437,0.4166666666666667,0.3333333333333333,0.9027777777777778,0.5555555555555556,0.9386831275720166,0.565855241399822,C2,C2_rdkit_descriptors_only,B4,B4_threshold_tuning_only,CV,4,0.25,none,
0.3577734237456226,0.4,0.36363636363636365,0.9166666666666666,0.4444444444444444,0.9386831275720166,0.565855241399822,C2,C2_rdkit_descriptors_only,B4,B4_threshold_tuning_only,CV,4,0.3,none,
0.3418447572008692,0.375,0.42857142857142855,0.9305555555555556,0.3333333333333333,0.9386831275720166,0.565855241399822,C2,C2_rdkit_descriptors_only,B4,B4_threshold_tuning_only,CV,4,0.35,none,
0.48007935851918326,0.46153846153846156,0.75,0.9513888888888888,0.3333333333333333,0.9386831275720166,0.565855241399822,C2,C2_rdkit_descriptors_only,B4,B4_threshold_tuning_only,CV,4,0.4,none,
0.48007935851918326,0.46153846153846156,0.75,0.9513888888888888,0.3333333333333333,0.9386831275720166,0.565855241399822,C2,C2_rdkit_descriptors_only,B4,B4_threshold_tuning_only,CV,4,0.45,none,
0.48007935851918326,0.46153846153846156,0.75,0.9513888888888888,0.3333333333333333,0.9386831275720166,0.565855241399822,C2,C2_rdkit_descriptors_only,B4,B4_threshold_tuning_only,CV,4,0.5,none,
0.48007935851918326,0.46153846153846156,0.75,0.9513888888888888,0.3333333333333333,0.9386831275720166,0.565855241399822,C2,C2_rdkit_descriptors_only,B4,B4_threshold_tuning_only,CV,4,0.55,none,
0.48007935851918326,0.46153846153846156,0.75,0.9513888888888888,0.3333333333333333,0.9386831275720166,0.565855241399822,C2,C2_rdkit_descriptors_only,B4,B4_threshold_tuning_only,CV,4,0.6,none,
0.48007935851918326,0.46153846153846156,0.75,0.9513888888888888,0.3333333333333333,0.9386831275720166,0.565855241399822,C2,C2_rdkit_descriptors_only,B4,B4_threshold_tuning_only,CV,4,0.65,none,
0.564932682866032,0.5,1.0,0.9583333333333334,0.3333333333333333,0.9386831275720166,0.565855241399822,C2,C2_rdkit_descriptors_only,B4,B4_threshold_tuning_only,CV,4,0.7,none,
0.32387513781564786,0.2,1.0,0.9444444444444444,0.1111111111111111,0.9386831275720166,0.565855241399822,C2,C2_rdkit_descriptors_only,B4,B4_threshold_tuning_only,CV,4,0.75,none,
0.32387513781564786,0.2,1.0,0.9444444444444444,0.1111111111111111,0.9386831275720166,0.565855241399822,C2,C2_rdkit_descriptors_only,B4,B4_threshold_tuning_only,CV,4,0.8,none,
0.0,0.0,0.0,0.9375,0.0,0.9386831275720166,0.565855241399822,C2,C2_rdkit_descriptors_only,B4,B4_threshold_tuning_only,CV,4,0.85,none,
0.0,0.0,0.0,0.9375,0.0,0.9386831275720166,0.565855241399822,C2,C2_rdkit_descriptors_only,B4,B4_threshold_tuning_only,CV,4,0.9,none,
0.24856096767955815,0.25,0.14893617021276595,0.7083333333333334,0.7777777777777778,0.8843621399176954,0.47263025973696093,C2,C2_rdkit_descriptors_only,B4,B4_threshold_tuning_only,CV,5,0.05,none,
0.3904797200030637,0.3888888888888889,0.25925925925925924,0.8472222222222222,0.7777777777777778,0.8843621399176954,0.47263025973696093,C2,C2_rdkit_descriptors_only,B4,B4_threshold_tuning_only,CV,5,0.1,none,
0.3688033306135322,0.3870967741935484,0.2727272727272727,0.8680555555555556,0.6666666666666666,0.8843621399176954,0.47263025973696093,C2,C2_rdkit_descriptors_only,B4,B4_threshold_tuning_only,CV,5,0.15,none,
0.27386127875258304,0.32,0.25,0.8819444444444444,0.4444444444444444,0.8843621399176954,0.47263025973696093,C2,C2_rdkit_descriptors_only,B4,B4_threshold_tuning_only,CV,5,0.2,none,
0.28761396273303713,0.3333333333333333,0.26666666666666666,0.8888888888888888,0.4444444444444444,0.8843621399176954,0.47263025973696093,C2,C2_rdkit_descriptors_only,B4,B4_threshold_tuning_only,CV,5,0.25,none,
0.3577734237456226,0.4,0.36363636363636365,0.9166666666666666,0.4444444444444444,0.8843621399176954,0.47263025973696093,C2,C2_rdkit_descriptors_only,B4,B4_threshold_tuning_only,CV,5,0.3,none,
0.4074074074074074,0.4444444444444444,0.4444444444444444,0.9305555555555556,0.4444444444444444,0.8843621399176954,0.47263025973696093,C2,C2_rdkit_descriptors_only,B4,B4_threshold_tuning_only,CV,5,0.35,none,
0.5204358386562267,0.5333333333333333,0.6666666666666666,0.9513888888888888,0.4444444444444444,0.8843621399176954,0.47263025973696093,C2,C2_rdkit_descriptors_only,B4,B4_threshold_tuning_only,CV,5,0.4,none,
0.48007935851918326,0.46153846153846156,0.75,0.9513888888888888,0.3333333333333333,0.8843621399176954,0.47263025973696093,C2,C2_rdkit_descriptors_only,B4,B4_threshold_tuning_only,CV,5,0.45,none,
0.48007935851918326,0.46153846153846156,0.75,0.9513888888888888,0.3333333333333333,0.8843621399176954,0.47263025973696093,C2,C2_rdkit_descriptors_only,B4,B4_threshold_tuning_only,CV,5,0.5,none,
0.48007935851918326,0.46153846153846156,0.75,0.9513888888888888,0.3333333333333333,0.8843621399176954,0.47263025973696093,C2,C2_rdkit_descriptors_only,B4,B4_threshold_tuning_only,CV,5,0.55,none,
0.32387513781564786,0.2,1.0,0.9444444444444444,0.1111111111111111,0.8843621399176954,0.47263025973696093,C2,C2_rdkit_descriptors_only,B4,B4_threshold_tuning_only,CV,5,0.6,none,
0.32387513781564786,0.2,1.0,0.9444444444444444,0.1111111111111111,0.8843621399176954,0.47263025973696093,C2,C2_rdkit_descriptors_only,B4,B4_threshold_tuning_only,CV,5,0.65,none,
0.32387513781564786,0.2,1.0,0.9444444444444444,0.1111111111111111,0.8843621399176954,0.47263025973696093,C2,C2_rdkit_descriptors_only,B4,B4_threshold_tuning_only,CV,5,0.7,none,
0.32387513781564786,0.2,1.0,0.9444444444444444,0.1111111111111111,0.8843621399176954,0.47263025973696093,C2,C2_rdkit_descriptors_only,B4,B4_threshold_tuning_only,CV,5,0.75,none,
0.32387513781564786,0.2,1.0,0.9444444444444444,0.1111111111111111,0.8843621399176954,0.47263025973696093,C2,C2_rdkit_descriptors_only,B4,B4_threshold_tuning_only,CV,5,0.8,none,
0.32387513781564786,0.2,1.0,0.9444444444444444,0.1111111111111111,0.8843621399176954,0.47263025973696093,C2,C2_rdkit_descriptors_only,B4,B4_threshold_tuning_only,CV,5,0.85,none,
0.0,0.0,0.0,0.9375,0.0,0.8843621399176954,0.47263025973696093,C2,C2_rdkit_descriptors_only,B4,B4_threshold_tuning_only,CV,5,0.9,none,
0.23595959011974973,0.2553191489361702,0.15789473684210525,0.7569444444444444,0.6666666666666666,0.8102880658436213,0.4019486561899497,C2,C2_rdkit_descriptors_only,B4,B4_threshold_tuning_only,CV,6,0.05,none,
0.34641016151377546,0.36363636363636365,0.25,0.8541666666666666,0.6666666666666666,0.8102880658436213,0.4019486561899497,C2,C2_rdkit_descriptors_only,B4,B4_threshold_tuning_only,CV,6,0.1,none,
0.3810249640493438,0.4,0.2857142857142857,0.875,0.6666666666666666,0.8102880658436213,0.4019486561899497,C2,C2_rdkit_descriptors_only,B4,B4_threshold_tuning_only,CV,6,0.15,none,
0.28761396273303713,0.3333333333333333,0.26666666666666666,0.8888888888888888,0.4444444444444444,0.8102880658436213,0.4019486561899497,C2,C2_rdkit_descriptors_only,B4,B4_threshold_tuning_only,CV,6,0.2,none,
0.33734954246999327,0.38095238095238093,0.3333333333333333,0.9097222222222222,0.4444444444444444,0.8102880658436213,0.4019486561899497,C2,C2_rdkit_descriptors_only,B4,B4_threshold_tuning_only,CV,6,0.25,none,
0.3131121455425747,0.35294117647058826,0.375,0.9236111111111112,0.3333333333333333,0.8102880658436213,0.4019486561899497,C2,C2_rdkit_descriptors_only,B4,B4_threshold_tuning_only,CV,6,0.3,none,
0.3768673314407158,0.4,0.5,0.9375,0.3333333333333333,0.8102880658436213,0.4019486561899497,C2,C2_rdkit_descriptors_only,B4,B4_threshold_tuning_only,CV,6,0.35,none,
0.30550504633038933,0.3076923076923077,0.5,0.9375,0.2222222222222222,0.8102880658436213,0.4019486561899497,C2,C2_rdkit_descriptors_only,B4,B4_threshold_tuning_only,CV,6,0.4,none,
0.30550504633038933,0.3076923076923077,0.5,0.9375,0.2222222222222222,0.8102880658436213,0.4019486561899497,C2,C2_rdkit_descriptors_only,B4,B4_threshold_tuning_only,CV,6,0.45,none,
0.30550504633038933,0.3076923076923077,0.5,0.9375,0.2222222222222222,0.8102880658436213,0.4019486561899497,C2,C2_rdkit_descriptors_only,B4,B4_threshold_tuning_only,CV,6,0.5,none,
0.36406772895810957,0.3333333333333333,0.6666666666666666,0.9444444444444444,0.2222222222222222,0.8102880658436213,0.4019486561899497,C2,C2_rdkit_descriptors_only,B4,B4_threshold_tuning_only,CV,6,0.55,none,
0.36406772895810957,0.3333333333333333,0.6666666666666666,0.9444444444444444,0.2222222222222222,0.8102880658436213,0.4019486561899497,C2,C2_rdkit_descriptors_only,B4,B4_threshold_tuning_only,CV,6,0.6,none,
0.36406772895810957,0.3333333333333333,0.6666666666666666,0.9444444444444444,0.2222222222222222,0.8102880658436213,0.4019486561899497,C2,C2_rdkit_descriptors_only,B4,B4_threshold_tuning_only,CV,6,0.65,none,
0.21449799456256347,0.18181818181818182,0.5,0.9375,0.1111111111111111,0.8102880658436213,0.4019486561899497,C2,C2_rdkit_descriptors_only,B4,B4_threshold_tuning_only,CV,6,0.7,none,
0.21449799456256347,0.18181818181818182,0.5,0.9375,0.1111111111111111,0.8102880658436213,0.4019486561899497,C2,C2_rdkit_descriptors_only,B4,B4_threshold_tuning_only,CV,6,0.75,none,
0.0,0.0,0.0,0.9375,0.0,0.8102880658436213,0.4019486561899497,C2,C2_rdkit_descriptors_only,B4,B4_threshold_tuning_only,CV,6,0.8,none,
0.0,0.0,0.0,0.9375,0.0,0.8102880658436213,0.4019486561899497,C2,C2_rdkit_descriptors_only,B4,B4_threshold_tuning_only,CV,6,0.85,none,
0.0,0.0,0.0,0.9375,0.0,0.8102880658436213,0.4019486561899497,C2,C2_rdkit_descriptors_only,B4,B4_threshold_tuning_only,CV,6,0.9,none,
0.37949752264015046,0.36,0.225,0.7777777777777778,0.9,0.8324626865671642,0.35472250288189566,C2,C2_rdkit_descriptors_only,B4,B4_threshold_tuning_only,CV,7,0.05,none,
0.33072559425601417,0.35,0.23333333333333334,0.8194444444444444,0.7,0.8324626865671642,0.35472250288189566,C2,C2_rdkit_descriptors_only,B4,B4_threshold_tuning_only,CV,7,0.1,none,
0.4432340550315609,0.4666666666666667,0.35,0.8888888888888888,0.7,0.8324626865671642,0.35472250288189566,C2,C2_rdkit_descriptors_only,B4,B4_threshold_tuning_only,CV,7,0.15,none,
0.199915846310606,0.2608695652173913,0.23076923076923078,0.8819444444444444,0.3,0.8324626865671642,0.35472250288189566,C2,C2_rdkit_descriptors_only,B4,B4_threshold_tuning_only,CV,7,0.2,none,
0.17226477772181686,0.2222222222222222,0.25,0.9027777777777778,0.2,0.8324626865671642,0.35472250288189566,C2,C2_rdkit_descriptors_only,B4,B4_threshold_tuning_only,CV,7,0.25,none,
0.12005684510029863,0.14285714285714285,0.25,0.9166666666666666,0.1,0.8324626865671642,0.35472250288189566,C2,C2_rdkit_descriptors_only,B4,B4_threshold_tuning_only,CV,7,0.3,none,
0.2010065066712914,0.16666666666666666,0.5,0.9305555555555556,0.1,0.8324626865671642,0.35472250288189566,C2,C2_rdkit_descriptors_only,B4,B4_threshold_tuning_only,CV,7,0.35,none,
0.2010065066712914,0.16666666666666666,0.5,0.9305555555555556,0.1,0.8324626865671642,0.35472250288189566,C2,C2_rdkit_descriptors_only,B4,B4_threshold_tuning_only,CV,7,0.4,none,
0.2010065066712914,0.16666666666666666,0.5,0.9305555555555556,0.1,0.8324626865671642,0.35472250288189566,C2,C2_rdkit_descriptors_only,B4,B4_threshold_tuning_only,CV,7,0.45,none,
0.30611483744878115,0.18181818181818182,1.0,0.9375,0.1,0.8324626865671642,0.35472250288189566,C2,C2_rdkit_descriptors_only,B4,B4_threshold_tuning_only,CV,7,0.5,none,
0.30611483744878115,0.18181818181818182,1.0,0.9375,0.1,0.8324626865671642,0.35472250288189566,C2,C2_rdkit_descriptors_only,B4,B4_threshold_tuning_only,CV,7,0.55,none,
0.30611483744878115,0.18181818181818182,1.0,0.9375,0.1,0.8324626865671642,0.35472250288189566,C2,C2_rdkit_descriptors_only,B4,B4_threshold_tuning_only,CV,7,0.6,none,
0.0,0.0,0.0,0.9305555555555556,0.0,0.8324626865671642,0.35472250288189566,C2,C2_rdkit_descriptors_only,B4,B4_threshold_tuning_only,CV,7,0.65,none,
0.0,0.0,0.0,0.9305555555555556,0.0,0.8324626865671642,0.35472250288189566,C2,C2_rdkit_descriptors_only,B4,B4_threshold_tuning_only,CV,7,0.7,none,
0.0,0.0,0.0,0.9305555555555556,0.0,0.8324626865671642,0.35472250288189566,C2,C2_rdkit_descriptors_only,B4,B4_threshold_tuning_only,CV,7,0.75,none,
0.0,0.0,0.0,0.9305555555555556,0.0,0.8324626865671642,0.35472250288189566,C2,C2_rdkit_descriptors_only,B4,B4_threshold_tuning_only,CV,7,0.8,none,
0.0,0.0,0.0,0.9305555555555556,0.0,0.8324626865671642,0.35472250288189566,C2,C2_rdkit_descriptors_only,B4,B4_threshold_tuning_only,CV,7,0.85,none,
0.0,0.0,0.0,0.9305555555555556,0.0,0.8324626865671642,0.35472250288189566,C2,C2_rdkit_descriptors_only,B4,B4_threshold_tuning_only,CV,7,0.9,none,
0.3525291446519516,0.3333333333333333,0.20454545454545456,0.75,0.9,0.8940298507462686,0.5341338259441707,C2,C2_rdkit_descriptors_only,B4,B4_threshold_tuning_only,CV,8,0.05,none,
0.39094222194017675,0.4117647058823529,0.2916666666666667,0.8611111111111112,0.7,0.8940298507462686,0.5341338259441707,C2,C2_rdkit_descriptors_only,B4,B4_threshold_tuning_only,CV,8,0.1,none,
0.371398290485425,0.4166666666666667,0.35714285714285715,0.9027777777777778,0.5,0.8940298507462686,0.5341338259441707,C2,C2_rdkit_descriptors_only,B4,B4_threshold_tuning_only,CV,8,0.15,none,
0.39056407060681303,0.43478260869565216,0.38461538461538464,0.9097222222222222,0.5,0.8940298507462686,0.5341338259441707,C2,C2_rdkit_descriptors_only,B4,B4_threshold_tuning_only,CV,8,0.2,none,
0.43566760954221007,0.47619047619047616,0.45454545454545453,0.9236111111111112,0.5,0.8940298507462686,0.5341338259441707,C2,C2_rdkit_descriptors_only,B4,B4_threshold_tuning_only,CV,8,0.25,none,
0.410785239182794,0.4444444444444444,0.5,0.9305555555555556,0.4,0.8940298507462686,0.5341338259441707,C2,C2_rdkit_descriptors_only,B4,B4_threshold_tuning_only,CV,8,0.3,none,
0.45252195460881794,0.42857142857142855,0.75,0.9444444444444444,0.3,0.8940298507462686,0.5341338259441707,C2,C2_rdkit_descriptors_only,B4,B4_threshold_tuning_only,CV,8,0.35,none,
0.5339535400938208,0.46153846153846156,1.0,0.9513888888888888,0.3,0.8940298507462686,0.5341338259441707,C2,C2_rdkit_descriptors_only,B4,B4_threshold_tuning_only,CV,8,0.4,none,
0.5339535400938208,0.46153846153846156,1.0,0.9513888888888888,0.3,0.8940298507462686,0.5341338259441707,C2,C2_rdkit_descriptors_only,B4,B4_threshold_tuning_only,CV,8,0.45,none,
0.434433417644404,0.3333333333333333,1.0,0.9444444444444444,0.2,0.8940298507462686,0.5341338259441707,C2,C2_rdkit_descriptors_only,B4,B4_threshold_tuning_only,CV,8,0.5,none,
0.434433417644404,0.3333333333333333,1.0,0.9444444444444444,0.2,0.8940298507462686,0.5341338259441707,C2,C2_rdkit_descriptors_only,B4,B4_threshold_tuning_only,CV,8,0.55,none,
0.434433417644404,0.3333333333333333,1.0,0.9444444444444444,0.2,0.8940298507462686,0.5341338259441707,C2,C2_rdkit_descriptors_only,B4,B4_threshold_tuning_only,CV,8,0.6,none,
0.434433417644404,0.3333333333333333,1.0,0.9444444444444444,0.2,0.8940298507462686,0.5341338259441707,C2,C2_rdkit_descriptors_only,B4,B4_threshold_tuning_only,CV,8,0.65,none,
0.0,0.0,0.0,0.9305555555555556,0.0,0.8940298507462686,0.5341338259441707,C2,C2_rdkit_descriptors_only,B4,B4_threshold_tuning_only,CV,8,0.7,none,
0.0,0.0,0.0,0.9305555555555556,0.0,0.8940298507462686,0.5341338259441707,C2,C2_rdkit_descriptors_only,B4,B4_threshold_tuning_only,CV,8,0.75,none,
0.0,0.0,0.0,0.9305555555555556,0.0,0.8940298507462686,0.5341338259441707,C2,C2_rdkit_descriptors_only,B4,B4_threshold_tuning_only,CV,8,0.8,none,
0.0,0.0,0.0,0.9305555555555556,0.0,0.8940298507462686,0.5341338259441707,C2,C2_rdkit_descriptors_only,B4,B4_threshold_tuning_only,CV,8,0.85,none,
0.0,0.0,0.0,0.9305555555555556,0.0,0.8940298507462686,0.5341338259441707,C2,C2_rdkit_descriptors_only,B4,B4_threshold_tuning_only,CV,8,0.9,none,
0.2513843540641493,0.27450980392156865,0.17073170731707318,0.7430555555555556,0.7,0.7861940298507462,0.32638278388278386,C2,C2_rdkit_descriptors_only,B4,B4_threshold_tuning_only,CV,9,0.05,none,
0.3796411859592005,0.4,0.28,0.8541666666666666,0.7,0.7861940298507462,0.32638278388278386,C2,C2_rdkit_descriptors_only,B4,B4_threshold_tuning_only,CV,9,0.1,none,
0.364241847204154,0.4,0.3,0.875,0.6,0.7861940298507462,0.32638278388278386,C2,C2_rdkit_descriptors_only,B4,B4_threshold_tuning_only,CV,9,0.15,none,
0.37781195004839585,0.41379310344827586,0.3157894736842105,0.8819444444444444,0.6,0.7861940298507462,0.32638278388278386,C2,C2_rdkit_descriptors_only,B4,B4_threshold_tuning_only,CV,9,0.2,none,
0.371398290485425,0.4166666666666667,0.35714285714285715,0.9027777777777778,0.5,0.7861940298507462,0.32638278388278386,C2,C2_rdkit_descriptors_only,B4,B4_threshold_tuning_only,CV,9,0.25,none,
0.22997536110260924,0.2857142857142857,0.2727272727272727,0.8958333333333334,0.3,0.7861940298507462,0.32638278388278386,C2,C2_rdkit_descriptors_only,B4,B4_threshold_tuning_only,CV,9,0.3,none,
0.192306866244519,0.23529411764705882,0.2857142857142857,0.9097222222222222,0.2,0.7861940298507462,0.32638278388278386,C2,C2_rdkit_descriptors_only,B4,B4_threshold_tuning_only,CV,9,0.35,none,
0.09740540403328102,0.13333333333333333,0.2,0.9097222222222222,0.1,0.7861940298507462,0.32638278388278386,C2,C2_rdkit_descriptors_only,B4,B4_threshold_tuning_only,CV,9,0.4,none,
0.1514196606236208,0.15384615384615385,0.3333333333333333,0.9236111111111112,0.1,0.7861940298507462,0.32638278388278386,C2,C2_rdkit_descriptors_only,B4,B4_threshold_tuning_only,CV,9,0.45,none,
0.30611483744878115,0.18181818181818182,1.0,0.9375,0.1,0.7861940298507462,0.32638278388278386,C2,C2_rdkit_descriptors_only,B4,B4_threshold_tuning_only,CV,9,0.5,none,
0.30611483744878115,0.18181818181818182,1.0,0.9375,0.1,0.7861940298507462,0.32638278388278386,C2,C2_rdkit_descriptors_only,B4,B4_threshold_tuning_only,CV,9,0.55,none,
0.30611483744878115,0.18181818181818182,1.0,0.9375,0.1,0.7861940298507462,0.32638278388278386,C2,C2_rdkit_descriptors_only,B4,B4_threshold_tuning_only,CV,9,0.6,none,
0.30611483744878115,0.18181818181818182,1.0,0.9375,0.1,0.7861940298507462,0.32638278388278386,C2,C2_rdkit_descriptors_only,B4,B4_threshold_tuning_only,CV,9,0.65,none,
0.0,0.0,0.0,0.9305555555555556,0.0,0.7861940298507462,0.32638278388278386,C2,C2_rdkit_descriptors_only,B4,B4_threshold_tuning_only,CV,9,0.7,none,
0.0,0.0,0.0,0.9305555555555556,0.0,0.7861940298507462,0.32638278388278386,C2,C2_rdkit_descriptors_only,B4,B4_threshold_tuning_only,CV,9,0.75,none,
0.0,0.0,0.0,0.9305555555555556,0.0,0.7861940298507462,0.32638278388278386,C2,C2_rdkit_descriptors_only,B4,B4_threshold_tuning_only,CV,9,0.8,none,
0.0,0.0,0.0,0.9305555555555556,0.0,0.7861940298507462,0.32638278388278386,C2,C2_rdkit_descriptors_only,B4,B4_threshold_tuning_only,CV,9,0.85,none,
0.0,0.0,0.0,0.9305555555555556,0.0,0.7861940298507462,0.32638278388278386,C2,C2_rdkit_descriptors_only,B4,B4_threshold_tuning_only,CV,9,0.9,none,
0.3232299675777271,0.2857142857142857,0.16666666666666666,0.6527777777777778,1.0,0.8764925373134328,0.2564233887429732,C2,C2_rdkit_descriptors_only,B4,B4_threshold_tuning_only,CV,10,0.05,none,
0.38676649560895987,0.3673469387755102,0.23076923076923078,0.7847222222222222,0.9,0.8764925373134328,0.2564233887429732,C2,C2_rdkit_descriptors_only,B4,B4_threshold_tuning_only,CV,10,0.1,none,
0.348956240887815,0.3684210526315789,0.25,0.8333333333333334,0.7,0.8764925373134328,0.2564233887429732,C2,C2_rdkit_descriptors_only,B4,B4_threshold_tuning_only,CV,10,0.15,none,
0.4028752561437774,0.42424242424242425,0.30434782608695654,0.8680555555555556,0.7,0.8764925373134328,0.2564233887429732,C2,C2_rdkit_descriptors_only,B4,B4_threshold_tuning_only,CV,10,0.2,none,
0.32335826738467605,0.37037037037037035,0.29411764705882354,0.8819444444444444,0.5,0.8764925373134328,0.2564233887429732,C2,C2_rdkit_descriptors_only,B4,B4_threshold_tuning_only,CV,10,0.25,none,
0.27918905974421604,0.3333333333333333,0.2857142857142857,0.8888888888888888,0.4,0.8764925373134328,0.2564233887429732,C2,C2_rdkit_descriptors_only,B4,B4_threshold_tuning_only,CV,10,0.3,none,
0.24776119402985075,0.3,0.3,0.9027777777777778,0.3,0.8764925373134328,0.2564233887429732,C2,C2_rdkit_descriptors_only,B4,B4_threshold_tuning_only,CV,10,0.35,none,
-0.056961797141151044,0.0,0.0,0.8888888888888888,0.0,0.8764925373134328,0.2564233887429732,C2,C2_rdkit_descriptors_only,B4,B4_threshold_tuning_only,CV,10,0.4,none,
-0.03984727911147916,0.0,0.0,0.9097222222222222,0.0,0.8764925373134328,0.2564233887429732,C2,C2_rdkit_descriptors_only,B4,B4_threshold_tuning_only,CV,10,0.45,none,
-0.03242040430182119,0.0,0.0,0.9166666666666666,0.0,0.8764925373134328,0.2564233887429732,C2,C2_rdkit_descriptors_only,B4,B4_threshold_tuning_only,CV,10,0.5,none,
-0.02284439085438665,0.0,0.0,0.9236111111111112,0.0,0.8764925373134328,0.2564233887429732,C2,C2_rdkit_descriptors_only,B4,B4_threshold_tuning_only,CV,10,0.55,none,
-0.02284439085438665,0.0,0.0,0.9236111111111112,0.0,0.8764925373134328,0.2564233887429732,C2,C2_rdkit_descriptors_only,B4,B4_threshold_tuning_only,CV,10,0.6,none,
-0.02284439085438665,0.0,0.0,0.9236111111111112,0.0,0.8764925373134328,0.2564233887429732,C2,C2_rdkit_descriptors_only,B4,B4_threshold_tuning_only,CV,10,0.65,none,
-0.02284439085438665,0.0,0.0,0.9236111111111112,0.0,0.8764925373134328,0.2564233887429732,C2,C2_rdkit_descriptors_only,B4,B4_threshold_tuning_only,CV,10,0.7,none,
-0.02284439085438665,0.0,0.0,0.9236111111111112,0.0,0.8764925373134328,0.2564233887429732,C2,C2_rdkit_descriptors_only,B4,B4_threshold_tuning_only,CV,10,0.75,none,
0.0,0.0,0.0,0.9305555555555556,0.0,0.8764925373134328,0.2564233887429732,C2,C2_rdkit_descriptors_only,B4,B4_threshold_tuning_only,CV,10,0.8,none,
0.0,0.0,0.0,0.9305555555555556,0.0,0.8764925373134328,0.2564233887429732,C2,C2_rdkit_descriptors_only,B4,B4_threshold_tuning_only,CV,10,0.85,none,
0.0,0.0,0.0,0.9305555555555556,0.0,0.8764925373134328,0.2564233887429732,C2,C2_rdkit_descriptors_only,B4,B4_threshold_tuning_only,CV,10,0.9,none,
0.11495970199877534,0.25,0.19047619047619047,0.7333333333333333,0.36363636363636365,0.696777905638665,0.2390750638860425,C2,C2_rdkit_descriptors_only,B4,B4_threshold_tuning_only,LOGO,1,0.05,none,Atovaquone
0.0926706297224858,0.2222222222222222,0.1875,0.7666666666666667,0.2727272727272727,0.696777905638665,0.2390750638860425,C2,C2_rdkit_descriptors_only,B4,B4_threshold_tuning_only,LOGO,1,0.1,none,Atovaquone
0.10176802973291375,0.2,0.2222222222222222,0.8222222222222222,0.18181818181818182,0.696777905638665,0.2390750638860425,C2,C2_rdkit_descriptors_only,B4,B4_threshold_tuning_only,LOGO,1,0.15,none,Atovaquone
0.12185013633258501,0.21052631578947367,0.25,0.8333333333333334,0.18181818181818182,0.696777905638665,0.2390750638860425,C2,C2_rdkit_descriptors_only,B4,B4_threshold_tuning_only,LOGO,1,0.2,none,Atovaquone
0.0575922029666395,0.125,0.2,0.8444444444444444,0.09090909090909091,0.696777905638665,0.2390750638860425,C2,C2_rdkit_descriptors_only,B4,B4_threshold_tuning_only,LOGO,1,0.25,none,Atovaquone
0.0841334546665505,0.13333333333333333,0.25,0.8555555555555555,0.09090909090909091,0.696777905638665,0.2390750638860425,C2,C2_rdkit_descriptors_only,B4,B4_threshold_tuning_only,LOGO,1,0.3,none,Atovaquone
0.17387722105220368,0.15384615384615385,0.5,0.8777777777777778,0.09090909090909091,0.696777905638665,0.2390750638860425,C2,C2_rdkit_descriptors_only,B4,B4_threshold_tuning_only,LOGO,1,0.35,none,Atovaquone
0.17387722105220368,0.15384615384615385,0.5,0.8777777777777778,0.09090909090909091,0.696777905638665,0.2390750638860425,C2,C2_rdkit_descriptors_only,B4,B4_threshold_tuning_only,LOGO,1,0.4,none,Atovaquone
0.17387722105220368,0.15384615384615385,0.5,0.8777777777777778,0.09090909090909091,0.696777905638665,0.2390750638860425,C2,C2_rdkit_descriptors_only,B4,B4_threshold_tuning_only,LOGO,1,0.45,none,Atovaquone
0.17387722105220368,0.15384615384615385,0.5,0.8777777777777778,0.09090909090909091,0.696777905638665,0.2390750638860425,C2,C2_rdkit_descriptors_only,B4,B4_threshold_tuning_only,LOGO,1,0.5,none,Atovaquone
0.17387722105220368,0.15384615384615385,0.5,0.8777777777777778,0.09090909090909091,0.696777905638665,0.2390750638860425,C2,C2_rdkit_descriptors_only,B4,B4_threshold_tuning_only,LOGO,1,0.55,none,Atovaquone
0.17387722105220368,0.15384615384615385,0.5,0.8777777777777778,0.09090909090909091,0.696777905638665,0.2390750638860425,C2,C2_rdkit_descriptors_only,B4,B4_threshold_tuning_only,LOGO,1,0.6,none,Atovaquone
-0.03955376178208136,0.0,0.0,0.8666666666666667,0.0,0.696777905638665,0.2390750638860425,C2,C2_rdkit_descriptors_only,B4,B4_threshold_tuning_only,LOGO,1,0.65,none,Atovaquone
0.0,0.0,0.0,0.8777777777777778,0.0,0.696777905638665,0.2390750638860425,C2,C2_rdkit_descriptors_only,B4,B4_threshold_tuning_only,LOGO,1,0.7,none,Atovaquone
0.0,0.0,0.0,0.8777777777777778,0.0,0.696777905638665,0.2390750638860425,C2,C2_rdkit_descriptors_only,B4,B4_threshold_tuning_only,LOGO,1,0.75,none,Atovaquone
0.0,0.0,0.0,0.8777777777777778,0.0,0.696777905638665,0.2390750638860425,C2,C2_rdkit_descriptors_only,B4,B4_threshold_tuning_only,LOGO,1,0.8,none,Atovaquone
0.0,0.0,0.0,0.8777777777777778,0.0,0.696777905638665,0.2390750638860425,C2,C2_rdkit_descriptors_only,B4,B4_threshold_tuning_only,LOGO,1,0.85,none,Atovaquone
0.0,0.0,0.0,0.8777777777777778,0.0,0.696777905638665,0.2390750638860425,C2,C2_rdkit_descriptors_only,B4,B4_threshold_tuning_only,LOGO,1,0.9,none,Atovaquone
0.25928148942086576,0.2127659574468085,0.11904761904761904,0.5888888888888889,1.0,0.8658823529411764,0.5031003854533267,C2,C2_rdkit_descriptors_only,B4,B4_threshold_tuning_only,LOGO,2,0.05,none,Chlorpromazine_Hcl
0.30403449605253013,0.25,0.14285714285714285,0.6666666666666666,1.0,0.8658823529411764,0.5031003854533267,C2,C2_rdkit_descriptors_only,B4,B4_threshold_tuning_only,LOGO,2,0.1,none,Chlorpromazine_Hcl
0.1915296053460514,0.21428571428571427,0.13043478260869565,0.7555555555555555,0.6,0.8658823529411764,0.5031003854533267,C2,C2_rdkit_descriptors_only,B4,B4_threshold_tuning_only,LOGO,2,0.15,none,Chlorpromazine_Hcl
0.25473661448569596,0.2727272727272727,0.17647058823529413,0.8222222222222222,0.6,0.8658823529411764,0.5031003854533267,C2,C2_rdkit_descriptors_only,B4,B4_threshold_tuning_only,LOGO,2,0.2,none,Chlorpromazine_Hcl
0.19026059766179765,0.23529411764705882,0.16666666666666666,0.8555555555555555,0.4,0.8658823529411764,0.5031003854533267,C2,C2_rdkit_descriptors_only,B4,B4_threshold_tuning_only,LOGO,2,0.25,none,Chlorpromazine_Hcl
0.242535625036333,0.2857142857142857,0.2222222222222222,0.8888888888888888,0.4,0.8658823529411764,0.5031003854533267,C2,C2_rdkit_descriptors_only,B4,B4_threshold_tuning_only,LOGO,2,0.3,none,Chlorpromazine_Hcl
0.3241018617760822,0.36363636363636365,0.3333333333333333,0.9222222222222223,0.4,0.8658823529411764,0.5031003854533267,C2,C2_rdkit_descriptors_only,B4,B4_threshold_tuning_only,LOGO,2,0.35,none,Chlorpromazine_Hcl
0.41845262477275313,0.4444444444444444,0.5,0.9444444444444444,0.4,0.8658823529411764,0.5031003854533267,C2,C2_rdkit_descriptors_only,B4,B4_threshold_tuning_only,LOGO,2,0.4,none,Chlorpromazine_Hcl
0.4370483222197017,0.3333333333333333,1.0,0.9555555555555556,0.2,0.8658823529411764,0.5031003854533267,C2,C2_rdkit_descriptors_only,B4,B4_threshold_tuning_only,LOGO,2,0.45,none,Chlorpromazine_Hcl
0.0,0.0,0.0,0.9444444444444444,0.0,0.8658823529411764,0.5031003854533267,C2,C2_rdkit_descriptors_only,B4,B4_threshold_tuning_only,LOGO,2,0.5,none,Chlorpromazine_Hcl
0.0,0.0,0.0,0.9444444444444444,0.0,0.8658823529411764,0.5031003854533267,C2,C2_rdkit_descriptors_only,B4,B4_threshold_tuning_only,LOGO,2,0.55,none,Chlorpromazine_Hcl
0.0,0.0,0.0,0.9444444444444444,0.0,0.8658823529411764,0.5031003854533267,C2,C2_rdkit_descriptors_only,B4,B4_threshold_tuning_only,LOGO,2,0.6,none,Chlorpromazine_Hcl
0.0,0.0,0.0,0.9444444444444444,0.0,0.8658823529411764,0.5031003854533267,C2,C2_rdkit_descriptors_only,B4,B4_threshold_tuning_only,LOGO,2,0.65,none,Chlorpromazine_Hcl
0.0,0.0,0.0,0.9444444444444444,0.0,0.8658823529411764,0.5031003854533267,C2,C2_rdkit_descriptors_only,B4,B4_threshold_tuning_only,LOGO,2,0.7,none,Chlorpromazine_Hcl
0.0,0.0,0.0,0.9444444444444444,0.0,0.8658823529411764,0.5031003854533267,C2,C2_rdkit_descriptors_only,B4,B4_threshold_tuning_only,LOGO,2,0.75,none,Chlorpromazine_Hcl
0.0,0.0,0.0,0.9444444444444444,0.0,0.8658823529411764,0.5031003854533267,C2,C2_rdkit_descriptors_only,B4,B4_threshold_tuning_only,LOGO,2,0.8,none,Chlorpromazine_Hcl
0.0,0.0,0.0,0.9444444444444444,0.0,0.8658823529411764,0.5031003854533267,C2,C2_rdkit_descriptors_only,B4,B4_threshold_tuning_only,LOGO,2,0.85,none,Chlorpromazine_Hcl
0.0,0.0,0.0,0.9444444444444444,0.0,0.8658823529411764,0.5031003854533267,C2,C2_rdkit_descriptors_only,B4,B4_threshold_tuning_only,LOGO,2,0.9,none,Chlorpromazine_Hcl
0.2693189543416088,0.1875,0.10344827586206896,0.7111111111111111,1.0,0.9272030651340996,0.3366013071895425,C2,C2_rdkit_descriptors_only,B4,B4_threshold_tuning_only,LOGO,3,0.05,none,Clofazimine
0.384802575761095,0.3,0.17647058823529413,0.8444444444444444,1.0,0.9272030651340996,0.3366013071895425,C2,C2_rdkit_descriptors_only,B4,B4_threshold_tuning_only,LOGO,3,0.1,none,Clofazimine
0.2913428162916919,0.26666666666666666,0.16666666666666666,0.8777777777777778,0.6666666666666666,0.9272030651340996,0.3366013071895425,C2,C2_rdkit_descriptors_only,B4,B4_threshold_tuning_only,LOGO,3,0.15,none,Clofazimine
0.377009613867732,0.36363636363636365,0.25,0.9222222222222223,0.6666666666666666,0.9272030651340996,0.3366013071895425,C2,C2_rdkit_descriptors_only,B4,B4_threshold_tuning_only,LOGO,3,0.2,none,Clofazimine
0.4083088605285075,0.4,0.2857142857142857,0.9333333333333333,0.6666666666666666,0.9272030651340996,0.3366013071895425,C2,C2_rdkit_descriptors_only,B4,B4_threshold_tuning_only,LOGO,3,0.25,none,Clofazimine
0.4466625002869186,0.4444444444444444,0.3333333333333333,0.9444444444444444,0.6666666666666666,0.9272030651340996,0.3366013071895425,C2,C2_rdkit_descriptors_only,B4,B4_threshold_tuning_only,LOGO,3,0.3,none,Clofazimine
0.2603125627255638,0.2857142857142857,0.25,0.9444444444444444,0.3333333333333333,0.9272030651340996,0.3366013071895425,C2,C2_rdkit_descriptors_only,B4,B4_threshold_tuning_only,LOGO,3,0.35,none,Clofazimine
0.3103448275862069,0.3333333333333333,0.3333333333333333,0.9555555555555556,0.3333333333333333,0.9272030651340996,0.3366013071895425,C2,C2_rdkit_descriptors_only,B4,B4_threshold_tuning_only,LOGO,3,0.4,none,Clofazimine
0.39192475766909796,0.4,0.5,0.9666666666666667,0.3333333333333333,0.9272030651340996,0.3366013071895425,C2,C2_rdkit_descriptors_only,B4,B4_threshold_tuning_only,LOGO,3,0.45,none,Clofazimine
0.39192475766909796,0.4,0.5,0.9666666666666667,0.3333333333333333,0.9272030651340996,0.3366013071895425,C2,C2_rdkit_descriptors_only,B4,B4_threshold_tuning_only,LOGO,3,0.5,none,Clofazimine
0.39192475766909796,0.4,0.5,0.9666666666666667,0.3333333333333333,0.9272030651340996,0.3366013071895425,C2,C2_rdkit_descriptors_only,B4,B4_threshold_tuning_only,LOGO,3,0.55,none,Clofazimine
0.39192475766909796,0.4,0.5,0.9666666666666667,0.3333333333333333,0.9272030651340996,0.3366013071895425,C2,C2_rdkit_descriptors_only,B4,B4_threshold_tuning_only,LOGO,3,0.6,none,Clofazimine
-0.019683666479473904,0.0,0.0,0.9555555555555556,0.0,0.9272030651340996,0.3366013071895425,C2,C2_rdkit_descriptors_only,B4,B4_threshold_tuning_only,LOGO,3,0.65,none,Clofazimine
-0.019683666479473904,0.0,0.0,0.9555555555555556,0.0,0.9272030651340996,0.3366013071895425,C2,C2_rdkit_descriptors_only,B4,B4_threshold_tuning_only,LOGO,3,0.7,none,Clofazimine
0.0,0.0,0.0,0.9666666666666667,0.0,0.9272030651340996,0.3366013071895425,C2,C2_rdkit_descriptors_only,B4,B4_threshold_tuning_only,LOGO,3,0.75,none,Clofazimine
0.0,0.0,0.0,0.9666666666666667,0.0,0.9272030651340996,0.3366013071895425,C2,C2_rdkit_descriptors_only,B4,B4_threshold_tuning_only,LOGO,3,0.8,none,Clofazimine
0.0,0.0,0.0,0.9666666666666667,0.0,0.9272030651340996,0.3366013071895425,C2,C2_rdkit_descriptors_only,B4,B4_threshold_tuning_only,LOGO,3,0.85,none,Clofazimine
0.0,0.0,0.0,0.9666666666666667,0.0,0.9272030651340996,0.3366013071895425,C2,C2_rdkit_descriptors_only,B4,B4_threshold_tuning_only,LOGO,3,0.9,none,Clofazimine
0.05734951216046588,0.06451612903225806,0.034482758620689655,0.6777777777777778,0.5,0.5142045454545454,0.1361111111111111,C2,C2_rdkit_descriptors_only,B4,B4_threshold_tuning_only,LOGO,4,0.05,none,Curcumine
0.07479575920067658,0.07407407407407407,0.04,0.7222222222222222,0.5,0.5142045454545454,0.1361111111111111,C2,C2_rdkit_descriptors_only,B4,B4_threshold_tuning_only,LOGO,4,0.1,none,Curcumine
0.17387722105220368,0.15384615384615385,0.09090909090909091,0.8777777777777778,0.5,0.5142045454545454,0.1361111111111111,C2,C2_rdkit_descriptors_only,B4,B4_threshold_tuning_only,LOGO,4,0.15,none,Curcumine
0.2618924633082486,0.25,0.16666666666666666,0.9333333333333333,0.5,0.5142045454545454,0.1361111111111111,C2,C2_rdkit_descriptors_only,B4,B4_threshold_tuning_only,LOGO,4,0.2,none,Curcumine
0.29250896965085227,0.2857142857142857,0.2,0.9444444444444444,0.5,0.5142045454545454,0.1361111111111111,C2,C2_rdkit_descriptors_only,B4,B4_threshold_tuning_only,LOGO,4,0.25,none,Curcumine
-0.027994625547792713,0.0,0.0,0.9444444444444444,0.0,0.5142045454545454,0.1361111111111111,C2,C2_rdkit_descriptors_only,B4,B4_threshold_tuning_only,LOGO,4,0.3,none,Curcumine
-0.01598006930251483,0.0,0.0,0.9666666666666667,0.0,0.5142045454545454,0.1361111111111111,C2,C2_rdkit_descriptors_only,B4,B4_threshold_tuning_only,LOGO,4,0.35,none,Curcumine
0.0,0.0,0.0,0.9777777777777777,0.0,0.5142045454545454,0.1361111111111111,C2,C2_rdkit_descriptors_only,B4,B4_threshold_tuning_only,LOGO,4,0.4,none,Curcumine
0.0,0.0,0.0,0.9777777777777777,0.0,0.5142045454545454,0.1361111111111111,C2,C2_rdkit_descriptors_only,B4,B4_threshold_tuning_only,LOGO,4,0.45,none,Curcumine
0.0,0.0,0.0,0.9777777777777777,0.0,0.5142045454545454,0.1361111111111111,C2,C2_rdkit_descriptors_only,B4,B4_threshold_tuning_only,LOGO,4,0.5,none,Curcumine
0.0,0.0,0.0,0.9777777777777777,0.0,0.5142045454545454,0.1361111111111111,C2,C2_rdkit_descriptors_only,B4,B4_threshold_tuning_only,LOGO,4,0.55,none,Curcumine
0.0,0.0,0.0,0.9777777777777777,0.0,0.5142045454545454,0.1361111111111111,C2,C2_rdkit_descriptors_only,B4,B4_threshold_tuning_only,LOGO,4,0.6,none,Curcumine
0.0,0.0,0.0,0.9777777777777777,0.0,0.5142045454545454,0.1361111111111111,C2,C2_rdkit_descriptors_only,B4,B4_threshold_tuning_only,LOGO,4,0.65,none,Curcumine
0.0,0.0,0.0,0.9777777777777777,0.0,0.5142045454545454,0.1361111111111111,C2,C2_rdkit_descriptors_only,B4,B4_threshold_tuning_only,LOGO,4,0.7,none,Curcumine
0.0,0.0,0.0,0.9777777777777777,0.0,0.5142045454545454,0.1361111111111111,C2,C2_rdkit_descriptors_only,B4,B4_threshold_tuning_only,LOGO,4,0.75,none,Curcumine
0.0,0.0,0.0,0.9777777777777777,0.0,0.5142045454545454,0.1361111111111111,C2,C2_rdkit_descriptors_only,B4,B4_threshold_tuning_only,LOGO,4,0.8,none,Curcumine
0.0,0.0,0.0,0.9777777777777777,0.0,0.5142045454545454,0.1361111111111111,C2,C2_rdkit_descriptors_only,B4,B4_threshold_tuning_only,LOGO,4,0.85,none,Curcumine
0.0,0.0,0.0,0.9777777777777777,0.0,0.5142045454545454,0.1361111111111111,C2,C2_rdkit_descriptors_only,B4,B4_threshold_tuning_only,LOGO,4,0.9,none,Curcumine
0.050251890762960605,0.18181818181818182,0.125,0.7,0.3333333333333333,0.6378600823045267,0.20204176051253814,C2,C2_rdkit_descriptors_only,B4,B4_threshold_tuning_only,LOGO,5,0.05,none,Econazole
0.16350382386265755,0.2608695652173913,0.21428571428571427,0.8111111111111111,0.3333333333333333,0.6378600823045267,0.20204176051253814,C2,C2_rdkit_descriptors_only,B4,B4_threshold_tuning_only,LOGO,5,0.1,none,Econazole
0.19611613513818402,0.2857142857142857,0.25,0.8333333333333334,0.3333333333333333,0.6378600823045267,0.20204176051253814,C2,C2_rdkit_descriptors_only,B4,B4_threshold_tuning_only,LOGO,5,0.15,none,Econazole
0.012345679012345678,0.1111111111111111,0.1111111111111111,0.8222222222222222,0.1111111111111111,0.6378600823045267,0.20204176051253814,C2,C2_rdkit_descriptors_only,B4,B4_threshold_tuning_only,LOGO,5,0.2,none,Econazole
0.04148699068225112,0.125,0.14285714285714285,0.8444444444444444,0.1111111111111111,0.6378600823045267,0.20204176051253814,C2,C2_rdkit_descriptors_only,B4,B4_threshold_tuning_only,LOGO,5,0.25,none,Econazole
0.08084520834544433,0.14285714285714285,0.2,0.8666666666666667,0.1111111111111111,0.6378600823045267,0.20204176051253814,C2,C2_rdkit_descriptors_only,B4,B4_threshold_tuning_only,LOGO,5,0.3,none,Econazole
0.10783277320343841,0.15384615384615385,0.25,0.8777777777777778,0.1111111111111111,0.6378600823045267,0.20204176051253814,C2,C2_rdkit_descriptors_only,B4,B4_threshold_tuning_only,LOGO,5,0.35,none,Econazole
0.14442970747104034,0.16666666666666666,0.3333333333333333,0.8888888888888888,0.1111111111111111,0.6378600823045267,0.20204176051253814,C2,C2_rdkit_descriptors_only,B4,B4_threshold_tuning_only,LOGO,5,0.4,none,Econazole
0.20100756305184242,0.18181818181818182,0.5,0.9,0.1111111111111111,0.6378600823045267,0.20204176051253814,C2,C2_rdkit_descriptors_only,B4,B4_threshold_tuning_only,LOGO,5,0.45,none,Econazole
0.20100756305184242,0.18181818181818182,0.5,0.9,0.1111111111111111,0.6378600823045267,0.20204176051253814,C2,C2_rdkit_descriptors_only,B4,B4_threshold_tuning_only,LOGO,5,0.5,none,Econazole
0.20100756305184242,0.18181818181818182,0.5,0.9,0.1111111111111111,0.6378600823045267,0.20204176051253814,C2,C2_rdkit_descriptors_only,B4,B4_threshold_tuning_only,LOGO,5,0.55,none,Econazole
0.20100756305184242,0.18181818181818182,0.5,0.9,0.1111111111111111,0.6378600823045267,0.20204176051253814,C2,C2_rdkit_descriptors_only,B4,B4_threshold_tuning_only,LOGO,5,0.6,none,Econazole
-0.03533326266687867,0.0,0.0,0.8888888888888888,0.0,0.6378600823045267,0.20204176051253814,C2,C2_rdkit_descriptors_only,B4,B4_threshold_tuning_only,LOGO,5,0.65,none,Econazole
-0.03533326266687867,0.0,0.0,0.8888888888888888,0.0,0.6378600823045267,0.20204176051253814,C2,C2_rdkit_descriptors_only,B4,B4_threshold_tuning_only,LOGO,5,0.7,none,Econazole
-0.03533326266687867,0.0,0.0,0.8888888888888888,0.0,0.6378600823045267,0.20204176051253814,C2,C2_rdkit_descriptors_only,B4,B4_threshold_tuning_only,LOGO,5,0.75,none,Econazole
0.0,0.0,0.0,0.9,0.0,0.6378600823045267,0.20204176051253814,C2,C2_rdkit_descriptors_only,B4,B4_threshold_tuning_only,LOGO,5,0.8,none,Econazole
0.0,0.0,0.0,0.9,0.0,0.6378600823045267,0.20204176051253814,C2,C2_rdkit_descriptors_only,B4,B4_threshold_tuning_only,LOGO,5,0.85,none,Econazole
0.0,0.0,0.0,0.9,0.0,0.6378600823045267,0.20204176051253814,C2,C2_rdkit_descriptors_only,B4,B4_threshold_tuning_only,LOGO,5,0.9,none,Econazole
0.29250896965085227,0.27586206896551724,0.16666666666666666,0.7666666666666667,0.8,0.8788235294117647,0.3941071428571429,C2,C2_rdkit_descriptors_only,B4,B4_threshold_tuning_only,LOGO,6,0.05,none,Etravirine
0.4121678698554467,0.4,0.26666666666666666,0.8666666666666667,0.8,0.8788235294117647,0.3941071428571429,C2,C2_rdkit_descriptors_only,B4,B4_threshold_tuning_only,LOGO,6,0.1,none,Etravirine
0.2229481606852615,0.26666666666666666,0.2,0.8777777777777778,0.4,0.8788235294117647,0.3941071428571429,C2,C2_rdkit_descriptors_only,B4,B4_threshold_tuning_only,LOGO,6,0.15,none,Etravirine
0.2651439066774996,0.3076923076923077,0.25,0.9,0.4,0.8788235294117647,0.3941071428571429,C2,C2_rdkit_descriptors_only,B4,B4_threshold_tuning_only,LOGO,6,0.2,none,Etravirine
0.2918001232638926,0.3333333333333333,0.2857142857142857,0.9111111111111111,0.4,0.8788235294117647,0.3941071428571429,C2,C2_rdkit_descriptors_only,B4,B4_threshold_tuning_only,LOGO,6,0.25,none,Etravirine
0.15294117647058825,0.2,0.2,0.9111111111111111,0.2,0.8788235294117647,0.3941071428571429,C2,C2_rdkit_descriptors_only,B4,B4_threshold_tuning_only,LOGO,6,0.3,none,Etravirine
0.1830730233380795,0.2222222222222222,0.25,0.9222222222222223,0.2,0.8788235294117647,0.3941071428571429,C2,C2_rdkit_descriptors_only,B4,B4_threshold_tuning_only,LOGO,6,0.35,none,Etravirine
0.29250896965085227,0.2857142857142857,0.5,0.9444444444444444,0.2,0.8788235294117647,0.3941071428571429,C2,C2_rdkit_descriptors_only,B4,B4_threshold_tuning_only,LOGO,6,0.4,none,Etravirine
0.29250896965085227,0.2857142857142857,0.5,0.9444444444444444,0.2,0.8788235294117647,0.3941071428571429,C2,C2_rdkit_descriptors_only,B4,B4_threshold_tuning_only,LOGO,6,0.45,none,Etravirine
0.29250896965085227,0.2857142857142857,0.5,0.9444444444444444,0.2,0.8788235294117647,0.3941071428571429,C2,C2_rdkit_descriptors_only,B4,B4_threshold_tuning_only,LOGO,6,0.5,none,Etravirine
0.29250896965085227,0.2857142857142857,0.5,0.9444444444444444,0.2,0.8788235294117647,0.3941071428571429,C2,C2_rdkit_descriptors_only,B4,B4_threshold_tuning_only,LOGO,6,0.55,none,Etravirine
0.29250896965085227,0.2857142857142857,0.5,0.9444444444444444,0.2,0.8788235294117647,0.3941071428571429,C2,C2_rdkit_descriptors_only,B4,B4_threshold_tuning_only,LOGO,6,0.6,none,Etravirine
0.0,0.0,0.0,0.9444444444444444,0.0,0.8788235294117647,0.3941071428571429,C2,C2_rdkit_descriptors_only,B4,B4_threshold_tuning_only,LOGO,6,0.65,none,Etravirine
0.0,0.0,0.0,0.9444444444444444,0.0,0.8788235294117647,0.3941071428571429,C2,C2_rdkit_descriptors_only,B4,B4_threshold_tuning_only,LOGO,6,0.7,none,Etravirine
0.0,0.0,0.0,0.9444444444444444,0.0,0.8788235294117647,0.3941071428571429,C2,C2_rdkit_descriptors_only,B4,B4_threshold_tuning_only,LOGO,6,0.75,none,Etravirine
0.0,0.0,0.0,0.9444444444444444,0.0,0.8788235294117647,0.3941071428571429,C2,C2_rdkit_descriptors_only,B4,B4_threshold_tuning_only,LOGO,6,0.8,none,Etravirine
0.0,0.0,0.0,0.9444444444444444,0.0,0.8788235294117647,0.3941071428571429,C2,C2_rdkit_descriptors_only,B4,B4_threshold_tuning_only,LOGO,6,0.85,none,Etravirine
0.0,0.0,0.0,0.9444444444444444,0.0,0.8788235294117647,0.3941071428571429,C2,C2_rdkit_descriptors_only,B4,B4_threshold_tuning_only,LOGO,6,0.9,none,Etravirine
0.2732167653171627,0.3333333333333333,0.20408163265306123,0.5555555555555556,0.9090909090909091,0.7813578826237054,0.48780743418451145,C2,C2_rdkit_descriptors_only,B4,B4_threshold_tuning_only,LOGO,7,0.05,none,Fulvestrant
0.33895584630945313,0.4,0.2647058823529412,0.7,0.8181818181818182,0.7813578826237054,0.48780743418451145,C2,C2_rdkit_descriptors_only,B4,B4_threshold_tuning_only,LOGO,7,0.1,none,Fulvestrant
0.19986844267611165,0.3157894736842105,0.2222222222222222,0.7111111111111111,0.5454545454545454,0.7813578826237054,0.48780743418451145,C2,C2_rdkit_descriptors_only,B4,B4_threshold_tuning_only,LOGO,7,0.15,none,Fulvestrant
0.2112258991103791,0.32432432432432434,0.23076923076923078,0.7222222222222222,0.5454545454545454,0.7813578826237054,0.48780743418451145,C2,C2_rdkit_descriptors_only,B4,B4_threshold_tuning_only,LOGO,7,0.2,none,Fulvestrant
0.2613608772026861,0.36363636363636365,0.2727272727272727,0.7666666666666667,0.5454545454545454,0.7813578826237054,0.48780743418451145,C2,C2_rdkit_descriptors_only,B4,B4_threshold_tuning_only,LOGO,7,0.25,none,Fulvestrant
0.32791920691716653,0.4,0.4444444444444444,0.8666666666666667,0.36363636363636365,0.7813578826237054,0.48780743418451145,C2,C2_rdkit_descriptors_only,B4,B4_threshold_tuning_only,LOGO,7,0.3,none,Fulvestrant
0.41335132075305253,0.4,0.75,0.9,0.2727272727272727,0.7813578826237054,0.48780743418451145,C2,C2_rdkit_descriptors_only,B4,B4_threshold_tuning_only,LOGO,7,0.35,none,Fulvestrant
0.40400883715070857,0.3076923076923077,1.0,0.9,0.18181818181818182,0.7813578826237054,0.48780743418451145,C2,C2_rdkit_descriptors_only,B4,B4_threshold_tuning_only,LOGO,7,0.4,none,Fulvestrant
0.40400883715070857,0.3076923076923077,1.0,0.9,0.18181818181818182,0.7813578826237054,0.48780743418451145,C2,C2_rdkit_descriptors_only,B4,B4_threshold_tuning_only,LOGO,7,0.45,none,Fulvestrant
0.40400883715070857,0.3076923076923077,1.0,0.9,0.18181818181818182,0.7813578826237054,0.48780743418451145,C2,C2_rdkit_descriptors_only,B4,B4_threshold_tuning_only,LOGO,7,0.5,none,Fulvestrant
0.40400883715070857,0.3076923076923077,1.0,0.9,0.18181818181818182,0.7813578826237054,0.48780743418451145,C2,C2_rdkit_descriptors_only,B4,B4_threshold_tuning_only,LOGO,7,0.55,none,Fulvestrant
0.40400883715070857,0.3076923076923077,1.0,0.9,0.18181818181818182,0.7813578826237054,0.48780743418451145,C2,C2_rdkit_descriptors_only,B4,B4_threshold_tuning_only,LOGO,7,0.6,none,Fulvestrant
0.40400883715070857,0.3076923076923077,1.0,0.9,0.18181818181818182,0.7813578826237054,0.48780743418451145,C2,C2_rdkit_descriptors_only,B4,B4_threshold_tuning_only,LOGO,7,0.65,none,Fulvestrant
0.284067925525857,0.16666666666666666,1.0,0.8888888888888888,0.09090909090909091,0.7813578826237054,0.48780743418451145,C2,C2_rdkit_descriptors_only,B4,B4_threshold_tuning_only,LOGO,7,0.7,none,Fulvestrant
0.284067925525857,0.16666666666666666,1.0,0.8888888888888888,0.09090909090909091,0.7813578826237054,0.48780743418451145,C2,C2_rdkit_descriptors_only,B4,B4_threshold_tuning_only,LOGO,7,0.75,none,Fulvestrant
0.0,0.0,0.0,0.8777777777777778,0.0,0.7813578826237054,0.48780743418451145,C2,C2_rdkit_descriptors_only,B4,B4_threshold_tuning_only,LOGO,7,0.8,none,Fulvestrant
0.0,0.0,0.0,0.8777777777777778,0.0,0.7813578826237054,0.48780743418451145,C2,C2_rdkit_descriptors_only,B4,B4_threshold_tuning_only,LOGO,7,0.85,none,Fulvestrant
0.0,0.0,0.0,0.8777777777777778,0.0,0.7813578826237054,0.48780743418451145,C2,C2_rdkit_descriptors_only,B4,B4_threshold_tuning_only,LOGO,7,0.9,none,Fulvestrant
0.0,0.0,0.0,0.6,0.0,,,C2,C2_rdkit_descriptors_only,B4,B4_threshold_tuning_only,LOGO,8,0.05,none,Gefitinib
0.0,0.0,0.0,0.7444444444444445,0.0,,,C2,C2_rdkit_descriptors_only,B4,B4_threshold_tuning_only,LOGO,8,0.1,none,Gefitinib
0.0,0.0,0.0,0.8333333333333334,0.0,,,C2,C2_rdkit_descriptors_only,B4,B4_threshold_tuning_only,LOGO,8,0.15,none,Gefitinib
0.0,0.0,0.0,0.9222222222222223,0.0,,,C2,C2_rdkit_descriptors_only,B4,B4_threshold_tuning_only,LOGO,8,0.2,none,Gefitinib
0.0,0.0,0.0,0.9666666666666667,0.0,,,C2,C2_rdkit_descriptors_only,B4,B4_threshold_tuning_only,LOGO,8,0.25,none,Gefitinib
0.0,0.0,0.0,0.9666666666666667,0.0,,,C2,C2_rdkit_descriptors_only,B4,B4_threshold_tuning_only,LOGO,8,0.3,none,Gefitinib
0.0,0.0,0.0,0.9777777777777777,0.0,,,C2,C2_rdkit_descriptors_only,B4,B4_threshold_tuning_only,LOGO,8,0.35,none,Gefitinib
0.0,0.0,0.0,0.9777777777777777,0.0,,,C2,C2_rdkit_descriptors_only,B4,B4_threshold_tuning_only,LOGO,8,0.4,none,Gefitinib
0.0,0.0,0.0,0.9777777777777777,0.0,,,C2,C2_rdkit_descriptors_only,B4,B4_threshold_tuning_only,LOGO,8,0.45,none,Gefitinib
0.0,0.0,0.0,0.9777777777777777,0.0,,,C2,C2_rdkit_descriptors_only,B4,B4_threshold_tuning_only,LOGO,8,0.5,none,Gefitinib
0.0,0.0,0.0,0.9777777777777777,0.0,,,C2,C2_rdkit_descriptors_only,B4,B4_threshold_tuning_only,LOGO,8,0.55,none,Gefitinib
0.0,0.0,0.0,0.9777777777777777,0.0,,,C2,C2_rdkit_descriptors_only,B4,B4_threshold_tuning_only,LOGO,8,0.6,none,Gefitinib
0.0,0.0,0.0,0.9888888888888889,0.0,,,C2,C2_rdkit_descriptors_only,B4,B4_threshold_tuning_only,LOGO,8,0.65,none,Gefitinib
0.0,0.0,0.0,0.9888888888888889,0.0,,,C2,C2_rdkit_descriptors_only,B4,B4_threshold_tuning_only,LOGO,8,0.7,none,Gefitinib
0.0,0.0,0.0,1.0,0.0,,,C2,C2_rdkit_descriptors_only,B4,B4_threshold_tuning_only,LOGO,8,0.75,none,Gefitinib
0.0,0.0,0.0,1.0,0.0,,,C2,C2_rdkit_descriptors_only,B4,B4_threshold_tuning_only,LOGO,8,0.8,none,Gefitinib
0.0,0.0,0.0,1.0,0.0,,,C2,C2_rdkit_descriptors_only,B4,B4_threshold_tuning_only,LOGO,8,0.85,none,Gefitinib
0.0,0.0,0.0,1.0,0.0,,,C2,C2_rdkit_descriptors_only,B4,B4_threshold_tuning_only,LOGO,8,0.9,none,Gefitinib
0.3640468657768223,0.3333333333333333,0.2,0.6888888888888889,1.0,0.9173838209982788,0.568922305764411,C2,C2_rdkit_descriptors_only,B4,B4_threshold_tuning_only,LOGO,9,0.05,none,Lumefantrine
0.4321423237219507,0.4,0.25,0.7666666666666667,1.0,0.9173838209982788,0.568922305764411,C2,C2_rdkit_descriptors_only,B4,B4_threshold_tuning_only,LOGO,9,0.1,none,Lumefantrine
0.42832191095096994,0.42857142857142855,0.2857142857142857,0.8222222222222222,0.8571428571428571,0.9173838209982788,0.568922305764411,C2,C2_rdkit_descriptors_only,B4,B4_threshold_tuning_only,LOGO,9,0.15,none,Lumefantrine
0.4476965867287651,0.47619047619047616,0.35714285714285715,0.8777777777777778,0.7142857142857143,0.9173838209982788,0.568922305764411,C2,C2_rdkit_descriptors_only,B4,B4_threshold_tuning_only,LOGO,9,0.2,none,Lumefantrine
0.4213388568120093,0.46153846153846156,0.5,0.9222222222222223,0.42857142857142855,0.9173838209982788,0.568922305764411,C2,C2_rdkit_descriptors_only,B4,B4_threshold_tuning_only,LOGO,9,0.25,none,Lumefantrine
0.4083088605285075,0.4,0.6666666666666666,0.9333333333333333,0.2857142857142857,0.9173838209982788,0.568922305764411,C2,C2_rdkit_descriptors_only,B4,B4_threshold_tuning_only,LOGO,9,0.3,none,Lumefantrine
0.5191151312382635,0.4444444444444444,1.0,0.9444444444444444,0.2857142857142857,0.9173838209982788,0.568922305764411,C2,C2_rdkit_descriptors_only,B4,B4_threshold_tuning_only,LOGO,9,0.35,none,Lumefantrine
0.5191151312382635,0.4444444444444444,1.0,0.9444444444444444,0.2857142857142857,0.9173838209982788,0.568922305764411,C2,C2_rdkit_descriptors_only,B4,B4_threshold_tuning_only,LOGO,9,0.4,none,Lumefantrine
0.5191151312382635,0.4444444444444444,1.0,0.9444444444444444,0.2857142857142857,0.9173838209982788,0.568922305764411,C2,C2_rdkit_descriptors_only,B4,B4_threshold_tuning_only,LOGO,9,0.45,none,Lumefantrine
0.5191151312382635,0.4444444444444444,1.0,0.9444444444444444,0.2857142857142857,0.9173838209982788,0.568922305764411,C2,C2_rdkit_descriptors_only,B4,B4_threshold_tuning_only,LOGO,9,0.5,none,Lumefantrine
0.5191151312382635,0.4444444444444444,1.0,0.9444444444444444,0.2857142857142857,0.9173838209982788,0.568922305764411,C2,C2_rdkit_descriptors_only,B4,B4_threshold_tuning_only,LOGO,9,0.55,none,Lumefantrine
0.5191151312382635,0.4444444444444444,1.0,0.9444444444444444,0.2857142857142857,0.9173838209982788,0.568922305764411,C2,C2_rdkit_descriptors_only,B4,B4_threshold_tuning_only,LOGO,9,0.6,none,Lumefantrine
0.36500181401954734,0.25,1.0,0.9333333333333333,0.14285714285714285,0.9173838209982788,0.568922305764411,C2,C2_rdkit_descriptors_only,B4,B4_threshold_tuning_only,LOGO,9,0.65,none,Lumefantrine
0.0,0.0,0.0,0.9222222222222223,0.0,0.9173838209982788,0.568922305764411,C2,C2_rdkit_descriptors_only,B4,B4_threshold_tuning_only,LOGO,9,0.7,none,Lumefantrine
0.0,0.0,0.0,0.9222222222222223,0.0,0.9173838209982788,0.568922305764411,C2,C2_rdkit_descriptors_only,B4,B4_threshold_tuning_only,LOGO,9,0.75,none,Lumefantrine
0.0,0.0,0.0,0.9222222222222223,0.0,0.9173838209982788,0.568922305764411,C2,C2_rdkit_descriptors_only,B4,B4_threshold_tuning_only,LOGO,9,0.8,none,Lumefantrine
0.0,0.0,0.0,0.9222222222222223,0.0,0.9173838209982788,0.568922305764411,C2,C2_rdkit_descriptors_only,B4,B4_threshold_tuning_only,LOGO,9,0.85,none,Lumefantrine
0.0,0.0,0.0,0.9222222222222223,0.0,0.9173838209982788,0.568922305764411,C2,C2_rdkit_descriptors_only,B4,B4_threshold_tuning_only,LOGO,9,0.9,none,Lumefantrine
-0.0772203413503244,0.11764705882352941,0.15384615384615385,0.6666666666666666,0.09523809523809523,0.5244996549344376,0.32139339875142825,C2,C2_rdkit_descriptors_only,B4,B4_threshold_tuning_only,LOGO,10,0.05,none,Nelfinavir
-0.06182446677351863,0.12121212121212122,0.16666666666666666,0.6777777777777778,0.09523809523809523,0.5244996549344376,0.32139339875142825,C2,C2_rdkit_descriptors_only,B4,B4_threshold_tuning_only,LOGO,10,0.1,none,Nelfinavir
0.03596596198824938,0.14285714285714285,0.2857142857142857,0.7333333333333333,0.09523809523809523,0.5244996549344376,0.32139339875142825,C2,C2_rdkit_descriptors_only,B4,B4_threshold_tuning_only,LOGO,10,0.15,none,Nelfinavir
0.0631894097806702,0.14814814814814814,0.3333333333333333,0.7444444444444445,0.09523809523809523,0.5244996549344376,0.32139339875142825,C2,C2_rdkit_descriptors_only,B4,B4_threshold_tuning_only,LOGO,10,0.2,none,Nelfinavir
0.19025295692965058,0.16666666666666666,0.6666666666666666,0.7777777777777778,0.09523809523809523,0.5244996549344376,0.32139339875142825,C2,C2_rdkit_descriptors_only,B4,B4_threshold_tuning_only,LOGO,10,0.25,none,Nelfinavir
0.19025295692965058,0.16666666666666666,0.6666666666666666,0.7777777777777778,0.09523809523809523,0.5244996549344376,0.32139339875142825,C2,C2_rdkit_descriptors_only,B4,B4_threshold_tuning_only,LOGO,10,0.3,none,Nelfinavir
0.19025295692965058,0.16666666666666666,0.6666666666666666,0.7777777777777778,0.09523809523809523,0.5244996549344376,0.32139339875142825,C2,C2_rdkit_descriptors_only,B4,B4_threshold_tuning_only,LOGO,10,0.35,none,Nelfinavir
0.19025295692965058,0.16666666666666666,0.6666666666666666,0.7777777777777778,0.09523809523809523,0.5244996549344376,0.32139339875142825,C2,C2_rdkit_descriptors_only,B4,B4_threshold_tuning_only,LOGO,10,0.4,none,Nelfinavir
0.27326786250001056,0.17391304347826086,1.0,0.7888888888888889,0.09523809523809523,0.5244996549344376,0.32139339875142825,C2,C2_rdkit_descriptors_only,B4,B4_threshold_tuning_only,LOGO,10,0.45,none,Nelfinavir
0.27326786250001056,0.17391304347826086,1.0,0.7888888888888889,0.09523809523809523,0.5244996549344376,0.32139339875142825,C2,C2_rdkit_descriptors_only,B4,B4_threshold_tuning_only,LOGO,10,0.5,none,Nelfinavir
0.1921409327596115,0.09090909090909091,1.0,0.7777777777777778,0.047619047619047616,0.5244996549344376,0.32139339875142825,C2,C2_rdkit_descriptors_only,B4,B4_threshold_tuning_only,LOGO,10,0.55,none,Nelfinavir
0.1921409327596115,0.09090909090909091,1.0,0.7777777777777778,0.047619047619047616,0.5244996549344376,0.32139339875142825,C2,C2_rdkit_descriptors_only,B4,B4_threshold_tuning_only,LOGO,10,0.6,none,Nelfinavir
0.0,0.0,0.0,0.7666666666666667,0.0,0.5244996549344376,0.32139339875142825,C2,C2_rdkit_descriptors_only,B4,B4_threshold_tuning_only,LOGO,10,0.65,none,Nelfinavir
0.0,0.0,0.0,0.7666666666666667,0.0,0.5244996549344376,0.32139339875142825,C2,C2_rdkit_descriptors_only,B4,B4_threshold_tuning_only,LOGO,10,0.7,none,Nelfinavir
0.0,0.0,0.0,0.7666666666666667,0.0,0.5244996549344376,0.32139339875142825,C2,C2_rdkit_descriptors_only,B4,B4_threshold_tuning_only,LOGO,10,0.75,none,Nelfinavir
0.0,0.0,0.0,0.7666666666666667,0.0,0.5244996549344376,0.32139339875142825,C2,C2_rdkit_descriptors_only,B4,B4_threshold_tuning_only,LOGO,10,0.8,none,Nelfinavir
0.0,0.0,0.0,0.7666666666666667,0.0,0.5244996549344376,0.32139339875142825,C2,C2_rdkit_descriptors_only,B4,B4_threshold_tuning_only,LOGO,10,0.85,none,Nelfinavir
0.0,0.0,0.0,0.7666666666666667,0.0,0.5244996549344376,0.32139339875142825,C2,C2_rdkit_descriptors_only,B4,B4_threshold_tuning_only,LOGO,10,0.9,none,Nelfinavir
0.15761166718277966,0.08888888888888889,0.046511627906976744,0.5444444444444444,1.0,0.7840909090909091,0.07261904761904761,C2,C2_rdkit_descriptors_only,B4,B4_threshold_tuning_only,LOGO,11,0.05,none,Physcion
0.22433161909252855,0.13333333333333333,0.07142857142857142,0.7111111111111111,1.0,0.7840909090909091,0.07261904761904761,C2,C2_rdkit_descriptors_only,B4,B4_threshold_tuning_only,LOGO,11,0.1,none,Physcion
0.26504326794751365,0.16666666666666666,0.09090909090909091,0.7777777777777778,1.0,0.7840909090909091,0.07261904761904761,C2,C2_rdkit_descriptors_only,B4,B4_threshold_tuning_only,LOGO,11,0.15,none,Physcion
-0.06741998624632421,0.0,0.0,0.8111111111111111,0.0,0.7840909090909091,0.07261904761904761,C2,C2_rdkit_descriptors_only,B4,B4_threshold_tuning_only,LOGO,11,0.2,none,Physcion
-0.04708816093480111,0.0,0.0,0.8888888888888888,0.0,0.7840909090909091,0.07261904761904761,C2,C2_rdkit_descriptors_only,B4,B4_threshold_tuning_only,LOGO,11,0.25,none,Physcion
-0.036563621206356534,0.0,0.0,0.9222222222222223,0.0,0.7840909090909091,0.07261904761904761,C2,C2_rdkit_descriptors_only,B4,B4_threshold_tuning_only,LOGO,11,0.3,none,Physcion
-0.022727272727272728,0.0,0.0,0.9555555555555556,0.0,0.7840909090909091,0.07261904761904761,C2,C2_rdkit_descriptors_only,B4,B4_threshold_tuning_only,LOGO,11,0.35,none,Physcion
-0.022727272727272728,0.0,0.0,0.9555555555555556,0.0,0.7840909090909091,0.07261904761904761,C2,C2_rdkit_descriptors_only,B4,B4_threshold_tuning_only,LOGO,11,0.4,none,Physcion
-0.022727272727272728,0.0,0.0,0.9555555555555556,0.0,0.7840909090909091,0.07261904761904761,C2,C2_rdkit_descriptors_only,B4,B4_threshold_tuning_only,LOGO,11,0.45,none,Physcion
-0.022727272727272728,0.0,0.0,0.9555555555555556,0.0,0.7840909090909091,0.07261904761904761,C2,C2_rdkit_descriptors_only,B4,B4_threshold_tuning_only,LOGO,11,0.5,none,Physcion
-0.022727272727272728,0.0,0.0,0.9555555555555556,0.0,0.7840909090909091,0.07261904761904761,C2,C2_rdkit_descriptors_only,B4,B4_threshold_tuning_only,LOGO,11,0.55,none,Physcion
-0.01598006930251483,0.0,0.0,0.9666666666666667,0.0,0.7840909090909091,0.07261904761904761,C2,C2_rdkit_descriptors_only,B4,B4_threshold_tuning_only,LOGO,11,0.6,none,Physcion
0.0,0.0,0.0,0.9777777777777777,0.0,0.7840909090909091,0.07261904761904761,C2,C2_rdkit_descriptors_only,B4,B4_threshold_tuning_only,LOGO,11,0.65,none,Physcion
0.0,0.0,0.0,0.9777777777777777,0.0,0.7840909090909091,0.07261904761904761,C2,C2_rdkit_descriptors_only,B4,B4_threshold_tuning_only,LOGO,11,0.7,none,Physcion
0.0,0.0,0.0,0.9777777777777777,0.0,0.7840909090909091,0.07261904761904761,C2,C2_rdkit_descriptors_only,B4,B4_threshold_tuning_only,LOGO,11,0.75,none,Physcion
0.0,0.0,0.0,0.9777777777777777,0.0,0.7840909090909091,0.07261904761904761,C2,C2_rdkit_descriptors_only,B4,B4_threshold_tuning_only,LOGO,11,0.8,none,Physcion
0.0,0.0,0.0,0.9777777777777777,0.0,0.7840909090909091,0.07261904761904761,C2,C2_rdkit_descriptors_only,B4,B4_threshold_tuning_only,LOGO,11,0.85,none,Physcion
0.0,0.0,0.0,0.9777777777777777,0.0,0.7840909090909091,0.07261904761904761,C2,C2_rdkit_descriptors_only,B4,B4_threshold_tuning_only,LOGO,11,0.9,none,Physcion
0.0,0.0,0.0,0.5777777777777777,0.0,,,C2,C2_rdkit_descriptors_only,B4,B4_threshold_tuning_only,LOGO,12,0.05,none,Pranlukast
0.0,0.0,0.0,0.7333333333333333,0.0,,,C2,C2_rdkit_descriptors_only,B4,B4_threshold_tuning_only,LOGO,12,0.1,none,Pranlukast
0.0,0.0,0.0,0.8888888888888888,0.0,,,C2,C2_rdkit_descriptors_only,B4,B4_threshold_tuning_only,LOGO,12,0.15,none,Pranlukast
0.0,0.0,0.0,0.9333333333333333,0.0,,,C2,C2_rdkit_descriptors_only,B4,B4_threshold_tuning_only,LOGO,12,0.2,none,Pranlukast
0.0,0.0,0.0,0.9666666666666667,0.0,,,C2,C2_rdkit_descriptors_only,B4,B4_threshold_tuning_only,LOGO,12,0.25,none,Pranlukast
0.0,0.0,0.0,0.9777777777777777,0.0,,,C2,C2_rdkit_descriptors_only,B4,B4_threshold_tuning_only,LOGO,12,0.3,none,Pranlukast
0.0,0.0,0.0,0.9777777777777777,0.0,,,C2,C2_rdkit_descriptors_only,B4,B4_threshold_tuning_only,LOGO,12,0.35,none,Pranlukast
0.0,0.0,0.0,0.9777777777777777,0.0,,,C2,C2_rdkit_descriptors_only,B4,B4_threshold_tuning_only,LOGO,12,0.4,none,Pranlukast
0.0,0.0,0.0,0.9777777777777777,0.0,,,C2,C2_rdkit_descriptors_only,B4,B4_threshold_tuning_only,LOGO,12,0.45,none,Pranlukast
0.0,0.0,0.0,0.9777777777777777,0.0,,,C2,C2_rdkit_descriptors_only,B4,B4_threshold_tuning_only,LOGO,12,0.5,none,Pranlukast
0.0,0.0,0.0,0.9777777777777777,0.0,,,C2,C2_rdkit_descriptors_only,B4,B4_threshold_tuning_only,LOGO,12,0.55,none,Pranlukast
0.0,0.0,0.0,0.9777777777777777,0.0,,,C2,C2_rdkit_descriptors_only,B4,B4_threshold_tuning_only,LOGO,12,0.6,none,Pranlukast
0.0,0.0,0.0,0.9888888888888889,0.0,,,C2,C2_rdkit_descriptors_only,B4,B4_threshold_tuning_only,LOGO,12,0.65,none,Pranlukast
0.0,0.0,0.0,0.9888888888888889,0.0,,,C2,C2_rdkit_descriptors_only,B4,B4_threshold_tuning_only,LOGO,12,0.7,none,Pranlukast
0.0,0.0,0.0,1.0,0.0,,,C2,C2_rdkit_descriptors_only,B4,B4_threshold_tuning_only,LOGO,12,0.75,none,Pranlukast
0.0,0.0,0.0,1.0,0.0,,,C2,C2_rdkit_descriptors_only,B4,B4_threshold_tuning_only,LOGO,12,0.8,none,Pranlukast
0.0,0.0,0.0,1.0,0.0,,,C2,C2_rdkit_descriptors_only,B4,B4_threshold_tuning_only,LOGO,12,0.85,none,Pranlukast
0.0,0.0,0.0,1.0,0.0,,,C2,C2_rdkit_descriptors_only,B4,B4_threshold_tuning_only,LOGO,12,0.9,none,Pranlukast
0.16609095970747995,0.11320754716981132,0.06,0.4777777777777778,1.0,0.9406130268199234,0.7192982456140351,C2,C2_rdkit_descriptors_only,B4,B4_threshold_tuning_only,LOGO,13,0.05,none,Rapamycin
0.25,0.17142857142857143,0.09375,0.6777777777777778,1.0,0.9406130268199234,0.7192982456140351,C2,C2_rdkit_descriptors_only,B4,B4_threshold_tuning_only,LOGO,13,0.1,none,Rapamycin
0.2693189543416088,0.1875,0.10344827586206896,0.7111111111111111,1.0,0.9406130268199234,0.7192982456140351,C2,C2_rdkit_descriptors_only,B4,B4_threshold_tuning_only,LOGO,13,0.15,none,Rapamycin
0.28365431446558775,0.2,0.1111111111111111,0.7333333333333333,1.0,0.9406130268199234,0.7192982456140351,C2,C2_rdkit_descriptors_only,B4,B4_threshold_tuning_only,LOGO,13,0.2,none,Rapamycin
0.3589660489787568,0.2727272727272727,0.15789473684210525,0.8222222222222222,1.0,0.9406130268199234,0.7192982456140351,C2,C2_rdkit_descriptors_only,B4,B4_threshold_tuning_only,LOGO,13,0.25,none,Rapamycin
0.5606732120242913,0.5714285714285714,0.5,0.9666666666666667,0.6666666666666666,0.9406130268199234,0.7192982456140351,C2,C2_rdkit_descriptors_only,B4,B4_threshold_tuning_only,LOGO,13,0.3,none,Rapamycin
0.8118441408859887,0.8,1.0,0.9888888888888889,0.6666666666666666,0.9406130268199234,0.7192982456140351,C2,C2_rdkit_descriptors_only,B4,B4_threshold_tuning_only,LOGO,13,0.35,none,Rapamycin
0.8118441408859887,0.8,1.0,0.9888888888888889,0.6666666666666666,0.9406130268199234,0.7192982456140351,C2,C2_rdkit_descriptors_only,B4,B4_threshold_tuning_only,LOGO,13,0.4,none,Rapamycin
0.8118441408859887,0.8,1.0,0.9888888888888889,0.6666666666666666,0.9406130268199234,0.7192982456140351,C2,C2_rdkit_descriptors_only,B4,B4_threshold_tuning_only,LOGO,13,0.45,none,Rapamycin
0.5708263279047433,0.5,1.0,0.9777777777777777,0.3333333333333333,0.9406130268199234,0.7192982456140351,C2,C2_rdkit_descriptors_only,B4,B4_threshold_tuning_only,LOGO,13,0.5,none,Rapamycin
0.5708263279047433,0.5,1.0,0.9777777777777777,0.3333333333333333,0.9406130268199234,0.7192982456140351,C2,C2_rdkit_descriptors_only,B4,B4_threshold_tuning_only,LOGO,13,0.55,none,Rapamycin
0.5708263279047433,0.5,1.0,0.9777777777777777,0.3333333333333333,0.9406130268199234,0.7192982456140351,C2,C2_rdkit_descriptors_only,B4,B4_threshold_tuning_only,LOGO,13,0.6,none,Rapamycin
0.5708263279047433,0.5,1.0,0.9777777777777777,0.3333333333333333,0.9406130268199234,0.7192982456140351,C2,C2_rdkit_descriptors_only,B4,B4_threshold_tuning_only,LOGO,13,0.65,none,Rapamycin
0.0,0.0,0.0,0.9666666666666667,0.0,0.9406130268199234,0.7192982456140351,C2,C2_rdkit_descriptors_only,B4,B4_threshold_tuning_only,LOGO,13,0.7,none,Rapamycin
0.0,0.0,0.0,0.9666666666666667,0.0,0.9406130268199234,0.7192982456140351,C2,C2_rdkit_descriptors_only,B4,B4_threshold_tuning_only,LOGO,13,0.75,none,Rapamycin
0.0,0.0,0.0,0.9666666666666667,0.0,0.9406130268199234,0.7192982456140351,C2,C2_rdkit_descriptors_only,B4,B4_threshold_tuning_only,LOGO,13,0.8,none,Rapamycin
0.0,0.0,0.0,0.9666666666666667,0.0,0.9406130268199234,0.7192982456140351,C2,C2_rdkit_descriptors_only,B4,B4_threshold_tuning_only,LOGO,13,0.85,none,Rapamycin
0.0,0.0,0.0,0.9666666666666667,0.0,0.9406130268199234,0.7192982456140351,C2,C2_rdkit_descriptors_only,B4,B4_threshold_tuning_only,LOGO,13,0.9,none,Rapamycin
0.23204774044612858,0.25806451612903225,0.16,0.7444444444444445,0.6666666666666666,0.7946428571428572,0.36304586427537244,C2,C2_rdkit_descriptors_only,B4,B4_threshold_tuning_only,LOGO,14,0.05,none,Rilpivirine
0.35856858280031806,0.38095238095238093,0.26666666666666666,0.8555555555555555,0.6666666666666666,0.7946428571428572,0.36304586427537244,C2,C2_rdkit_descriptors_only,B4,B4_threshold_tuning_only,LOGO,14,0.1,none,Rilpivirine
0.20786985482077452,0.26666666666666666,0.2222222222222222,0.8777777777777778,0.3333333333333333,0.7946428571428572,0.36304586427537244,C2,C2_rdkit_descriptors_only,B4,B4_threshold_tuning_only,LOGO,14,0.15,none,Rilpivirine
0.2550208870177951,0.3076923076923077,0.2857142857142857,0.9,0.3333333333333333,0.7946428571428572,0.36304586427537244,C2,C2_rdkit_descriptors_only,B4,B4_threshold_tuning_only,LOGO,14,0.2,none,Rilpivirine
0.2857142857142857,0.3333333333333333,0.3333333333333333,0.9111111111111111,0.3333333333333333,0.7946428571428572,0.36304586427537244,C2,C2_rdkit_descriptors_only,B4,B4_threshold_tuning_only,LOGO,14,0.25,none,Rilpivirine
0.2857142857142857,0.3333333333333333,0.3333333333333333,0.9111111111111111,0.3333333333333333,0.7946428571428572,0.36304586427537244,C2,C2_rdkit_descriptors_only,B4,B4_threshold_tuning_only,LOGO,14,0.3,none,Rilpivirine
0.1585073648686646,0.2,0.25,0.9111111111111111,0.16666666666666666,0.7946428571428572,0.36304586427537244,C2,C2_rdkit_descriptors_only,B4,B4_threshold_tuning_only,LOGO,14,0.35,none,Rilpivirine
0.2618924633082486,0.25,0.5,0.9333333333333333,0.16666666666666666,0.7946428571428572,0.36304586427537244,C2,C2_rdkit_descriptors_only,B4,B4_threshold_tuning_only,LOGO,14,0.4,none,Rilpivirine
0.2618924633082486,0.25,0.5,0.9333333333333333,0.16666666666666666,0.7946428571428572,0.36304586427537244,C2,C2_rdkit_descriptors_only,B4,B4_threshold_tuning_only,LOGO,14,0.45,none,Rilpivirine
0.2618924633082486,0.25,0.5,0.9333333333333333,0.16666666666666666,0.7946428571428572,0.36304586427537244,C2,C2_rdkit_descriptors_only,B4,B4_threshold_tuning_only,LOGO,14,0.5,none,Rilpivirine
0.39661488976905146,0.2857142857142857,1.0,0.9444444444444444,0.16666666666666666,0.7946428571428572,0.36304586427537244,C2,C2_rdkit_descriptors_only,B4,B4_threshold_tuning_only,LOGO,14,0.55,none,Rilpivirine
0.39661488976905146,0.2857142857142857,1.0,0.9444444444444444,0.16666666666666666,0.7946428571428572,0.36304586427537244,C2,C2_rdkit_descriptors_only,B4,B4_threshold_tuning_only,LOGO,14,0.6,none,Rilpivirine
0.0,0.0,0.0,0.9333333333333333,0.0,0.7946428571428572,0.36304586427537244,C2,C2_rdkit_descriptors_only,B4,B4_threshold_tuning_only,LOGO,14,0.65,none,Rilpivirine
0.0,0.0,0.0,0.9333333333333333,0.0,0.7946428571428572,0.36304586427537244,C2,C2_rdkit_descriptors_only,B4,B4_threshold_tuning_only,LOGO,14,0.7,none,Rilpivirine
0.0,0.0,0.0,0.9333333333333333,0.0,0.7946428571428572,0.36304586427537244,C2,C2_rdkit_descriptors_only,B4,B4_threshold_tuning_only,LOGO,14,0.75,none,Rilpivirine
0.0,0.0,0.0,0.9333333333333333,0.0,0.7946428571428572,0.36304586427537244,C2,C2_rdkit_descriptors_only,B4,B4_threshold_tuning_only,LOGO,14,0.8,none,Rilpivirine
0.0,0.0,0.0,0.9333333333333333,0.0,0.7946428571428572,0.36304586427537244,C2,C2_rdkit_descriptors_only,B4,B4_threshold_tuning_only,LOGO,14,0.85,none,Rilpivirine
0.0,0.0,0.0,0.9333333333333333,0.0,0.7946428571428572,0.36304586427537244,C2,C2_rdkit_descriptors_only,B4,B4_threshold_tuning_only,LOGO,14,0.9,none,Rilpivirine
0.2231518495721684,0.2727272727272727,0.16666666666666666,0.6444444444444445,0.75,0.7400914634146342,0.4828767063627558,C2,C2_rdkit_descriptors_only,B4,B4_threshold_tuning_only,LOGO,15,0.05,none,Sorafenib
0.14548392431002607,0.23529411764705882,0.15384615384615385,0.7111111111111111,0.5,0.7400914634146342,0.4828767063627558,C2,C2_rdkit_descriptors_only,B4,B4_threshold_tuning_only,LOGO,15,0.1,none,Sorafenib
0.24105135665793992,0.3157894736842105,0.2727272727272727,0.8555555555555555,0.375,0.7400914634146342,0.4828767063627558,C2,C2_rdkit_descriptors_only,B4,B4_threshold_tuning_only,LOGO,15,0.15,none,Sorafenib
0.5010093329203401,0.5,0.75,0.9333333333333333,0.375,0.7400914634146342,0.4828767063627558,C2,C2_rdkit_descriptors_only,B4,B4_threshold_tuning_only,LOGO,15,0.2,none,Sorafenib
0.48265364958171136,0.4,1.0,0.9333333333333333,0.25,0.7400914634146342,0.4828767063627558,C2,C2_rdkit_descriptors_only,B4,B4_threshold_tuning_only,LOGO,15,0.25,none,Sorafenib
0.48265364958171136,0.4,1.0,0.9333333333333333,0.25,0.7400914634146342,0.4828767063627558,C2,C2_rdkit_descriptors_only,B4,B4_threshold_tuning_only,LOGO,15,0.3,none,Sorafenib
0.48265364958171136,0.4,1.0,0.9333333333333333,0.25,0.7400914634146342,0.4828767063627558,C2,C2_rdkit_descriptors_only,B4,B4_threshold_tuning_only,LOGO,15,0.35,none,Sorafenib
0.48265364958171136,0.4,1.0,0.9333333333333333,0.25,0.7400914634146342,0.4828767063627558,C2,C2_rdkit_descriptors_only,B4,B4_threshold_tuning_only,LOGO,15,0.4,none,Sorafenib
0.339364905854808,0.2222222222222222,1.0,0.9222222222222223,0.125,0.7400914634146342,0.4828767063627558,C2,C2_rdkit_descriptors_only,B4,B4_threshold_tuning_only,LOGO,15,0.45,none,Sorafenib
0.0,0.0,0.0,0.9111111111111111,0.0,0.7400914634146342,0.4828767063627558,C2,C2_rdkit_descriptors_only,B4,B4_threshold_tuning_only,LOGO,15,0.5,none,Sorafenib
0.0,0.0,0.0,0.9111111111111111,0.0,0.7400914634146342,0.4828767063627558,C2,C2_rdkit_descriptors_only,B4,B4_threshold_tuning_only,LOGO,15,0.55,none,Sorafenib
0.0,0.0,0.0,0.9111111111111111,0.0,0.7400914634146342,0.4828767063627558,C2,C2_rdkit_descriptors_only,B4,B4_threshold_tuning_only,LOGO,15,0.6,none,Sorafenib
0.0,0.0,0.0,0.9111111111111111,0.0,0.7400914634146342,0.4828767063627558,C2,C2_rdkit_descriptors_only,B4,B4_threshold_tuning_only,LOGO,15,0.65,none,Sorafenib
0.0,0.0,0.0,0.9111111111111111,0.0,0.7400914634146342,0.4828767063627558,C2,C2_rdkit_descriptors_only,B4,B4_threshold_tuning_only,LOGO,15,0.7,none,Sorafenib
0.0,0.0,0.0,0.9111111111111111,0.0,0.7400914634146342,0.4828767063627558,C2,C2_rdkit_descriptors_only,B4,B4_threshold_tuning_only,LOGO,15,0.75,none,Sorafenib
0.0,0.0,0.0,0.9111111111111111,0.0,0.7400914634146342,0.4828767063627558,C2,C2_rdkit_descriptors_only,B4,B4_threshold_tuning_only,LOGO,15,0.8,none,Sorafenib
0.0,0.0,0.0,0.9111111111111111,0.0,0.7400914634146342,0.4828767063627558,C2,C2_rdkit_descriptors_only,B4,B4_threshold_tuning_only,LOGO,15,0.85,none,Sorafenib
0.0,0.0,0.0,0.9111111111111111,0.0,0.7400914634146342,0.4828767063627558,C2,C2_rdkit_descriptors_only,B4,B4_threshold_tuning_only,LOGO,15,0.9,none,Sorafenib
0.11588069956017834,0.047619047619047616,0.024390243902439025,0.5555555555555556,1.0,1.0,1.0,C2,C2_rdkit_descriptors_only,B4,B4_threshold_tuning_only,LOGO,16,0.05,none,Taxol
0.13931101440087726,0.058823529411764705,0.030303030303030304,0.6444444444444445,1.0,1.0,1.0,C2,C2_rdkit_descriptors_only,B4,B4_threshold_tuning_only,LOGO,16,0.1,none,Taxol
0.14990633779917228,0.06451612903225806,0.03333333333333333,0.6777777777777778,1.0,1.0,1.0,C2,C2_rdkit_descriptors_only,B4,B4_threshold_tuning_only,LOGO,16,0.15,none,Taxol
0.19830744488452573,0.09523809523809523,0.05,0.7888888888888889,1.0,1.0,1.0,C2,C2_rdkit_descriptors_only,B4,B4_threshold_tuning_only,LOGO,16,0.2,none,Taxol
0.39661488976905146,0.2857142857142857,0.16666666666666666,0.9444444444444444,1.0,1.0,1.0,C2,C2_rdkit_descriptors_only,B4,B4_threshold_tuning_only,LOGO,16,0.25,none,Taxol
0.49150079726066076,0.4,0.25,0.9666666666666667,1.0,1.0,1.0,C2,C2_rdkit_descriptors_only,B4,B4_threshold_tuning_only,LOGO,16,0.3,none,Taxol
0.5708263279047433,0.5,0.3333333333333333,0.9777777777777777,1.0,1.0,1.0,C2,C2_rdkit_descriptors_only,B4,B4_threshold_tuning_only,LOGO,16,0.35,none,Taxol
0.5708263279047433,0.5,0.3333333333333333,0.9777777777777777,1.0,1.0,1.0,C2,C2_rdkit_descriptors_only,B4,B4_threshold_tuning_only,LOGO,16,0.4,none,Taxol
0.5708263279047433,0.5,0.3333333333333333,0.9777777777777777,1.0,1.0,1.0,C2,C2_rdkit_descriptors_only,B4,B4_threshold_tuning_only,LOGO,16,0.45,none,Taxol
0.5708263279047433,0.5,0.3333333333333333,0.9777777777777777,1.0,1.0,1.0,C2,C2_rdkit_descriptors_only,B4,B4_threshold_tuning_only,LOGO,16,0.5,none,Taxol
0.7031230493106524,0.6666666666666666,0.5,0.9888888888888889,1.0,1.0,1.0,C2,C2_rdkit_descriptors_only,B4,B4_threshold_tuning_only,LOGO,16,0.55,none,Taxol
0.7031230493106524,0.6666666666666666,0.5,0.9888888888888889,1.0,1.0,1.0,C2,C2_rdkit_descriptors_only,B4,B4_threshold_tuning_only,LOGO,16,0.6,none,Taxol
0.7031230493106524,0.6666666666666666,0.5,0.9888888888888889,1.0,1.0,1.0,C2,C2_rdkit_descriptors_only,B4,B4_threshold_tuning_only,LOGO,16,0.65,none,Taxol
0.7031230493106524,0.6666666666666666,0.5,0.9888888888888889,1.0,1.0,1.0,C2,C2_rdkit_descriptors_only,B4,B4_threshold_tuning_only,LOGO,16,0.7,none,Taxol
0.7031230493106524,0.6666666666666666,0.5,0.9888888888888889,1.0,1.0,1.0,C2,C2_rdkit_descriptors_only,B4,B4_threshold_tuning_only,LOGO,16,0.75,none,Taxol
0.0,0.0,0.0,0.9888888888888889,0.0,1.0,1.0,C2,C2_rdkit_descriptors_only,B4,B4_threshold_tuning_only,LOGO,16,0.8,none,Taxol
0.0,0.0,0.0,0.9888888888888889,0.0,1.0,1.0,C2,C2_rdkit_descriptors_only,B4,B4_threshold_tuning_only,LOGO,16,0.85,none,Taxol
0.0,0.0,0.0,0.9888888888888889,0.0,1.0,1.0,C2,C2_rdkit_descriptors_only,B4,B4_threshold_tuning_only,LOGO,16,0.9,none,Taxol
0.3269695565478396,0.3018867924528302,0.18181818181818182,0.7430555555555556,0.8888888888888888,0.888888888888889,0.40017636684303354,C2,C2_rdkit_descriptors_only,B5,B5_class_weight_threshold_tuning,CV,1,0.05,balanced,
0.4355999025743339,0.4375,0.30434782608695654,0.875,0.7777777777777778,0.888888888888889,0.40017636684303354,C2,C2_rdkit_descriptors_only,B5,B5_class_weight_threshold_tuning,CV,1,0.1,balanced,
0.4564354645876384,0.48,0.375,0.9097222222222222,0.6666666666666666,0.888888888888889,0.40017636684303354,C2,C2_rdkit_descriptors_only,B5,B5_class_weight_threshold_tuning,CV,1,0.15,balanced,
0.46578049506505587,0.5,0.45454545454545453,0.9305555555555556,0.5555555555555556,0.888888888888889,0.40017636684303354,C2,C2_rdkit_descriptors_only,B5,B5_class_weight_threshold_tuning,CV,1,0.2,balanced,
0.18786728732554484,0.23529411764705882,0.25,0.9097222222222222,0.2222222222222222,0.888888888888889,0.40017636684303354,C2,C2_rdkit_descriptors_only,B5,B5_class_weight_threshold_tuning,CV,1,0.25,balanced,
0.1077344635123662,0.14285714285714285,0.2,0.9166666666666666,0.1111111111111111,0.888888888888889,0.40017636684303354,C2,C2_rdkit_descriptors_only,B5,B5_class_weight_threshold_tuning,CV,1,0.3,balanced,
0.16320277505018704,0.16666666666666666,0.3333333333333333,0.9305555555555556,0.1111111111111111,0.888888888888889,0.40017636684303354,C2,C2_rdkit_descriptors_only,B5,B5_class_weight_threshold_tuning,CV,1,0.35,balanced,
0.16320277505018704,0.16666666666666666,0.3333333333333333,0.9305555555555556,0.1111111111111111,0.888888888888889,0.40017636684303354,C2,C2_rdkit_descriptors_only,B5,B5_class_weight_threshold_tuning,CV,1,0.4,balanced,
0.21449799456256347,0.18181818181818182,0.5,0.9375,0.1111111111111111,0.888888888888889,0.40017636684303354,C2,C2_rdkit_descriptors_only,B5,B5_class_weight_threshold_tuning,CV,1,0.45,balanced,
0.21449799456256347,0.18181818181818182,0.5,0.9375,0.1111111111111111,0.888888888888889,0.40017636684303354,C2,C2_rdkit_descriptors_only,B5,B5_class_weight_threshold_tuning,CV,1,0.5,balanced,
0.21449799456256347,0.18181818181818182,0.5,0.9375,0.1111111111111111,0.888888888888889,0.40017636684303354,C2,C2_rdkit_descriptors_only,B5,B5_class_weight_threshold_tuning,CV,1,0.55,balanced,
0.21449799456256347,0.18181818181818182,0.5,0.9375,0.1111111111111111,0.888888888888889,0.40017636684303354,C2,C2_rdkit_descriptors_only,B5,B5_class_weight_threshold_tuning,CV,1,0.6,balanced,
0.21449799456256347,0.18181818181818182,0.5,0.9375,0.1111111111111111,0.888888888888889,0.40017636684303354,C2,C2_rdkit_descriptors_only,B5,B5_class_weight_threshold_tuning,CV,1,0.65,balanced,
0.21449799456256347,0.18181818181818182,0.5,0.9375,0.1111111111111111,0.888888888888889,0.40017636684303354,C2,C2_rdkit_descriptors_only,B5,B5_class_weight_threshold_tuning,CV,1,0.7,balanced,
0.21449799456256347,0.18181818181818182,0.5,0.9375,0.1111111111111111,0.888888888888889,0.40017636684303354,C2,C2_rdkit_descriptors_only,B5,B5_class_weight_threshold_tuning,CV,1,0.75,balanced,
0.32387513781564786,0.2,1.0,0.9444444444444444,0.1111111111111111,0.888888888888889,0.40017636684303354,C2,C2_rdkit_descriptors_only,B5,B5_class_weight_threshold_tuning,CV,1,0.8,balanced,
0.32387513781564786,0.2,1.0,0.9444444444444444,0.1111111111111111,0.888888888888889,0.40017636684303354,C2,C2_rdkit_descriptors_only,B5,B5_class_weight_threshold_tuning,CV,1,0.85,balanced,
0.0,0.0,0.0,0.9375,0.0,0.888888888888889,0.40017636684303354,C2,C2_rdkit_descriptors_only,B5,B5_class_weight_threshold_tuning,CV,1,0.9,balanced,
0.18219813149998287,0.2222222222222222,0.1388888888888889,0.7569444444444444,0.5555555555555556,0.7288065843621399,0.2160707984898204,C2,C2_rdkit_descriptors_only,B5,B5_class_weight_threshold_tuning,CV,2,0.05,balanced,
0.22802193534504692,0.2631578947368421,0.1724137931034483,0.8055555555555556,0.5555555555555556,0.7288065843621399,0.2160707984898204,C2,C2_rdkit_descriptors_only,B5,B5_class_weight_threshold_tuning,CV,2,0.1,balanced,
0.23841582427170788,0.2857142857142857,0.21052631578947367,0.8611111111111112,0.4444444444444444,0.7288065843621399,0.2160707984898204,C2,C2_rdkit_descriptors_only,B5,B5_class_weight_threshold_tuning,CV,2,0.15,balanced,
0.24976635242618936,0.3,0.2727272727272727,0.9027777777777778,0.3333333333333333,0.7288065843621399,0.2160707984898204,C2,C2_rdkit_descriptors_only,B5,B5_class_weight_threshold_tuning,CV,2,0.2,balanced,
0.18786728732554484,0.23529411764705882,0.25,0.9097222222222222,0.2222222222222222,0.7288065843621399,0.2160707984898204,C2,C2_rdkit_descriptors_only,B5,B5_class_weight_threshold_tuning,CV,2,0.25,balanced,
0.08973031700969425,0.13333333333333333,0.16666666666666666,0.9097222222222222,0.1111111111111111,0.7288065843621399,0.2160707984898204,C2,C2_rdkit_descriptors_only,B5,B5_class_weight_threshold_tuning,CV,2,0.3,balanced,
0.13093073414159542,0.15384615384615385,0.25,0.9236111111111112,0.1111111111111111,0.7288065843621399,0.2160707984898204,C2,C2_rdkit_descriptors_only,B5,B5_class_weight_threshold_tuning,CV,2,0.35,balanced,
0.16320277505018704,0.16666666666666666,0.3333333333333333,0.9305555555555556,0.1111111111111111,0.7288065843621399,0.2160707984898204,C2,C2_rdkit_descriptors_only,B5,B5_class_weight_threshold_tuning,CV,2,0.4,balanced,
0.21449799456256347,0.18181818181818182,0.5,0.9375,0.1111111111111111,0.7288065843621399,0.2160707984898204,C2,C2_rdkit_descriptors_only,B5,B5_class_weight_threshold_tuning,CV,2,0.45,balanced,
0.21449799456256347,0.18181818181818182,0.5,0.9375,0.1111111111111111,0.7288065843621399,0.2160707984898204,C2,C2_rdkit_descriptors_only,B5,B5_class_weight_threshold_tuning,CV,2,0.5,balanced,
0.21449799456256347,0.18181818181818182,0.5,0.9375,0.1111111111111111,0.7288065843621399,0.2160707984898204,C2,C2_rdkit_descriptors_only,B5,B5_class_weight_threshold_tuning,CV,2,0.55,balanced,
-0.021591675854376526,0.0,0.0,0.9305555555555556,0.0,0.7288065843621399,0.2160707984898204,C2,C2_rdkit_descriptors_only,B5,B5_class_weight_threshold_tuning,CV,2,0.6,balanced,
0.0,0.0,0.0,0.9375,0.0,0.7288065843621399,0.2160707984898204,C2,C2_rdkit_descriptors_only,B5,B5_class_weight_threshold_tuning,CV,2,0.65,balanced,
0.0,0.0,0.0,0.9375,0.0,0.7288065843621399,0.2160707984898204,C2,C2_rdkit_descriptors_only,B5,B5_class_weight_threshold_tuning,CV,2,0.7,balanced,
0.0,0.0,0.0,0.9375,0.0,0.7288065843621399,0.2160707984898204,C2,C2_rdkit_descriptors_only,B5,B5_class_weight_threshold_tuning,CV,2,0.75,balanced,
0.0,0.0,0.0,0.9375,0.0,0.7288065843621399,0.2160707984898204,C2,C2_rdkit_descriptors_only,B5,B5_class_weight_threshold_tuning,CV,2,0.8,balanced,
0.0,0.0,0.0,0.9375,0.0,0.7288065843621399,0.2160707984898204,C2,C2_rdkit_descriptors_only,B5,B5_class_weight_threshold_tuning,CV,2,0.85,balanced,
0.0,0.0,0.0,0.9375,0.0,0.7288065843621399,0.2160707984898204,C2,C2_rdkit_descriptors_only,B5,B5_class_weight_threshold_tuning,CV,2,0.9,balanced,
0.4236592728681617,0.375,0.23076923076923078,0.7916666666666666,1.0,0.8893004115226337,0.37427181962286327,C2,C2_rdkit_descriptors_only,B5,B5_class_weight_threshold_tuning,CV,3,0.05,balanced,
0.21845431272162377,0.26666666666666666,0.19047619047619047,0.8472222222222222,0.4444444444444444,0.8893004115226337,0.37427181962286327,C2,C2_rdkit_descriptors_only,B5,B5_class_weight_threshold_tuning,CV,3,0.1,balanced,
0.28761396273303713,0.3333333333333333,0.26666666666666666,0.8888888888888888,0.4444444444444444,0.8893004115226337,0.37427181962286327,C2,C2_rdkit_descriptors_only,B5,B5_class_weight_threshold_tuning,CV,3,0.15,balanced,
0.24976635242618936,0.3,0.2727272727272727,0.9027777777777778,0.3333333333333333,0.8893004115226337,0.37427181962286327,C2,C2_rdkit_descriptors_only,B5,B5_class_weight_threshold_tuning,CV,3,0.2,balanced,
0.20844192512248122,0.25,0.2857142857142857,0.9166666666666666,0.2222222222222222,0.8893004115226337,0.37427181962286327,C2,C2_rdkit_descriptors_only,B5,B5_class_weight_threshold_tuning,CV,3,0.25,balanced,
0.20844192512248122,0.25,0.2857142857142857,0.9166666666666666,0.2222222222222222,0.8893004115226337,0.37427181962286327,C2,C2_rdkit_descriptors_only,B5,B5_class_weight_threshold_tuning,CV,3,0.3,balanced,
0.30550504633038933,0.3076923076923077,0.5,0.9375,0.2222222222222222,0.8893004115226337,0.37427181962286327,C2,C2_rdkit_descriptors_only,B5,B5_class_weight_threshold_tuning,CV,3,0.35,balanced,
0.21449799456256347,0.18181818181818182,0.5,0.9375,0.1111111111111111,0.8893004115226337,0.37427181962286327,C2,C2_rdkit_descriptors_only,B5,B5_class_weight_threshold_tuning,CV,3,0.4,balanced,
0.32387513781564786,0.2,1.0,0.9444444444444444,0.1111111111111111,0.8893004115226337,0.37427181962286327,C2,C2_rdkit_descriptors_only,B5,B5_class_weight_threshold_tuning,CV,3,0.45,balanced,
0.32387513781564786,0.2,1.0,0.9444444444444444,0.1111111111111111,0.8893004115226337,0.37427181962286327,C2,C2_rdkit_descriptors_only,B5,B5_class_weight_threshold_tuning,CV,3,0.5,balanced,
0.0,0.0,0.0,0.9375,0.0,0.8893004115226337,0.37427181962286327,C2,C2_rdkit_descriptors_only,B5,B5_class_weight_threshold_tuning,CV,3,0.55,balanced,
0.0,0.0,0.0,0.9375,0.0,0.8893004115226337,0.37427181962286327,C2,C2_rdkit_descriptors_only,B5,B5_class_weight_threshold_tuning,CV,3,0.6,balanced,
0.0,0.0,0.0,0.9375,0.0,0.8893004115226337,0.37427181962286327,C2,C2_rdkit_descriptors_only,B5,B5_class_weight_threshold_tuning,CV,3,0.65,balanced,
0.0,0.0,0.0,0.9375,0.0,0.8893004115226337,0.37427181962286327,C2,C2_rdkit_descriptors_only,B5,B5_class_weight_threshold_tuning,CV,3,0.7,balanced,
0.0,0.0,0.0,0.9375,0.0,0.8893004115226337,0.37427181962286327,C2,C2_rdkit_descriptors_only,B5,B5_class_weight_threshold_tuning,CV,3,0.75,balanced,
0.0,0.0,0.0,0.9375,0.0,0.8893004115226337,0.37427181962286327,C2,C2_rdkit_descriptors_only,B5,B5_class_weight_threshold_tuning,CV,3,0.8,balanced,
0.0,0.0,0.0,0.9375,0.0,0.8893004115226337,0.37427181962286327,C2,C2_rdkit_descriptors_only,B5,B5_class_weight_threshold_tuning,CV,3,0.85,balanced,
0.0,0.0,0.0,0.9375,0.0,0.8893004115226337,0.37427181962286327,C2,C2_rdkit_descriptors_only,B5,B5_class_weight_threshold_tuning,CV,3,0.9,balanced,
0.3383273692816345,0.2903225806451613,0.16981132075471697,0.6944444444444444,1.0,0.9148148148148147,0.4918780641791814,C2,C2_rdkit_descriptors_only,B5,B5_class_weight_threshold_tuning,CV,4,0.05,balanced,
0.3734246751945014,0.34782608695652173,0.21621621621621623,0.7916666666666666,0.8888888888888888,0.9148148148148147,0.4918780641791814,C2,C2_rdkit_descriptors_only,B5,B5_class_weight_threshold_tuning,CV,4,0.1,balanced,
0.44263081566979695,0.42105263157894735,0.27586206896551724,0.8472222222222222,0.8888888888888888,0.9148148148148147,0.4918780641791814,C2,C2_rdkit_descriptors_only,B5,B5_class_weight_threshold_tuning,CV,4,0.15,balanced,
0.30261376633440124,0.34782608695652173,0.2857142857142857,0.8958333333333334,0.4444444444444444,0.9148148148148147,0.4918780641791814,C2,C2_rdkit_descriptors_only,B5,B5_class_weight_threshold_tuning,CV,4,0.2,balanced,
0.31909295994661596,0.36363636363636365,0.3076923076923077,0.9027777777777778,0.4444444444444444,0.9148148148148147,0.4918780641791814,C2,C2_rdkit_descriptors_only,B5,B5_class_weight_threshold_tuning,CV,4,0.25,balanced,
0.28888888888888886,0.3333333333333333,0.3333333333333333,0.9166666666666666,0.3333333333333333,0.9148148148148147,0.4918780641791814,C2,C2_rdkit_descriptors_only,B5,B5_class_weight_threshold_tuning,CV,4,0.3,balanced,
0.3768673314407158,0.4,0.5,0.9375,0.3333333333333333,0.9148148148148147,0.4918780641791814,C2,C2_rdkit_descriptors_only,B5,B5_class_weight_threshold_tuning,CV,4,0.35,balanced,
0.3768673314407158,0.4,0.5,0.9375,0.3333333333333333,0.9148148148148147,0.4918780641791814,C2,C2_rdkit_descriptors_only,B5,B5_class_weight_threshold_tuning,CV,4,0.4,balanced,
0.48007935851918326,0.46153846153846156,0.75,0.9513888888888888,0.3333333333333333,0.9148148148148147,0.4918780641791814,C2,C2_rdkit_descriptors_only,B5,B5_class_weight_threshold_tuning,CV,4,0.45,balanced,
0.48007935851918326,0.46153846153846156,0.75,0.9513888888888888,0.3333333333333333,0.9148148148148147,0.4918780641791814,C2,C2_rdkit_descriptors_only,B5,B5_class_weight_threshold_tuning,CV,4,0.5,balanced,
0.48007935851918326,0.46153846153846156,0.75,0.9513888888888888,0.3333333333333333,0.9148148148148147,0.4918780641791814,C2,C2_rdkit_descriptors_only,B5,B5_class_weight_threshold_tuning,CV,4,0.55,balanced,
0.48007935851918326,0.46153846153846156,0.75,0.9513888888888888,0.3333333333333333,0.9148148148148147,0.4918780641791814,C2,C2_rdkit_descriptors_only,B5,B5_class_weight_threshold_tuning,CV,4,0.6,balanced,
0.4596385597769217,0.36363636363636365,1.0,0.9513888888888888,0.2222222222222222,0.9148148148148147,0.4918780641791814,C2,C2_rdkit_descriptors_only,B5,B5_class_weight_threshold_tuning,CV,4,0.65,balanced,
0.32387513781564786,0.2,1.0,0.9444444444444444,0.1111111111111111,0.9148148148148147,0.4918780641791814,C2,C2_rdkit_descriptors_only,B5,B5_class_weight_threshold_tuning,CV,4,0.7,balanced,
0.32387513781564786,0.2,1.0,0.9444444444444444,0.1111111111111111,0.9148148148148147,0.4918780641791814,C2,C2_rdkit_descriptors_only,B5,B5_class_weight_threshold_tuning,CV,4,0.75,balanced,
0.32387513781564786,0.2,1.0,0.9444444444444444,0.1111111111111111,0.9148148148148147,0.4918780641791814,C2,C2_rdkit_descriptors_only,B5,B5_class_weight_threshold_tuning,CV,4,0.8,balanced,
0.0,0.0,0.0,0.9375,0.0,0.9148148148148147,0.4918780641791814,C2,C2_rdkit_descriptors_only,B5,B5_class_weight_threshold_tuning,CV,4,0.85,balanced,
0.0,0.0,0.0,0.9375,0.0,0.9148148148148147,0.4918780641791814,C2,C2_rdkit_descriptors_only,B5,B5_class_weight_threshold_tuning,CV,4,0.9,balanced,
0.24856096767955815,0.25,0.14893617021276595,0.7083333333333334,0.7777777777777778,0.8510288065843621,0.4620058099059017,C2,C2_rdkit_descriptors_only,B5,B5_class_weight_threshold_tuning,CV,5,0.05,balanced,
0.30807415992441867,0.32432432432432434,0.21428571428571427,0.8263888888888888,0.6666666666666666,0.8510288065843621,0.4620058099059017,C2,C2_rdkit_descriptors_only,B5,B5_class_weight_threshold_tuning,CV,5,0.1,balanced,
0.24939668530906958,0.2962962962962963,0.2222222222222222,0.8680555555555556,0.4444444444444444,0.8510288065843621,0.4620058099059017,C2,C2_rdkit_descriptors_only,B5,B5_class_weight_threshold_tuning,CV,5,0.15,balanced,
0.24939668530906958,0.2962962962962963,0.2222222222222222,0.8680555555555556,0.4444444444444444,0.8510288065843621,0.4620058099059017,C2,C2_rdkit_descriptors_only,B5,B5_class_weight_threshold_tuning,CV,5,0.2,balanced,
0.28761396273303713,0.3333333333333333,0.26666666666666666,0.8888888888888888,0.4444444444444444,0.8510288065843621,0.4620058099059017,C2,C2_rdkit_descriptors_only,B5,B5_class_weight_threshold_tuning,CV,5,0.25,balanced,
0.3808866325636431,0.42105263157894735,0.4,0.9236111111111112,0.4444444444444444,0.8510288065843621,0.4620058099059017,C2,C2_rdkit_descriptors_only,B5,B5_class_weight_threshold_tuning,CV,5,0.3,balanced,
0.3808866325636431,0.42105263157894735,0.4,0.9236111111111112,0.4444444444444444,0.8510288065843621,0.4620058099059017,C2,C2_rdkit_descriptors_only,B5,B5_class_weight_threshold_tuning,CV,5,0.35,balanced,
0.3418447572008692,0.375,0.42857142857142855,0.9305555555555556,0.3333333333333333,0.8510288065843621,0.4620058099059017,C2,C2_rdkit_descriptors_only,B5,B5_class_weight_threshold_tuning,CV,5,0.4,balanced,
0.48007935851918326,0.46153846153846156,0.75,0.9513888888888888,0.3333333333333333,0.8510288065843621,0.4620058099059017,C2,C2_rdkit_descriptors_only,B5,B5_class_weight_threshold_tuning,CV,5,0.45,balanced,
0.36406772895810957,0.3333333333333333,0.6666666666666666,0.9444444444444444,0.2222222222222222,0.8510288065843621,0.4620058099059017,C2,C2_rdkit_descriptors_only,B5,B5_class_weight_threshold_tuning,CV,5,0.5,balanced,
0.36406772895810957,0.3333333333333333,0.6666666666666666,0.9444444444444444,0.2222222222222222,0.8510288065843621,0.4620058099059017,C2,C2_rdkit_descriptors_only,B5,B5_class_weight_threshold_tuning,CV,5,0.55,balanced,
0.36406772895810957,0.3333333333333333,0.6666666666666666,0.9444444444444444,0.2222222222222222,0.8510288065843621,0.4620058099059017,C2,C2_rdkit_descriptors_only,B5,B5_class_weight_threshold_tuning,CV,5,0.6,balanced,
0.32387513781564786,0.2,1.0,0.9444444444444444,0.1111111111111111,0.8510288065843621,0.4620058099059017,C2,C2_rdkit_descriptors_only,B5,B5_class_weight_threshold_tuning,CV,5,0.65,balanced,
0.32387513781564786,0.2,1.0,0.9444444444444444,0.1111111111111111,0.8510288065843621,0.4620058099059017,C2,C2_rdkit_descriptors_only,B5,B5_class_weight_threshold_tuning,CV,5,0.7,balanced,
0.32387513781564786,0.2,1.0,0.9444444444444444,0.1111111111111111,0.8510288065843621,0.4620058099059017,C2,C2_rdkit_descriptors_only,B5,B5_class_weight_threshold_tuning,CV,5,0.75,balanced,
0.32387513781564786,0.2,1.0,0.9444444444444444,0.1111111111111111,0.8510288065843621,0.4620058099059017,C2,C2_rdkit_descriptors_only,B5,B5_class_weight_threshold_tuning,CV,5,0.8,balanced,
0.0,0.0,0.0,0.9375,0.0,0.8510288065843621,0.4620058099059017,C2,C2_rdkit_descriptors_only,B5,B5_class_weight_threshold_tuning,CV,5,0.85,balanced,
0.0,0.0,0.0,0.9375,0.0,0.8510288065843621,0.4620058099059017,C2,C2_rdkit_descriptors_only,B5,B5_class_weight_threshold_tuning,CV,5,0.9,balanced,
0.23595959011974973,0.2553191489361702,0.15789473684210525,0.7569444444444444,0.6666666666666666,0.8193415637860082,0.4334791010610995,C2,C2_rdkit_descriptors_only,B5,B5_class_weight_threshold_tuning,CV,6,0.05,balanced,
0.3361005585151171,0.35294117647058826,0.24,0.8472222222222222,0.6666666666666666,0.8193415637860082,0.4334791010610995,C2,C2_rdkit_descriptors_only,B5,B5_class_weight_threshold_tuning,CV,6,0.1,balanced,
0.3361433584600503,0.37037037037037035,0.2777777777777778,0.8819444444444444,0.5555555555555556,0.8193415637860082,0.4334791010610995,C2,C2_rdkit_descriptors_only,B5,B5_class_weight_threshold_tuning,CV,6,0.15,balanced,
0.33734954246999327,0.38095238095238093,0.3333333333333333,0.9097222222222222,0.4444444444444444,0.8193415637860082,0.4334791010610995,C2,C2_rdkit_descriptors_only,B5,B5_class_weight_threshold_tuning,CV,6,0.2,balanced,
0.4074074074074074,0.4444444444444444,0.4444444444444444,0.9305555555555556,0.4444444444444444,0.8193415637860082,0.4334791010610995,C2,C2_rdkit_descriptors_only,B5,B5_class_weight_threshold_tuning,CV,6,0.25,balanced,
0.4383570037596046,0.47058823529411764,0.5,0.9375,0.4444444444444444,0.8193415637860082,0.4334791010610995,C2,C2_rdkit_descriptors_only,B5,B5_class_weight_threshold_tuning,CV,6,0.3,balanced,
0.3768673314407158,0.4,0.5,0.9375,0.3333333333333333,0.8193415637860082,0.4334791010610995,C2,C2_rdkit_descriptors_only,B5,B5_class_weight_threshold_tuning,CV,6,0.35,balanced,
0.26443913771217153,0.2857142857142857,0.4,0.9305555555555556,0.2222222222222222,0.8193415637860082,0.4334791010610995,C2,C2_rdkit_descriptors_only,B5,B5_class_weight_threshold_tuning,CV,6,0.4,balanced,
0.30550504633038933,0.3076923076923077,0.5,0.9375,0.2222222222222222,0.8193415637860082,0.4334791010610995,C2,C2_rdkit_descriptors_only,B5,B5_class_weight_threshold_tuning,CV,6,0.45,balanced,
0.4596385597769217,0.36363636363636365,1.0,0.9513888888888888,0.2222222222222222,0.8193415637860082,0.4334791010610995,C2,C2_rdkit_descriptors_only,B5,B5_class_weight_threshold_tuning,CV,6,0.5,balanced,
0.4596385597769217,0.36363636363636365,1.0,0.9513888888888888,0.2222222222222222,0.8193415637860082,0.4334791010610995,C2,C2_rdkit_descriptors_only,B5,B5_class_weight_threshold_tuning,CV,6,0.55,balanced,
0.4596385597769217,0.36363636363636365,1.0,0.9513888888888888,0.2222222222222222,0.8193415637860082,0.4334791010610995,C2,C2_rdkit_descriptors_only,B5,B5_class_weight_threshold_tuning,CV,6,0.6,balanced,
0.4596385597769217,0.36363636363636365,1.0,0.9513888888888888,0.2222222222222222,0.8193415637860082,0.4334791010610995,C2,C2_rdkit_descriptors_only,B5,B5_class_weight_threshold_tuning,CV,6,0.65,balanced,
0.32387513781564786,0.2,1.0,0.9444444444444444,0.1111111111111111,0.8193415637860082,0.4334791010610995,C2,C2_rdkit_descriptors_only,B5,B5_class_weight_threshold_tuning,CV,6,0.7,balanced,
0.0,0.0,0.0,0.9375,0.0,0.8193415637860082,0.4334791010610995,C2,C2_rdkit_descriptors_only,B5,B5_class_weight_threshold_tuning,CV,6,0.75,balanced,
0.0,0.0,0.0,0.9375,0.0,0.8193415637860082,0.4334791010610995,C2,C2_rdkit_descriptors_only,B5,B5_class_weight_threshold_tuning,CV,6,0.8,balanced,
0.0,0.0,0.0,0.9375,0.0,0.8193415637860082,0.4334791010610995,C2,C2_rdkit_descriptors_only,B5,B5_class_weight_threshold_tuning,CV,6,0.85,balanced,
0.0,0.0,0.0,0.9375,0.0,0.8193415637860082,0.4334791010610995,C2,C2_rdkit_descriptors_only,B5,B5_class_weight_threshold_tuning,CV,6,0.9,balanced,
0.35471103373133755,0.35555555555555557,0.22857142857142856,0.7986111111111112,0.8,0.8432835820895521,0.4152017134911872,C2,C2_rdkit_descriptors_only,B5,B5_class_weight_threshold_tuning,CV,7,0.05,balanced,
0.41551103542195067,0.4375,0.3181818181818182,0.875,0.7,0.8432835820895521,0.4152017134911872,C2,C2_rdkit_descriptors_only,B5,B5_class_weight_threshold_tuning,CV,7,0.1,balanced,
0.3380419915627369,0.38461538461538464,0.3125,0.8888888888888888,0.5,0.8432835820895521,0.4152017134911872,C2,C2_rdkit_descriptors_only,B5,B5_class_weight_threshold_tuning,CV,7,0.15,balanced,
0.26803133402626733,0.3157894736842105,0.3333333333333333,0.9097222222222222,0.3,0.8432835820895521,0.4152017134911872,C2,C2_rdkit_descriptors_only,B5,B5_class_weight_threshold_tuning,CV,7,0.2,balanced,
0.28628939985455826,0.2857142857142857,0.5,0.9305555555555556,0.2,0.8432835820895521,0.4152017134911872,C2,C2_rdkit_descriptors_only,B5,B5_class_weight_threshold_tuning,CV,7,0.25,balanced,
0.1514196606236208,0.15384615384615385,0.3333333333333333,0.9236111111111112,0.1,0.8432835820895521,0.4152017134911872,C2,C2_rdkit_descriptors_only,B5,B5_class_weight_threshold_tuning,CV,7,0.3,balanced,
0.2010065066712914,0.16666666666666666,0.5,0.9305555555555556,0.1,0.8432835820895521,0.4152017134911872,C2,C2_rdkit_descriptors_only,B5,B5_class_weight_threshold_tuning,CV,7,0.35,balanced,
0.2010065066712914,0.16666666666666666,0.5,0.9305555555555556,0.1,0.8432835820895521,0.4152017134911872,C2,C2_rdkit_descriptors_only,B5,B5_class_weight_threshold_tuning,CV,7,0.4,balanced,
0.30611483744878115,0.18181818181818182,1.0,0.9375,0.1,0.8432835820895521,0.4152017134911872,C2,C2_rdkit_descriptors_only,B5,B5_class_weight_threshold_tuning,CV,7,0.45,balanced,
0.30611483744878115,0.18181818181818182,1.0,0.9375,0.1,0.8432835820895521,0.4152017134911872,C2,C2_rdkit_descriptors_only,B5,B5_class_weight_threshold_tuning,CV,7,0.5,balanced,
0.30611483744878115,0.18181818181818182,1.0,0.9375,0.1,0.8432835820895521,0.4152017134911872,C2,C2_rdkit_descriptors_only,B5,B5_class_weight_threshold_tuning,CV,7,0.55,balanced,
0.30611483744878115,0.18181818181818182,1.0,0.9375,0.1,0.8432835820895521,0.4152017134911872,C2,C2_rdkit_descriptors_only,B5,B5_class_weight_threshold_tuning,CV,7,0.6,balanced,
0.0,0.0,0.0,0.9305555555555556,0.0,0.8432835820895521,0.4152017134911872,C2,C2_rdkit_descriptors_only,B5,B5_class_weight_threshold_tuning,CV,7,0.65,balanced,
0.0,0.0,0.0,0.9305555555555556,0.0,0.8432835820895521,0.4152017134911872,C2,C2_rdkit_descriptors_only,B5,B5_class_weight_threshold_tuning,CV,7,0.7,balanced,
0.0,0.0,0.0,0.9305555555555556,0.0,0.8432835820895521,0.4152017134911872,C2,C2_rdkit_descriptors_only,B5,B5_class_weight_threshold_tuning,CV,7,0.75,balanced,
0.0,0.0,0.0,0.9305555555555556,0.0,0.8432835820895521,0.4152017134911872,C2,C2_rdkit_descriptors_only,B5,B5_class_weight_threshold_tuning,CV,7,0.8,balanced,
0.0,0.0,0.0,0.9305555555555556,0.0,0.8432835820895521,0.4152017134911872,C2,C2_rdkit_descriptors_only,B5,B5_class_weight_threshold_tuning,CV,7,0.85,balanced,
0.0,0.0,0.0,0.9305555555555556,0.0,0.8432835820895521,0.4152017134911872,C2,C2_rdkit_descriptors_only,B5,B5_class_weight_threshold_tuning,CV,7,0.9,balanced,
0.40203682689020576,0.3829787234042553,0.24324324324324326,0.7986111111111112,0.9,0.9052238805970149,0.5769588744588744,C2,C2_rdkit_descriptors_only,B5,B5_class_weight_threshold_tuning,CV,8,0.05,balanced,
0.43993121442808025,0.4444444444444444,0.3076923076923077,0.8611111111111112,0.8,0.9052238805970149,0.5769588744588744,C2,C2_rdkit_descriptors_only,B5,B5_class_weight_threshold_tuning,CV,8,0.1,balanced,
0.37781195004839585,0.41379310344827586,0.3157894736842105,0.8819444444444444,0.6,0.9052238805970149,0.5769588744588744,C2,C2_rdkit_descriptors_only,B5,B5_class_weight_threshold_tuning,CV,8,0.15,balanced,
0.39056407060681303,0.43478260869565216,0.38461538461538464,0.9097222222222222,0.5,0.9052238805970149,0.5769588744588744,C2,C2_rdkit_descriptors_only,B5,B5_class_weight_threshold_tuning,CV,8,0.2,balanced,
0.4118331129111584,0.45454545454545453,0.4166666666666667,0.9166666666666666,0.5,0.9052238805970149,0.5769588744588744,C2,C2_rdkit_descriptors_only,B5,B5_class_weight_threshold_tuning,CV,8,0.25,balanced,
0.43566760954221007,0.47619047619047616,0.45454545454545453,0.9236111111111112,0.5,0.9052238805970149,0.5769588744588744,C2,C2_rdkit_descriptors_only,B5,B5_class_weight_threshold_tuning,CV,8,0.3,balanced,
0.545055771505381,0.5333333333333333,0.8,0.9513888888888888,0.4,0.9052238805970149,0.5769588744588744,C2,C2_rdkit_descriptors_only,B5,B5_class_weight_threshold_tuning,CV,8,0.35,balanced,
0.45252195460881794,0.42857142857142855,0.75,0.9444444444444444,0.3,0.9052238805970149,0.5769588744588744,C2,C2_rdkit_descriptors_only,B5,B5_class_weight_threshold_tuning,CV,8,0.4,balanced,
0.3426866003587208,0.3076923076923077,0.6666666666666666,0.9375,0.2,0.9052238805970149,0.5769588744588744,C2,C2_rdkit_descriptors_only,B5,B5_class_weight_threshold_tuning,CV,8,0.45,balanced,
0.3426866003587208,0.3076923076923077,0.6666666666666666,0.9375,0.2,0.9052238805970149,0.5769588744588744,C2,C2_rdkit_descriptors_only,B5,B5_class_weight_threshold_tuning,CV,8,0.5,balanced,
0.434433417644404,0.3333333333333333,1.0,0.9444444444444444,0.2,0.9052238805970149,0.5769588744588744,C2,C2_rdkit_descriptors_only,B5,B5_class_weight_threshold_tuning,CV,8,0.55,balanced,
0.434433417644404,0.3333333333333333,1.0,0.9444444444444444,0.2,0.9052238805970149,0.5769588744588744,C2,C2_rdkit_descriptors_only,B5,B5_class_weight_threshold_tuning,CV,8,0.6,balanced,
0.30611483744878115,0.18181818181818182,1.0,0.9375,0.1,0.9052238805970149,0.5769588744588744,C2,C2_rdkit_descriptors_only,B5,B5_class_weight_threshold_tuning,CV,8,0.65,balanced,
0.30611483744878115,0.18181818181818182,1.0,0.9375,0.1,0.9052238805970149,0.5769588744588744,C2,C2_rdkit_descriptors_only,B5,B5_class_weight_threshold_tuning,CV,8,0.7,balanced,
0.30611483744878115,0.18181818181818182,1.0,0.9375,0.1,0.9052238805970149,0.5769588744588744,C2,C2_rdkit_descriptors_only,B5,B5_class_weight_threshold_tuning,CV,8,0.75,balanced,
0.0,0.0,0.0,0.9305555555555556,0.0,0.9052238805970149,0.5769588744588744,C2,C2_rdkit_descriptors_only,B5,B5_class_weight_threshold_tuning,CV,8,0.8,balanced,
0.0,0.0,0.0,0.9305555555555556,0.0,0.9052238805970149,0.5769588744588744,C2,C2_rdkit_descriptors_only,B5,B5_class_weight_threshold_tuning,CV,8,0.85,balanced,
0.0,0.0,0.0,0.9305555555555556,0.0,0.9052238805970149,0.5769588744588744,C2,C2_rdkit_descriptors_only,B5,B5_class_weight_threshold_tuning,CV,8,0.9,balanced,
0.3221684107828196,0.34146341463414637,0.22580645161290322,0.8125,0.7,0.7664179104477612,0.34265526467411206,C2,C2_rdkit_descriptors_only,B5,B5_class_weight_threshold_tuning,CV,9,0.05,balanced,
0.364241847204154,0.4,0.3,0.875,0.6,0.7664179104477612,0.34265526467411206,C2,C2_rdkit_descriptors_only,B5,B5_class_weight_threshold_tuning,CV,9,0.1,balanced,
0.39056407060681303,0.43478260869565216,0.38461538461538464,0.9097222222222222,0.5,0.7664179104477612,0.34265526467411206,C2,C2_rdkit_descriptors_only,B5,B5_class_weight_threshold_tuning,CV,9,0.15,balanced,
0.24776119402985075,0.3,0.3,0.9027777777777778,0.3,0.7664179104477612,0.34265526467411206,C2,C2_rdkit_descriptors_only,B5,B5_class_weight_threshold_tuning,CV,9,0.2,balanced,
0.17226477772181686,0.2222222222222222,0.25,0.9027777777777778,0.2,0.7664179104477612,0.34265526467411206,C2,C2_rdkit_descriptors_only,B5,B5_class_weight_threshold_tuning,CV,9,0.25,balanced,
0.21645482913637398,0.25,0.3333333333333333,0.9166666666666666,0.2,0.7664179104477612,0.34265526467411206,C2,C2_rdkit_descriptors_only,B5,B5_class_weight_threshold_tuning,CV,9,0.3,balanced,
0.24662219319064768,0.26666666666666666,0.4,0.9236111111111112,0.2,0.7664179104477612,0.34265526467411206,C2,C2_rdkit_descriptors_only,B5,B5_class_weight_threshold_tuning,CV,9,0.35,balanced,
0.2010065066712914,0.16666666666666666,0.5,0.9305555555555556,0.1,0.7664179104477612,0.34265526467411206,C2,C2_rdkit_descriptors_only,B5,B5_class_weight_threshold_tuning,CV,9,0.4,balanced,
0.2010065066712914,0.16666666666666666,0.5,0.9305555555555556,0.1,0.7664179104477612,0.34265526467411206,C2,C2_rdkit_descriptors_only,B5,B5_class_weight_threshold_tuning,CV,9,0.45,balanced,
0.30611483744878115,0.18181818181818182,1.0,0.9375,0.1,0.7664179104477612,0.34265526467411206,C2,C2_rdkit_descriptors_only,B5,B5_class_weight_threshold_tuning,CV,9,0.5,balanced,
0.30611483744878115,0.18181818181818182,1.0,0.9375,0.1,0.7664179104477612,0.34265526467411206,C2,C2_rdkit_descriptors_only,B5,B5_class_weight_threshold_tuning,CV,9,0.55,balanced,
0.30611483744878115,0.18181818181818182,1.0,0.9375,0.1,0.7664179104477612,0.34265526467411206,C2,C2_rdkit_descriptors_only,B5,B5_class_weight_threshold_tuning,CV,9,0.6,balanced,
0.30611483744878115,0.18181818181818182,1.0,0.9375,0.1,0.7664179104477612,0.34265526467411206,C2,C2_rdkit_descriptors_only,B5,B5_class_weight_threshold_tuning,CV,9,0.65,balanced,
0.30611483744878115,0.18181818181818182,1.0,0.9375,0.1,0.7664179104477612,0.34265526467411206,C2,C2_rdkit_descriptors_only,B5,B5_class_weight_threshold_tuning,CV,9,0.7,balanced,
0.0,0.0,0.0,0.9305555555555556,0.0,0.7664179104477612,0.34265526467411206,C2,C2_rdkit_descriptors_only,B5,B5_class_weight_threshold_tuning,CV,9,0.75,balanced,
0.0,0.0,0.0,0.9305555555555556,0.0,0.7664179104477612,0.34265526467411206,C2,C2_rdkit_descriptors_only,B5,B5_class_weight_threshold_tuning,CV,9,0.8,balanced,
0.0,0.0,0.0,0.9305555555555556,0.0,0.7664179104477612,0.34265526467411206,C2,C2_rdkit_descriptors_only,B5,B5_class_weight_threshold_tuning,CV,9,0.85,balanced,
0.0,0.0,0.0,0.9305555555555556,0.0,0.7664179104477612,0.34265526467411206,C2,C2_rdkit_descriptors_only,B5,B5_class_weight_threshold_tuning,CV,9,0.9,balanced,
0.32271771061785404,0.3050847457627119,0.1836734693877551,0.7152777777777778,0.9,0.8567164179104477,0.2215937109358162,C2,C2_rdkit_descriptors_only,B5,B5_class_weight_threshold_tuning,CV,10,0.05,balanced,
0.3060263590903611,0.32558139534883723,0.21212121212121213,0.7986111111111112,0.7,0.8567164179104477,0.2215937109358162,C2,C2_rdkit_descriptors_only,B5,B5_class_weight_threshold_tuning,CV,10,0.1,balanced,
0.3075193775447877,0.34285714285714286,0.24,0.8402777777777778,0.6,0.8567164179104477,0.2215937109358162,C2,C2_rdkit_descriptors_only,B5,B5_class_weight_threshold_tuning,CV,10,0.15,balanced,
0.28524963937674713,0.3333333333333333,0.25,0.8611111111111112,0.5,0.8567164179104477,0.2215937109358162,C2,C2_rdkit_descriptors_only,B5,B5_class_weight_threshold_tuning,CV,10,0.2,balanced,
0.2511169080180331,0.3076923076923077,0.25,0.875,0.4,0.8567164179104477,0.2215937109358162,C2,C2_rdkit_descriptors_only,B5,B5_class_weight_threshold_tuning,CV,10,0.25,balanced,
0.199915846310606,0.2608695652173913,0.23076923076923078,0.8819444444444444,0.3,0.8567164179104477,0.2215937109358162,C2,C2_rdkit_descriptors_only,B5,B5_class_weight_threshold_tuning,CV,10,0.3,balanced,
0.14029850746268657,0.2,0.2,0.8888888888888888,0.2,0.8567164179104477,0.2215937109358162,C2,C2_rdkit_descriptors_only,B5,B5_class_weight_threshold_tuning,CV,10,0.35,balanced,
-0.051811385124085646,0.0,0.0,0.8958333333333334,0.0,0.8567164179104477,0.2215937109358162,C2,C2_rdkit_descriptors_only,B5,B5_class_weight_threshold_tuning,CV,10,0.4,balanced,
-0.03242040430182119,0.0,0.0,0.9166666666666666,0.0,0.8567164179104477,0.2215937109358162,C2,C2_rdkit_descriptors_only,B5,B5_class_weight_threshold_tuning,CV,10,0.45,balanced,
-0.02284439085438665,0.0,0.0,0.9236111111111112,0.0,0.8567164179104477,0.2215937109358162,C2,C2_rdkit_descriptors_only,B5,B5_class_weight_threshold_tuning,CV,10,0.5,balanced,
-0.02284439085438665,0.0,0.0,0.9236111111111112,0.0,0.8567164179104477,0.2215937109358162,C2,C2_rdkit_descriptors_only,B5,B5_class_weight_threshold_tuning,CV,10,0.55,balanced,
-0.02284439085438665,0.0,0.0,0.9236111111111112,0.0,0.8567164179104477,0.2215937109358162,C2,C2_rdkit_descriptors_only,B5,B5_class_weight_threshold_tuning,CV,10,0.6,balanced,
-0.02284439085438665,0.0,0.0,0.9236111111111112,0.0,0.8567164179104477,0.2215937109358162,C2,C2_rdkit_descriptors_only,B5,B5_class_weight_threshold_tuning,CV,10,0.65,balanced,
-0.02284439085438665,0.0,0.0,0.9236111111111112,0.0,0.8567164179104477,0.2215937109358162,C2,C2_rdkit_descriptors_only,B5,B5_class_weight_threshold_tuning,CV,10,0.7,balanced,
0.0,0.0,0.0,0.9305555555555556,0.0,0.8567164179104477,0.2215937109358162,C2,C2_rdkit_descriptors_only,B5,B5_class_weight_threshold_tuning,CV,10,0.75,balanced,
0.0,0.0,0.0,0.9305555555555556,0.0,0.8567164179104477,0.2215937109358162,C2,C2_rdkit_descriptors_only,B5,B5_class_weight_threshold_tuning,CV,10,0.8,balanced,
0.0,0.0,0.0,0.9305555555555556,0.0,0.8567164179104477,0.2215937109358162,C2,C2_rdkit_descriptors_only,B5,B5_class_weight_threshold_tuning,CV,10,0.85,balanced,
0.0,0.0,0.0,0.9305555555555556,0.0,0.8567164179104477,0.2215937109358162,C2,C2_rdkit_descriptors_only,B5,B5_class_weight_threshold_tuning,CV,10,0.9,balanced,
0.1472656565052007,0.2777777777777778,0.2,0.7111111111111111,0.45454545454545453,0.659378596087457,0.22654823049273934,C2,C2_rdkit_descriptors_only,B5,B5_class_weight_threshold_tuning,LOGO,1,0.05,balanced,Atovaquone
0.0926706297224858,0.2222222222222222,0.1875,0.7666666666666667,0.2727272727272727,0.659378596087457,0.22654823049273934,C2,C2_rdkit_descriptors_only,B5,B5_class_weight_threshold_tuning,LOGO,1,0.1,balanced,Atovaquone
0.039671150637492346,0.16666666666666666,0.15384615384615385,0.7777777777777778,0.18181818181818182,0.659378596087457,0.22654823049273934,C2,C2_rdkit_descriptors_only,B5,B5_class_weight_threshold_tuning,LOGO,1,0.15,balanced,Atovaquone
0.12185013633258501,0.21052631578947367,0.25,0.8333333333333334,0.18181818181818182,0.659378596087457,0.22654823049273934,C2,C2_rdkit_descriptors_only,B5,B5_class_weight_threshold_tuning,LOGO,1,0.2,balanced,Atovaquone
0.17225811675152738,0.23529411764705882,0.3333333333333333,0.8555555555555555,0.18181818181818182,0.659378596087457,0.22654823049273934,C2,C2_rdkit_descriptors_only,B5,B5_class_weight_threshold_tuning,LOGO,1,0.25,balanced,Atovaquone
0.0841334546665505,0.13333333333333333,0.25,0.8555555555555555,0.09090909090909091,0.659378596087457,0.22654823049273934,C2,C2_rdkit_descriptors_only,B5,B5_class_weight_threshold_tuning,LOGO,1,0.3,balanced,Atovaquone
0.11968637508014936,0.14285714285714285,0.3333333333333333,0.8666666666666667,0.09090909090909091,0.659378596087457,0.22654823049273934,C2,C2_rdkit_descriptors_only,B5,B5_class_weight_threshold_tuning,LOGO,1,0.35,balanced,Atovaquone
0.17387722105220368,0.15384615384615385,0.5,0.8777777777777778,0.09090909090909091,0.659378596087457,0.22654823049273934,C2,C2_rdkit_descriptors_only,B5,B5_class_weight_threshold_tuning,LOGO,1,0.4,balanced,Atovaquone
0.17387722105220368,0.15384615384615385,0.5,0.8777777777777778,0.09090909090909091,0.659378596087457,0.22654823049273934,C2,C2_rdkit_descriptors_only,B5,B5_class_weight_threshold_tuning,LOGO,1,0.45,balanced,Atovaquone
0.17387722105220368,0.15384615384615385,0.5,0.8777777777777778,0.09090909090909091,0.659378596087457,0.22654823049273934,C2,C2_rdkit_descriptors_only,B5,B5_class_weight_threshold_tuning,LOGO,1,0.5,balanced,Atovaquone
0.17387722105220368,0.15384615384615385,0.5,0.8777777777777778,0.09090909090909091,0.659378596087457,0.22654823049273934,C2,C2_rdkit_descriptors_only,B5,B5_class_weight_threshold_tuning,LOGO,1,0.55,balanced,Atovaquone
0.17387722105220368,0.15384615384615385,0.5,0.8777777777777778,0.09090909090909091,0.659378596087457,0.22654823049273934,C2,C2_rdkit_descriptors_only,B5,B5_class_weight_threshold_tuning,LOGO,1,0.6,balanced,Atovaquone
-0.03955376178208136,0.0,0.0,0.8666666666666667,0.0,0.659378596087457,0.22654823049273934,C2,C2_rdkit_descriptors_only,B5,B5_class_weight_threshold_tuning,LOGO,1,0.65,balanced,Atovaquone
0.0,0.0,0.0,0.8777777777777778,0.0,0.659378596087457,0.22654823049273934,C2,C2_rdkit_descriptors_only,B5,B5_class_weight_threshold_tuning,LOGO,1,0.7,balanced,Atovaquone
0.0,0.0,0.0,0.8777777777777778,0.0,0.659378596087457,0.22654823049273934,C2,C2_rdkit_descriptors_only,B5,B5_class_weight_threshold_tuning,LOGO,1,0.75,balanced,Atovaquone
0.0,0.0,0.0,0.8777777777777778,0.0,0.659378596087457,0.22654823049273934,C2,C2_rdkit_descriptors_only,B5,B5_class_weight_threshold_tuning,LOGO,1,0.8,balanced,Atovaquone
0.0,0.0,0.0,0.8777777777777778,0.0,0.659378596087457,0.22654823049273934,C2,C2_rdkit_descriptors_only,B5,B5_class_weight_threshold_tuning,LOGO,1,0.85,balanced,Atovaquone
0.0,0.0,0.0,0.8777777777777778,0.0,0.659378596087457,0.22654823049273934,C2,C2_rdkit_descriptors_only,B5,B5_class_weight_threshold_tuning,LOGO,1,0.9,balanced,Atovaquone
0.28371703515501445,0.23255813953488372,0.13157894736842105,0.6333333333333333,1.0,0.851764705882353,0.49523809523809526,C2,C2_rdkit_descriptors_only,B5,B5_class_weight_threshold_tuning,LOGO,2,0.05,balanced,Chlorpromazine_Hcl
0.18281810603178264,0.20689655172413793,0.125,0.7444444444444445,0.6,0.851764705882353,0.49523809523809526,C2,C2_rdkit_descriptors_only,B5,B5_class_weight_threshold_tuning,LOGO,2,0.1,balanced,Chlorpromazine_Hcl
0.14097096860865024,0.19047619047619047,0.125,0.8111111111111111,0.4,0.851764705882353,0.49523809523809526,C2,C2_rdkit_descriptors_only,B5,B5_class_weight_threshold_tuning,LOGO,2,0.15,balanced,Chlorpromazine_Hcl
0.2651439066774996,0.3076923076923077,0.25,0.9,0.4,0.851764705882353,0.49523809523809526,C2,C2_rdkit_descriptors_only,B5,B5_class_weight_threshold_tuning,LOGO,2,0.2,balanced,Chlorpromazine_Hcl
0.36470588235294116,0.4,0.4,0.9333333333333333,0.4,0.851764705882353,0.49523809523809526,C2,C2_rdkit_descriptors_only,B5,B5_class_weight_threshold_tuning,LOGO,2,0.25,balanced,Chlorpromazine_Hcl
0.49541508402214945,0.5,0.6666666666666666,0.9555555555555556,0.4,0.851764705882353,0.49523809523809526,C2,C2_rdkit_descriptors_only,B5,B5_class_weight_threshold_tuning,LOGO,2,0.3,balanced,Chlorpromazine_Hcl
0.621581560508061,0.5714285714285714,1.0,0.9666666666666667,0.4,0.851764705882353,0.49523809523809526,C2,C2_rdkit_descriptors_only,B5,B5_class_weight_threshold_tuning,LOGO,2,0.35,balanced,Chlorpromazine_Hcl
0.4370483222197017,0.3333333333333333,1.0,0.9555555555555556,0.2,0.851764705882353,0.49523809523809526,C2,C2_rdkit_descriptors_only,B5,B5_class_weight_threshold_tuning,LOGO,2,0.4,balanced,Chlorpromazine_Hcl
0.0,0.0,0.0,0.9444444444444444,0.0,0.851764705882353,0.49523809523809526,C2,C2_rdkit_descriptors_only,B5,B5_class_weight_threshold_tuning,LOGO,2,0.45,balanced,Chlorpromazine_Hcl
0.0,0.0,0.0,0.9444444444444444,0.0,0.851764705882353,0.49523809523809526,C2,C2_rdkit_descriptors_only,B5,B5_class_weight_threshold_tuning,LOGO,2,0.5,balanced,Chlorpromazine_Hcl
0.0,0.0,0.0,0.9444444444444444,0.0,0.851764705882353,0.49523809523809526,C2,C2_rdkit_descriptors_only,B5,B5_class_weight_threshold_tuning,LOGO,2,0.55,balanced,Chlorpromazine_Hcl
0.0,0.0,0.0,0.9444444444444444,0.0,0.851764705882353,0.49523809523809526,C2,C2_rdkit_descriptors_only,B5,B5_class_weight_threshold_tuning,LOGO,2,0.6,balanced,Chlorpromazine_Hcl
0.0,0.0,0.0,0.9444444444444444,0.0,0.851764705882353,0.49523809523809526,C2,C2_rdkit_descriptors_only,B5,B5_class_weight_threshold_tuning,LOGO,2,0.65,balanced,Chlorpromazine_Hcl
0.0,0.0,0.0,0.9444444444444444,0.0,0.851764705882353,0.49523809523809526,C2,C2_rdkit_descriptors_only,B5,B5_class_weight_threshold_tuning,LOGO,2,0.7,balanced,Chlorpromazine_Hcl
0.0,0.0,0.0,0.9444444444444444,0.0,0.851764705882353,0.49523809523809526,C2,C2_rdkit_descriptors_only,B5,B5_class_weight_threshold_tuning,LOGO,2,0.75,balanced,Chlorpromazine_Hcl
0.0,0.0,0.0,0.9444444444444444,0.0,0.851764705882353,0.49523809523809526,C2,C2_rdkit_descriptors_only,B5,B5_class_weight_threshold_tuning,LOGO,2,0.8,balanced,Chlorpromazine_Hcl
0.0,0.0,0.0,0.9444444444444444,0.0,0.851764705882353,0.49523809523809526,C2,C2_rdkit_descriptors_only,B5,B5_class_weight_threshold_tuning,LOGO,2,0.85,balanced,Chlorpromazine_Hcl
0.0,0.0,0.0,0.9444444444444444,0.0,0.851764705882353,0.49523809523809526,C2,C2_rdkit_descriptors_only,B5,B5_class_weight_threshold_tuning,LOGO,2,0.9,balanced,Chlorpromazine_Hcl
0.2693189543416088,0.1875,0.10344827586206896,0.7111111111111111,1.0,0.9061302681992337,0.321256038647343,C2,C2_rdkit_descriptors_only,B5,B5_class_weight_threshold_tuning,LOGO,3,0.05,balanced,Clofazimine
0.21664456120656053,0.19047619047619047,0.1111111111111111,0.8111111111111111,0.6666666666666666,0.9061302681992337,0.321256038647343,C2,C2_rdkit_descriptors_only,B5,B5_class_weight_threshold_tuning,LOGO,3,0.1,balanced,Clofazimine
0.377009613867732,0.36363636363636365,0.25,0.9222222222222223,0.6666666666666666,0.9061302681992337,0.321256038647343,C2,C2_rdkit_descriptors_only,B5,B5_class_weight_threshold_tuning,LOGO,3,0.15,balanced,Clofazimine
0.377009613867732,0.36363636363636365,0.25,0.9222222222222223,0.6666666666666666,0.9061302681992337,0.321256038647343,C2,C2_rdkit_descriptors_only,B5,B5_class_weight_threshold_tuning,LOGO,3,0.2,balanced,Clofazimine
0.4466625002869186,0.4444444444444444,0.3333333333333333,0.9444444444444444,0.6666666666666666,0.9061302681992337,0.321256038647343,C2,C2_rdkit_descriptors_only,B5,B5_class_weight_threshold_tuning,LOGO,3,0.25,balanced,Clofazimine
0.22518867455552247,0.25,0.2,0.9333333333333333,0.3333333333333333,0.9061302681992337,0.321256038647343,C2,C2_rdkit_descriptors_only,B5,B5_class_weight_threshold_tuning,LOGO,3,0.3,balanced,Clofazimine
0.2603125627255638,0.2857142857142857,0.25,0.9444444444444444,0.3333333333333333,0.9061302681992337,0.321256038647343,C2,C2_rdkit_descriptors_only,B5,B5_class_weight_threshold_tuning,LOGO,3,0.35,balanced,Clofazimine
0.39192475766909796,0.4,0.5,0.9666666666666667,0.3333333333333333,0.9061302681992337,0.321256038647343,C2,C2_rdkit_descriptors_only,B5,B5_class_weight_threshold_tuning,LOGO,3,0.4,balanced,Clofazimine
0.39192475766909796,0.4,0.5,0.9666666666666667,0.3333333333333333,0.9061302681992337,0.321256038647343,C2,C2_rdkit_descriptors_only,B5,B5_class_weight_threshold_tuning,LOGO,3,0.45,balanced,Clofazimine
0.39192475766909796,0.4,0.5,0.9666666666666667,0.3333333333333333,0.9061302681992337,0.321256038647343,C2,C2_rdkit_descriptors_only,B5,B5_class_weight_threshold_tuning,LOGO,3,0.5,balanced,Clofazimine
0.39192475766909796,0.4,0.5,0.9666666666666667,0.3333333333333333,0.9061302681992337,0.321256038647343,C2,C2_rdkit_descriptors_only,B5,B5_class_weight_threshold_tuning,LOGO,3,0.55,balanced,Clofazimine
-0.019683666479473904,0.0,0.0,0.9555555555555556,0.0,0.9061302681992337,0.321256038647343,C2,C2_rdkit_descriptors_only,B5,B5_class_weight_threshold_tuning,LOGO,3,0.6,balanced,Clofazimine
-0.019683666479473904,0.0,0.0,0.9555555555555556,0.0,0.9061302681992337,0.321256038647343,C2,C2_rdkit_descriptors_only,B5,B5_class_weight_threshold_tuning,LOGO,3,0.65,balanced,Clofazimine
0.0,0.0,0.0,0.9666666666666667,0.0,0.9061302681992337,0.321256038647343,C2,C2_rdkit_descriptors_only,B5,B5_class_weight_threshold_tuning,LOGO,3,0.7,balanced,Clofazimine
0.0,0.0,0.0,0.9666666666666667,0.0,0.9061302681992337,0.321256038647343,C2,C2_rdkit_descriptors_only,B5,B5_class_weight_threshold_tuning,LOGO,3,0.75,balanced,Clofazimine
0.0,0.0,0.0,0.9666666666666667,0.0,0.9061302681992337,0.321256038647343,C2,C2_rdkit_descriptors_only,B5,B5_class_weight_threshold_tuning,LOGO,3,0.8,balanced,Clofazimine
0.0,0.0,0.0,0.9666666666666667,0.0,0.9061302681992337,0.321256038647343,C2,C2_rdkit_descriptors_only,B5,B5_class_weight_threshold_tuning,LOGO,3,0.85,balanced,Clofazimine
0.0,0.0,0.0,0.9666666666666667,0.0,0.9061302681992337,0.321256038647343,C2,C2_rdkit_descriptors_only,B5,B5_class_weight_threshold_tuning,LOGO,3,0.9,balanced,Clofazimine
0.05734951216046588,0.06451612903225806,0.034482758620689655,0.6777777777777778,0.5,0.5994318181818181,0.26282051282051283,C2,C2_rdkit_descriptors_only,B5,B5_class_weight_threshold_tuning,LOGO,4,0.05,balanced,Curcumine
0.16261090889699772,0.14285714285714285,0.08333333333333333,0.8666666666666667,0.5,0.5994318181818181,0.26282051282051283,C2,C2_rdkit_descriptors_only,B5,B5_class_weight_threshold_tuning,LOGO,4,0.1,balanced,Curcumine
0.23766716851872305,0.2222222222222222,0.14285714285714285,0.9222222222222223,0.5,0.5994318181818181,0.26282051282051283,C2,C2_rdkit_descriptors_only,B5,B5_class_weight_threshold_tuning,LOGO,4,0.15,balanced,Curcumine
0.2618924633082486,0.25,0.16666666666666666,0.9333333333333333,0.5,0.5994318181818181,0.26282051282051283,C2,C2_rdkit_descriptors_only,B5,B5_class_weight_threshold_tuning,LOGO,4,0.2,balanced,Curcumine
0.333256245490707,0.3333333333333333,0.25,0.9555555555555556,0.5,0.5994318181818181,0.26282051282051283,C2,C2_rdkit_descriptors_only,B5,B5_class_weight_threshold_tuning,LOGO,4,0.25,balanced,Curcumine
0.333256245490707,0.3333333333333333,0.25,0.9555555555555556,0.5,0.5994318181818181,0.26282051282051283,C2,C2_rdkit_descriptors_only,B5,B5_class_weight_threshold_tuning,LOGO,4,0.3,balanced,Curcumine
-0.01598006930251483,0.0,0.0,0.9666666666666667,0.0,0.5994318181818181,0.26282051282051283,C2,C2_rdkit_descriptors_only,B5,B5_class_weight_threshold_tuning,LOGO,4,0.35,balanced,Curcumine
0.0,0.0,0.0,0.9777777777777777,0.0,0.5994318181818181,0.26282051282051283,C2,C2_rdkit_descriptors_only,B5,B5_class_weight_threshold_tuning,LOGO,4,0.4,balanced,Curcumine
0.0,0.0,0.0,0.9777777777777777,0.0,0.5994318181818181,0.26282051282051283,C2,C2_rdkit_descriptors_only,B5,B5_class_weight_threshold_tuning,LOGO,4,0.45,balanced,Curcumine
0.0,0.0,0.0,0.9777777777777777,0.0,0.5994318181818181,0.26282051282051283,C2,C2_rdkit_descriptors_only,B5,B5_class_weight_threshold_tuning,LOGO,4,0.5,balanced,Curcumine
0.0,0.0,0.0,0.9777777777777777,0.0,0.5994318181818181,0.26282051282051283,C2,C2_rdkit_descriptors_only,B5,B5_class_weight_threshold_tuning,LOGO,4,0.55,balanced,Curcumine
0.0,0.0,0.0,0.9777777777777777,0.0,0.5994318181818181,0.26282051282051283,C2,C2_rdkit_descriptors_only,B5,B5_class_weight_threshold_tuning,LOGO,4,0.6,balanced,Curcumine
0.0,0.0,0.0,0.9777777777777777,0.0,0.5994318181818181,0.26282051282051283,C2,C2_rdkit_descriptors_only,B5,B5_class_weight_threshold_tuning,LOGO,4,0.65,balanced,Curcumine
0.0,0.0,0.0,0.9777777777777777,0.0,0.5994318181818181,0.26282051282051283,C2,C2_rdkit_descriptors_only,B5,B5_class_weight_threshold_tuning,LOGO,4,0.7,balanced,Curcumine
0.0,0.0,0.0,0.9777777777777777,0.0,0.5994318181818181,0.26282051282051283,C2,C2_rdkit_descriptors_only,B5,B5_class_weight_threshold_tuning,LOGO,4,0.75,balanced,Curcumine
0.0,0.0,0.0,0.9777777777777777,0.0,0.5994318181818181,0.26282051282051283,C2,C2_rdkit_descriptors_only,B5,B5_class_weight_threshold_tuning,LOGO,4,0.8,balanced,Curcumine
0.0,0.0,0.0,0.9777777777777777,0.0,0.5994318181818181,0.26282051282051283,C2,C2_rdkit_descriptors_only,B5,B5_class_weight_threshold_tuning,LOGO,4,0.85,balanced,Curcumine
0.0,0.0,0.0,0.9777777777777777,0.0,0.5994318181818181,0.26282051282051283,C2,C2_rdkit_descriptors_only,B5,B5_class_weight_threshold_tuning,LOGO,4,0.9,balanced,Curcumine
0.050251890762960605,0.18181818181818182,0.125,0.7,0.3333333333333333,0.6906721536351166,0.2147656948665824,C2,C2_rdkit_descriptors_only,B5,B5_class_weight_threshold_tuning,LOGO,5,0.05,balanced,Econazole
0.1230088070907929,0.23076923076923078,0.17647058823529413,0.7777777777777778,0.3333333333333333,0.6906721536351166,0.2147656948665824,C2,C2_rdkit_descriptors_only,B5,B5_class_weight_threshold_tuning,LOGO,5,0.1,balanced,Econazole
0.11785113019775792,0.21052631578947367,0.2,0.8333333333333334,0.2222222222222222,0.6906721536351166,0.2147656948665824,C2,C2_rdkit_descriptors_only,B5,B5_class_weight_threshold_tuning,LOGO,5,0.15,balanced,Econazole
0.026028960314767677,0.11764705882352941,0.125,0.8333333333333334,0.1111111111111111,0.6906721536351166,0.2147656948665824,C2,C2_rdkit_descriptors_only,B5,B5_class_weight_threshold_tuning,LOGO,5,0.2,balanced,Econazole
0.04148699068225112,0.125,0.14285714285714285,0.8444444444444444,0.1111111111111111,0.6906721536351166,0.2147656948665824,C2,C2_rdkit_descriptors_only,B5,B5_class_weight_threshold_tuning,LOGO,5,0.25,balanced,Econazole
0.08084520834544433,0.14285714285714285,0.2,0.8666666666666667,0.1111111111111111,0.6906721536351166,0.2147656948665824,C2,C2_rdkit_descriptors_only,B5,B5_class_weight_threshold_tuning,LOGO,5,0.3,balanced,Econazole
0.14442970747104034,0.16666666666666666,0.3333333333333333,0.8888888888888888,0.1111111111111111,0.6906721536351166,0.2147656948665824,C2,C2_rdkit_descriptors_only,B5,B5_class_weight_threshold_tuning,LOGO,5,0.35,balanced,Econazole
0.14442970747104034,0.16666666666666666,0.3333333333333333,0.8888888888888888,0.1111111111111111,0.6906721536351166,0.2147656948665824,C2,C2_rdkit_descriptors_only,B5,B5_class_weight_threshold_tuning,LOGO,5,0.4,balanced,Econazole
0.20100756305184242,0.18181818181818182,0.5,0.9,0.1111111111111111,0.6906721536351166,0.2147656948665824,C2,C2_rdkit_descriptors_only,B5,B5_class_weight_threshold_tuning,LOGO,5,0.45,balanced,Econazole
0.20100756305184242,0.18181818181818182,0.5,0.9,0.1111111111111111,0.6906721536351166,0.2147656948665824,C2,C2_rdkit_descriptors_only,B5,B5_class_weight_threshold_tuning,LOGO,5,0.5,balanced,Econazole
0.20100756305184242,0.18181818181818182,0.5,0.9,0.1111111111111111,0.6906721536351166,0.2147656948665824,C2,C2_rdkit_descriptors_only,B5,B5_class_weight_threshold_tuning,LOGO,5,0.55,balanced,Econazole
0.20100756305184242,0.18181818181818182,0.5,0.9,0.1111111111111111,0.6906721536351166,0.2147656948665824,C2,C2_rdkit_descriptors_only,B5,B5_class_weight_threshold_tuning,LOGO,5,0.6,balanced,Econazole
-0.03533326266687867,0.0,0.0,0.8888888888888888,0.0,0.6906721536351166,0.2147656948665824,C2,C2_rdkit_descriptors_only,B5,B5_class_weight_threshold_tuning,LOGO,5,0.65,balanced,Econazole
-0.03533326266687867,0.0,0.0,0.8888888888888888,0.0,0.6906721536351166,0.2147656948665824,C2,C2_rdkit_descriptors_only,B5,B5_class_weight_threshold_tuning,LOGO,5,0.7,balanced,Econazole
0.0,0.0,0.0,0.9,0.0,0.6906721536351166,0.2147656948665824,C2,C2_rdkit_descriptors_only,B5,B5_class_weight_threshold_tuning,LOGO,5,0.75,balanced,Econazole
0.0,0.0,0.0,0.9,0.0,0.6906721536351166,0.2147656948665824,C2,C2_rdkit_descriptors_only,B5,B5_class_weight_threshold_tuning,LOGO,5,0.8,balanced,Econazole
0.0,0.0,0.0,0.9,0.0,0.6906721536351166,0.2147656948665824,C2,C2_rdkit_descriptors_only,B5,B5_class_weight_threshold_tuning,LOGO,5,0.85,balanced,Econazole
0.0,0.0,0.0,0.9,0.0,0.6906721536351166,0.2147656948665824,C2,C2_rdkit_descriptors_only,B5,B5_class_weight_threshold_tuning,LOGO,5,0.9,balanced,Econazole
0.2827787136702078,0.26666666666666666,0.16,0.7555555555555555,0.8,0.8894117647058823,0.4012820512820513,C2,C2_rdkit_descriptors_only,B5,B5_class_weight_threshold_tuning,LOGO,6,0.05,balanced,Etravirine
0.282009595164253,0.3,0.2,0.8444444444444444,0.6,0.8894117647058823,0.4012820512820513,C2,C2_rdkit_descriptors_only,B5,B5_class_weight_threshold_tuning,LOGO,6,0.1,balanced,Etravirine
0.2229481606852615,0.26666666666666666,0.2,0.8777777777777778,0.4,0.8894117647058823,0.4012820512820513,C2,C2_rdkit_descriptors_only,B5,B5_class_weight_threshold_tuning,LOGO,6,0.15,balanced,Etravirine
0.2918001232638926,0.3333333333333333,0.2857142857142857,0.9111111111111111,0.4,0.8894117647058823,0.4012820512820513,C2,C2_rdkit_descriptors_only,B5,B5_class_weight_threshold_tuning,LOGO,6,0.2,balanced,Etravirine
0.15294117647058825,0.2,0.2,0.9111111111111111,0.2,0.8894117647058823,0.4012820512820513,C2,C2_rdkit_descriptors_only,B5,B5_class_weight_threshold_tuning,LOGO,6,0.25,balanced,Etravirine
0.22518867455552247,0.25,0.3333333333333333,0.9333333333333333,0.2,0.8894117647058823,0.4012820512820513,C2,C2_rdkit_descriptors_only,B5,B5_class_weight_threshold_tuning,LOGO,6,0.3,balanced,Etravirine
0.29250896965085227,0.2857142857142857,0.5,0.9444444444444444,0.2,0.8894117647058823,0.4012820512820513,C2,C2_rdkit_descriptors_only,B5,B5_class_weight_threshold_tuning,LOGO,6,0.35,balanced,Etravirine
0.29250896965085227,0.2857142857142857,0.5,0.9444444444444444,0.2,0.8894117647058823,0.4012820512820513,C2,C2_rdkit_descriptors_only,B5,B5_class_weight_threshold_tuning,LOGO,6,0.4,balanced,Etravirine
0.29250896965085227,0.2857142857142857,0.5,0.9444444444444444,0.2,0.8894117647058823,0.4012820512820513,C2,C2_rdkit_descriptors_only,B5,B5_class_weight_threshold_tuning,LOGO,6,0.45,balanced,Etravirine
0.29250896965085227,0.2857142857142857,0.5,0.9444444444444444,0.2,0.8894117647058823,0.4012820512820513,C2,C2_rdkit_descriptors_only,B5,B5_class_weight_threshold_tuning,LOGO,6,0.5,balanced,Etravirine
0.29250896965085227,0.2857142857142857,0.5,0.9444444444444444,0.2,0.8894117647058823,0.4012820512820513,C2,C2_rdkit_descriptors_only,B5,B5_class_weight_threshold_tuning,LOGO,6,0.55,balanced,Etravirine
0.4370483222197017,0.3333333333333333,1.0,0.9555555555555556,0.2,0.8894117647058823,0.4012820512820513,C2,C2_rdkit_descriptors_only,B5,B5_class_weight_threshold_tuning,LOGO,6,0.6,balanced,Etravirine
0.0,0.0,0.0,0.9444444444444444,0.0,0.8894117647058823,0.4012820512820513,C2,C2_rdkit_descriptors_only,B5,B5_class_weight_threshold_tuning,LOGO,6,0.65,balanced,Etravirine
0.0,0.0,0.0,0.9444444444444444,0.0,0.8894117647058823,0.4012820512820513,C2,C2_rdkit_descriptors_only,B5,B5_class_weight_threshold_tuning,LOGO,6,0.7,balanced,Etravirine
0.0,0.0,0.0,0.9444444444444444,0.0,0.8894117647058823,0.4012820512820513,C2,C2_rdkit_descriptors_only,B5,B5_class_weight_threshold_tuning,LOGO,6,0.75,balanced,Etravirine
0.0,0.0,0.0,0.9444444444444444,0.0,0.8894117647058823,0.4012820512820513,C2,C2_rdkit_descriptors_only,B5,B5_class_weight_threshold_tuning,LOGO,6,0.8,balanced,Etravirine
0.0,0.0,0.0,0.9444444444444444,0.0,0.8894117647058823,0.4012820512820513,C2,C2_rdkit_descriptors_only,B5,B5_class_weight_threshold_tuning,LOGO,6,0.85,balanced,Etravirine
0.0,0.0,0.0,0.9444444444444444,0.0,0.8894117647058823,0.4012820512820513,C2,C2_rdkit_descriptors_only,B5,B5_class_weight_threshold_tuning,LOGO,6,0.9,balanced,Etravirine
0.34892568970915616,0.39215686274509803,0.25,0.6555555555555556,0.9090909090909091,0.7393555811277329,0.4322638366339888,C2,C2_rdkit_descriptors_only,B5,B5_class_weight_threshold_tuning,LOGO,7,0.05,balanced,Fulvestrant
0.2590118011153788,0.34782608695652173,0.22857142857142856,0.6666666666666666,0.7272727272727273,0.7393555811277329,0.4322638366339888,C2,C2_rdkit_descriptors_only,B5,B5_class_weight_threshold_tuning,LOGO,7,0.1,balanced,Fulvestrant
0.17824545673150952,0.3,0.20689655172413793,0.6888888888888889,0.5454545454545454,0.7393555811277329,0.4322638366339888,C2,C2_rdkit_descriptors_only,B5,B5_class_weight_threshold_tuning,LOGO,7,0.15,balanced,Fulvestrant
0.1472656565052007,0.2777777777777778,0.2,0.7111111111111111,0.45454545454545453,0.7393555811277329,0.4322638366339888,C2,C2_rdkit_descriptors_only,B5,B5_class_weight_threshold_tuning,LOGO,7,0.2,balanced,Fulvestrant
0.19189563715236668,0.2857142857142857,0.3,0.8333333333333334,0.2727272727272727,0.7393555811277329,0.4322638366339888,C2,C2_rdkit_descriptors_only,B5,B5_class_weight_threshold_tuning,LOGO,7,0.25,balanced,Fulvestrant
0.35378067536649976,0.375,0.6,0.8888888888888888,0.2727272727272727,0.7393555811277329,0.4322638366339888,C2,C2_rdkit_descriptors_only,B5,B5_class_weight_threshold_tuning,LOGO,7,0.3,balanced,Fulvestrant
0.4976433490174631,0.42857142857142855,1.0,0.9111111111111111,0.2727272727272727,0.7393555811277329,0.4322638366339888,C2,C2_rdkit_descriptors_only,B5,B5_class_weight_threshold_tuning,LOGO,7,0.35,balanced,Fulvestrant
0.40400883715070857,0.3076923076923077,1.0,0.9,0.18181818181818182,0.7393555811277329,0.4322638366339888,C2,C2_rdkit_descriptors_only,B5,B5_class_weight_threshold_tuning,LOGO,7,0.4,balanced,Fulvestrant
0.40400883715070857,0.3076923076923077,1.0,0.9,0.18181818181818182,0.7393555811277329,0.4322638366339888,C2,C2_rdkit_descriptors_only,B5,B5_class_weight_threshold_tuning,LOGO,7,0.45,balanced,Fulvestrant
0.40400883715070857,0.3076923076923077,1.0,0.9,0.18181818181818182,0.7393555811277329,0.4322638366339888,C2,C2_rdkit_descriptors_only,B5,B5_class_weight_threshold_tuning,LOGO,7,0.5,balanced,Fulvestrant
0.40400883715070857,0.3076923076923077,1.0,0.9,0.18181818181818182,0.7393555811277329,0.4322638366339888,C2,C2_rdkit_descriptors_only,B5,B5_class_weight_threshold_tuning,LOGO,7,0.55,balanced,Fulvestrant
0.284067925525857,0.16666666666666666,1.0,0.8888888888888888,0.09090909090909091,0.7393555811277329,0.4322638366339888,C2,C2_rdkit_descriptors_only,B5,B5_class_weight_threshold_tuning,LOGO,7,0.6,balanced,Fulvestrant
0.284067925525857,0.16666666666666666,1.0,0.8888888888888888,0.09090909090909091,0.7393555811277329,0.4322638366339888,C2,C2_rdkit_descriptors_only,B5,B5_class_weight_threshold_tuning,LOGO,7,0.65,balanced,Fulvestrant
0.284067925525857,0.16666666666666666,1.0,0.8888888888888888,0.09090909090909091,0.7393555811277329,0.4322638366339888,C2,C2_rdkit_descriptors_only,B5,B5_class_weight_threshold_tuning,LOGO,7,0.7,balanced,Fulvestrant
0.0,0.0,0.0,0.8777777777777778,0.0,0.7393555811277329,0.4322638366339888,C2,C2_rdkit_descriptors_only,B5,B5_class_weight_threshold_tuning,LOGO,7,0.75,balanced,Fulvestrant
0.0,0.0,0.0,0.8777777777777778,0.0,0.7393555811277329,0.4322638366339888,C2,C2_rdkit_descriptors_only,B5,B5_class_weight_threshold_tuning,LOGO,7,0.8,balanced,Fulvestrant
0.0,0.0,0.0,0.8777777777777778,0.0,0.7393555811277329,0.4322638366339888,C2,C2_rdkit_descriptors_only,B5,B5_class_weight_threshold_tuning,LOGO,7,0.85,balanced,Fulvestrant
0.0,0.0,0.0,0.8777777777777778,0.0,0.7393555811277329,0.4322638366339888,C2,C2_rdkit_descriptors_only,B5,B5_class_weight_threshold_tuning,LOGO,7,0.9,balanced,Fulvestrant
0.0,0.0,0.0,0.5555555555555556,0.0,,,C2,C2_rdkit_descriptors_only,B5,B5_class_weight_threshold_tuning,LOGO,8,0.05,balanced,Gefitinib
0.0,0.0,0.0,0.7333333333333333,0.0,,,C2,C2_rdkit_descriptors_only,B5,B5_class_weight_threshold_tuning,LOGO,8,0.1,balanced,Gefitinib
0.0,0.0,0.0,0.8222222222222222,0.0,,,C2,C2_rdkit_descriptors_only,B5,B5_class_weight_threshold_tuning,LOGO,8,0.15,balanced,Gefitinib
0.0,0.0,0.0,0.8777777777777778,0.0,,,C2,C2_rdkit_descriptors_only,B5,B5_class_weight_threshold_tuning,LOGO,8,0.2,balanced,Gefitinib
0.0,0.0,0.0,0.9444444444444444,0.0,,,C2,C2_rdkit_descriptors_only,B5,B5_class_weight_threshold_tuning,LOGO,8,0.25,balanced,Gefitinib
0.0,0.0,0.0,0.9555555555555556,0.0,,,C2,C2_rdkit_descriptors_only,B5,B5_class_weight_threshold_tuning,LOGO,8,0.3,balanced,Gefitinib
0.0,0.0,0.0,0.9777777777777777,0.0,,,C2,C2_rdkit_descriptors_only,B5,B5_class_weight_threshold_tuning,LOGO,8,0.35,balanced,Gefitinib
0.0,0.0,0.0,0.9777777777777777,0.0,,,C2,C2_rdkit_descriptors_only,B5,B5_class_weight_threshold_tuning,LOGO,8,0.4,balanced,Gefitinib
0.0,0.0,0.0,0.9777777777777777,0.0,,,C2,C2_rdkit_descriptors_only,B5,B5_class_weight_threshold_tuning,LOGO,8,0.45,balanced,Gefitinib
0.0,0.0,0.0,0.9777777777777777,0.0,,,C2,C2_rdkit_descriptors_only,B5,B5_class_weight_threshold_tuning,LOGO,8,0.5,balanced,Gefitinib
0.0,0.0,0.0,0.9777777777777777,0.0,,,C2,C2_rdkit_descriptors_only,B5,B5_class_weight_threshold_tuning,LOGO,8,0.55,balanced,Gefitinib
0.0,0.0,0.0,0.9777777777777777,0.0,,,C2,C2_rdkit_descriptors_only,B5,B5_class_weight_threshold_tuning,LOGO,8,0.6,balanced,Gefitinib
0.0,0.0,0.0,0.9888888888888889,0.0,,,C2,C2_rdkit_descriptors_only,B5,B5_class_weight_threshold_tuning,LOGO,8,0.65,balanced,Gefitinib
0.0,0.0,0.0,1.0,0.0,,,C2,C2_rdkit_descriptors_only,B5,B5_class_weight_threshold_tuning,LOGO,8,0.7,balanced,Gefitinib
0.0,0.0,0.0,1.0,0.0,,,C2,C2_rdkit_descriptors_only,B5,B5_class_weight_threshold_tuning,LOGO,8,0.75,balanced,Gefitinib
0.0,0.0,0.0,1.0,0.0,,,C2,C2_rdkit_descriptors_only,B5,B5_class_weight_threshold_tuning,LOGO,8,0.8,balanced,Gefitinib
0.0,0.0,0.0,1.0,0.0,,,C2,C2_rdkit_descriptors_only,B5,B5_class_weight_threshold_tuning,LOGO,8,0.85,balanced,Gefitinib
0.0,0.0,0.0,1.0,0.0,,,C2,C2_rdkit_descriptors_only,B5,B5_class_weight_threshold_tuning,LOGO,8,0.9,balanced,Gefitinib
0.3246870597159486,0.2978723404255319,0.175,0.6333333333333333,1.0,0.9122203098106713,0.6482843137254901,C2,C2_rdkit_descriptors_only,B5,B5_class_weight_threshold_tuning,LOGO,9,0.05,balanced,Lumefantrine
0.3530749395779234,0.35294117647058826,0.2222222222222222,0.7555555555555555,0.8571428571428571,0.9122203098106713,0.6482843137254901,C2,C2_rdkit_descriptors_only,B5,B5_class_weight_threshold_tuning,LOGO,9,0.1,balanced,Lumefantrine
0.37564543510699266,0.375,0.24,0.7777777777777778,0.8571428571428571,0.9122203098106713,0.6482843137254901,C2,C2_rdkit_descriptors_only,B5,B5_class_weight_threshold_tuning,LOGO,9,0.15,balanced,Lumefantrine
0.49580184538847116,0.5,0.35294117647058826,0.8666666666666667,0.8571428571428571,0.9122203098106713,0.6482843137254901,C2,C2_rdkit_descriptors_only,B5,B5_class_weight_threshold_tuning,LOGO,9,0.2,balanced,Lumefantrine
0.3742683404713793,0.42105263157894735,0.3333333333333333,0.8777777777777778,0.5714285714285714,0.9122203098106713,0.6482843137254901,C2,C2_rdkit_descriptors_only,B5,B5_class_weight_threshold_tuning,LOGO,9,0.25,balanced,Lumefantrine
0.6394270834691721,0.6,1.0,0.9555555555555556,0.42857142857142855,0.9122203098106713,0.6482843137254901,C2,C2_rdkit_descriptors_only,B5,B5_class_weight_threshold_tuning,LOGO,9,0.3,balanced,Lumefantrine
0.5191151312382635,0.4444444444444444,1.0,0.9444444444444444,0.2857142857142857,0.9122203098106713,0.6482843137254901,C2,C2_rdkit_descriptors_only,B5,B5_class_weight_threshold_tuning,LOGO,9,0.35,balanced,Lumefantrine
0.5191151312382635,0.4444444444444444,1.0,0.9444444444444444,0.2857142857142857,0.9122203098106713,0.6482843137254901,C2,C2_rdkit_descriptors_only,B5,B5_class_weight_threshold_tuning,LOGO,9,0.4,balanced,Lumefantrine
0.5191151312382635,0.4444444444444444,1.0,0.9444444444444444,0.2857142857142857,0.9122203098106713,0.6482843137254901,C2,C2_rdkit_descriptors_only,B5,B5_class_weight_threshold_tuning,LOGO,9,0.45,balanced,Lumefantrine
0.5191151312382635,0.4444444444444444,1.0,0.9444444444444444,0.2857142857142857,0.9122203098106713,0.6482843137254901,C2,C2_rdkit_descriptors_only,B5,B5_class_weight_threshold_tuning,LOGO,9,0.5,balanced,Lumefantrine
0.5191151312382635,0.4444444444444444,1.0,0.9444444444444444,0.2857142857142857,0.9122203098106713,0.6482843137254901,C2,C2_rdkit_descriptors_only,B5,B5_class_weight_threshold_tuning,LOGO,9,0.55,balanced,Lumefantrine
0.5191151312382635,0.4444444444444444,1.0,0.9444444444444444,0.2857142857142857,0.9122203098106713,0.6482843137254901,C2,C2_rdkit_descriptors_only,B5,B5_class_weight_threshold_tuning,LOGO,9,0.6,balanced,Lumefantrine
0.0,0.0,0.0,0.9222222222222223,0.0,0.9122203098106713,0.6482843137254901,C2,C2_rdkit_descriptors_only,B5,B5_class_weight_threshold_tuning,LOGO,9,0.65,balanced,Lumefantrine
0.0,0.0,0.0,0.9222222222222223,0.0,0.9122203098106713,0.6482843137254901,C2,C2_rdkit_descriptors_only,B5,B5_class_weight_threshold_tuning,LOGO,9,0.7,balanced,Lumefantrine
0.0,0.0,0.0,0.9222222222222223,0.0,0.9122203098106713,0.6482843137254901,C2,C2_rdkit_descriptors_only,B5,B5_class_weight_threshold_tuning,LOGO,9,0.75,balanced,Lumefantrine
0.0,0.0,0.0,0.9222222222222223,0.0,0.9122203098106713,0.6482843137254901,C2,C2_rdkit_descriptors_only,B5,B5_class_weight_threshold_tuning,LOGO,9,0.8,balanced,Lumefantrine
0.0,0.0,0.0,0.9222222222222223,0.0,0.9122203098106713,0.6482843137254901,C2,C2_rdkit_descriptors_only,B5,B5_class_weight_threshold_tuning,LOGO,9,0.85,balanced,Lumefantrine
0.0,0.0,0.0,0.9222222222222223,0.0,0.9122203098106713,0.6482843137254901,C2,C2_rdkit_descriptors_only,B5,B5_class_weight_threshold_tuning,LOGO,9,0.9,balanced,Lumefantrine
-0.1057361065275362,0.1111111111111111,0.13333333333333333,0.6444444444444445,0.09523809523809523,0.5538302277432712,0.3268677267510451,C2,C2_rdkit_descriptors_only,B5,B5_class_weight_threshold_tuning,LOGO,10,0.05,balanced,Nelfinavir
-0.045449184511143735,0.125,0.18181818181818182,0.6888888888888889,0.09523809523809523,0.5538302277432712,0.3268677267510451,C2,C2_rdkit_descriptors_only,B5,B5_class_weight_threshold_tuning,LOGO,10,0.1,balanced,Nelfinavir
-0.008756782291545561,0.13333333333333333,0.2222222222222222,0.7111111111111111,0.09523809523809523,0.5538302277432712,0.3268677267510451,C2,C2_rdkit_descriptors_only,B5,B5_class_weight_threshold_tuning,LOGO,10,0.15,balanced,Nelfinavir
0.01230821669259179,0.13793103448275862,0.25,0.7222222222222222,0.09523809523809523,0.5538302277432712,0.3268677267510451,C2,C2_rdkit_descriptors_only,B5,B5_class_weight_threshold_tuning,LOGO,10,0.2,balanced,Nelfinavir
0.0631894097806702,0.14814814814814814,0.3333333333333333,0.7444444444444445,0.09523809523809523,0.5538302277432712,0.3268677267510451,C2,C2_rdkit_descriptors_only,B5,B5_class_weight_threshold_tuning,LOGO,10,0.25,balanced,Nelfinavir
0.09557242498741929,0.15384615384615385,0.4,0.7555555555555555,0.09523809523809523,0.5538302277432712,0.3268677267510451,C2,C2_rdkit_descriptors_only,B5,B5_class_weight_threshold_tuning,LOGO,10,0.3,balanced,Nelfinavir
0.19025295692965058,0.16666666666666666,0.6666666666666666,0.7777777777777778,0.09523809523809523,0.5538302277432712,0.3268677267510451,C2,C2_rdkit_descriptors_only,B5,B5_class_weight_threshold_tuning,LOGO,10,0.35,balanced,Nelfinavir
0.19025295692965058,0.16666666666666666,0.6666666666666666,0.7777777777777778,0.09523809523809523,0.5538302277432712,0.3268677267510451,C2,C2_rdkit_descriptors_only,B5,B5_class_weight_threshold_tuning,LOGO,10,0.4,balanced,Nelfinavir
0.19025295692965058,0.16666666666666666,0.6666666666666666,0.7777777777777778,0.09523809523809523,0.5538302277432712,0.3268677267510451,C2,C2_rdkit_descriptors_only,B5,B5_class_weight_threshold_tuning,LOGO,10,0.45,balanced,Nelfinavir
0.27326786250001056,0.17391304347826086,1.0,0.7888888888888889,0.09523809523809523,0.5538302277432712,0.3268677267510451,C2,C2_rdkit_descriptors_only,B5,B5_class_weight_threshold_tuning,LOGO,10,0.5,balanced,Nelfinavir
0.27326786250001056,0.17391304347826086,1.0,0.7888888888888889,0.09523809523809523,0.5538302277432712,0.3268677267510451,C2,C2_rdkit_descriptors_only,B5,B5_class_weight_threshold_tuning,LOGO,10,0.55,balanced,Nelfinavir
0.27326786250001056,0.17391304347826086,1.0,0.7888888888888889,0.09523809523809523,0.5538302277432712,0.3268677267510451,C2,C2_rdkit_descriptors_only,B5,B5_class_weight_threshold_tuning,LOGO,10,0.6,balanced,Nelfinavir
0.1921409327596115,0.09090909090909091,1.0,0.7777777777777778,0.047619047619047616,0.5538302277432712,0.3268677267510451,C2,C2_rdkit_descriptors_only,B5,B5_class_weight_threshold_tuning,LOGO,10,0.65,balanced,Nelfinavir
0.0,0.0,0.0,0.7666666666666667,0.0,0.5538302277432712,0.3268677267510451,C2,C2_rdkit_descriptors_only,B5,B5_class_weight_threshold_tuning,LOGO,10,0.7,balanced,Nelfinavir
0.0,0.0,0.0,0.7666666666666667,0.0,0.5538302277432712,0.3268677267510451,C2,C2_rdkit_descriptors_only,B5,B5_class_weight_threshold_tuning,LOGO,10,0.75,balanced,Nelfinavir
0.0,0.0,0.0,0.7666666666666667,0.0,0.5538302277432712,0.3268677267510451,C2,C2_rdkit_descriptors_only,B5,B5_class_weight_threshold_tuning,LOGO,10,0.8,balanced,Nelfinavir
0.0,0.0,0.0,0.7666666666666667,0.0,0.5538302277432712,0.3268677267510451,C2,C2_rdkit_descriptors_only,B5,B5_class_weight_threshold_tuning,LOGO,10,0.85,balanced,Nelfinavir
0.0,0.0,0.0,0.7666666666666667,0.0,0.5538302277432712,0.3268677267510451,C2,C2_rdkit_descriptors_only,B5,B5_class_weight_threshold_tuning,LOGO,10,0.9,balanced,Nelfinavir
0.17635327745437432,0.1,0.05263157894736842,0.6,1.0,0.8607954545454546,0.10416666666666666,C2,C2_rdkit_descriptors_only,B5,B5_class_weight_threshold_tuning,LOGO,11,0.05,balanced,Physcion
0.24308621740219888,0.14814814814814814,0.08,0.7444444444444445,1.0,0.8607954545454546,0.10416666666666666,C2,C2_rdkit_descriptors_only,B5,B5_class_weight_threshold_tuning,LOGO,11,0.1,balanced,Physcion
-0.0562543950463012,0.0,0.0,0.8555555555555555,0.0,0.8607954545454546,0.10416666666666666,C2,C2_rdkit_descriptors_only,B5,B5_class_weight_threshold_tuning,LOGO,11,0.15,balanced,Physcion
-0.040291148201269014,0.0,0.0,0.9111111111111111,0.0,0.8607954545454546,0.10416666666666666,C2,C2_rdkit_descriptors_only,B5,B5_class_weight_threshold_tuning,LOGO,11,0.2,balanced,Physcion
-0.027994625547792713,0.0,0.0,0.9444444444444444,0.0,0.8607954545454546,0.10416666666666666,C2,C2_rdkit_descriptors_only,B5,B5_class_weight_threshold_tuning,LOGO,11,0.25,balanced,Physcion
-0.022727272727272728,0.0,0.0,0.9555555555555556,0.0,0.8607954545454546,0.10416666666666666,C2,C2_rdkit_descriptors_only,B5,B5_class_weight_threshold_tuning,LOGO,11,0.3,balanced,Physcion
-0.022727272727272728,0.0,0.0,0.9555555555555556,0.0,0.8607954545454546,0.10416666666666666,C2,C2_rdkit_descriptors_only,B5,B5_class_weight_threshold_tuning,LOGO,11,0.35,balanced,Physcion
-0.022727272727272728,0.0,0.0,0.9555555555555556,0.0,0.8607954545454546,0.10416666666666666,C2,C2_rdkit_descriptors_only,B5,B5_class_weight_threshold_tuning,LOGO,11,0.4,balanced,Physcion
-0.022727272727272728,0.0,0.0,0.9555555555555556,0.0,0.8607954545454546,0.10416666666666666,C2,C2_rdkit_descriptors_only,B5,B5_class_weight_threshold_tuning,LOGO,11,0.45,balanced,Physcion
-0.01598006930251483,0.0,0.0,0.9666666666666667,0.0,0.8607954545454546,0.10416666666666666,C2,C2_rdkit_descriptors_only,B5,B5_class_weight_threshold_tuning,LOGO,11,0.5,balanced,Physcion
0.0,0.0,0.0,0.9777777777777777,0.0,0.8607954545454546,0.10416666666666666,C2,C2_rdkit_descriptors_only,B5,B5_class_weight_threshold_tuning,LOGO,11,0.55,balanced,Physcion
0.0,0.0,0.0,0.9777777777777777,0.0,0.8607954545454546,0.10416666666666666,C2,C2_rdkit_descriptors_only,B5,B5_class_weight_threshold_tuning,LOGO,11,0.6,balanced,Physcion
0.0,0.0,0.0,0.9777777777777777,0.0,0.8607954545454546,0.10416666666666666,C2,C2_rdkit_descriptors_only,B5,B5_class_weight_threshold_tuning,LOGO,11,0.65,balanced,Physcion
0.0,0.0,0.0,0.9777777777777777,0.0,0.8607954545454546,0.10416666666666666,C2,C2_rdkit_descriptors_only,B5,B5_class_weight_threshold_tuning,LOGO,11,0.7,balanced,Physcion
0.0,0.0,0.0,0.9777777777777777,0.0,0.8607954545454546,0.10416666666666666,C2,C2_rdkit_descriptors_only,B5,B5_class_weight_threshold_tuning,LOGO,11,0.75,balanced,Physcion
0.0,0.0,0.0,0.9777777777777777,0.0,0.8607954545454546,0.10416666666666666,C2,C2_rdkit_descriptors_only,B5,B5_class_weight_threshold_tuning,LOGO,11,0.8,balanced,Physcion
0.0,0.0,0.0,0.9777777777777777,0.0,0.8607954545454546,0.10416666666666666,C2,C2_rdkit_descriptors_only,B5,B5_class_weight_threshold_tuning,LOGO,11,0.85,balanced,Physcion
0.0,0.0,0.0,0.9777777777777777,0.0,0.8607954545454546,0.10416666666666666,C2,C2_rdkit_descriptors_only,B5,B5_class_weight_threshold_tuning,LOGO,11,0.9,balanced,Physcion
0.0,0.0,0.0,0.5555555555555556,0.0,,,C2,C2_rdkit_descriptors_only,B5,B5_class_weight_threshold_tuning,LOGO,12,0.05,balanced,Pranlukast
0.0,0.0,0.0,0.7777777777777778,0.0,,,C2,C2_rdkit_descriptors_only,B5,B5_class_weight_threshold_tuning,LOGO,12,0.1,balanced,Pranlukast
0.0,0.0,0.0,0.8333333333333334,0.0,,,C2,C2_rdkit_descriptors_only,B5,B5_class_weight_threshold_tuning,LOGO,12,0.15,balanced,Pranlukast
0.0,0.0,0.0,0.9333333333333333,0.0,,,C2,C2_rdkit_descriptors_only,B5,B5_class_weight_threshold_tuning,LOGO,12,0.2,balanced,Pranlukast
0.0,0.0,0.0,0.9444444444444444,0.0,,,C2,C2_rdkit_descriptors_only,B5,B5_class_weight_threshold_tuning,LOGO,12,0.25,balanced,Pranlukast
0.0,0.0,0.0,0.9666666666666667,0.0,,,C2,C2_rdkit_descriptors_only,B5,B5_class_weight_threshold_tuning,LOGO,12,0.3,balanced,Pranlukast
0.0,0.0,0.0,0.9777777777777777,0.0,,,C2,C2_rdkit_descriptors_only,B5,B5_class_weight_threshold_tuning,LOGO,12,0.35,balanced,Pranlukast
0.0,0.0,0.0,0.9777777777777777,0.0,,,C2,C2_rdkit_descriptors_only,B5,B5_class_weight_threshold_tuning,LOGO,12,0.4,balanced,Pranlukast
0.0,0.0,0.0,0.9777777777777777,0.0,,,C2,C2_rdkit_descriptors_only,B5,B5_class_weight_threshold_tuning,LOGO,12,0.45,balanced,Pranlukast
0.0,0.0,0.0,0.9777777777777777,0.0,,,C2,C2_rdkit_descriptors_only,B5,B5_class_weight_threshold_tuning,LOGO,12,0.5,balanced,Pranlukast
0.0,0.0,0.0,0.9777777777777777,0.0,,,C2,C2_rdkit_descriptors_only,B5,B5_class_weight_threshold_tuning,LOGO,12,0.55,balanced,Pranlukast
0.0,0.0,0.0,0.9777777777777777,0.0,,,C2,C2_rdkit_descriptors_only,B5,B5_class_weight_threshold_tuning,LOGO,12,0.6,balanced,Pranlukast
0.0,0.0,0.0,0.9888888888888889,0.0,,,C2,C2_rdkit_descriptors_only,B5,B5_class_weight_threshold_tuning,LOGO,12,0.65,balanced,Pranlukast
0.0,0.0,0.0,0.9888888888888889,0.0,,,C2,C2_rdkit_descriptors_only,B5,B5_class_weight_threshold_tuning,LOGO,12,0.7,balanced,Pranlukast
0.0,0.0,0.0,1.0,0.0,,,C2,C2_rdkit_descriptors_only,B5,B5_class_weight_threshold_tuning,LOGO,12,0.75,balanced,Pranlukast
0.0,0.0,0.0,1.0,0.0,,,C2,C2_rdkit_descriptors_only,B5,B5_class_weight_threshold_tuning,LOGO,12,0.8,balanced,Pranlukast
0.0,0.0,0.0,1.0,0.0,,,C2,C2_rdkit_descriptors_only,B5,B5_class_weight_threshold_tuning,LOGO,12,0.85,balanced,Pranlukast
0.0,0.0,0.0,1.0,0.0,,,C2,C2_rdkit_descriptors_only,B5,B5_class_weight_threshold_tuning,LOGO,12,0.9,balanced,Pranlukast
0.2123507433382009,0.14285714285714285,0.07692307692307693,0.6,1.0,0.9636015325670497,0.7435897435897436,C2,C2_rdkit_descriptors_only,B5,B5_class_weight_threshold_tuning,LOGO,13,0.05,balanced,Rapamycin
0.256180553681458,0.17647058823529413,0.0967741935483871,0.6888888888888889,1.0,0.9636015325670497,0.7435897435897436,C2,C2_rdkit_descriptors_only,B5,B5_class_weight_threshold_tuning,LOGO,13,0.1,balanced,Rapamycin
0.2693189543416088,0.1875,0.10344827586206896,0.7111111111111111,1.0,0.9636015325670497,0.7435897435897436,C2,C2_rdkit_descriptors_only,B5,B5_class_weight_threshold_tuning,LOGO,13,0.15,balanced,Rapamycin
0.49541508402214945,0.5,0.4,0.9555555555555556,0.6666666666666666,0.9636015325670497,0.7435897435897436,C2,C2_rdkit_descriptors_only,B5,B5_class_weight_threshold_tuning,LOGO,13,0.2,balanced,Rapamycin
0.8118441408859887,0.8,1.0,0.9888888888888889,0.6666666666666666,0.9636015325670497,0.7435897435897436,C2,C2_rdkit_descriptors_only,B5,B5_class_weight_threshold_tuning,LOGO,13,0.25,balanced,Rapamycin
0.8118441408859887,0.8,1.0,0.9888888888888889,0.6666666666666666,0.9636015325670497,0.7435897435897436,C2,C2_rdkit_descriptors_only,B5,B5_class_weight_threshold_tuning,LOGO,13,0.3,balanced,Rapamycin
0.8118441408859887,0.8,1.0,0.9888888888888889,0.6666666666666666,0.9636015325670497,0.7435897435897436,C2,C2_rdkit_descriptors_only,B5,B5_class_weight_threshold_tuning,LOGO,13,0.35,balanced,Rapamycin
0.5708263279047433,0.5,1.0,0.9777777777777777,0.3333333333333333,0.9636015325670497,0.7435897435897436,C2,C2_rdkit_descriptors_only,B5,B5_class_weight_threshold_tuning,LOGO,13,0.4,balanced,Rapamycin
0.5708263279047433,0.5,1.0,0.9777777777777777,0.3333333333333333,0.9636015325670497,0.7435897435897436,C2,C2_rdkit_descriptors_only,B5,B5_class_weight_threshold_tuning,LOGO,13,0.45,balanced,Rapamycin
0.5708263279047433,0.5,1.0,0.9777777777777777,0.3333333333333333,0.9636015325670497,0.7435897435897436,C2,C2_rdkit_descriptors_only,B5,B5_class_weight_threshold_tuning,LOGO,13,0.5,balanced,Rapamycin
0.5708263279047433,0.5,1.0,0.9777777777777777,0.3333333333333333,0.9636015325670497,0.7435897435897436,C2,C2_rdkit_descriptors_only,B5,B5_class_weight_threshold_tuning,LOGO,13,0.55,balanced,Rapamycin
0.0,0.0,0.0,0.9666666666666667,0.0,0.9636015325670497,0.7435897435897436,C2,C2_rdkit_descriptors_only,B5,B5_class_weight_threshold_tuning,LOGO,13,0.6,balanced,Rapamycin
0.0,0.0,0.0,0.9666666666666667,0.0,0.9636015325670497,0.7435897435897436,C2,C2_rdkit_descriptors_only,B5,B5_class_weight_threshold_tuning,LOGO,13,0.65,balanced,Rapamycin
0.0,0.0,0.0,0.9666666666666667,0.0,0.9636015325670497,0.7435897435897436,C2,C2_rdkit_descriptors_only,B5,B5_class_weight_threshold_tuning,LOGO,13,0.7,balanced,Rapamycin
0.0,0.0,0.0,0.9666666666666667,0.0,0.9636015325670497,0.7435897435897436,C2,C2_rdkit_descriptors_only,B5,B5_class_weight_threshold_tuning,LOGO,13,0.75,balanced,Rapamycin
0.0,0.0,0.0,0.9666666666666667,0.0,0.9636015325670497,0.7435897435897436,C2,C2_rdkit_descriptors_only,B5,B5_class_weight_threshold_tuning,LOGO,13,0.8,balanced,Rapamycin
0.0,0.0,0.0,0.9666666666666667,0.0,0.9636015325670497,0.7435897435897436,C2,C2_rdkit_descriptors_only,B5,B5_class_weight_threshold_tuning,LOGO,13,0.85,balanced,Rapamycin
0.0,0.0,0.0,0.9666666666666667,0.0,0.9636015325670497,0.7435897435897436,C2,C2_rdkit_descriptors_only,B5,B5_class_weight_threshold_tuning,LOGO,13,0.9,balanced,Rapamycin
0.22276052780340763,0.25,0.15384615384615385,0.7333333333333333,0.6666666666666666,0.8402777777777778,0.4310989512083903,C2,C2_rdkit_descriptors_only,B5,B5_class_weight_threshold_tuning,LOGO,14,0.05,balanced,Rilpivirine
0.35856858280031806,0.38095238095238093,0.26666666666666666,0.8555555555555555,0.6666666666666666,0.8402777777777778,0.4310989512083903,C2,C2_rdkit_descriptors_only,B5,B5_class_weight_threshold_tuning,LOGO,14,0.1,balanced,Rilpivirine
0.20786985482077452,0.26666666666666666,0.2222222222222222,0.8777777777777778,0.3333333333333333,0.8402777777777778,0.4310989512083903,C2,C2_rdkit_descriptors_only,B5,B5_class_weight_threshold_tuning,LOGO,14,0.15,balanced,Rilpivirine
0.2857142857142857,0.3333333333333333,0.3333333333333333,0.9111111111111111,0.3333333333333333,0.8402777777777778,0.4310989512083903,C2,C2_rdkit_descriptors_only,B5,B5_class_weight_threshold_tuning,LOGO,14,0.2,balanced,Rilpivirine
0.2857142857142857,0.3333333333333333,0.3333333333333333,0.9111111111111111,0.3333333333333333,0.8402777777777778,0.4310989512083903,C2,C2_rdkit_descriptors_only,B5,B5_class_weight_threshold_tuning,LOGO,14,0.25,balanced,Rilpivirine
0.3241018617760822,0.36363636363636365,0.4,0.9222222222222223,0.3333333333333333,0.8402777777777778,0.4310989512083903,C2,C2_rdkit_descriptors_only,B5,B5_class_weight_threshold_tuning,LOGO,14,0.3,balanced,Rilpivirine
0.2618924633082486,0.25,0.5,0.9333333333333333,0.16666666666666666,0.8402777777777778,0.4310989512083903,C2,C2_rdkit_descriptors_only,B5,B5_class_weight_threshold_tuning,LOGO,14,0.35,balanced,Rilpivirine
0.2618924633082486,0.25,0.5,0.9333333333333333,0.16666666666666666,0.8402777777777778,0.4310989512083903,C2,C2_rdkit_descriptors_only,B5,B5_class_weight_threshold_tuning,LOGO,14,0.4,balanced,Rilpivirine
0.39661488976905146,0.2857142857142857,1.0,0.9444444444444444,0.16666666666666666,0.8402777777777778,0.4310989512083903,C2,C2_rdkit_descriptors_only,B5,B5_class_weight_threshold_tuning,LOGO,14,0.45,balanced,Rilpivirine
0.39661488976905146,0.2857142857142857,1.0,0.9444444444444444,0.16666666666666666,0.8402777777777778,0.4310989512083903,C2,C2_rdkit_descriptors_only,B5,B5_class_weight_threshold_tuning,LOGO,14,0.5,balanced,Rilpivirine
0.39661488976905146,0.2857142857142857,1.0,0.9444444444444444,0.16666666666666666,0.8402777777777778,0.4310989512083903,C2,C2_rdkit_descriptors_only,B5,B5_class_weight_threshold_tuning,LOGO,14,0.55,balanced,Rilpivirine
0.0,0.0,0.0,0.9333333333333333,0.0,0.8402777777777778,0.4310989512083903,C2,C2_rdkit_descriptors_only,B5,B5_class_weight_threshold_tuning,LOGO,14,0.6,balanced,Rilpivirine
0.0,0.0,0.0,0.9333333333333333,0.0,0.8402777777777778,0.4310989512083903,C2,C2_rdkit_descriptors_only,B5,B5_class_weight_threshold_tuning,LOGO,14,0.65,balanced,Rilpivirine
0.0,0.0,0.0,0.9333333333333333,0.0,0.8402777777777778,0.4310989512083903,C2,C2_rdkit_descriptors_only,B5,B5_class_weight_threshold_tuning,LOGO,14,0.7,balanced,Rilpivirine
0.0,0.0,0.0,0.9333333333333333,0.0,0.8402777777777778,0.4310989512083903,C2,C2_rdkit_descriptors_only,B5,B5_class_weight_threshold_tuning,LOGO,14,0.75,balanced,Rilpivirine
0.0,0.0,0.0,0.9333333333333333,0.0,0.8402777777777778,0.4310989512083903,C2,C2_rdkit_descriptors_only,B5,B5_class_weight_threshold_tuning,LOGO,14,0.8,balanced,Rilpivirine
0.0,0.0,0.0,0.9333333333333333,0.0,0.8402777777777778,0.4310989512083903,C2,C2_rdkit_descriptors_only,B5,B5_class_weight_threshold_tuning,LOGO,14,0.85,balanced,Rilpivirine
0.0,0.0,0.0,0.9333333333333333,0.0,0.8402777777777778,0.4310989512083903,C2,C2_rdkit_descriptors_only,B5,B5_class_weight_threshold_tuning,LOGO,14,0.9,balanced,Rilpivirine
0.192068331336634,0.25,0.15,0.6,0.75,0.7964939024390245,0.5301844967288594,C2,C2_rdkit_descriptors_only,B5,B5_class_weight_threshold_tuning,LOGO,15,0.05,balanced,Sorafenib
0.3480100914647813,0.4,0.29411764705882354,0.8333333333333334,0.625,0.7964939024390245,0.5301844967288594,C2,C2_rdkit_descriptors_only,B5,B5_class_weight_threshold_tuning,LOGO,15,0.1,balanced,Sorafenib
0.28631856346244444,0.35294117647058826,0.3333333333333333,0.8777777777777778,0.375,0.7964939024390245,0.5301844967288594,C2,C2_rdkit_descriptors_only,B5,B5_class_weight_threshold_tuning,LOGO,15,0.15,balanced,Sorafenib
0.4355935609701779,0.46153846153846156,0.6,0.9222222222222223,0.375,0.7964939024390245,0.5301844967288594,C2,C2_rdkit_descriptors_only,B5,B5_class_weight_threshold_tuning,LOGO,15,0.2,balanced,Sorafenib
0.5010093329203401,0.5,0.75,0.9333333333333333,0.375,0.7964939024390245,0.5301844967288594,C2,C2_rdkit_descriptors_only,B5,B5_class_weight_threshold_tuning,LOGO,15,0.25,balanced,Sorafenib
0.48265364958171136,0.4,1.0,0.9333333333333333,0.25,0.7964939024390245,0.5301844967288594,C2,C2_rdkit_descriptors_only,B5,B5_class_weight_threshold_tuning,LOGO,15,0.3,balanced,Sorafenib
0.48265364958171136,0.4,1.0,0.9333333333333333,0.25,0.7964939024390245,0.5301844967288594,C2,C2_rdkit_descriptors_only,B5,B5_class_weight_threshold_tuning,LOGO,15,0.35,balanced,Sorafenib
0.48265364958171136,0.4,1.0,0.9333333333333333,0.25,0.7964939024390245,0.5301844967288594,C2,C2_rdkit_descriptors_only,B5,B5_class_weight_threshold_tuning,LOGO,15,0.4,balanced,Sorafenib
0.48265364958171136,0.4,1.0,0.9333333333333333,0.25,0.7964939024390245,0.5301844967288594,C2,C2_rdkit_descriptors_only,B5,B5_class_weight_threshold_tuning,LOGO,15,0.45,balanced,Sorafenib
0.339364905854808,0.2222222222222222,1.0,0.9222222222222223,0.125,0.7964939024390245,0.5301844967288594,C2,C2_rdkit_descriptors_only,B5,B5_class_weight_threshold_tuning,LOGO,15,0.5,balanced,Sorafenib
0.339364905854808,0.2222222222222222,1.0,0.9222222222222223,0.125,0.7964939024390245,0.5301844967288594,C2,C2_rdkit_descriptors_only,B5,B5_class_weight_threshold_tuning,LOGO,15,0.55,balanced,Sorafenib
0.0,0.0,0.0,0.9111111111111111,0.0,0.7964939024390245,0.5301844967288594,C2,C2_rdkit_descriptors_only,B5,B5_class_weight_threshold_tuning,LOGO,15,0.6,balanced,Sorafenib
0.0,0.0,0.0,0.9111111111111111,0.0,0.7964939024390245,0.5301844967288594,C2,C2_rdkit_descriptors_only,B5,B5_class_weight_threshold_tuning,LOGO,15,0.65,balanced,Sorafenib
0.0,0.0,0.0,0.9111111111111111,0.0,0.7964939024390245,0.5301844967288594,C2,C2_rdkit_descriptors_only,B5,B5_class_weight_threshold_tuning,LOGO,15,0.7,balanced,Sorafenib
0.0,0.0,0.0,0.9111111111111111,0.0,0.7964939024390245,0.5301844967288594,C2,C2_rdkit_descriptors_only,B5,B5_class_weight_threshold_tuning,LOGO,15,0.75,balanced,Sorafenib
0.0,0.0,0.0,0.9111111111111111,0.0,0.7964939024390245,0.5301844967288594,C2,C2_rdkit_descriptors_only,B5,B5_class_weight_threshold_tuning,LOGO,15,0.8,balanced,Sorafenib
0.0,0.0,0.0,0.9111111111111111,0.0,0.7964939024390245,0.5301844967288594,C2,C2_rdkit_descriptors_only,B5,B5_class_weight_threshold_tuning,LOGO,15,0.85,balanced,Sorafenib
0.0,0.0,0.0,0.9111111111111111,0.0,0.7964939024390245,0.5301844967288594,C2,C2_rdkit_descriptors_only,B5,B5_class_weight_threshold_tuning,LOGO,15,0.9,balanced,Sorafenib
0.12121539504758784,0.05,0.02564102564102564,0.5777777777777777,1.0,0.9887640449438202,0.5,C2,C2_rdkit_descriptors_only,B5,B5_class_weight_threshold_tuning,LOGO,16,0.05,balanced,Taxol
0.15373434974196576,0.06666666666666667,0.034482758620689655,0.6888888888888889,1.0,0.9887640449438202,0.5,C2,C2_rdkit_descriptors_only,B5,B5_class_weight_threshold_tuning,LOGO,16,0.1,balanced,Taxol
0.24697203200097417,0.13333333333333333,0.07142857142857142,0.8555555555555555,1.0,0.9887640449438202,0.5,C2,C2_rdkit_descriptors_only,B5,B5_class_weight_threshold_tuning,LOGO,16,0.15,balanced,Taxol
0.5708263279047433,0.5,0.3333333333333333,0.9777777777777777,1.0,0.9887640449438202,0.5,C2,C2_rdkit_descriptors_only,B5,B5_class_weight_threshold_tuning,LOGO,16,0.2,balanced,Taxol
0.5708263279047433,0.5,0.3333333333333333,0.9777777777777777,1.0,0.9887640449438202,0.5,C2,C2_rdkit_descriptors_only,B5,B5_class_weight_threshold_tuning,LOGO,16,0.25,balanced,Taxol
0.5708263279047433,0.5,0.3333333333333333,0.9777777777777777,1.0,0.9887640449438202,0.5,C2,C2_rdkit_descriptors_only,B5,B5_class_weight_threshold_tuning,LOGO,16,0.3,balanced,Taxol
0.7031230493106524,0.6666666666666666,0.5,0.9888888888888889,1.0,0.9887640449438202,0.5,C2,C2_rdkit_descriptors_only,B5,B5_class_weight_threshold_tuning,LOGO,16,0.35,balanced,Taxol
0.7031230493106524,0.6666666666666666,0.5,0.9888888888888889,1.0,0.9887640449438202,0.5,C2,C2_rdkit_descriptors_only,B5,B5_class_weight_threshold_tuning,LOGO,16,0.4,balanced,Taxol
0.7031230493106524,0.6666666666666666,0.5,0.9888888888888889,1.0,0.9887640449438202,0.5,C2,C2_rdkit_descriptors_only,B5,B5_class_weight_threshold_tuning,LOGO,16,0.45,balanced,Taxol
-0.011235955056179775,0.0,0.0,0.9777777777777777,0.0,0.9887640449438202,0.5,C2,C2_rdkit_descriptors_only,B5,B5_class_weight_threshold_tuning,LOGO,16,0.5,balanced,Taxol
-0.011235955056179775,0.0,0.0,0.9777777777777777,0.0,0.9887640449438202,0.5,C2,C2_rdkit_descriptors_only,B5,B5_class_weight_threshold_tuning,LOGO,16,0.55,balanced,Taxol
0.0,0.0,0.0,0.9888888888888889,0.0,0.9887640449438202,0.5,C2,C2_rdkit_descriptors_only,B5,B5_class_weight_threshold_tuning,LOGO,16,0.6,balanced,Taxol
0.0,0.0,0.0,0.9888888888888889,0.0,0.9887640449438202,0.5,C2,C2_rdkit_descriptors_only,B5,B5_class_weight_threshold_tuning,LOGO,16,0.65,balanced,Taxol
0.0,0.0,0.0,0.9888888888888889,0.0,0.9887640449438202,0.5,C2,C2_rdkit_descriptors_only,B5,B5_class_weight_threshold_tuning,LOGO,16,0.7,balanced,Taxol
0.0,0.0,0.0,0.9888888888888889,0.0,0.9887640449438202,0.5,C2,C2_rdkit_descriptors_only,B5,B5_class_weight_threshold_tuning,LOGO,16,0.75,balanced,Taxol
0.0,0.0,0.0,0.9888888888888889,0.0,0.9887640449438202,0.5,C2,C2_rdkit_descriptors_only,B5,B5_class_weight_threshold_tuning,LOGO,16,0.8,balanced,Taxol
0.0,0.0,0.0,0.9888888888888889,0.0,0.9887640449438202,0.5,C2,C2_rdkit_descriptors_only,B5,B5_class_weight_threshold_tuning,LOGO,16,0.85,balanced,Taxol
0.0,0.0,0.0,0.9888888888888889,0.0,0.9887640449438202,0.5,C2,C2_rdkit_descriptors_only,B5,B5_class_weight_threshold_tuning,LOGO,16,0.9,balanced,Taxol
0.3153379712054969,0.2909090909090909,0.17391304347826086,0.7291666666666666,0.8888888888888888,0.9197530864197531,0.43953638953638957,C3,C3_morgan_rdkit,B4,B4_threshold_tuning_only,CV,1,0.05,none,
0.47699777957599565,0.4827586206896552,0.35,0.8958333333333334,0.7777777777777778,0.9197530864197531,0.43953638953638957,C3,C3_morgan_rdkit,B4,B4_threshold_tuning_only,CV,1,0.1,none,
0.46578049506505587,0.5,0.45454545454545453,0.9305555555555556,0.5555555555555556,0.9197530864197531,0.43953638953638957,C3,C3_morgan_rdkit,B4,B4_threshold_tuning_only,CV,1,0.15,none,
0.28888888888888886,0.3333333333333333,0.3333333333333333,0.9166666666666666,0.3333333333333333,0.9197530864197531,0.43953638953638957,C3,C3_morgan_rdkit,B4,B4_threshold_tuning_only,CV,1,0.2,none,
0.23329882422520504,0.26666666666666666,0.3333333333333333,0.9236111111111112,0.2222222222222222,0.9197530864197531,0.43953638953638957,C3,C3_morgan_rdkit,B4,B4_threshold_tuning_only,CV,1,0.25,none,
0.26443913771217153,0.2857142857142857,0.4,0.9305555555555556,0.2222222222222222,0.9197530864197531,0.43953638953638957,C3,C3_morgan_rdkit,B4,B4_threshold_tuning_only,CV,1,0.3,none,
0.26443913771217153,0.2857142857142857,0.4,0.9305555555555556,0.2222222222222222,0.9197530864197531,0.43953638953638957,C3,C3_morgan_rdkit,B4,B4_threshold_tuning_only,CV,1,0.35,none,
0.13093073414159542,0.15384615384615385,0.25,0.9236111111111112,0.1111111111111111,0.9197530864197531,0.43953638953638957,C3,C3_morgan_rdkit,B4,B4_threshold_tuning_only,CV,1,0.4,none,
0.13093073414159542,0.15384615384615385,0.25,0.9236111111111112,0.1111111111111111,0.9197530864197531,0.43953638953638957,C3,C3_morgan_rdkit,B4,B4_threshold_tuning_only,CV,1,0.45,none,
0.16320277505018704,0.16666666666666666,0.3333333333333333,0.9305555555555556,0.1111111111111111,0.9197530864197531,0.43953638953638957,C3,C3_morgan_rdkit,B4,B4_threshold_tuning_only,CV,1,0.5,none,
0.21449799456256347,0.18181818181818182,0.5,0.9375,0.1111111111111111,0.9197530864197531,0.43953638953638957,C3,C3_morgan_rdkit,B4,B4_threshold_tuning_only,CV,1,0.55,none,
0.21449799456256347,0.18181818181818182,0.5,0.9375,0.1111111111111111,0.9197530864197531,0.43953638953638957,C3,C3_morgan_rdkit,B4,B4_threshold_tuning_only,CV,1,0.6,none,
0.21449799456256347,0.18181818181818182,0.5,0.9375,0.1111111111111111,0.9197530864197531,0.43953638953638957,C3,C3_morgan_rdkit,B4,B4_threshold_tuning_only,CV,1,0.65,none,
0.21449799456256347,0.18181818181818182,0.5,0.9375,0.1111111111111111,0.9197530864197531,0.43953638953638957,C3,C3_morgan_rdkit,B4,B4_threshold_tuning_only,CV,1,0.7,none,
0.32387513781564786,0.2,1.0,0.9444444444444444,0.1111111111111111,0.9197530864197531,0.43953638953638957,C3,C3_morgan_rdkit,B4,B4_threshold_tuning_only,CV,1,0.75,none,
0.0,0.0,0.0,0.9375,0.0,0.9197530864197531,0.43953638953638957,C3,C3_morgan_rdkit,B4,B4_threshold_tuning_only,CV,1,0.8,none,
0.0,0.0,0.0,0.9375,0.0,0.9197530864197531,0.43953638953638957,C3,C3_morgan_rdkit,B4,B4_threshold_tuning_only,CV,1,0.85,none,
0.0,0.0,0.0,0.9375,0.0,0.9197530864197531,0.43953638953638957,C3,C3_morgan_rdkit,B4,B4_threshold_tuning_only,CV,1,0.9,none,
0.20765162084726016,0.23076923076923078,0.13953488372093023,0.7222222222222222,0.6666666666666666,0.7641975308641975,0.28138863455080104,C3,C3_morgan_rdkit,B4,B4_threshold_tuning_only,CV,2,0.05,none,
0.29955822878663024,0.3157894736842105,0.20689655172413793,0.8194444444444444,0.6666666666666666,0.7641975308641975,0.28138863455080104,C3,C3_morgan_rdkit,B4,B4_threshold_tuning_only,CV,2,0.1,none,
0.3110855084191276,0.3448275862068966,0.25,0.8680555555555556,0.5555555555555556,0.7641975308641975,0.28138863455080104,C3,C3_morgan_rdkit,B4,B4_threshold_tuning_only,CV,2,0.15,none,
0.26117157449298234,0.3076923076923077,0.23529411764705882,0.875,0.4444444444444444,0.7641975308641975,0.28138863455080104,C3,C3_morgan_rdkit,B4,B4_threshold_tuning_only,CV,2,0.2,none,
0.23354968324845687,0.2857142857142857,0.25,0.8958333333333334,0.3333333333333333,0.7641975308641975,0.28138863455080104,C3,C3_morgan_rdkit,B4,B4_threshold_tuning_only,CV,2,0.25,none,
0.17037037037037037,0.2222222222222222,0.2222222222222222,0.9027777777777778,0.2222222222222222,0.7641975308641975,0.28138863455080104,C3,C3_morgan_rdkit,B4,B4_threshold_tuning_only,CV,2,0.3,none,
0.1077344635123662,0.14285714285714285,0.2,0.9166666666666666,0.1111111111111111,0.7641975308641975,0.28138863455080104,C3,C3_morgan_rdkit,B4,B4_threshold_tuning_only,CV,2,0.35,none,
0.13093073414159542,0.15384615384615385,0.25,0.9236111111111112,0.1111111111111111,0.7641975308641975,0.28138863455080104,C3,C3_morgan_rdkit,B4,B4_threshold_tuning_only,CV,2,0.4,none,
0.32387513781564786,0.2,1.0,0.9444444444444444,0.1111111111111111,0.7641975308641975,0.28138863455080104,C3,C3_morgan_rdkit,B4,B4_threshold_tuning_only,CV,2,0.45,none,
0.32387513781564786,0.2,1.0,0.9444444444444444,0.1111111111111111,0.7641975308641975,0.28138863455080104,C3,C3_morgan_rdkit,B4,B4_threshold_tuning_only,CV,2,0.5,none,
0.0,0.0,0.0,0.9375,0.0,0.7641975308641975,0.28138863455080104,C3,C3_morgan_rdkit,B4,B4_threshold_tuning_only,CV,2,0.55,none,
0.0,0.0,0.0,0.9375,0.0,0.7641975308641975,0.28138863455080104,C3,C3_morgan_rdkit,B4,B4_threshold_tuning_only,CV,2,0.6,none,
0.0,0.0,0.0,0.9375,0.0,0.7641975308641975,0.28138863455080104,C3,C3_morgan_rdkit,B4,B4_threshold_tuning_only,CV,2,0.65,none,
0.0,0.0,0.0,0.9375,0.0,0.7641975308641975,0.28138863455080104,C3,C3_morgan_rdkit,B4,B4_threshold_tuning_only,CV,2,0.7,none,
0.0,0.0,0.0,0.9375,0.0,0.7641975308641975,0.28138863455080104,C3,C3_morgan_rdkit,B4,B4_threshold_tuning_only,CV,2,0.75,none,
0.0,0.0,0.0,0.9375,0.0,0.7641975308641975,0.28138863455080104,C3,C3_morgan_rdkit,B4,B4_threshold_tuning_only,CV,2,0.8,none,
0.0,0.0,0.0,0.9375,0.0,0.7641975308641975,0.28138863455080104,C3,C3_morgan_rdkit,B4,B4_threshold_tuning_only,CV,2,0.85,none,
0.0,0.0,0.0,0.9375,0.0,0.7641975308641975,0.28138863455080104,C3,C3_morgan_rdkit,B4,B4_threshold_tuning_only,CV,2,0.9,none,
0.3522819383711917,0.32653061224489793,0.2,0.7708333333333334,0.8888888888888888,0.9053497942386831,0.4542671835759393,C3,C3_morgan_rdkit,B4,B4_threshold_tuning_only,CV,3,0.05,none,
0.40088992702996357,0.4,0.2692307692307692,0.8541666666666666,0.7777777777777778,0.9053497942386831,0.4542671835759393,C3,C3_morgan_rdkit,B4,B4_threshold_tuning_only,CV,3,0.1,none,
0.35008104666080614,0.38461538461538464,0.29411764705882354,0.8888888888888888,0.5555555555555556,0.9053497942386831,0.4542671835759393,C3,C3_morgan_rdkit,B4,B4_threshold_tuning_only,CV,3,0.15,none,
0.31909295994661596,0.36363636363636365,0.3076923076923077,0.9027777777777778,0.4444444444444444,0.9053497942386831,0.4542671835759393,C3,C3_morgan_rdkit,B4,B4_threshold_tuning_only,CV,3,0.2,none,
0.3808866325636431,0.42105263157894735,0.4,0.9236111111111112,0.4444444444444444,0.9053497942386831,0.4542671835759393,C3,C3_morgan_rdkit,B4,B4_threshold_tuning_only,CV,3,0.25,none,
0.23329882422520504,0.26666666666666666,0.3333333333333333,0.9236111111111112,0.2222222222222222,0.9053497942386831,0.4542671835759393,C3,C3_morgan_rdkit,B4,B4_threshold_tuning_only,CV,3,0.3,none,
0.26443913771217153,0.2857142857142857,0.4,0.9305555555555556,0.2222222222222222,0.9053497942386831,0.4542671835759393,C3,C3_morgan_rdkit,B4,B4_threshold_tuning_only,CV,3,0.35,none,
0.26443913771217153,0.2857142857142857,0.4,0.9305555555555556,0.2222222222222222,0.9053497942386831,0.4542671835759393,C3,C3_morgan_rdkit,B4,B4_threshold_tuning_only,CV,3,0.4,none,
0.26443913771217153,0.2857142857142857,0.4,0.9305555555555556,0.2222222222222222,0.9053497942386831,0.4542671835759393,C3,C3_morgan_rdkit,B4,B4_threshold_tuning_only,CV,3,0.45,none,
0.30550504633038933,0.3076923076923077,0.5,0.9375,0.2222222222222222,0.9053497942386831,0.4542671835759393,C3,C3_morgan_rdkit,B4,B4_threshold_tuning_only,CV,3,0.5,none,
0.30550504633038933,0.3076923076923077,0.5,0.9375,0.2222222222222222,0.9053497942386831,0.4542671835759393,C3,C3_morgan_rdkit,B4,B4_threshold_tuning_only,CV,3,0.55,none,
0.32387513781564786,0.2,1.0,0.9444444444444444,0.1111111111111111,0.9053497942386831,0.4542671835759393,C3,C3_morgan_rdkit,B4,B4_threshold_tuning_only,CV,3,0.6,none,
0.32387513781564786,0.2,1.0,0.9444444444444444,0.1111111111111111,0.9053497942386831,0.4542671835759393,C3,C3_morgan_rdkit,B4,B4_threshold_tuning_only,CV,3,0.65,none,
0.0,0.0,0.0,0.9375,0.0,0.9053497942386831,0.4542671835759393,C3,C3_morgan_rdkit,B4,B4_threshold_tuning_only,CV,3,0.7,none,
0.0,0.0,0.0,0.9375,0.0,0.9053497942386831,0.4542671835759393,C3,C3_morgan_rdkit,B4,B4_threshold_tuning_only,CV,3,0.75,none,
0.0,0.0,0.0,0.9375,0.0,0.9053497942386831,0.4542671835759393,C3,C3_morgan_rdkit,B4,B4_threshold_tuning_only,CV,3,0.8,none,
0.0,0.0,0.0,0.9375,0.0,0.9053497942386831,0.4542671835759393,C3,C3_morgan_rdkit,B4,B4_threshold_tuning_only,CV,3,0.85,none,
0.0,0.0,0.0,0.9375,0.0,0.9053497942386831,0.4542671835759393,C3,C3_morgan_rdkit,B4,B4_threshold_tuning_only,CV,3,0.9,none,
0.3236694374850748,0.27692307692307694,0.16071428571428573,0.6736111111111112,1.0,0.9436213991769548,0.5857473544973545,C3,C3_morgan_rdkit,B4,B4_threshold_tuning_only,CV,4,0.05,none,
0.447213595499958,0.4,0.25,0.8125,1.0,0.9436213991769548,0.5857473544973545,C3,C3_morgan_rdkit,B4,B4_threshold_tuning_only,CV,4,0.1,none,
0.4754740995006545,0.45714285714285713,0.3076923076923077,0.8680555555555556,0.8888888888888888,0.9436213991769548,0.5857473544973545,C3,C3_morgan_rdkit,B4,B4_threshold_tuning_only,CV,4,0.15,none,
0.5096367047620117,0.5185185185185185,0.3888888888888889,0.9097222222222222,0.7777777777777778,0.9436213991769548,0.5857473544973545,C3,C3_morgan_rdkit,B4,B4_threshold_tuning_only,CV,4,0.2,none,
0.3994501715614096,0.43478260869565216,0.35714285714285715,0.9097222222222222,0.5555555555555556,0.9436213991769548,0.5857473544973545,C3,C3_morgan_rdkit,B4,B4_threshold_tuning_only,CV,4,0.25,none,
0.33734954246999327,0.38095238095238093,0.3333333333333333,0.9097222222222222,0.4444444444444444,0.9436213991769548,0.5857473544973545,C3,C3_morgan_rdkit,B4,B4_threshold_tuning_only,CV,4,0.3,none,
0.3768673314407158,0.4,0.5,0.9375,0.3333333333333333,0.9436213991769548,0.5857473544973545,C3,C3_morgan_rdkit,B4,B4_threshold_tuning_only,CV,4,0.35,none,
0.48007935851918326,0.46153846153846156,0.75,0.9513888888888888,0.3333333333333333,0.9436213991769548,0.5857473544973545,C3,C3_morgan_rdkit,B4,B4_threshold_tuning_only,CV,4,0.4,none,
0.48007935851918326,0.46153846153846156,0.75,0.9513888888888888,0.3333333333333333,0.9436213991769548,0.5857473544973545,C3,C3_morgan_rdkit,B4,B4_threshold_tuning_only,CV,4,0.45,none,
0.48007935851918326,0.46153846153846156,0.75,0.9513888888888888,0.3333333333333333,0.9436213991769548,0.5857473544973545,C3,C3_morgan_rdkit,B4,B4_threshold_tuning_only,CV,4,0.5,none,
0.48007935851918326,0.46153846153846156,0.75,0.9513888888888888,0.3333333333333333,0.9436213991769548,0.5857473544973545,C3,C3_morgan_rdkit,B4,B4_threshold_tuning_only,CV,4,0.55,none,
0.48007935851918326,0.46153846153846156,0.75,0.9513888888888888,0.3333333333333333,0.9436213991769548,0.5857473544973545,C3,C3_morgan_rdkit,B4,B4_threshold_tuning_only,CV,4,0.6,none,
0.48007935851918326,0.46153846153846156,0.75,0.9513888888888888,0.3333333333333333,0.9436213991769548,0.5857473544973545,C3,C3_morgan_rdkit,B4,B4_threshold_tuning_only,CV,4,0.65,none,
0.4596385597769217,0.36363636363636365,1.0,0.9513888888888888,0.2222222222222222,0.9436213991769548,0.5857473544973545,C3,C3_morgan_rdkit,B4,B4_threshold_tuning_only,CV,4,0.7,none,
0.0,0.0,0.0,0.9375,0.0,0.9436213991769548,0.5857473544973545,C3,C3_morgan_rdkit,B4,B4_threshold_tuning_only,CV,4,0.75,none,
0.0,0.0,0.0,0.9375,0.0,0.9436213991769548,0.5857473544973545,C3,C3_morgan_rdkit,B4,B4_threshold_tuning_only,CV,4,0.8,none,
0.0,0.0,0.0,0.9375,0.0,0.9436213991769548,0.5857473544973545,C3,C3_morgan_rdkit,B4,B4_threshold_tuning_only,CV,4,0.85,none,
0.0,0.0,0.0,0.9375,0.0,0.9436213991769548,0.5857473544973545,C3,C3_morgan_rdkit,B4,B4_threshold_tuning_only,CV,4,0.9,none,
0.41633319989322654,0.3673469387755102,0.225,0.7847222222222222,1.0,0.9082304526748971,0.5610316992500901,C3,C3_morgan_rdkit,B4,B4_threshold_tuning_only,CV,5,0.05,none,
0.3263057545592727,0.34285714285714286,0.23076923076923078,0.8402777777777778,0.6666666666666666,0.9082304526748971,0.5610316992500901,C3,C3_morgan_rdkit,B4,B4_threshold_tuning_only,CV,5,0.1,none,
0.3940416439975616,0.41379310344827586,0.3,0.8819444444444444,0.6666666666666666,0.9082304526748971,0.5610316992500901,C3,C3_morgan_rdkit,B4,B4_threshold_tuning_only,CV,5,0.15,none,
0.30261376633440124,0.34782608695652173,0.2857142857142857,0.8958333333333334,0.4444444444444444,0.9082304526748971,0.5610316992500901,C3,C3_morgan_rdkit,B4,B4_threshold_tuning_only,CV,5,0.2,none,
0.3808866325636431,0.42105263157894735,0.4,0.9236111111111112,0.4444444444444444,0.9082304526748971,0.5610316992500901,C3,C3_morgan_rdkit,B4,B4_threshold_tuning_only,CV,5,0.25,none,
0.4383570037596046,0.47058823529411764,0.5,0.9375,0.4444444444444444,0.9082304526748971,0.5610316992500901,C3,C3_morgan_rdkit,B4,B4_threshold_tuning_only,CV,5,0.3,none,
0.4383570037596046,0.47058823529411764,0.5,0.9375,0.4444444444444444,0.9082304526748971,0.5610316992500901,C3,C3_morgan_rdkit,B4,B4_threshold_tuning_only,CV,5,0.35,none,
0.5204358386562267,0.5333333333333333,0.6666666666666666,0.9513888888888888,0.4444444444444444,0.9082304526748971,0.5610316992500901,C3,C3_morgan_rdkit,B4,B4_threshold_tuning_only,CV,5,0.4,none,
0.48007935851918326,0.46153846153846156,0.75,0.9513888888888888,0.3333333333333333,0.9082304526748971,0.5610316992500901,C3,C3_morgan_rdkit,B4,B4_threshold_tuning_only,CV,5,0.45,none,
0.48007935851918326,0.46153846153846156,0.75,0.9513888888888888,0.3333333333333333,0.9082304526748971,0.5610316992500901,C3,C3_morgan_rdkit,B4,B4_threshold_tuning_only,CV,5,0.5,none,
0.4596385597769217,0.36363636363636365,1.0,0.9513888888888888,0.2222222222222222,0.9082304526748971,0.5610316992500901,C3,C3_morgan_rdkit,B4,B4_threshold_tuning_only,CV,5,0.55,none,
0.32387513781564786,0.2,1.0,0.9444444444444444,0.1111111111111111,0.9082304526748971,0.5610316992500901,C3,C3_morgan_rdkit,B4,B4_threshold_tuning_only,CV,5,0.6,none,
0.32387513781564786,0.2,1.0,0.9444444444444444,0.1111111111111111,0.9082304526748971,0.5610316992500901,C3,C3_morgan_rdkit,B4,B4_threshold_tuning_only,CV,5,0.65,none,
0.32387513781564786,0.2,1.0,0.9444444444444444,0.1111111111111111,0.9082304526748971,0.5610316992500901,C3,C3_morgan_rdkit,B4,B4_threshold_tuning_only,CV,5,0.7,none,
0.32387513781564786,0.2,1.0,0.9444444444444444,0.1111111111111111,0.9082304526748971,0.5610316992500901,C3,C3_morgan_rdkit,B4,B4_threshold_tuning_only,CV,5,0.75,none,
0.32387513781564786,0.2,1.0,0.9444444444444444,0.1111111111111111,0.9082304526748971,0.5610316992500901,C3,C3_morgan_rdkit,B4,B4_threshold_tuning_only,CV,5,0.8,none,
0.0,0.0,0.0,0.9375,0.0,0.9082304526748971,0.5610316992500901,C3,C3_morgan_rdkit,B4,B4_threshold_tuning_only,CV,5,0.85,none,
0.0,0.0,0.0,0.9375,0.0,0.9082304526748971,0.5610316992500901,C3,C3_morgan_rdkit,B4,B4_threshold_tuning_only,CV,5,0.9,none,
0.30105189084243933,0.2978723404255319,0.18421052631578946,0.7708333333333334,0.7777777777777778,0.8189300411522633,0.3671852235258032,C3,C3_morgan_rdkit,B4,B4_threshold_tuning_only,CV,6,0.05,none,
0.3572898077295098,0.375,0.2608695652173913,0.8611111111111112,0.6666666666666666,0.8189300411522633,0.3671852235258032,C3,C3_morgan_rdkit,B4,B4_threshold_tuning_only,CV,6,0.1,none,
0.3651483716701107,0.4,0.3125,0.8958333333333334,0.5555555555555556,0.8189300411522633,0.3671852235258032,C3,C3_morgan_rdkit,B4,B4_threshold_tuning_only,CV,6,0.15,none,
0.33734954246999327,0.38095238095238093,0.3333333333333333,0.9097222222222222,0.4444444444444444,0.8189300411522633,0.3671852235258032,C3,C3_morgan_rdkit,B4,B4_threshold_tuning_only,CV,6,0.2,none,
0.3577734237456226,0.4,0.36363636363636365,0.9166666666666666,0.4444444444444444,0.8189300411522633,0.3671852235258032,C3,C3_morgan_rdkit,B4,B4_threshold_tuning_only,CV,6,0.25,none,
0.3418447572008692,0.375,0.42857142857142855,0.9305555555555556,0.3333333333333333,0.8189300411522633,0.3671852235258032,C3,C3_morgan_rdkit,B4,B4_threshold_tuning_only,CV,6,0.3,none,
0.3418447572008692,0.375,0.42857142857142855,0.9305555555555556,0.3333333333333333,0.8189300411522633,0.3671852235258032,C3,C3_morgan_rdkit,B4,B4_threshold_tuning_only,CV,6,0.35,none,
0.3768673314407158,0.4,0.5,0.9375,0.3333333333333333,0.8189300411522633,0.3671852235258032,C3,C3_morgan_rdkit,B4,B4_threshold_tuning_only,CV,6,0.4,none,
0.30550504633038933,0.3076923076923077,0.5,0.9375,0.2222222222222222,0.8189300411522633,0.3671852235258032,C3,C3_morgan_rdkit,B4,B4_threshold_tuning_only,CV,6,0.45,none,
0.36406772895810957,0.3333333333333333,0.6666666666666666,0.9444444444444444,0.2222222222222222,0.8189300411522633,0.3671852235258032,C3,C3_morgan_rdkit,B4,B4_threshold_tuning_only,CV,6,0.5,none,
0.36406772895810957,0.3333333333333333,0.6666666666666666,0.9444444444444444,0.2222222222222222,0.8189300411522633,0.3671852235258032,C3,C3_morgan_rdkit,B4,B4_threshold_tuning_only,CV,6,0.55,none,
0.36406772895810957,0.3333333333333333,0.6666666666666666,0.9444444444444444,0.2222222222222222,0.8189300411522633,0.3671852235258032,C3,C3_morgan_rdkit,B4,B4_threshold_tuning_only,CV,6,0.6,none,
0.21449799456256347,0.18181818181818182,0.5,0.9375,0.1111111111111111,0.8189300411522633,0.3671852235258032,C3,C3_morgan_rdkit,B4,B4_threshold_tuning_only,CV,6,0.65,none,
-0.021591675854376526,0.0,0.0,0.9305555555555556,0.0,0.8189300411522633,0.3671852235258032,C3,C3_morgan_rdkit,B4,B4_threshold_tuning_only,CV,6,0.7,none,
0.0,0.0,0.0,0.9375,0.0,0.8189300411522633,0.3671852235258032,C3,C3_morgan_rdkit,B4,B4_threshold_tuning_only,CV,6,0.75,none,
0.0,0.0,0.0,0.9375,0.0,0.8189300411522633,0.3671852235258032,C3,C3_morgan_rdkit,B4,B4_threshold_tuning_only,CV,6,0.8,none,
0.0,0.0,0.0,0.9375,0.0,0.8189300411522633,0.3671852235258032,C3,C3_morgan_rdkit,B4,B4_threshold_tuning_only,CV,6,0.85,none,
0.0,0.0,0.0,0.9375,0.0,0.8189300411522633,0.3671852235258032,C3,C3_morgan_rdkit,B4,B4_threshold_tuning_only,CV,6,0.9,none,
0.3322922177097534,0.3333333333333333,0.21052631578947367,0.7777777777777778,0.8,0.842910447761194,0.4236269644334161,C3,C3_morgan_rdkit,B4,B4_threshold_tuning_only,CV,7,0.05,none,
0.364241847204154,0.4,0.3,0.875,0.6,0.842910447761194,0.4236269644334161,C3,C3_morgan_rdkit,B4,B4_threshold_tuning_only,CV,7,0.1,none,
0.4434098413434328,0.48,0.4,0.9097222222222222,0.6,0.842910447761194,0.4236269644334161,C3,C3_morgan_rdkit,B4,B4_threshold_tuning_only,CV,7,0.15,none,
0.43566760954221007,0.47619047619047616,0.45454545454545453,0.9236111111111112,0.5,0.842910447761194,0.4236269644334161,C3,C3_morgan_rdkit,B4,B4_threshold_tuning_only,CV,7,0.2,none,
0.3531631422751365,0.375,0.5,0.9305555555555556,0.3,0.842910447761194,0.4236269644334161,C3,C3_morgan_rdkit,B4,B4_threshold_tuning_only,CV,7,0.25,none,
0.1514196606236208,0.15384615384615385,0.3333333333333333,0.9236111111111112,0.1,0.842910447761194,0.4236269644334161,C3,C3_morgan_rdkit,B4,B4_threshold_tuning_only,CV,7,0.3,none,
0.1514196606236208,0.15384615384615385,0.3333333333333333,0.9236111111111112,0.1,0.842910447761194,0.4236269644334161,C3,C3_morgan_rdkit,B4,B4_threshold_tuning_only,CV,7,0.35,none,
0.2010065066712914,0.16666666666666666,0.5,0.9305555555555556,0.1,0.842910447761194,0.4236269644334161,C3,C3_morgan_rdkit,B4,B4_threshold_tuning_only,CV,7,0.4,none,
0.2010065066712914,0.16666666666666666,0.5,0.9305555555555556,0.1,0.842910447761194,0.4236269644334161,C3,C3_morgan_rdkit,B4,B4_threshold_tuning_only,CV,7,0.45,none,
0.30611483744878115,0.18181818181818182,1.0,0.9375,0.1,0.842910447761194,0.4236269644334161,C3,C3_morgan_rdkit,B4,B4_threshold_tuning_only,CV,7,0.5,none,
0.30611483744878115,0.18181818181818182,1.0,0.9375,0.1,0.842910447761194,0.4236269644334161,C3,C3_morgan_rdkit,B4,B4_threshold_tuning_only,CV,7,0.55,none,
0.30611483744878115,0.18181818181818182,1.0,0.9375,0.1,0.842910447761194,0.4236269644334161,C3,C3_morgan_rdkit,B4,B4_threshold_tuning_only,CV,7,0.6,none,
0.0,0.0,0.0,0.9305555555555556,0.0,0.842910447761194,0.4236269644334161,C3,C3_morgan_rdkit,B4,B4_threshold_tuning_only,CV,7,0.65,none,
0.0,0.0,0.0,0.9305555555555556,0.0,0.842910447761194,0.4236269644334161,C3,C3_morgan_rdkit,B4,B4_threshold_tuning_only,CV,7,0.7,none,
0.0,0.0,0.0,0.9305555555555556,0.0,0.842910447761194,0.4236269644334161,C3,C3_morgan_rdkit,B4,B4_threshold_tuning_only,CV,7,0.75,none,
0.0,0.0,0.0,0.9305555555555556,0.0,0.842910447761194,0.4236269644334161,C3,C3_morgan_rdkit,B4,B4_threshold_tuning_only,CV,7,0.8,none,
0.0,0.0,0.0,0.9305555555555556,0.0,0.842910447761194,0.4236269644334161,C3,C3_morgan_rdkit,B4,B4_threshold_tuning_only,CV,7,0.85,none,
0.0,0.0,0.0,0.9305555555555556,0.0,0.842910447761194,0.4236269644334161,C3,C3_morgan_rdkit,B4,B4_threshold_tuning_only,CV,7,0.9,none,
0.4100721936197327,0.391304347826087,0.25,0.8055555555555556,0.9,0.9033582089552239,0.5669361962229609,C3,C3_morgan_rdkit,B4,B4_threshold_tuning_only,CV,8,0.05,none,
0.4249670751074407,0.46153846153846156,0.375,0.9027777777777778,0.6,0.9033582089552239,0.5669361962229609,C3,C3_morgan_rdkit,B4,B4_threshold_tuning_only,CV,8,0.1,none,
0.4118331129111584,0.45454545454545453,0.4166666666666667,0.9166666666666666,0.5,0.9033582089552239,0.5669361962229609,C3,C3_morgan_rdkit,B4,B4_threshold_tuning_only,CV,8,0.15,none,
0.43566760954221007,0.47619047619047616,0.45454545454545453,0.9236111111111112,0.5,0.9033582089552239,0.5669361962229609,C3,C3_morgan_rdkit,B4,B4_threshold_tuning_only,CV,8,0.2,none,
0.44636364366847076,0.47058823529411764,0.5714285714285714,0.9375,0.4,0.9033582089552239,0.5669361962229609,C3,C3_morgan_rdkit,B4,B4_threshold_tuning_only,CV,8,0.25,none,
0.489871455413899,0.5,0.6666666666666666,0.9444444444444444,0.4,0.9033582089552239,0.5669361962229609,C3,C3_morgan_rdkit,B4,B4_threshold_tuning_only,CV,8,0.3,none,
0.39583898234801435,0.4,0.6,0.9375,0.3,0.9033582089552239,0.5669361962229609,C3,C3_morgan_rdkit,B4,B4_threshold_tuning_only,CV,8,0.35,none,
0.39583898234801435,0.4,0.6,0.9375,0.3,0.9033582089552239,0.5669361962229609,C3,C3_morgan_rdkit,B4,B4_threshold_tuning_only,CV,8,0.4,none,
0.5339535400938208,0.46153846153846156,1.0,0.9513888888888888,0.3,0.9033582089552239,0.5669361962229609,C3,C3_morgan_rdkit,B4,B4_threshold_tuning_only,CV,8,0.45,none,
0.434433417644404,0.3333333333333333,1.0,0.9444444444444444,0.2,0.9033582089552239,0.5669361962229609,C3,C3_morgan_rdkit,B4,B4_threshold_tuning_only,CV,8,0.5,none,
0.434433417644404,0.3333333333333333,1.0,0.9444444444444444,0.2,0.9033582089552239,0.5669361962229609,C3,C3_morgan_rdkit,B4,B4_threshold_tuning_only,CV,8,0.55,none,
0.434433417644404,0.3333333333333333,1.0,0.9444444444444444,0.2,0.9033582089552239,0.5669361962229609,C3,C3_morgan_rdkit,B4,B4_threshold_tuning_only,CV,8,0.6,none,
0.0,0.0,0.0,0.9305555555555556,0.0,0.9033582089552239,0.5669361962229609,C3,C3_morgan_rdkit,B4,B4_threshold_tuning_only,CV,8,0.65,none,
0.0,0.0,0.0,0.9305555555555556,0.0,0.9033582089552239,0.5669361962229609,C3,C3_morgan_rdkit,B4,B4_threshold_tuning_only,CV,8,0.7,none,
0.0,0.0,0.0,0.9305555555555556,0.0,0.9033582089552239,0.5669361962229609,C3,C3_morgan_rdkit,B4,B4_threshold_tuning_only,CV,8,0.75,none,
0.0,0.0,0.0,0.9305555555555556,0.0,0.9033582089552239,0.5669361962229609,C3,C3_morgan_rdkit,B4,B4_threshold_tuning_only,CV,8,0.8,none,
0.0,0.0,0.0,0.9305555555555556,0.0,0.9033582089552239,0.5669361962229609,C3,C3_morgan_rdkit,B4,B4_threshold_tuning_only,CV,8,0.85,none,
0.0,0.0,0.0,0.9305555555555556,0.0,0.9033582089552239,0.5669361962229609,C3,C3_morgan_rdkit,B4,B4_threshold_tuning_only,CV,8,0.9,none,
0.2910222695700999,0.3111111111111111,0.2,0.7847222222222222,0.7,0.762686567164179,0.4217863053698967,C3,C3_morgan_rdkit,B4,B4_threshold_tuning_only,CV,9,0.05,none,
0.41551103542195067,0.4375,0.3181818181818182,0.875,0.7,0.762686567164179,0.4217863053698967,C3,C3_morgan_rdkit,B4,B4_threshold_tuning_only,CV,9,0.1,none,
0.37781195004839585,0.41379310344827586,0.3157894736842105,0.8819444444444444,0.6,0.762686567164179,0.4217863053698967,C3,C3_morgan_rdkit,B4,B4_threshold_tuning_only,CV,9,0.15,none,
0.3380419915627369,0.38461538461538464,0.3125,0.8888888888888888,0.5,0.762686567164179,0.4217863053698967,C3,C3_morgan_rdkit,B4,B4_threshold_tuning_only,CV,9,0.2,none,
0.35398264645063965,0.4,0.3333333333333333,0.8958333333333334,0.5,0.762686567164179,0.4217863053698967,C3,C3_morgan_rdkit,B4,B4_threshold_tuning_only,CV,9,0.25,none,
0.2952399584587095,0.34782608695652173,0.3076923076923077,0.8958333333333334,0.4,0.762686567164179,0.4217863053698967,C3,C3_morgan_rdkit,B4,B4_threshold_tuning_only,CV,9,0.3,none,
0.35522388059701493,0.4,0.4,0.9166666666666666,0.4,0.762686567164179,0.4217863053698967,C3,C3_morgan_rdkit,B4,B4_threshold_tuning_only,CV,9,0.35,none,
0.45252195460881794,0.42857142857142855,0.75,0.9444444444444444,0.3,0.762686567164179,0.4217863053698967,C3,C3_morgan_rdkit,B4,B4_threshold_tuning_only,CV,9,0.4,none,
0.45252195460881794,0.42857142857142855,0.75,0.9444444444444444,0.3,0.762686567164179,0.4217863053698967,C3,C3_morgan_rdkit,B4,B4_threshold_tuning_only,CV,9,0.45,none,
0.3426866003587208,0.3076923076923077,0.6666666666666666,0.9375,0.2,0.762686567164179,0.4217863053698967,C3,C3_morgan_rdkit,B4,B4_threshold_tuning_only,CV,9,0.5,none,
0.30611483744878115,0.18181818181818182,1.0,0.9375,0.1,0.762686567164179,0.4217863053698967,C3,C3_morgan_rdkit,B4,B4_threshold_tuning_only,CV,9,0.55,none,
0.30611483744878115,0.18181818181818182,1.0,0.9375,0.1,0.762686567164179,0.4217863053698967,C3,C3_morgan_rdkit,B4,B4_threshold_tuning_only,CV,9,0.6,none,
0.0,0.0,0.0,0.9305555555555556,0.0,0.762686567164179,0.4217863053698967,C3,C3_morgan_rdkit,B4,B4_threshold_tuning_only,CV,9,0.65,none,
0.0,0.0,0.0,0.9305555555555556,0.0,0.762686567164179,0.4217863053698967,C3,C3_morgan_rdkit,B4,B4_threshold_tuning_only,CV,9,0.7,none,
0.0,0.0,0.0,0.9305555555555556,0.0,0.762686567164179,0.4217863053698967,C3,C3_morgan_rdkit,B4,B4_threshold_tuning_only,CV,9,0.75,none,
0.0,0.0,0.0,0.9305555555555556,0.0,0.762686567164179,0.4217863053698967,C3,C3_morgan_rdkit,B4,B4_threshold_tuning_only,CV,9,0.8,none,
0.0,0.0,0.0,0.9305555555555556,0.0,0.762686567164179,0.4217863053698967,C3,C3_morgan_rdkit,B4,B4_threshold_tuning_only,CV,9,0.85,none,
0.0,0.0,0.0,0.9305555555555556,0.0,0.762686567164179,0.4217863053698967,C3,C3_morgan_rdkit,B4,B4_threshold_tuning_only,CV,9,0.9,none,
0.26781911599297387,0.2571428571428571,0.15,0.6388888888888888,0.9,0.8861940298507464,0.3076648025177437,C3,C3_morgan_rdkit,B4,B4_threshold_tuning_only,CV,10,0.05,none,
0.36271693165852165,0.36363636363636365,0.23529411764705882,0.8055555555555556,0.8,0.8861940298507464,0.3076648025177437,C3,C3_morgan_rdkit,B4,B4_threshold_tuning_only,CV,10,0.1,none,
0.41551103542195067,0.4375,0.3181818181818182,0.875,0.7,0.8861940298507464,0.3076648025177437,C3,C3_morgan_rdkit,B4,B4_threshold_tuning_only,CV,10,0.15,none,
0.3923576976430904,0.42857142857142855,0.3333333333333333,0.8888888888888888,0.6,0.8861940298507464,0.3076648025177437,C3,C3_morgan_rdkit,B4,B4_threshold_tuning_only,CV,10,0.2,none,
0.35398264645063965,0.4,0.3333333333333333,0.8958333333333334,0.5,0.8861940298507464,0.3076648025177437,C3,C3_morgan_rdkit,B4,B4_threshold_tuning_only,CV,10,0.25,none,
0.22997536110260924,0.2857142857142857,0.2727272727272727,0.8958333333333334,0.3,0.8861940298507464,0.3076648025177437,C3,C3_morgan_rdkit,B4,B4_threshold_tuning_only,CV,10,0.3,none,
0.192306866244519,0.23529411764705882,0.2857142857142857,0.9097222222222222,0.2,0.8861940298507464,0.3076648025177437,C3,C3_morgan_rdkit,B4,B4_threshold_tuning_only,CV,10,0.35,none,
0.09740540403328102,0.13333333333333333,0.2,0.9097222222222222,0.1,0.8861940298507464,0.3076648025177437,C3,C3_morgan_rdkit,B4,B4_threshold_tuning_only,CV,10,0.4,none,
0.12005684510029863,0.14285714285714285,0.25,0.9166666666666666,0.1,0.8861940298507464,0.3076648025177437,C3,C3_morgan_rdkit,B4,B4_threshold_tuning_only,CV,10,0.45,none,
-0.03242040430182119,0.0,0.0,0.9166666666666666,0.0,0.8861940298507464,0.3076648025177437,C3,C3_morgan_rdkit,B4,B4_threshold_tuning_only,CV,10,0.5,none,
-0.02284439085438665,0.0,0.0,0.9236111111111112,0.0,0.8861940298507464,0.3076648025177437,C3,C3_morgan_rdkit,B4,B4_threshold_tuning_only,CV,10,0.55,none,
-0.02284439085438665,0.0,0.0,0.9236111111111112,0.0,0.8861940298507464,0.3076648025177437,C3,C3_morgan_rdkit,B4,B4_threshold_tuning_only,CV,10,0.6,none,
-0.02284439085438665,0.0,0.0,0.9236111111111112,0.0,0.8861940298507464,0.3076648025177437,C3,C3_morgan_rdkit,B4,B4_threshold_tuning_only,CV,10,0.65,none,
-0.02284439085438665,0.0,0.0,0.9236111111111112,0.0,0.8861940298507464,0.3076648025177437,C3,C3_morgan_rdkit,B4,B4_threshold_tuning_only,CV,10,0.7,none,
-0.02284439085438665,0.0,0.0,0.9236111111111112,0.0,0.8861940298507464,0.3076648025177437,C3,C3_morgan_rdkit,B4,B4_threshold_tuning_only,CV,10,0.75,none,
-0.02284439085438665,0.0,0.0,0.9236111111111112,0.0,0.8861940298507464,0.3076648025177437,C3,C3_morgan_rdkit,B4,B4_threshold_tuning_only,CV,10,0.8,none,
0.0,0.0,0.0,0.9305555555555556,0.0,0.8861940298507464,0.3076648025177437,C3,C3_morgan_rdkit,B4,B4_threshold_tuning_only,CV,10,0.85,none,
0.0,0.0,0.0,0.9305555555555556,0.0,0.8861940298507464,0.3076648025177437,C3,C3_morgan_rdkit,B4,B4_threshold_tuning_only,CV,10,0.9,none,
0.06784535315527583,0.20689655172413793,0.16666666666666666,0.7444444444444445,0.2727272727272727,0.6323360184119677,0.22912745535328266,C3,C3_morgan_rdkit,B4,B4_threshold_tuning_only,LOGO,1,0.05,none,Atovaquone
0.08395434125416042,0.19047619047619047,0.2,0.8111111111111111,0.18181818181818182,0.6323360184119677,0.22912745535328266,C3,C3_morgan_rdkit,B4,B4_threshold_tuning_only,LOGO,1,0.1,none,Atovaquone
0.17225811675152738,0.23529411764705882,0.3333333333333333,0.8555555555555555,0.18181818181818182,0.6323360184119677,0.22912745535328266,C3,C3_morgan_rdkit,B4,B4_threshold_tuning_only,LOGO,1,0.15,none,Atovaquone
0.0841334546665505,0.13333333333333333,0.25,0.8555555555555555,0.09090909090909091,0.6323360184119677,0.22912745535328266,C3,C3_morgan_rdkit,B4,B4_threshold_tuning_only,LOGO,1,0.2,none,Atovaquone
0.11968637508014936,0.14285714285714285,0.3333333333333333,0.8666666666666667,0.09090909090909091,0.6323360184119677,0.22912745535328266,C3,C3_morgan_rdkit,B4,B4_threshold_tuning_only,LOGO,1,0.25,none,Atovaquone
0.17387722105220368,0.15384615384615385,0.5,0.8777777777777778,0.09090909090909091,0.6323360184119677,0.22912745535328266,C3,C3_morgan_rdkit,B4,B4_threshold_tuning_only,LOGO,1,0.3,none,Atovaquone
0.17387722105220368,0.15384615384615385,0.5,0.8777777777777778,0.09090909090909091,0.6323360184119677,0.22912745535328266,C3,C3_morgan_rdkit,B4,B4_threshold_tuning_only,LOGO,1,0.35,none,Atovaquone
0.17387722105220368,0.15384615384615385,0.5,0.8777777777777778,0.09090909090909091,0.6323360184119677,0.22912745535328266,C3,C3_morgan_rdkit,B4,B4_threshold_tuning_only,LOGO,1,0.4,none,Atovaquone
0.17387722105220368,0.15384615384615385,0.5,0.8777777777777778,0.09090909090909091,0.6323360184119677,0.22912745535328266,C3,C3_morgan_rdkit,B4,B4_threshold_tuning_only,LOGO,1,0.45,none,Atovaquone
0.17387722105220368,0.15384615384615385,0.5,0.8777777777777778,0.09090909090909091,0.6323360184119677,0.22912745535328266,C3,C3_morgan_rdkit,B4,B4_threshold_tuning_only,LOGO,1,0.5,none,Atovaquone
0.17387722105220368,0.15384615384615385,0.5,0.8777777777777778,0.09090909090909091,0.6323360184119677,0.22912745535328266,C3,C3_morgan_rdkit,B4,B4_threshold_tuning_only,LOGO,1,0.55,none,Atovaquone
-0.03955376178208136,0.0,0.0,0.8666666666666667,0.0,0.6323360184119677,0.22912745535328266,C3,C3_morgan_rdkit,B4,B4_threshold_tuning_only,LOGO,1,0.6,none,Atovaquone
-0.03955376178208136,0.0,0.0,0.8666666666666667,0.0,0.6323360184119677,0.22912745535328266,C3,C3_morgan_rdkit,B4,B4_threshold_tuning_only,LOGO,1,0.65,none,Atovaquone
-0.03955376178208136,0.0,0.0,0.8666666666666667,0.0,0.6323360184119677,0.22912745535328266,C3,C3_morgan_rdkit,B4,B4_threshold_tuning_only,LOGO,1,0.7,none,Atovaquone
0.0,0.0,0.0,0.8777777777777778,0.0,0.6323360184119677,0.22912745535328266,C3,C3_morgan_rdkit,B4,B4_threshold_tuning_only,LOGO,1,0.75,none,Atovaquone
0.0,0.0,0.0,0.8777777777777778,0.0,0.6323360184119677,0.22912745535328266,C3,C3_morgan_rdkit,B4,B4_threshold_tuning_only,LOGO,1,0.8,none,Atovaquone
0.0,0.0,0.0,0.8777777777777778,0.0,0.6323360184119677,0.22912745535328266,C3,C3_morgan_rdkit,B4,B4_threshold_tuning_only,LOGO,1,0.85,none,Atovaquone
0.0,0.0,0.0,0.8777777777777778,0.0,0.6323360184119677,0.22912745535328266,C3,C3_morgan_rdkit,B4,B4_threshold_tuning_only,LOGO,1,0.9,none,Atovaquone
0.3517559544930237,0.29411764705882354,0.1724137931034483,0.7333333333333333,1.0,0.8858823529411765,0.5304615384615385,C3,C3_morgan_rdkit,B4,B4_threshold_tuning_only,LOGO,2,0.05,none,Chlorpromazine_Hcl
0.22038926600773587,0.24,0.15,0.7888888888888889,0.6,0.8858823529411765,0.5304615384615385,C3,C3_morgan_rdkit,B4,B4_threshold_tuning_only,LOGO,2,0.1,none,Chlorpromazine_Hcl
0.3142985354273937,0.3333333333333333,0.23076923076923078,0.8666666666666667,0.6,0.8858823529411765,0.5304615384615385,C3,C3_morgan_rdkit,B4,B4_threshold_tuning_only,LOGO,2,0.15,none,Chlorpromazine_Hcl
0.2651439066774996,0.3076923076923077,0.25,0.9,0.4,0.8858823529411765,0.5304615384615385,C3,C3_morgan_rdkit,B4,B4_threshold_tuning_only,LOGO,2,0.2,none,Chlorpromazine_Hcl
0.3241018617760822,0.36363636363636365,0.3333333333333333,0.9222222222222223,0.4,0.8858823529411765,0.5304615384615385,C3,C3_morgan_rdkit,B4,B4_threshold_tuning_only,LOGO,2,0.25,none,Chlorpromazine_Hcl
0.41845262477275313,0.4444444444444444,0.5,0.9444444444444444,0.4,0.8858823529411765,0.5304615384615385,C3,C3_morgan_rdkit,B4,B4_threshold_tuning_only,LOGO,2,0.3,none,Chlorpromazine_Hcl
0.49541508402214945,0.5,0.6666666666666666,0.9555555555555556,0.4,0.8858823529411765,0.5304615384615385,C3,C3_morgan_rdkit,B4,B4_threshold_tuning_only,LOGO,2,0.35,none,Chlorpromazine_Hcl
0.621581560508061,0.5714285714285714,1.0,0.9666666666666667,0.4,0.8858823529411765,0.5304615384615385,C3,C3_morgan_rdkit,B4,B4_threshold_tuning_only,LOGO,2,0.4,none,Chlorpromazine_Hcl
0.621581560508061,0.5714285714285714,1.0,0.9666666666666667,0.4,0.8858823529411765,0.5304615384615385,C3,C3_morgan_rdkit,B4,B4_threshold_tuning_only,LOGO,2,0.45,none,Chlorpromazine_Hcl
0.4370483222197017,0.3333333333333333,1.0,0.9555555555555556,0.2,0.8858823529411765,0.5304615384615385,C3,C3_morgan_rdkit,B4,B4_threshold_tuning_only,LOGO,2,0.5,none,Chlorpromazine_Hcl
0.0,0.0,0.0,0.9444444444444444,0.0,0.8858823529411765,0.5304615384615385,C3,C3_morgan_rdkit,B4,B4_threshold_tuning_only,LOGO,2,0.55,none,Chlorpromazine_Hcl
0.0,0.0,0.0,0.9444444444444444,0.0,0.8858823529411765,0.5304615384615385,C3,C3_morgan_rdkit,B4,B4_threshold_tuning_only,LOGO,2,0.6,none,Chlorpromazine_Hcl
0.0,0.0,0.0,0.9444444444444444,0.0,0.8858823529411765,0.5304615384615385,C3,C3_morgan_rdkit,B4,B4_threshold_tuning_only,LOGO,2,0.65,none,Chlorpromazine_Hcl
0.0,0.0,0.0,0.9444444444444444,0.0,0.8858823529411765,0.5304615384615385,C3,C3_morgan_rdkit,B4,B4_threshold_tuning_only,LOGO,2,0.7,none,Chlorpromazine_Hcl
0.0,0.0,0.0,0.9444444444444444,0.0,0.8858823529411765,0.5304615384615385,C3,C3_morgan_rdkit,B4,B4_threshold_tuning_only,LOGO,2,0.75,none,Chlorpromazine_Hcl
0.0,0.0,0.0,0.9444444444444444,0.0,0.8858823529411765,0.5304615384615385,C3,C3_morgan_rdkit,B4,B4_threshold_tuning_only,LOGO,2,0.8,none,Chlorpromazine_Hcl
0.0,0.0,0.0,0.9444444444444444,0.0,0.8858823529411765,0.5304615384615385,C3,C3_morgan_rdkit,B4,B4_threshold_tuning_only,LOGO,2,0.85,none,Chlorpromazine_Hcl
0.0,0.0,0.0,0.9444444444444444,0.0,0.8858823529411765,0.5304615384615385,C3,C3_morgan_rdkit,B4,B4_threshold_tuning_only,LOGO,2,0.9,none,Chlorpromazine_Hcl
0.2913428162916919,0.20689655172413793,0.11538461538461539,0.7444444444444445,1.0,0.9233716475095785,0.3333333333333333,C3,C3_morgan_rdkit,B4,B4_threshold_tuning_only,LOGO,3,0.05,none,Clofazimine
0.2758556098317158,0.25,0.15384615384615385,0.8666666666666667,0.6666666666666666,0.9233716475095785,0.3333333333333333,C3,C3_morgan_rdkit,B4,B4_threshold_tuning_only,LOGO,3,0.1,none,Clofazimine
0.377009613867732,0.36363636363636365,0.25,0.9222222222222223,0.6666666666666666,0.9233716475095785,0.3333333333333333,C3,C3_morgan_rdkit,B4,B4_threshold_tuning_only,LOGO,3,0.15,none,Clofazimine
0.4083088605285075,0.4,0.2857142857142857,0.9333333333333333,0.6666666666666666,0.9233716475095785,0.3333333333333333,C3,C3_morgan_rdkit,B4,B4_threshold_tuning_only,LOGO,3,0.2,none,Clofazimine
0.22518867455552247,0.25,0.2,0.9333333333333333,0.3333333333333333,0.9233716475095785,0.3333333333333333,C3,C3_morgan_rdkit,B4,B4_threshold_tuning_only,LOGO,3,0.25,none,Clofazimine
0.3103448275862069,0.3333333333333333,0.3333333333333333,0.9555555555555556,0.3333333333333333,0.9233716475095785,0.3333333333333333,C3,C3_morgan_rdkit,B4,B4_threshold_tuning_only,LOGO,3,0.3,none,Clofazimine
0.39192475766909796,0.4,0.5,0.9666666666666667,0.3333333333333333,0.9233716475095785,0.3333333333333333,C3,C3_morgan_rdkit,B4,B4_threshold_tuning_only,LOGO,3,0.35,none,Clofazimine
0.39192475766909796,0.4,0.5,0.9666666666666667,0.3333333333333333,0.9233716475095785,0.3333333333333333,C3,C3_morgan_rdkit,B4,B4_threshold_tuning_only,LOGO,3,0.4,none,Clofazimine
0.39192475766909796,0.4,0.5,0.9666666666666667,0.3333333333333333,0.9233716475095785,0.3333333333333333,C3,C3_morgan_rdkit,B4,B4_threshold_tuning_only,LOGO,3,0.45,none,Clofazimine
0.39192475766909796,0.4,0.5,0.9666666666666667,0.3333333333333333,0.9233716475095785,0.3333333333333333,C3,C3_morgan_rdkit,B4,B4_threshold_tuning_only,LOGO,3,0.5,none,Clofazimine
0.39192475766909796,0.4,0.5,0.9666666666666667,0.3333333333333333,0.9233716475095785,0.3333333333333333,C3,C3_morgan_rdkit,B4,B4_threshold_tuning_only,LOGO,3,0.55,none,Clofazimine
0.39192475766909796,0.4,0.5,0.9666666666666667,0.3333333333333333,0.9233716475095785,0.3333333333333333,C3,C3_morgan_rdkit,B4,B4_threshold_tuning_only,LOGO,3,0.6,none,Clofazimine
0.39192475766909796,0.4,0.5,0.9666666666666667,0.3333333333333333,0.9233716475095785,0.3333333333333333,C3,C3_morgan_rdkit,B4,B4_threshold_tuning_only,LOGO,3,0.65,none,Clofazimine
-0.019683666479473904,0.0,0.0,0.9555555555555556,0.0,0.9233716475095785,0.3333333333333333,C3,C3_morgan_rdkit,B4,B4_threshold_tuning_only,LOGO,3,0.7,none,Clofazimine
0.0,0.0,0.0,0.9666666666666667,0.0,0.9233716475095785,0.3333333333333333,C3,C3_morgan_rdkit,B4,B4_threshold_tuning_only,LOGO,3,0.75,none,Clofazimine
0.0,0.0,0.0,0.9666666666666667,0.0,0.9233716475095785,0.3333333333333333,C3,C3_morgan_rdkit,B4,B4_threshold_tuning_only,LOGO,3,0.8,none,Clofazimine
0.0,0.0,0.0,0.9666666666666667,0.0,0.9233716475095785,0.3333333333333333,C3,C3_morgan_rdkit,B4,B4_threshold_tuning_only,LOGO,3,0.85,none,Clofazimine
0.0,0.0,0.0,0.9666666666666667,0.0,0.9233716475095785,0.3333333333333333,C3,C3_morgan_rdkit,B4,B4_threshold_tuning_only,LOGO,3,0.9,none,Clofazimine
0.07021834702370355,0.07142857142857142,0.038461538461538464,0.7111111111111111,0.5,0.5170454545454545,0.2611111111111111,C3,C3_morgan_rdkit,B4,B4_threshold_tuning_only,LOGO,4,0.05,none,Curcumine
0.16261090889699772,0.14285714285714285,0.08333333333333333,0.8666666666666667,0.5,0.5170454545454545,0.2611111111111111,C3,C3_morgan_rdkit,B4,B4_threshold_tuning_only,LOGO,4,0.1,none,Curcumine
0.23766716851872305,0.2222222222222222,0.14285714285714285,0.9222222222222223,0.5,0.5170454545454545,0.2611111111111111,C3,C3_morgan_rdkit,B4,B4_threshold_tuning_only,LOGO,4,0.15,none,Curcumine
0.2618924633082486,0.25,0.16666666666666666,0.9333333333333333,0.5,0.5170454545454545,0.2611111111111111,C3,C3_morgan_rdkit,B4,B4_threshold_tuning_only,LOGO,4,0.2,none,Curcumine
0.29250896965085227,0.2857142857142857,0.2,0.9444444444444444,0.5,0.5170454545454545,0.2611111111111111,C3,C3_morgan_rdkit,B4,B4_threshold_tuning_only,LOGO,4,0.25,none,Curcumine
0.39192475766909796,0.4,0.3333333333333333,0.9666666666666667,0.5,0.5170454545454545,0.2611111111111111,C3,C3_morgan_rdkit,B4,B4_threshold_tuning_only,LOGO,4,0.3,none,Curcumine
0.48863636363636365,0.5,0.5,0.9777777777777777,0.5,0.5170454545454545,0.2611111111111111,C3,C3_morgan_rdkit,B4,B4_threshold_tuning_only,LOGO,4,0.35,none,Curcumine
0.48863636363636365,0.5,0.5,0.9777777777777777,0.5,0.5170454545454545,0.2611111111111111,C3,C3_morgan_rdkit,B4,B4_threshold_tuning_only,LOGO,4,0.4,none,Curcumine
-0.01598006930251483,0.0,0.0,0.9666666666666667,0.0,0.5170454545454545,0.2611111111111111,C3,C3_morgan_rdkit,B4,B4_threshold_tuning_only,LOGO,4,0.45,none,Curcumine
-0.01598006930251483,0.0,0.0,0.9666666666666667,0.0,0.5170454545454545,0.2611111111111111,C3,C3_morgan_rdkit,B4,B4_threshold_tuning_only,LOGO,4,0.5,none,Curcumine
0.0,0.0,0.0,0.9777777777777777,0.0,0.5170454545454545,0.2611111111111111,C3,C3_morgan_rdkit,B4,B4_threshold_tuning_only,LOGO,4,0.55,none,Curcumine
0.0,0.0,0.0,0.9777777777777777,0.0,0.5170454545454545,0.2611111111111111,C3,C3_morgan_rdkit,B4,B4_threshold_tuning_only,LOGO,4,0.6,none,Curcumine
0.0,0.0,0.0,0.9777777777777777,0.0,0.5170454545454545,0.2611111111111111,C3,C3_morgan_rdkit,B4,B4_threshold_tuning_only,LOGO,4,0.65,none,Curcumine
0.0,0.0,0.0,0.9777777777777777,0.0,0.5170454545454545,0.2611111111111111,C3,C3_morgan_rdkit,B4,B4_threshold_tuning_only,LOGO,4,0.7,none,Curcumine
0.0,0.0,0.0,0.9777777777777777,0.0,0.5170454545454545,0.2611111111111111,C3,C3_morgan_rdkit,B4,B4_threshold_tuning_only,LOGO,4,0.75,none,Curcumine
0.0,0.0,0.0,0.9777777777777777,0.0,0.5170454545454545,0.2611111111111111,C3,C3_morgan_rdkit,B4,B4_threshold_tuning_only,LOGO,4,0.8,none,Curcumine
0.0,0.0,0.0,0.9777777777777777,0.0,0.5170454545454545,0.2611111111111111,C3,C3_morgan_rdkit,B4,B4_threshold_tuning_only,LOGO,4,0.85,none,Curcumine
0.0,0.0,0.0,0.9777777777777777,0.0,0.5170454545454545,0.2611111111111111,C3,C3_morgan_rdkit,B4,B4_threshold_tuning_only,LOGO,4,0.9,none,Curcumine
0.09983100785484385,0.21428571428571427,0.15789473684210525,0.7555555555555555,0.3333333333333333,0.6694101508916325,0.20908295646635802,C3,C3_morgan_rdkit,B4,B4_threshold_tuning_only,LOGO,5,0.05,none,Econazole
0.0,0.10526315789473684,0.1,0.8111111111111111,0.1111111111111111,0.6694101508916325,0.20908295646635802,C3,C3_morgan_rdkit,B4,B4_threshold_tuning_only,LOGO,5,0.1,none,Econazole
0.026028960314767677,0.11764705882352941,0.125,0.8333333333333334,0.1111111111111111,0.6694101508916325,0.20908295646635802,C3,C3_morgan_rdkit,B4,B4_threshold_tuning_only,LOGO,5,0.15,none,Econazole
0.059391387091649865,0.13333333333333333,0.16666666666666666,0.8555555555555555,0.1111111111111111,0.6694101508916325,0.20908295646635802,C3,C3_morgan_rdkit,B4,B4_threshold_tuning_only,LOGO,5,0.2,none,Econazole
0.08084520834544433,0.14285714285714285,0.2,0.8666666666666667,0.1111111111111111,0.6694101508916325,0.20908295646635802,C3,C3_morgan_rdkit,B4,B4_threshold_tuning_only,LOGO,5,0.25,none,Econazole
0.14442970747104034,0.16666666666666666,0.3333333333333333,0.8888888888888888,0.1111111111111111,0.6694101508916325,0.20908295646635802,C3,C3_morgan_rdkit,B4,B4_threshold_tuning_only,LOGO,5,0.3,none,Econazole
0.14442970747104034,0.16666666666666666,0.3333333333333333,0.8888888888888888,0.1111111111111111,0.6694101508916325,0.20908295646635802,C3,C3_morgan_rdkit,B4,B4_threshold_tuning_only,LOGO,5,0.35,none,Econazole
0.20100756305184242,0.18181818181818182,0.5,0.9,0.1111111111111111,0.6694101508916325,0.20908295646635802,C3,C3_morgan_rdkit,B4,B4_threshold_tuning_only,LOGO,5,0.4,none,Econazole
0.20100756305184242,0.18181818181818182,0.5,0.9,0.1111111111111111,0.6694101508916325,0.20908295646635802,C3,C3_morgan_rdkit,B4,B4_threshold_tuning_only,LOGO,5,0.45,none,Econazole
0.20100756305184242,0.18181818181818182,0.5,0.9,0.1111111111111111,0.6694101508916325,0.20908295646635802,C3,C3_morgan_rdkit,B4,B4_threshold_tuning_only,LOGO,5,0.5,none,Econazole
-0.03533326266687867,0.0,0.0,0.8888888888888888,0.0,0.6694101508916325,0.20908295646635802,C3,C3_morgan_rdkit,B4,B4_threshold_tuning_only,LOGO,5,0.55,none,Econazole
-0.03533326266687867,0.0,0.0,0.8888888888888888,0.0,0.6694101508916325,0.20908295646635802,C3,C3_morgan_rdkit,B4,B4_threshold_tuning_only,LOGO,5,0.6,none,Econazole
-0.03533326266687867,0.0,0.0,0.8888888888888888,0.0,0.6694101508916325,0.20908295646635802,C3,C3_morgan_rdkit,B4,B4_threshold_tuning_only,LOGO,5,0.65,none,Econazole
-0.03533326266687867,0.0,0.0,0.8888888888888888,0.0,0.6694101508916325,0.20908295646635802,C3,C3_morgan_rdkit,B4,B4_threshold_tuning_only,LOGO,5,0.7,none,Econazole
0.0,0.0,0.0,0.9,0.0,0.6694101508916325,0.20908295646635802,C3,C3_morgan_rdkit,B4,B4_threshold_tuning_only,LOGO,5,0.75,none,Econazole
0.0,0.0,0.0,0.9,0.0,0.6694101508916325,0.20908295646635802,C3,C3_morgan_rdkit,B4,B4_threshold_tuning_only,LOGO,5,0.8,none,Econazole
0.0,0.0,0.0,0.9,0.0,0.6694101508916325,0.20908295646635802,C3,C3_morgan_rdkit,B4,B4_threshold_tuning_only,LOGO,5,0.85,none,Econazole
0.0,0.0,0.0,0.9,0.0,0.6694101508916325,0.20908295646635802,C3,C3_morgan_rdkit,B4,B4_threshold_tuning_only,LOGO,5,0.9,none,Econazole
0.33706593624712544,0.32,0.2,0.8111111111111111,0.8,0.831764705882353,0.3793074849678624,C3,C3_morgan_rdkit,B4,B4_threshold_tuning_only,LOGO,6,0.05,none,Etravirine
0.20568643916656965,0.25,0.18181818181818182,0.8666666666666667,0.4,0.831764705882353,0.3793074849678624,C3,C3_morgan_rdkit,B4,B4_threshold_tuning_only,LOGO,6,0.1,none,Etravirine
0.2651439066774996,0.3076923076923077,0.25,0.9,0.4,0.831764705882353,0.3793074849678624,C3,C3_morgan_rdkit,B4,B4_threshold_tuning_only,LOGO,6,0.15,none,Etravirine
0.2918001232638926,0.3333333333333333,0.2857142857142857,0.9111111111111111,0.4,0.831764705882353,0.3793074849678624,C3,C3_morgan_rdkit,B4,B4_threshold_tuning_only,LOGO,6,0.2,none,Etravirine
0.1830730233380795,0.2222222222222222,0.25,0.9222222222222223,0.2,0.831764705882353,0.3793074849678624,C3,C3_morgan_rdkit,B4,B4_threshold_tuning_only,LOGO,6,0.25,none,Etravirine
0.1830730233380795,0.2222222222222222,0.25,0.9222222222222223,0.2,0.831764705882353,0.3793074849678624,C3,C3_morgan_rdkit,B4,B4_threshold_tuning_only,LOGO,6,0.3,none,Etravirine
0.22518867455552247,0.25,0.3333333333333333,0.9333333333333333,0.2,0.831764705882353,0.3793074849678624,C3,C3_morgan_rdkit,B4,B4_threshold_tuning_only,LOGO,6,0.35,none,Etravirine
0.29250896965085227,0.2857142857142857,0.5,0.9444444444444444,0.2,0.831764705882353,0.3793074849678624,C3,C3_morgan_rdkit,B4,B4_threshold_tuning_only,LOGO,6,0.4,none,Etravirine
0.29250896965085227,0.2857142857142857,0.5,0.9444444444444444,0.2,0.831764705882353,0.3793074849678624,C3,C3_morgan_rdkit,B4,B4_threshold_tuning_only,LOGO,6,0.45,none,Etravirine
0.29250896965085227,0.2857142857142857,0.5,0.9444444444444444,0.2,0.831764705882353,0.3793074849678624,C3,C3_morgan_rdkit,B4,B4_threshold_tuning_only,LOGO,6,0.5,none,Etravirine
0.29250896965085227,0.2857142857142857,0.5,0.9444444444444444,0.2,0.831764705882353,0.3793074849678624,C3,C3_morgan_rdkit,B4,B4_threshold_tuning_only,LOGO,6,0.55,none,Etravirine
0.29250896965085227,0.2857142857142857,0.5,0.9444444444444444,0.2,0.831764705882353,0.3793074849678624,C3,C3_morgan_rdkit,B4,B4_threshold_tuning_only,LOGO,6,0.6,none,Etravirine
0.4370483222197017,0.3333333333333333,1.0,0.9555555555555556,0.2,0.831764705882353,0.3793074849678624,C3,C3_morgan_rdkit,B4,B4_threshold_tuning_only,LOGO,6,0.65,none,Etravirine
0.0,0.0,0.0,0.9444444444444444,0.0,0.831764705882353,0.3793074849678624,C3,C3_morgan_rdkit,B4,B4_threshold_tuning_only,LOGO,6,0.7,none,Etravirine
0.0,0.0,0.0,0.9444444444444444,0.0,0.831764705882353,0.3793074849678624,C3,C3_morgan_rdkit,B4,B4_threshold_tuning_only,LOGO,6,0.75,none,Etravirine
0.0,0.0,0.0,0.9444444444444444,0.0,0.831764705882353,0.3793074849678624,C3,C3_morgan_rdkit,B4,B4_threshold_tuning_only,LOGO,6,0.8,none,Etravirine
0.0,0.0,0.0,0.9444444444444444,0.0,0.831764705882353,0.3793074849678624,C3,C3_morgan_rdkit,B4,B4_threshold_tuning_only,LOGO,6,0.85,none,Etravirine
0.0,0.0,0.0,0.9444444444444444,0.0,0.831764705882353,0.3793074849678624,C3,C3_morgan_rdkit,B4,B4_threshold_tuning_only,LOGO,6,0.9,none,Etravirine
0.3496256100228656,0.4090909090909091,0.2727272727272727,0.7111111111111111,0.8181818181818182,0.8532796317606445,0.6813506582856428,C3,C3_morgan_rdkit,B4,B4_threshold_tuning_only,LOGO,7,0.05,none,Fulvestrant
0.5221581178502371,0.5833333333333334,0.5384615384615384,0.8888888888888888,0.6363636363636364,0.8532796317606445,0.6813506582856428,C3,C3_morgan_rdkit,B4,B4_threshold_tuning_only,LOGO,7,0.1,none,Fulvestrant
0.524941463125869,0.5555555555555556,0.7142857142857143,0.9111111111111111,0.45454545454545453,0.8532796317606445,0.6813506582856428,C3,C3_morgan_rdkit,B4,B4_threshold_tuning_only,LOGO,7,0.15,none,Fulvestrant
0.5802378669525132,0.5882352941176471,0.8333333333333334,0.9222222222222223,0.45454545454545453,0.8532796317606445,0.6813506582856428,C3,C3_morgan_rdkit,B4,B4_threshold_tuning_only,LOGO,7,0.2,none,Fulvestrant
0.5018749115664299,0.5,0.8,0.9111111111111111,0.36363636363636365,0.8532796317606445,0.6813506582856428,C3,C3_morgan_rdkit,B4,B4_threshold_tuning_only,LOGO,7,0.25,none,Fulvestrant
0.41335132075305253,0.4,0.75,0.9,0.2727272727272727,0.8532796317606445,0.6813506582856428,C3,C3_morgan_rdkit,B4,B4_threshold_tuning_only,LOGO,7,0.3,none,Fulvestrant
0.40400883715070857,0.3076923076923077,1.0,0.9,0.18181818181818182,0.8532796317606445,0.6813506582856428,C3,C3_morgan_rdkit,B4,B4_threshold_tuning_only,LOGO,7,0.35,none,Fulvestrant
0.40400883715070857,0.3076923076923077,1.0,0.9,0.18181818181818182,0.8532796317606445,0.6813506582856428,C3,C3_morgan_rdkit,B4,B4_threshold_tuning_only,LOGO,7,0.4,none,Fulvestrant
0.40400883715070857,0.3076923076923077,1.0,0.9,0.18181818181818182,0.8532796317606445,0.6813506582856428,C3,C3_morgan_rdkit,B4,B4_threshold_tuning_only,LOGO,7,0.45,none,Fulvestrant
0.40400883715070857,0.3076923076923077,1.0,0.9,0.18181818181818182,0.8532796317606445,0.6813506582856428,C3,C3_morgan_rdkit,B4,B4_threshold_tuning_only,LOGO,7,0.5,none,Fulvestrant
0.40400883715070857,0.3076923076923077,1.0,0.9,0.18181818181818182,0.8532796317606445,0.6813506582856428,C3,C3_morgan_rdkit,B4,B4_threshold_tuning_only,LOGO,7,0.55,none,Fulvestrant
0.40400883715070857,0.3076923076923077,1.0,0.9,0.18181818181818182,0.8532796317606445,0.6813506582856428,C3,C3_morgan_rdkit,B4,B4_threshold_tuning_only,LOGO,7,0.6,none,Fulvestrant
0.284067925525857,0.16666666666666666,1.0,0.8888888888888888,0.09090909090909091,0.8532796317606445,0.6813506582856428,C3,C3_morgan_rdkit,B4,B4_threshold_tuning_only,LOGO,7,0.65,none,Fulvestrant
0.284067925525857,0.16666666666666666,1.0,0.8888888888888888,0.09090909090909091,0.8532796317606445,0.6813506582856428,C3,C3_morgan_rdkit,B4,B4_threshold_tuning_only,LOGO,7,0.7,none,Fulvestrant
0.0,0.0,0.0,0.8777777777777778,0.0,0.8532796317606445,0.6813506582856428,C3,C3_morgan_rdkit,B4,B4_threshold_tuning_only,LOGO,7,0.75,none,Fulvestrant
0.0,0.0,0.0,0.8777777777777778,0.0,0.8532796317606445,0.6813506582856428,C3,C3_morgan_rdkit,B4,B4_threshold_tuning_only,LOGO,7,0.8,none,Fulvestrant
0.0,0.0,0.0,0.8777777777777778,0.0,0.8532796317606445,0.6813506582856428,C3,C3_morgan_rdkit,B4,B4_threshold_tuning_only,LOGO,7,0.85,none,Fulvestrant
0.0,0.0,0.0,0.8777777777777778,0.0,0.8532796317606445,0.6813506582856428,C3,C3_morgan_rdkit,B4,B4_threshold_tuning_only,LOGO,7,0.9,none,Fulvestrant
0.0,0.0,0.0,0.7444444444444445,0.0,,,C3,C3_morgan_rdkit,B4,B4_threshold_tuning_only,LOGO,8,0.05,none,Gefitinib
0.0,0.0,0.0,0.8888888888888888,0.0,,,C3,C3_morgan_rdkit,B4,B4_threshold_tuning_only,LOGO,8,0.1,none,Gefitinib
0.0,0.0,0.0,0.9111111111111111,0.0,,,C3,C3_morgan_rdkit,B4,B4_threshold_tuning_only,LOGO,8,0.15,none,Gefitinib
0.0,0.0,0.0,0.9333333333333333,0.0,,,C3,C3_morgan_rdkit,B4,B4_threshold_tuning_only,LOGO,8,0.2,none,Gefitinib
0.0,0.0,0.0,0.9666666666666667,0.0,,,C3,C3_morgan_rdkit,B4,B4_threshold_tuning_only,LOGO,8,0.25,none,Gefitinib
0.0,0.0,0.0,0.9666666666666667,0.0,,,C3,C3_morgan_rdkit,B4,B4_threshold_tuning_only,LOGO,8,0.3,none,Gefitinib
0.0,0.0,0.0,0.9666666666666667,0.0,,,C3,C3_morgan_rdkit,B4,B4_threshold_tuning_only,LOGO,8,0.35,none,Gefitinib
0.0,0.0,0.0,0.9777777777777777,0.0,,,C3,C3_morgan_rdkit,B4,B4_threshold_tuning_only,LOGO,8,0.4,none,Gefitinib
0.0,0.0,0.0,0.9777777777777777,0.0,,,C3,C3_morgan_rdkit,B4,B4_threshold_tuning_only,LOGO,8,0.45,none,Gefitinib
0.0,0.0,0.0,0.9777777777777777,0.0,,,C3,C3_morgan_rdkit,B4,B4_threshold_tuning_only,LOGO,8,0.5,none,Gefitinib
0.0,0.0,0.0,0.9777777777777777,0.0,,,C3,C3_morgan_rdkit,B4,B4_threshold_tuning_only,LOGO,8,0.55,none,Gefitinib
0.0,0.0,0.0,0.9777777777777777,0.0,,,C3,C3_morgan_rdkit,B4,B4_threshold_tuning_only,LOGO,8,0.6,none,Gefitinib
0.0,0.0,0.0,0.9888888888888889,0.0,,,C3,C3_morgan_rdkit,B4,B4_threshold_tuning_only,LOGO,8,0.65,none,Gefitinib
0.0,0.0,0.0,0.9888888888888889,0.0,,,C3,C3_morgan_rdkit,B4,B4_threshold_tuning_only,LOGO,8,0.7,none,Gefitinib
0.0,0.0,0.0,1.0,0.0,,,C3,C3_morgan_rdkit,B4,B4_threshold_tuning_only,LOGO,8,0.75,none,Gefitinib
0.0,0.0,0.0,1.0,0.0,,,C3,C3_morgan_rdkit,B4,B4_threshold_tuning_only,LOGO,8,0.8,none,Gefitinib
0.0,0.0,0.0,1.0,0.0,,,C3,C3_morgan_rdkit,B4,B4_threshold_tuning_only,LOGO,8,0.85,none,Gefitinib
0.0,0.0,0.0,1.0,0.0,,,C3,C3_morgan_rdkit,B4,B4_threshold_tuning_only,LOGO,8,0.9,none,Gefitinib
0.4321423237219507,0.4,0.25,0.7666666666666667,1.0,0.9561101549053357,0.7612815755672897,C3,C3_morgan_rdkit,B4,B4_threshold_tuning_only,LOGO,9,0.05,none,Lumefantrine
0.47710039284588784,0.48,0.3333333333333333,0.8555555555555555,0.8571428571428571,0.9561101549053357,0.7612815755672897,C3,C3_morgan_rdkit,B4,B4_threshold_tuning_only,LOGO,9,0.1,none,Lumefantrine
0.5573789164064146,0.5882352941176471,0.5,0.9222222222222223,0.7142857142857143,0.9561101549053357,0.7612815755672897,C3,C3_morgan_rdkit,B4,B4_threshold_tuning_only,LOGO,9,0.15,none,Lumefantrine
0.6381991713220434,0.6666666666666666,0.625,0.9444444444444444,0.7142857142857143,0.9561101549053357,0.7612815755672897,C3,C3_morgan_rdkit,B4,B4_threshold_tuning_only,LOGO,9,0.2,none,Lumefantrine
0.5191151312382635,0.4444444444444444,1.0,0.9444444444444444,0.2857142857142857,0.9561101549053357,0.7612815755672897,C3,C3_morgan_rdkit,B4,B4_threshold_tuning_only,LOGO,9,0.25,none,Lumefantrine
0.5191151312382635,0.4444444444444444,1.0,0.9444444444444444,0.2857142857142857,0.9561101549053357,0.7612815755672897,C3,C3_morgan_rdkit,B4,B4_threshold_tuning_only,LOGO,9,0.3,none,Lumefantrine
0.5191151312382635,0.4444444444444444,1.0,0.9444444444444444,0.2857142857142857,0.9561101549053357,0.7612815755672897,C3,C3_morgan_rdkit,B4,B4_threshold_tuning_only,LOGO,9,0.35,none,Lumefantrine
0.5191151312382635,0.4444444444444444,1.0,0.9444444444444444,0.2857142857142857,0.9561101549053357,0.7612815755672897,C3,C3_morgan_rdkit,B4,B4_threshold_tuning_only,LOGO,9,0.4,none,Lumefantrine
0.5191151312382635,0.4444444444444444,1.0,0.9444444444444444,0.2857142857142857,0.9561101549053357,0.7612815755672897,C3,C3_morgan_rdkit,B4,B4_threshold_tuning_only,LOGO,9,0.45,none,Lumefantrine
0.5191151312382635,0.4444444444444444,1.0,0.9444444444444444,0.2857142857142857,0.9561101549053357,0.7612815755672897,C3,C3_morgan_rdkit,B4,B4_threshold_tuning_only,LOGO,9,0.5,none,Lumefantrine
0.5191151312382635,0.4444444444444444,1.0,0.9444444444444444,0.2857142857142857,0.9561101549053357,0.7612815755672897,C3,C3_morgan_rdkit,B4,B4_threshold_tuning_only,LOGO,9,0.55,none,Lumefantrine
0.5191151312382635,0.4444444444444444,1.0,0.9444444444444444,0.2857142857142857,0.9561101549053357,0.7612815755672897,C3,C3_morgan_rdkit,B4,B4_threshold_tuning_only,LOGO,9,0.6,none,Lumefantrine
0.0,0.0,0.0,0.9222222222222223,0.0,0.9561101549053357,0.7612815755672897,C3,C3_morgan_rdkit,B4,B4_threshold_tuning_only,LOGO,9,0.65,none,Lumefantrine
0.0,0.0,0.0,0.9222222222222223,0.0,0.9561101549053357,0.7612815755672897,C3,C3_morgan_rdkit,B4,B4_threshold_tuning_only,LOGO,9,0.7,none,Lumefantrine
0.0,0.0,0.0,0.9222222222222223,0.0,0.9561101549053357,0.7612815755672897,C3,C3_morgan_rdkit,B4,B4_threshold_tuning_only,LOGO,9,0.75,none,Lumefantrine
0.0,0.0,0.0,0.9222222222222223,0.0,0.9561101549053357,0.7612815755672897,C3,C3_morgan_rdkit,B4,B4_threshold_tuning_only,LOGO,9,0.8,none,Lumefantrine
0.0,0.0,0.0,0.9222222222222223,0.0,0.9561101549053357,0.7612815755672897,C3,C3_morgan_rdkit,B4,B4_threshold_tuning_only,LOGO,9,0.85,none,Lumefantrine
0.0,0.0,0.0,0.9222222222222223,0.0,0.9561101549053357,0.7612815755672897,C3,C3_morgan_rdkit,B4,B4_threshold_tuning_only,LOGO,9,0.9,none,Lumefantrine
-0.013135173437318345,0.20512820512820512,0.2222222222222222,0.6555555555555556,0.19047619047619047,0.5948930296756383,0.3384157967007862,C3,C3_morgan_rdkit,B4,B4_threshold_tuning_only,LOGO,10,0.05,none,Nelfinavir
-0.02786391062876764,0.12903225806451613,0.2,0.7,0.09523809523809523,0.5948930296756383,0.3384157967007862,C3,C3_morgan_rdkit,B4,B4_threshold_tuning_only,LOGO,10,0.1,none,Nelfinavir
0.03596596198824938,0.14285714285714285,0.2857142857142857,0.7333333333333333,0.09523809523809523,0.5948930296756383,0.3384157967007862,C3,C3_morgan_rdkit,B4,B4_threshold_tuning_only,LOGO,10,0.15,none,Nelfinavir
0.19025295692965058,0.16666666666666666,0.6666666666666666,0.7777777777777778,0.09523809523809523,0.5948930296756383,0.3384157967007862,C3,C3_morgan_rdkit,B4,B4_threshold_tuning_only,LOGO,10,0.2,none,Nelfinavir
0.19025295692965058,0.16666666666666666,0.6666666666666666,0.7777777777777778,0.09523809523809523,0.5948930296756383,0.3384157967007862,C3,C3_morgan_rdkit,B4,B4_threshold_tuning_only,LOGO,10,0.25,none,Nelfinavir
0.19025295692965058,0.16666666666666666,0.6666666666666666,0.7777777777777778,0.09523809523809523,0.5948930296756383,0.3384157967007862,C3,C3_morgan_rdkit,B4,B4_threshold_tuning_only,LOGO,10,0.3,none,Nelfinavir
0.19025295692965058,0.16666666666666666,0.6666666666666666,0.7777777777777778,0.09523809523809523,0.5948930296756383,0.3384157967007862,C3,C3_morgan_rdkit,B4,B4_threshold_tuning_only,LOGO,10,0.35,none,Nelfinavir
0.27326786250001056,0.17391304347826086,1.0,0.7888888888888889,0.09523809523809523,0.5948930296756383,0.3384157967007862,C3,C3_morgan_rdkit,B4,B4_threshold_tuning_only,LOGO,10,0.4,none,Nelfinavir
0.27326786250001056,0.17391304347826086,1.0,0.7888888888888889,0.09523809523809523,0.5948930296756383,0.3384157967007862,C3,C3_morgan_rdkit,B4,B4_threshold_tuning_only,LOGO,10,0.45,none,Nelfinavir
0.27326786250001056,0.17391304347826086,1.0,0.7888888888888889,0.09523809523809523,0.5948930296756383,0.3384157967007862,C3,C3_morgan_rdkit,B4,B4_threshold_tuning_only,LOGO,10,0.5,none,Nelfinavir
0.27326786250001056,0.17391304347826086,1.0,0.7888888888888889,0.09523809523809523,0.5948930296756383,0.3384157967007862,C3,C3_morgan_rdkit,B4,B4_threshold_tuning_only,LOGO,10,0.55,none,Nelfinavir
0.1921409327596115,0.09090909090909091,1.0,0.7777777777777778,0.047619047619047616,0.5948930296756383,0.3384157967007862,C3,C3_morgan_rdkit,B4,B4_threshold_tuning_only,LOGO,10,0.6,none,Nelfinavir
0.1921409327596115,0.09090909090909091,1.0,0.7777777777777778,0.047619047619047616,0.5948930296756383,0.3384157967007862,C3,C3_morgan_rdkit,B4,B4_threshold_tuning_only,LOGO,10,0.65,none,Nelfinavir
0.0,0.0,0.0,0.7666666666666667,0.0,0.5948930296756383,0.3384157967007862,C3,C3_morgan_rdkit,B4,B4_threshold_tuning_only,LOGO,10,0.7,none,Nelfinavir
0.0,0.0,0.0,0.7666666666666667,0.0,0.5948930296756383,0.3384157967007862,C3,C3_morgan_rdkit,B4,B4_threshold_tuning_only,LOGO,10,0.75,none,Nelfinavir
0.0,0.0,0.0,0.7666666666666667,0.0,0.5948930296756383,0.3384157967007862,C3,C3_morgan_rdkit,B4,B4_threshold_tuning_only,LOGO,10,0.8,none,Nelfinavir
0.0,0.0,0.0,0.7666666666666667,0.0,0.5948930296756383,0.3384157967007862,C3,C3_morgan_rdkit,B4,B4_threshold_tuning_only,LOGO,10,0.85,none,Nelfinavir
0.0,0.0,0.0,0.7666666666666667,0.0,0.5948930296756383,0.3384157967007862,C3,C3_morgan_rdkit,B4,B4_threshold_tuning_only,LOGO,10,0.9,none,Nelfinavir
0.2029610352214972,0.11764705882352941,0.0625,0.6666666666666666,1.0,0.8153409090909091,0.08116883116883117,C3,C3_morgan_rdkit,B4,B4_threshold_tuning_only,LOGO,11,0.05,none,Physcion
0.24308621740219888,0.14814814814814814,0.08,0.7444444444444445,1.0,0.8153409090909091,0.08116883116883117,C3,C3_morgan_rdkit,B4,B4_threshold_tuning_only,LOGO,11,0.1,none,Physcion
-0.05913123959890826,0.0,0.0,0.8444444444444444,0.0,0.8153409090909091,0.08116883116883117,C3,C3_morgan_rdkit,B4,B4_threshold_tuning_only,LOGO,11,0.15,none,Physcion
-0.036563621206356534,0.0,0.0,0.9222222222222223,0.0,0.8153409090909091,0.08116883116883117,C3,C3_morgan_rdkit,B4,B4_threshold_tuning_only,LOGO,11,0.2,none,Physcion
-0.036563621206356534,0.0,0.0,0.9222222222222223,0.0,0.8153409090909091,0.08116883116883117,C3,C3_morgan_rdkit,B4,B4_threshold_tuning_only,LOGO,11,0.25,none,Physcion
-0.022727272727272728,0.0,0.0,0.9555555555555556,0.0,0.8153409090909091,0.08116883116883117,C3,C3_morgan_rdkit,B4,B4_threshold_tuning_only,LOGO,11,0.3,none,Physcion
-0.022727272727272728,0.0,0.0,0.9555555555555556,0.0,0.8153409090909091,0.08116883116883117,C3,C3_morgan_rdkit,B4,B4_threshold_tuning_only,LOGO,11,0.35,none,Physcion
-0.022727272727272728,0.0,0.0,0.9555555555555556,0.0,0.8153409090909091,0.08116883116883117,C3,C3_morgan_rdkit,B4,B4_threshold_tuning_only,LOGO,11,0.4,none,Physcion
-0.022727272727272728,0.0,0.0,0.9555555555555556,0.0,0.8153409090909091,0.08116883116883117,C3,C3_morgan_rdkit,B4,B4_threshold_tuning_only,LOGO,11,0.45,none,Physcion
-0.022727272727272728,0.0,0.0,0.9555555555555556,0.0,0.8153409090909091,0.08116883116883117,C3,C3_morgan_rdkit,B4,B4_threshold_tuning_only,LOGO,11,0.5,none,Physcion
-0.022727272727272728,0.0,0.0,0.9555555555555556,0.0,0.8153409090909091,0.08116883116883117,C3,C3_morgan_rdkit,B4,B4_threshold_tuning_only,LOGO,11,0.55,none,Physcion
-0.022727272727272728,0.0,0.0,0.9555555555555556,0.0,0.8153409090909091,0.08116883116883117,C3,C3_morgan_rdkit,B4,B4_threshold_tuning_only,LOGO,11,0.6,none,Physcion
-0.01598006930251483,0.0,0.0,0.9666666666666667,0.0,0.8153409090909091,0.08116883116883117,C3,C3_morgan_rdkit,B4,B4_threshold_tuning_only,LOGO,11,0.65,none,Physcion
0.0,0.0,0.0,0.9777777777777777,0.0,0.8153409090909091,0.08116883116883117,C3,C3_morgan_rdkit,B4,B4_threshold_tuning_only,LOGO,11,0.7,none,Physcion
0.0,0.0,0.0,0.9777777777777777,0.0,0.8153409090909091,0.08116883116883117,C3,C3_morgan_rdkit,B4,B4_threshold_tuning_only,LOGO,11,0.75,none,Physcion
0.0,0.0,0.0,0.9777777777777777,0.0,0.8153409090909091,0.08116883116883117,C3,C3_morgan_rdkit,B4,B4_threshold_tuning_only,LOGO,11,0.8,none,Physcion
0.0,0.0,0.0,0.9777777777777777,0.0,0.8153409090909091,0.08116883116883117,C3,C3_morgan_rdkit,B4,B4_threshold_tuning_only,LOGO,11,0.85,none,Physcion
0.0,0.0,0.0,0.9777777777777777,0.0,0.8153409090909091,0.08116883116883117,C3,C3_morgan_rdkit,B4,B4_threshold_tuning_only,LOGO,11,0.9,none,Physcion
0.0,0.0,0.0,0.6444444444444445,0.0,,,C3,C3_morgan_rdkit,B4,B4_threshold_tuning_only,LOGO,12,0.05,none,Pranlukast
0.0,0.0,0.0,0.8333333333333334,0.0,,,C3,C3_morgan_rdkit,B4,B4_threshold_tuning_only,LOGO,12,0.1,none,Pranlukast
0.0,0.0,0.0,0.9111111111111111,0.0,,,C3,C3_morgan_rdkit,B4,B4_threshold_tuning_only,LOGO,12,0.15,none,Pranlukast
0.0,0.0,0.0,0.9555555555555556,0.0,,,C3,C3_morgan_rdkit,B4,B4_threshold_tuning_only,LOGO,12,0.2,none,Pranlukast
0.0,0.0,0.0,0.9666666666666667,0.0,,,C3,C3_morgan_rdkit,B4,B4_threshold_tuning_only,LOGO,12,0.25,none,Pranlukast
0.0,0.0,0.0,0.9666666666666667,0.0,,,C3,C3_morgan_rdkit,B4,B4_threshold_tuning_only,LOGO,12,0.3,none,Pranlukast
0.0,0.0,0.0,0.9777777777777777,0.0,,,C3,C3_morgan_rdkit,B4,B4_threshold_tuning_only,LOGO,12,0.35,none,Pranlukast
0.0,0.0,0.0,0.9777777777777777,0.0,,,C3,C3_morgan_rdkit,B4,B4_threshold_tuning_only,LOGO,12,0.4,none,Pranlukast
0.0,0.0,0.0,0.9777777777777777,0.0,,,C3,C3_morgan_rdkit,B4,B4_threshold_tuning_only,LOGO,12,0.45,none,Pranlukast
0.0,0.0,0.0,0.9777777777777777,0.0,,,C3,C3_morgan_rdkit,B4,B4_threshold_tuning_only,LOGO,12,0.5,none,Pranlukast
0.0,0.0,0.0,0.9777777777777777,0.0,,,C3,C3_morgan_rdkit,B4,B4_threshold_tuning_only,LOGO,12,0.55,none,Pranlukast
0.0,0.0,0.0,0.9777777777777777,0.0,,,C3,C3_morgan_rdkit,B4,B4_threshold_tuning_only,LOGO,12,0.6,none,Pranlukast
0.0,0.0,0.0,0.9888888888888889,0.0,,,C3,C3_morgan_rdkit,B4,B4_threshold_tuning_only,LOGO,12,0.65,none,Pranlukast
0.0,0.0,0.0,0.9888888888888889,0.0,,,C3,C3_morgan_rdkit,B4,B4_threshold_tuning_only,LOGO,12,0.7,none,Pranlukast
0.0,0.0,0.0,0.9888888888888889,0.0,,,C3,C3_morgan_rdkit,B4,B4_threshold_tuning_only,LOGO,12,0.75,none,Pranlukast
0.0,0.0,0.0,1.0,0.0,,,C3,C3_morgan_rdkit,B4,B4_threshold_tuning_only,LOGO,12,0.8,none,Pranlukast
0.0,0.0,0.0,1.0,0.0,,,C3,C3_morgan_rdkit,B4,B4_threshold_tuning_only,LOGO,12,0.85,none,Pranlukast
0.0,0.0,0.0,1.0,0.0,,,C3,C3_morgan_rdkit,B4,B4_threshold_tuning_only,LOGO,12,0.9,none,Pranlukast
0.21722553452429297,0.14634146341463414,0.07894736842105263,0.6111111111111112,1.0,1.0,1.0,C3,C3_morgan_rdkit,B4,B4_threshold_tuning_only,LOGO,13,0.05,none,Rapamycin
0.2693189543416088,0.1875,0.10344827586206896,0.7111111111111111,1.0,1.0,1.0,C3,C3_morgan_rdkit,B4,B4_threshold_tuning_only,LOGO,13,0.1,none,Rapamycin
0.384802575761095,0.3,0.17647058823529413,0.8444444444444444,1.0,1.0,1.0,C3,C3_morgan_rdkit,B4,B4_threshold_tuning_only,LOGO,13,0.15,none,Rapamycin
0.5570860145311556,0.5,0.3333333333333333,0.9333333333333333,1.0,1.0,1.0,C3,C3_morgan_rdkit,B4,B4_threshold_tuning_only,LOGO,13,0.2,none,Rapamycin
1.0,1.0,1.0,1.0,1.0,1.0,1.0,C3,C3_morgan_rdkit,B4,B4_threshold_tuning_only,LOGO,13,0.25,none,Rapamycin
1.0,1.0,1.0,1.0,1.0,1.0,1.0,C3,C3_morgan_rdkit,B4,B4_threshold_tuning_only,LOGO,13,0.3,none,Rapamycin
0.8118441408859887,0.8,1.0,0.9888888888888889,0.6666666666666666,1.0,1.0,C3,C3_morgan_rdkit,B4,B4_threshold_tuning_only,LOGO,13,0.35,none,Rapamycin
0.8118441408859887,0.8,1.0,0.9888888888888889,0.6666666666666666,1.0,1.0,C3,C3_morgan_rdkit,B4,B4_threshold_tuning_only,LOGO,13,0.4,none,Rapamycin
0.8118441408859887,0.8,1.0,0.9888888888888889,0.6666666666666666,1.0,1.0,C3,C3_morgan_rdkit,B4,B4_threshold_tuning_only,LOGO,13,0.45,none,Rapamycin
0.8118441408859887,0.8,1.0,0.9888888888888889,0.6666666666666666,1.0,1.0,C3,C3_morgan_rdkit,B4,B4_threshold_tuning_only,LOGO,13,0.5,none,Rapamycin
0.5708263279047433,0.5,1.0,0.9777777777777777,0.3333333333333333,1.0,1.0,C3,C3_morgan_rdkit,B4,B4_threshold_tuning_only,LOGO,13,0.55,none,Rapamycin
0.5708263279047433,0.5,1.0,0.9777777777777777,0.3333333333333333,1.0,1.0,C3,C3_morgan_rdkit,B4,B4_threshold_tuning_only,LOGO,13,0.6,none,Rapamycin
0.5708263279047433,0.5,1.0,0.9777777777777777,0.3333333333333333,1.0,1.0,C3,C3_morgan_rdkit,B4,B4_threshold_tuning_only,LOGO,13,0.65,none,Rapamycin
0.0,0.0,0.0,0.9666666666666667,0.0,1.0,1.0,C3,C3_morgan_rdkit,B4,B4_threshold_tuning_only,LOGO,13,0.7,none,Rapamycin
0.0,0.0,0.0,0.9666666666666667,0.0,1.0,1.0,C3,C3_morgan_rdkit,B4,B4_threshold_tuning_only,LOGO,13,0.75,none,Rapamycin
0.0,0.0,0.0,0.9666666666666667,0.0,1.0,1.0,C3,C3_morgan_rdkit,B4,B4_threshold_tuning_only,LOGO,13,0.8,none,Rapamycin
0.0,0.0,0.0,0.9666666666666667,0.0,1.0,1.0,C3,C3_morgan_rdkit,B4,B4_threshold_tuning_only,LOGO,13,0.85,none,Rapamycin
0.0,0.0,0.0,0.9666666666666667,0.0,1.0,1.0,C3,C3_morgan_rdkit,B4,B4_threshold_tuning_only,LOGO,13,0.9,none,Rapamycin
0.31180478223116176,0.3333333333333333,0.2222222222222222,0.8222222222222222,0.6666666666666666,0.7797619047619048,0.4327020202020202,C3,C3_morgan_rdkit,B4,B4_threshold_tuning_only,LOGO,14,0.05,none,Rilpivirine
0.444244616885518,0.47058823529411764,0.36363636363636365,0.9,0.6666666666666666,0.7797619047619048,0.4327020202020202,C3,C3_morgan_rdkit,B4,B4_threshold_tuning_only,LOGO,14,0.1,none,Rilpivirine
0.2550208870177951,0.3076923076923077,0.2857142857142857,0.9,0.3333333333333333,0.7797619047619048,0.4327020202020202,C3,C3_morgan_rdkit,B4,B4_threshold_tuning_only,LOGO,14,0.15,none,Rilpivirine
0.2857142857142857,0.3333333333333333,0.3333333333333333,0.9111111111111111,0.3333333333333333,0.7797619047619048,0.4327020202020202,C3,C3_morgan_rdkit,B4,B4_threshold_tuning_only,LOGO,14,0.2,none,Rilpivirine
0.3241018617760822,0.36363636363636365,0.4,0.9222222222222223,0.3333333333333333,0.7797619047619048,0.4327020202020202,C3,C3_morgan_rdkit,B4,B4_threshold_tuning_only,LOGO,14,0.25,none,Rilpivirine
0.3241018617760822,0.36363636363636365,0.4,0.9222222222222223,0.3333333333333333,0.7797619047619048,0.4327020202020202,C3,C3_morgan_rdkit,B4,B4_threshold_tuning_only,LOGO,14,0.3,none,Rilpivirine
0.3746537715077527,0.4,0.5,0.9333333333333333,0.3333333333333333,0.7797619047619048,0.4327020202020202,C3,C3_morgan_rdkit,B4,B4_threshold_tuning_only,LOGO,14,0.35,none,Rilpivirine
0.2618924633082486,0.25,0.5,0.9333333333333333,0.16666666666666666,0.7797619047619048,0.4327020202020202,C3,C3_morgan_rdkit,B4,B4_threshold_tuning_only,LOGO,14,0.4,none,Rilpivirine
0.2618924633082486,0.25,0.5,0.9333333333333333,0.16666666666666666,0.7797619047619048,0.4327020202020202,C3,C3_morgan_rdkit,B4,B4_threshold_tuning_only,LOGO,14,0.45,none,Rilpivirine
0.39661488976905146,0.2857142857142857,1.0,0.9444444444444444,0.16666666666666666,0.7797619047619048,0.4327020202020202,C3,C3_morgan_rdkit,B4,B4_threshold_tuning_only,LOGO,14,0.5,none,Rilpivirine
0.39661488976905146,0.2857142857142857,1.0,0.9444444444444444,0.16666666666666666,0.7797619047619048,0.4327020202020202,C3,C3_morgan_rdkit,B4,B4_threshold_tuning_only,LOGO,14,0.55,none,Rilpivirine
0.39661488976905146,0.2857142857142857,1.0,0.9444444444444444,0.16666666666666666,0.7797619047619048,0.4327020202020202,C3,C3_morgan_rdkit,B4,B4_threshold_tuning_only,LOGO,14,0.6,none,Rilpivirine
0.39661488976905146,0.2857142857142857,1.0,0.9444444444444444,0.16666666666666666,0.7797619047619048,0.4327020202020202,C3,C3_morgan_rdkit,B4,B4_threshold_tuning_only,LOGO,14,0.65,none,Rilpivirine
0.0,0.0,0.0,0.9333333333333333,0.0,0.7797619047619048,0.4327020202020202,C3,C3_morgan_rdkit,B4,B4_threshold_tuning_only,LOGO,14,0.7,none,Rilpivirine
0.0,0.0,0.0,0.9333333333333333,0.0,0.7797619047619048,0.4327020202020202,C3,C3_morgan_rdkit,B4,B4_threshold_tuning_only,LOGO,14,0.75,none,Rilpivirine
0.0,0.0,0.0,0.9333333333333333,0.0,0.7797619047619048,0.4327020202020202,C3,C3_morgan_rdkit,B4,B4_threshold_tuning_only,LOGO,14,0.8,none,Rilpivirine
0.0,0.0,0.0,0.9333333333333333,0.0,0.7797619047619048,0.4327020202020202,C3,C3_morgan_rdkit,B4,B4_threshold_tuning_only,LOGO,14,0.85,none,Rilpivirine
0.0,0.0,0.0,0.9333333333333333,0.0,0.7797619047619048,0.4327020202020202,C3,C3_morgan_rdkit,B4,B4_threshold_tuning_only,LOGO,14,0.9,none,Rilpivirine
0.4477582068527759,0.48,0.35294117647058826,0.8555555555555555,0.75,0.8285060975609756,0.6288465007215007,C3,C3_morgan_rdkit,B4,B4_threshold_tuning_only,LOGO,15,0.05,none,Sorafenib
0.5884146341463414,0.625,0.625,0.9333333333333333,0.625,0.8285060975609756,0.6288465007215007,C3,C3_morgan_rdkit,B4,B4_threshold_tuning_only,LOGO,15,0.1,none,Sorafenib
0.4355935609701779,0.46153846153846156,0.6,0.9222222222222223,0.375,0.8285060975609756,0.6288465007215007,C3,C3_morgan_rdkit,B4,B4_threshold_tuning_only,LOGO,15,0.15,none,Sorafenib
0.594515160329885,0.5454545454545454,1.0,0.9444444444444444,0.375,0.8285060975609756,0.6288465007215007,C3,C3_morgan_rdkit,B4,B4_threshold_tuning_only,LOGO,15,0.2,none,Sorafenib
0.48265364958171136,0.4,1.0,0.9333333333333333,0.25,0.8285060975609756,0.6288465007215007,C3,C3_morgan_rdkit,B4,B4_threshold_tuning_only,LOGO,15,0.25,none,Sorafenib
0.48265364958171136,0.4,1.0,0.9333333333333333,0.25,0.8285060975609756,0.6288465007215007,C3,C3_morgan_rdkit,B4,B4_threshold_tuning_only,LOGO,15,0.3,none,Sorafenib
0.48265364958171136,0.4,1.0,0.9333333333333333,0.25,0.8285060975609756,0.6288465007215007,C3,C3_morgan_rdkit,B4,B4_threshold_tuning_only,LOGO,15,0.35,none,Sorafenib
0.339364905854808,0.2222222222222222,1.0,0.9222222222222223,0.125,0.8285060975609756,0.6288465007215007,C3,C3_morgan_rdkit,B4,B4_threshold_tuning_only,LOGO,15,0.4,none,Sorafenib
0.339364905854808,0.2222222222222222,1.0,0.9222222222222223,0.125,0.8285060975609756,0.6288465007215007,C3,C3_morgan_rdkit,B4,B4_threshold_tuning_only,LOGO,15,0.45,none,Sorafenib
0.339364905854808,0.2222222222222222,1.0,0.9222222222222223,0.125,0.8285060975609756,0.6288465007215007,C3,C3_morgan_rdkit,B4,B4_threshold_tuning_only,LOGO,15,0.5,none,Sorafenib
0.0,0.0,0.0,0.9111111111111111,0.0,0.8285060975609756,0.6288465007215007,C3,C3_morgan_rdkit,B4,B4_threshold_tuning_only,LOGO,15,0.55,none,Sorafenib
0.0,0.0,0.0,0.9111111111111111,0.0,0.8285060975609756,0.6288465007215007,C3,C3_morgan_rdkit,B4,B4_threshold_tuning_only,LOGO,15,0.6,none,Sorafenib
0.0,0.0,0.0,0.9111111111111111,0.0,0.8285060975609756,0.6288465007215007,C3,C3_morgan_rdkit,B4,B4_threshold_tuning_only,LOGO,15,0.65,none,Sorafenib
0.0,0.0,0.0,0.9111111111111111,0.0,0.8285060975609756,0.6288465007215007,C3,C3_morgan_rdkit,B4,B4_threshold_tuning_only,LOGO,15,0.7,none,Sorafenib
0.0,0.0,0.0,0.9111111111111111,0.0,0.8285060975609756,0.6288465007215007,C3,C3_morgan_rdkit,B4,B4_threshold_tuning_only,LOGO,15,0.75,none,Sorafenib
0.0,0.0,0.0,0.9111111111111111,0.0,0.8285060975609756,0.6288465007215007,C3,C3_morgan_rdkit,B4,B4_threshold_tuning_only,LOGO,15,0.8,none,Sorafenib
0.0,0.0,0.0,0.9111111111111111,0.0,0.8285060975609756,0.6288465007215007,C3,C3_morgan_rdkit,B4,B4_threshold_tuning_only,LOGO,15,0.85,none,Sorafenib
0.0,0.0,0.0,0.9111111111111111,0.0,0.8285060975609756,0.6288465007215007,C3,C3_morgan_rdkit,B4,B4_threshold_tuning_only,LOGO,15,0.9,none,Sorafenib
0.12121539504758784,0.05,0.02564102564102564,0.5777777777777777,1.0,0.9887640449438202,0.5,C3,C3_morgan_rdkit,B4,B4_threshold_tuning_only,LOGO,16,0.05,none,Taxol
0.20490727158101796,0.1,0.05263157894736842,0.8,1.0,0.9887640449438202,0.5,C3,C3_morgan_rdkit,B4,B4_threshold_tuning_only,LOGO,16,0.1,none,Taxol
0.284067925525857,0.16666666666666666,0.09090909090909091,0.8888888888888888,1.0,0.9887640449438202,0.5,C3,C3_morgan_rdkit,B4,B4_threshold_tuning_only,LOGO,16,0.15,none,Taxol
0.339364905854808,0.2222222222222222,0.125,0.9222222222222223,1.0,0.9887640449438202,0.5,C3,C3_morgan_rdkit,B4,B4_threshold_tuning_only,LOGO,16,0.2,none,Taxol
0.39661488976905146,0.2857142857142857,0.16666666666666666,0.9444444444444444,1.0,0.9887640449438202,0.5,C3,C3_morgan_rdkit,B4,B4_threshold_tuning_only,LOGO,16,0.25,none,Taxol
0.5708263279047433,0.5,0.3333333333333333,0.9777777777777777,1.0,0.9887640449438202,0.5,C3,C3_morgan_rdkit,B4,B4_threshold_tuning_only,LOGO,16,0.3,none,Taxol
0.5708263279047433,0.5,0.3333333333333333,0.9777777777777777,1.0,0.9887640449438202,0.5,C3,C3_morgan_rdkit,B4,B4_threshold_tuning_only,LOGO,16,0.35,none,Taxol
0.5708263279047433,0.5,0.3333333333333333,0.9777777777777777,1.0,0.9887640449438202,0.5,C3,C3_morgan_rdkit,B4,B4_threshold_tuning_only,LOGO,16,0.4,none,Taxol
0.5708263279047433,0.5,0.3333333333333333,0.9777777777777777,1.0,0.9887640449438202,0.5,C3,C3_morgan_rdkit,B4,B4_threshold_tuning_only,LOGO,16,0.45,none,Taxol
0.7031230493106524,0.6666666666666666,0.5,0.9888888888888889,1.0,0.9887640449438202,0.5,C3,C3_morgan_rdkit,B4,B4_threshold_tuning_only,LOGO,16,0.5,none,Taxol
0.7031230493106524,0.6666666666666666,0.5,0.9888888888888889,1.0,0.9887640449438202,0.5,C3,C3_morgan_rdkit,B4,B4_threshold_tuning_only,LOGO,16,0.55,none,Taxol
0.7031230493106524,0.6666666666666666,0.5,0.9888888888888889,1.0,0.9887640449438202,0.5,C3,C3_morgan_rdkit,B4,B4_threshold_tuning_only,LOGO,16,0.6,none,Taxol
0.7031230493106524,0.6666666666666666,0.5,0.9888888888888889,1.0,0.9887640449438202,0.5,C3,C3_morgan_rdkit,B4,B4_threshold_tuning_only,LOGO,16,0.65,none,Taxol
-0.011235955056179775,0.0,0.0,0.9777777777777777,0.0,0.9887640449438202,0.5,C3,C3_morgan_rdkit,B4,B4_threshold_tuning_only,LOGO,16,0.7,none,Taxol
0.0,0.0,0.0,0.9888888888888889,0.0,0.9887640449438202,0.5,C3,C3_morgan_rdkit,B4,B4_threshold_tuning_only,LOGO,16,0.75,none,Taxol
0.0,0.0,0.0,0.9888888888888889,0.0,0.9887640449438202,0.5,C3,C3_morgan_rdkit,B4,B4_threshold_tuning_only,LOGO,16,0.8,none,Taxol
0.0,0.0,0.0,0.9888888888888889,0.0,0.9887640449438202,0.5,C3,C3_morgan_rdkit,B4,B4_threshold_tuning_only,LOGO,16,0.85,none,Taxol
0.0,0.0,0.0,0.9888888888888889,0.0,0.9887640449438202,0.5,C3,C3_morgan_rdkit,B4,B4_threshold_tuning_only,LOGO,16,0.9,none,Taxol
0.27613895652650466,0.27450980392156865,0.16666666666666666,0.7430555555555556,0.7777777777777778,0.8979423868312757,0.4298090798090798,C3,C3_morgan_rdkit,B5,B5_class_weight_threshold_tuning,CV,1,0.05,balanced,
0.4355999025743339,0.4375,0.30434782608695654,0.875,0.7777777777777778,0.8979423868312757,0.4298090798090798,C3,C3_morgan_rdkit,B5,B5_class_weight_threshold_tuning,CV,1,0.1,balanced,
0.5693582527572367,0.5833333333333334,0.4666666666666667,0.9305555555555556,0.7777777777777778,0.8979423868312757,0.4298090798090798,C3,C3_morgan_rdkit,B5,B5_class_weight_threshold_tuning,CV,1,0.15,balanced,
0.3808866325636431,0.42105263157894735,0.4,0.9236111111111112,0.4444444444444444,0.8979423868312757,0.4298090798090798,C3,C3_morgan_rdkit,B5,B5_class_weight_threshold_tuning,CV,1,0.2,balanced,
0.3131121455425747,0.35294117647058826,0.375,0.9236111111111112,0.3333333333333333,0.8979423868312757,0.4298090798090798,C3,C3_morgan_rdkit,B5,B5_class_weight_threshold_tuning,CV,1,0.25,balanced,
0.1077344635123662,0.14285714285714285,0.2,0.9166666666666666,0.1111111111111111,0.8979423868312757,0.4298090798090798,C3,C3_morgan_rdkit,B5,B5_class_weight_threshold_tuning,CV,1,0.3,balanced,
0.13093073414159542,0.15384615384615385,0.25,0.9236111111111112,0.1111111111111111,0.8979423868312757,0.4298090798090798,C3,C3_morgan_rdkit,B5,B5_class_weight_threshold_tuning,CV,1,0.35,balanced,
0.21449799456256347,0.18181818181818182,0.5,0.9375,0.1111111111111111,0.8979423868312757,0.4298090798090798,C3,C3_morgan_rdkit,B5,B5_class_weight_threshold_tuning,CV,1,0.4,balanced,
0.21449799456256347,0.18181818181818182,0.5,0.9375,0.1111111111111111,0.8979423868312757,0.4298090798090798,C3,C3_morgan_rdkit,B5,B5_class_weight_threshold_tuning,CV,1,0.45,balanced,
0.21449799456256347,0.18181818181818182,0.5,0.9375,0.1111111111111111,0.8979423868312757,0.4298090798090798,C3,C3_morgan_rdkit,B5,B5_class_weight_threshold_tuning,CV,1,0.5,balanced,
0.21449799456256347,0.18181818181818182,0.5,0.9375,0.1111111111111111,0.8979423868312757,0.4298090798090798,C3,C3_morgan_rdkit,B5,B5_class_weight_threshold_tuning,CV,1,0.55,balanced,
0.21449799456256347,0.18181818181818182,0.5,0.9375,0.1111111111111111,0.8979423868312757,0.4298090798090798,C3,C3_morgan_rdkit,B5,B5_class_weight_threshold_tuning,CV,1,0.6,balanced,
0.21449799456256347,0.18181818181818182,0.5,0.9375,0.1111111111111111,0.8979423868312757,0.4298090798090798,C3,C3_morgan_rdkit,B5,B5_class_weight_threshold_tuning,CV,1,0.65,balanced,
0.21449799456256347,0.18181818181818182,0.5,0.9375,0.1111111111111111,0.8979423868312757,0.4298090798090798,C3,C3_morgan_rdkit,B5,B5_class_weight_threshold_tuning,CV,1,0.7,balanced,
0.21449799456256347,0.18181818181818182,0.5,0.9375,0.1111111111111111,0.8979423868312757,0.4298090798090798,C3,C3_morgan_rdkit,B5,B5_class_weight_threshold_tuning,CV,1,0.75,balanced,
0.32387513781564786,0.2,1.0,0.9444444444444444,0.1111111111111111,0.8979423868312757,0.4298090798090798,C3,C3_morgan_rdkit,B5,B5_class_weight_threshold_tuning,CV,1,0.8,balanced,
0.0,0.0,0.0,0.9375,0.0,0.8979423868312757,0.4298090798090798,C3,C3_morgan_rdkit,B5,B5_class_weight_threshold_tuning,CV,1,0.85,balanced,
0.0,0.0,0.0,0.9375,0.0,0.8979423868312757,0.4298090798090798,C3,C3_morgan_rdkit,B5,B5_class_weight_threshold_tuning,CV,1,0.9,balanced,
0.22998646241414492,0.25,0.15384615384615385,0.75,0.6666666666666666,0.7650205761316873,0.3017469570802046,C3,C3_morgan_rdkit,B5,B5_class_weight_threshold_tuning,CV,2,0.05,balanced,
0.2913971185543096,0.3076923076923077,0.2,0.8125,0.6666666666666666,0.7650205761316873,0.3017469570802046,C3,C3_morgan_rdkit,B5,B5_class_weight_threshold_tuning,CV,2,0.1,balanced,
0.21845431272162377,0.26666666666666666,0.19047619047619047,0.8472222222222222,0.4444444444444444,0.7650205761316873,0.3017469570802046,C3,C3_morgan_rdkit,B5,B5_class_weight_threshold_tuning,CV,2,0.15,balanced,
0.23354968324845687,0.2857142857142857,0.25,0.8958333333333334,0.3333333333333333,0.7650205761316873,0.3017469570802046,C3,C3_morgan_rdkit,B5,B5_class_weight_threshold_tuning,CV,2,0.2,balanced,
0.28888888888888886,0.3333333333333333,0.3333333333333333,0.9166666666666666,0.3333333333333333,0.7650205761316873,0.3017469570802046,C3,C3_morgan_rdkit,B5,B5_class_weight_threshold_tuning,CV,2,0.25,balanced,
0.18786728732554484,0.23529411764705882,0.25,0.9097222222222222,0.2222222222222222,0.7650205761316873,0.3017469570802046,C3,C3_morgan_rdkit,B5,B5_class_weight_threshold_tuning,CV,2,0.3,balanced,
0.23329882422520504,0.26666666666666666,0.3333333333333333,0.9236111111111112,0.2222222222222222,0.7650205761316873,0.3017469570802046,C3,C3_morgan_rdkit,B5,B5_class_weight_threshold_tuning,CV,2,0.35,balanced,
0.16320277505018704,0.16666666666666666,0.3333333333333333,0.9305555555555556,0.1111111111111111,0.7650205761316873,0.3017469570802046,C3,C3_morgan_rdkit,B5,B5_class_weight_threshold_tuning,CV,2,0.4,balanced,
0.21449799456256347,0.18181818181818182,0.5,0.9375,0.1111111111111111,0.7650205761316873,0.3017469570802046,C3,C3_morgan_rdkit,B5,B5_class_weight_threshold_tuning,CV,2,0.45,balanced,
0.32387513781564786,0.2,1.0,0.9444444444444444,0.1111111111111111,0.7650205761316873,0.3017469570802046,C3,C3_morgan_rdkit,B5,B5_class_weight_threshold_tuning,CV,2,0.5,balanced,
0.0,0.0,0.0,0.9375,0.0,0.7650205761316873,0.3017469570802046,C3,C3_morgan_rdkit,B5,B5_class_weight_threshold_tuning,CV,2,0.55,balanced,
0.0,0.0,0.0,0.9375,0.0,0.7650205761316873,0.3017469570802046,C3,C3_morgan_rdkit,B5,B5_class_weight_threshold_tuning,CV,2,0.6,balanced,
0.0,0.0,0.0,0.9375,0.0,0.7650205761316873,0.3017469570802046,C3,C3_morgan_rdkit,B5,B5_class_weight_threshold_tuning,CV,2,0.65,balanced,
0.0,0.0,0.0,0.9375,0.0,0.7650205761316873,0.3017469570802046,C3,C3_morgan_rdkit,B5,B5_class_weight_threshold_tuning,CV,2,0.7,balanced,
0.0,0.0,0.0,0.9375,0.0,0.7650205761316873,0.3017469570802046,C3,C3_morgan_rdkit,B5,B5_class_weight_threshold_tuning,CV,2,0.75,balanced,
0.0,0.0,0.0,0.9375,0.0,0.7650205761316873,0.3017469570802046,C3,C3_morgan_rdkit,B5,B5_class_weight_threshold_tuning,CV,2,0.8,balanced,
0.0,0.0,0.0,0.9375,0.0,0.7650205761316873,0.3017469570802046,C3,C3_morgan_rdkit,B5,B5_class_weight_threshold_tuning,CV,2,0.85,balanced,
0.0,0.0,0.0,0.9375,0.0,0.7650205761316873,0.3017469570802046,C3,C3_morgan_rdkit,B5,B5_class_weight_threshold_tuning,CV,2,0.9,balanced,
0.4236592728681617,0.375,0.23076923076923078,0.7916666666666666,1.0,0.9160493827160494,0.4547870967493393,C3,C3_morgan_rdkit,B5,B5_class_weight_threshold_tuning,CV,3,0.05,balanced,
0.4355999025743339,0.4375,0.30434782608695654,0.875,0.7777777777777778,0.9160493827160494,0.4547870967493393,C3,C3_morgan_rdkit,B5,B5_class_weight_threshold_tuning,CV,3,0.1,balanced,
0.35008104666080614,0.38461538461538464,0.29411764705882354,0.8888888888888888,0.5555555555555556,0.9160493827160494,0.4547870967493393,C3,C3_morgan_rdkit,B5,B5_class_weight_threshold_tuning,CV,3,0.15,balanced,
0.24976635242618936,0.3,0.2727272727272727,0.9027777777777778,0.3333333333333333,0.9160493827160494,0.4547870967493393,C3,C3_morgan_rdkit,B5,B5_class_weight_threshold_tuning,CV,3,0.2,balanced,
0.20844192512248122,0.25,0.2857142857142857,0.9166666666666666,0.2222222222222222,0.9160493827160494,0.4547870967493393,C3,C3_morgan_rdkit,B5,B5_class_weight_threshold_tuning,CV,3,0.25,balanced,
0.23329882422520504,0.26666666666666666,0.3333333333333333,0.9236111111111112,0.2222222222222222,0.9160493827160494,0.4547870967493393,C3,C3_morgan_rdkit,B5,B5_class_weight_threshold_tuning,CV,3,0.3,balanced,
0.30550504633038933,0.3076923076923077,0.5,0.9375,0.2222222222222222,0.9160493827160494,0.4547870967493393,C3,C3_morgan_rdkit,B5,B5_class_weight_threshold_tuning,CV,3,0.35,balanced,
0.36406772895810957,0.3333333333333333,0.6666666666666666,0.9444444444444444,0.2222222222222222,0.9160493827160494,0.4547870967493393,C3,C3_morgan_rdkit,B5,B5_class_weight_threshold_tuning,CV,3,0.4,balanced,
0.32387513781564786,0.2,1.0,0.9444444444444444,0.1111111111111111,0.9160493827160494,0.4547870967493393,C3,C3_morgan_rdkit,B5,B5_class_weight_threshold_tuning,CV,3,0.45,balanced,
0.0,0.0,0.0,0.9375,0.0,0.9160493827160494,0.4547870967493393,C3,C3_morgan_rdkit,B5,B5_class_weight_threshold_tuning,CV,3,0.5,balanced,
0.0,0.0,0.0,0.9375,0.0,0.9160493827160494,0.4547870967493393,C3,C3_morgan_rdkit,B5,B5_class_weight_threshold_tuning,CV,3,0.55,balanced,
0.0,0.0,0.0,0.9375,0.0,0.9160493827160494,0.4547870967493393,C3,C3_morgan_rdkit,B5,B5_class_weight_threshold_tuning,CV,3,0.6,balanced,
0.0,0.0,0.0,0.9375,0.0,0.9160493827160494,0.4547870967493393,C3,C3_morgan_rdkit,B5,B5_class_weight_threshold_tuning,CV,3,0.65,balanced,
0.0,0.0,0.0,0.9375,0.0,0.9160493827160494,0.4547870967493393,C3,C3_morgan_rdkit,B5,B5_class_weight_threshold_tuning,CV,3,0.7,balanced,
0.0,0.0,0.0,0.9375,0.0,0.9160493827160494,0.4547870967493393,C3,C3_morgan_rdkit,B5,B5_class_weight_threshold_tuning,CV,3,0.75,balanced,
0.0,0.0,0.0,0.9375,0.0,0.9160493827160494,0.4547870967493393,C3,C3_morgan_rdkit,B5,B5_class_weight_threshold_tuning,CV,3,0.8,balanced,
0.0,0.0,0.0,0.9375,0.0,0.9160493827160494,0.4547870967493393,C3,C3_morgan_rdkit,B5,B5_class_weight_threshold_tuning,CV,3,0.85,balanced,
0.0,0.0,0.0,0.9375,0.0,0.9160493827160494,0.4547870967493393,C3,C3_morgan_rdkit,B5,B5_class_weight_threshold_tuning,CV,3,0.9,balanced,
0.32844906435973886,0.28125,0.16363636363636364,0.6805555555555556,1.0,0.9436213991769548,0.5190226014938658,C3,C3_morgan_rdkit,B5,B5_class_weight_threshold_tuning,CV,4,0.05,balanced,
0.4236592728681617,0.375,0.23076923076923078,0.7916666666666666,1.0,0.9436213991769548,0.5190226014938658,C3,C3_morgan_rdkit,B5,B5_class_weight_threshold_tuning,CV,4,0.1,balanced,
0.4754740995006545,0.45714285714285713,0.3076923076923077,0.8680555555555556,0.8888888888888888,0.9436213991769548,0.5190226014938658,C3,C3_morgan_rdkit,B5,B5_class_weight_threshold_tuning,CV,4,0.15,balanced,
0.5599539151544296,0.5517241379310345,0.4,0.9097222222222222,0.8888888888888888,0.9436213991769548,0.5190226014938658,C3,C3_morgan_rdkit,B5,B5_class_weight_threshold_tuning,CV,4,0.2,balanced,
0.381528726074437,0.4166666666666667,0.3333333333333333,0.9027777777777778,0.5555555555555556,0.9436213991769548,0.5190226014938658,C3,C3_morgan_rdkit,B5,B5_class_weight_threshold_tuning,CV,4,0.25,balanced,
0.3577734237456226,0.4,0.36363636363636365,0.9166666666666666,0.4444444444444444,0.9436213991769548,0.5190226014938658,C3,C3_morgan_rdkit,B5,B5_class_weight_threshold_tuning,CV,4,0.3,balanced,
0.3768673314407158,0.4,0.5,0.9375,0.3333333333333333,0.9436213991769548,0.5190226014938658,C3,C3_morgan_rdkit,B5,B5_class_weight_threshold_tuning,CV,4,0.35,balanced,
0.3768673314407158,0.4,0.5,0.9375,0.3333333333333333,0.9436213991769548,0.5190226014938658,C3,C3_morgan_rdkit,B5,B5_class_weight_threshold_tuning,CV,4,0.4,balanced,
0.48007935851918326,0.46153846153846156,0.75,0.9513888888888888,0.3333333333333333,0.9436213991769548,0.5190226014938658,C3,C3_morgan_rdkit,B5,B5_class_weight_threshold_tuning,CV,4,0.45,balanced,
0.48007935851918326,0.46153846153846156,0.75,0.9513888888888888,0.3333333333333333,0.9436213991769548,0.5190226014938658,C3,C3_morgan_rdkit,B5,B5_class_weight_threshold_tuning,CV,4,0.5,balanced,
0.48007935851918326,0.46153846153846156,0.75,0.9513888888888888,0.3333333333333333,0.9436213991769548,0.5190226014938658,C3,C3_morgan_rdkit,B5,B5_class_weight_threshold_tuning,CV,4,0.55,balanced,
0.32387513781564786,0.2,1.0,0.9444444444444444,0.1111111111111111,0.9436213991769548,0.5190226014938658,C3,C3_morgan_rdkit,B5,B5_class_weight_threshold_tuning,CV,4,0.6,balanced,
0.32387513781564786,0.2,1.0,0.9444444444444444,0.1111111111111111,0.9436213991769548,0.5190226014938658,C3,C3_morgan_rdkit,B5,B5_class_weight_threshold_tuning,CV,4,0.65,balanced,
0.32387513781564786,0.2,1.0,0.9444444444444444,0.1111111111111111,0.9436213991769548,0.5190226014938658,C3,C3_morgan_rdkit,B5,B5_class_weight_threshold_tuning,CV,4,0.7,balanced,
0.0,0.0,0.0,0.9375,0.0,0.9436213991769548,0.5190226014938658,C3,C3_morgan_rdkit,B5,B5_class_weight_threshold_tuning,CV,4,0.75,balanced,
0.0,0.0,0.0,0.9375,0.0,0.9436213991769548,0.5190226014938658,C3,C3_morgan_rdkit,B5,B5_class_weight_threshold_tuning,CV,4,0.8,balanced,
0.0,0.0,0.0,0.9375,0.0,0.9436213991769548,0.5190226014938658,C3,C3_morgan_rdkit,B5,B5_class_weight_threshold_tuning,CV,4,0.85,balanced,
0.0,0.0,0.0,0.9375,0.0,0.9436213991769548,0.5190226014938658,C3,C3_morgan_rdkit,B5,B5_class_weight_threshold_tuning,CV,4,0.9,balanced,
0.2646896410149178,0.2641509433962264,0.1590909090909091,0.7291666666666666,0.7777777777777778,0.8847736625514403,0.46592074657927696,C3,C3_morgan_rdkit,B5,B5_class_weight_threshold_tuning,CV,5,0.05,balanced,
0.3572898077295098,0.375,0.2608695652173913,0.8611111111111112,0.6666666666666666,0.8847736625514403,0.46592074657927696,C3,C3_morgan_rdkit,B5,B5_class_weight_threshold_tuning,CV,5,0.1,balanced,
0.3231858951238707,0.35714285714285715,0.2631578947368421,0.875,0.5555555555555556,0.8847736625514403,0.46592074657927696,C3,C3_morgan_rdkit,B5,B5_class_weight_threshold_tuning,CV,5,0.15,balanced,
0.26117157449298234,0.3076923076923077,0.23529411764705882,0.875,0.4444444444444444,0.8847736625514403,0.46592074657927696,C3,C3_morgan_rdkit,B5,B5_class_weight_threshold_tuning,CV,5,0.2,balanced,
0.26117157449298234,0.3076923076923077,0.23529411764705882,0.875,0.4444444444444444,0.8847736625514403,0.46592074657927696,C3,C3_morgan_rdkit,B5,B5_class_weight_threshold_tuning,CV,5,0.25,balanced,
0.31909295994661596,0.36363636363636365,0.3076923076923077,0.9027777777777778,0.4444444444444444,0.8847736625514403,0.46592074657927696,C3,C3_morgan_rdkit,B5,B5_class_weight_threshold_tuning,CV,5,0.3,balanced,
0.3808866325636431,0.42105263157894735,0.4,0.9236111111111112,0.4444444444444444,0.8847736625514403,0.46592074657927696,C3,C3_morgan_rdkit,B5,B5_class_weight_threshold_tuning,CV,5,0.35,balanced,
0.4383570037596046,0.47058823529411764,0.5,0.9375,0.4444444444444444,0.8847736625514403,0.46592074657927696,C3,C3_morgan_rdkit,B5,B5_class_weight_threshold_tuning,CV,5,0.4,balanced,
0.48007935851918326,0.46153846153846156,0.75,0.9513888888888888,0.3333333333333333,0.8847736625514403,0.46592074657927696,C3,C3_morgan_rdkit,B5,B5_class_weight_threshold_tuning,CV,5,0.45,balanced,
0.48007935851918326,0.46153846153846156,0.75,0.9513888888888888,0.3333333333333333,0.8847736625514403,0.46592074657927696,C3,C3_morgan_rdkit,B5,B5_class_weight_threshold_tuning,CV,5,0.5,balanced,
0.36406772895810957,0.3333333333333333,0.6666666666666666,0.9444444444444444,0.2222222222222222,0.8847736625514403,0.46592074657927696,C3,C3_morgan_rdkit,B5,B5_class_weight_threshold_tuning,CV,5,0.55,balanced,
0.36406772895810957,0.3333333333333333,0.6666666666666666,0.9444444444444444,0.2222222222222222,0.8847736625514403,0.46592074657927696,C3,C3_morgan_rdkit,B5,B5_class_weight_threshold_tuning,CV,5,0.6,balanced,
0.21449799456256347,0.18181818181818182,0.5,0.9375,0.1111111111111111,0.8847736625514403,0.46592074657927696,C3,C3_morgan_rdkit,B5,B5_class_weight_threshold_tuning,CV,5,0.65,balanced,
0.32387513781564786,0.2,1.0,0.9444444444444444,0.1111111111111111,0.8847736625514403,0.46592074657927696,C3,C3_morgan_rdkit,B5,B5_class_weight_threshold_tuning,CV,5,0.7,balanced,
0.32387513781564786,0.2,1.0,0.9444444444444444,0.1111111111111111,0.8847736625514403,0.46592074657927696,C3,C3_morgan_rdkit,B5,B5_class_weight_threshold_tuning,CV,5,0.75,balanced,
0.0,0.0,0.0,0.9375,0.0,0.8847736625514403,0.46592074657927696,C3,C3_morgan_rdkit,B5,B5_class_weight_threshold_tuning,CV,5,0.8,balanced,
0.0,0.0,0.0,0.9375,0.0,0.8847736625514403,0.46592074657927696,C3,C3_morgan_rdkit,B5,B5_class_weight_threshold_tuning,CV,5,0.85,balanced,
0.0,0.0,0.0,0.9375,0.0,0.8847736625514403,0.46592074657927696,C3,C3_morgan_rdkit,B5,B5_class_weight_threshold_tuning,CV,5,0.9,balanced,
0.2549980940317158,0.2727272727272727,0.17142857142857143,0.7777777777777778,0.6666666666666666,0.8559670781893003,0.46436850834609933,C3,C3_morgan_rdkit,B5,B5_class_weight_threshold_tuning,CV,6,0.05,balanced,
0.3572898077295098,0.375,0.2608695652173913,0.8611111111111112,0.6666666666666666,0.8559670781893003,0.46436850834609933,C3,C3_morgan_rdkit,B5,B5_class_weight_threshold_tuning,CV,6,0.1,balanced,
0.35008104666080614,0.38461538461538464,0.29411764705882354,0.8888888888888888,0.5555555555555556,0.8559670781893003,0.46436850834609933,C3,C3_morgan_rdkit,B5,B5_class_weight_threshold_tuning,CV,6,0.15,balanced,
0.33734954246999327,0.38095238095238093,0.3333333333333333,0.9097222222222222,0.4444444444444444,0.8559670781893003,0.46436850834609933,C3,C3_morgan_rdkit,B5,B5_class_weight_threshold_tuning,CV,6,0.2,balanced,
0.3577734237456226,0.4,0.36363636363636365,0.9166666666666666,0.4444444444444444,0.8559670781893003,0.46436850834609933,C3,C3_morgan_rdkit,B5,B5_class_weight_threshold_tuning,CV,6,0.25,balanced,
0.4383570037596046,0.47058823529411764,0.5,0.9375,0.4444444444444444,0.8559670781893003,0.46436850834609933,C3,C3_morgan_rdkit,B5,B5_class_weight_threshold_tuning,CV,6,0.3,balanced,
0.4752475892792572,0.5,0.5714285714285714,0.9444444444444444,0.4444444444444444,0.8559670781893003,0.46436850834609933,C3,C3_morgan_rdkit,B5,B5_class_weight_threshold_tuning,CV,6,0.35,balanced,
0.3768673314407158,0.4,0.5,0.9375,0.3333333333333333,0.8559670781893003,0.46436850834609933,C3,C3_morgan_rdkit,B5,B5_class_weight_threshold_tuning,CV,6,0.4,balanced,
0.36406772895810957,0.3333333333333333,0.6666666666666666,0.9444444444444444,0.2222222222222222,0.8559670781893003,0.46436850834609933,C3,C3_morgan_rdkit,B5,B5_class_weight_threshold_tuning,CV,6,0.45,balanced,
0.36406772895810957,0.3333333333333333,0.6666666666666666,0.9444444444444444,0.2222222222222222,0.8559670781893003,0.46436850834609933,C3,C3_morgan_rdkit,B5,B5_class_weight_threshold_tuning,CV,6,0.5,balanced,
0.4596385597769217,0.36363636363636365,1.0,0.9513888888888888,0.2222222222222222,0.8559670781893003,0.46436850834609933,C3,C3_morgan_rdkit,B5,B5_class_weight_threshold_tuning,CV,6,0.55,balanced,
0.4596385597769217,0.36363636363636365,1.0,0.9513888888888888,0.2222222222222222,0.8559670781893003,0.46436850834609933,C3,C3_morgan_rdkit,B5,B5_class_weight_threshold_tuning,CV,6,0.6,balanced,
0.32387513781564786,0.2,1.0,0.9444444444444444,0.1111111111111111,0.8559670781893003,0.46436850834609933,C3,C3_morgan_rdkit,B5,B5_class_weight_threshold_tuning,CV,6,0.65,balanced,
0.32387513781564786,0.2,1.0,0.9444444444444444,0.1111111111111111,0.8559670781893003,0.46436850834609933,C3,C3_morgan_rdkit,B5,B5_class_weight_threshold_tuning,CV,6,0.7,balanced,
0.0,0.0,0.0,0.9375,0.0,0.8559670781893003,0.46436850834609933,C3,C3_morgan_rdkit,B5,B5_class_weight_threshold_tuning,CV,6,0.75,balanced,
0.0,0.0,0.0,0.9375,0.0,0.8559670781893003,0.46436850834609933,C3,C3_morgan_rdkit,B5,B5_class_weight_threshold_tuning,CV,6,0.8,balanced,
0.0,0.0,0.0,0.9375,0.0,0.8559670781893003,0.46436850834609933,C3,C3_morgan_rdkit,B5,B5_class_weight_threshold_tuning,CV,6,0.85,balanced,
0.0,0.0,0.0,0.9375,0.0,0.8559670781893003,0.46436850834609933,C3,C3_morgan_rdkit,B5,B5_class_weight_threshold_tuning,CV,6,0.9,balanced,
0.35471103373133755,0.35555555555555557,0.22857142857142856,0.7986111111111112,0.8,0.8578358208955225,0.46172705314009665,C3,C3_morgan_rdkit,B5,B5_class_weight_threshold_tuning,CV,7,0.05,balanced,
0.4289318435281159,0.45161290322580644,0.3333333333333333,0.8819444444444444,0.7,0.8578358208955225,0.46172705314009665,C3,C3_morgan_rdkit,B5,B5_class_weight_threshold_tuning,CV,7,0.1,balanced,
0.5118921586521444,0.5384615384615384,0.4375,0.9166666666666666,0.7,0.8578358208955225,0.46172705314009665,C3,C3_morgan_rdkit,B5,B5_class_weight_threshold_tuning,CV,7,0.15,balanced,
0.43566760954221007,0.47619047619047616,0.45454545454545453,0.9236111111111112,0.5,0.8578358208955225,0.46172705314009665,C3,C3_morgan_rdkit,B5,B5_class_weight_threshold_tuning,CV,7,0.2,balanced,
0.24662219319064768,0.26666666666666666,0.4,0.9236111111111112,0.2,0.8578358208955225,0.46172705314009665,C3,C3_morgan_rdkit,B5,B5_class_weight_threshold_tuning,CV,7,0.25,balanced,
0.1514196606236208,0.15384615384615385,0.3333333333333333,0.9236111111111112,0.1,0.8578358208955225,0.46172705314009665,C3,C3_morgan_rdkit,B5,B5_class_weight_threshold_tuning,CV,7,0.3,balanced,
0.1514196606236208,0.15384615384615385,0.3333333333333333,0.9236111111111112,0.1,0.8578358208955225,0.46172705314009665,C3,C3_morgan_rdkit,B5,B5_class_weight_threshold_tuning,CV,7,0.35,balanced,
0.2010065066712914,0.16666666666666666,0.5,0.9305555555555556,0.1,0.8578358208955225,0.46172705314009665,C3,C3_morgan_rdkit,B5,B5_class_weight_threshold_tuning,CV,7,0.4,balanced,
0.30611483744878115,0.18181818181818182,1.0,0.9375,0.1,0.8578358208955225,0.46172705314009665,C3,C3_morgan_rdkit,B5,B5_class_weight_threshold_tuning,CV,7,0.45,balanced,
0.30611483744878115,0.18181818181818182,1.0,0.9375,0.1,0.8578358208955225,0.46172705314009665,C3,C3_morgan_rdkit,B5,B5_class_weight_threshold_tuning,CV,7,0.5,balanced,
0.30611483744878115,0.18181818181818182,1.0,0.9375,0.1,0.8578358208955225,0.46172705314009665,C3,C3_morgan_rdkit,B5,B5_class_weight_threshold_tuning,CV,7,0.55,balanced,
0.0,0.0,0.0,0.9305555555555556,0.0,0.8578358208955225,0.46172705314009665,C3,C3_morgan_rdkit,B5,B5_class_weight_threshold_tuning,CV,7,0.6,balanced,
0.0,0.0,0.0,0.9305555555555556,0.0,0.8578358208955225,0.46172705314009665,C3,C3_morgan_rdkit,B5,B5_class_weight_threshold_tuning,CV,7,0.65,balanced,
0.0,0.0,0.0,0.9305555555555556,0.0,0.8578358208955225,0.46172705314009665,C3,C3_morgan_rdkit,B5,B5_class_weight_threshold_tuning,CV,7,0.7,balanced,
0.0,0.0,0.0,0.9305555555555556,0.0,0.8578358208955225,0.46172705314009665,C3,C3_morgan_rdkit,B5,B5_class_weight_threshold_tuning,CV,7,0.75,balanced,
0.0,0.0,0.0,0.9305555555555556,0.0,0.8578358208955225,0.46172705314009665,C3,C3_morgan_rdkit,B5,B5_class_weight_threshold_tuning,CV,7,0.8,balanced,
0.0,0.0,0.0,0.9305555555555556,0.0,0.8578358208955225,0.46172705314009665,C3,C3_morgan_rdkit,B5,B5_class_weight_threshold_tuning,CV,7,0.85,balanced,
0.0,0.0,0.0,0.9305555555555556,0.0,0.8578358208955225,0.46172705314009665,C3,C3_morgan_rdkit,B5,B5_class_weight_threshold_tuning,CV,7,0.9,balanced,
0.3942741857799665,0.375,0.23684210526315788,0.7916666666666666,0.9,0.9097014925373135,0.5743656573474685,C3,C3_morgan_rdkit,B5,B5_class_weight_threshold_tuning,CV,8,0.05,balanced,
0.47744342694673875,0.48484848484848486,0.34782608695652173,0.8819444444444444,0.8,0.9097014925373135,0.5743656573474685,C3,C3_morgan_rdkit,B5,B5_class_weight_threshold_tuning,CV,8,0.1,balanced,
0.371398290485425,0.4166666666666667,0.35714285714285715,0.9027777777777778,0.5,0.9097014925373135,0.5743656573474685,C3,C3_morgan_rdkit,B5,B5_class_weight_threshold_tuning,CV,8,0.15,balanced,
0.371398290485425,0.4166666666666667,0.35714285714285715,0.9027777777777778,0.5,0.9097014925373135,0.5743656573474685,C3,C3_morgan_rdkit,B5,B5_class_weight_threshold_tuning,CV,8,0.2,balanced,
0.39056407060681303,0.43478260869565216,0.38461538461538464,0.9097222222222222,0.5,0.9097014925373135,0.5743656573474685,C3,C3_morgan_rdkit,B5,B5_class_weight_threshold_tuning,CV,8,0.25,balanced,
0.43566760954221007,0.47619047619047616,0.45454545454545453,0.9236111111111112,0.5,0.9097014925373135,0.5743656573474685,C3,C3_morgan_rdkit,B5,B5_class_weight_threshold_tuning,CV,8,0.3,balanced,
0.489871455413899,0.5,0.6666666666666666,0.9444444444444444,0.4,0.9097014925373135,0.5743656573474685,C3,C3_morgan_rdkit,B5,B5_class_weight_threshold_tuning,CV,8,0.35,balanced,
0.39583898234801435,0.4,0.6,0.9375,0.3,0.9097014925373135,0.5743656573474685,C3,C3_morgan_rdkit,B5,B5_class_weight_threshold_tuning,CV,8,0.4,balanced,
0.5339535400938208,0.46153846153846156,1.0,0.9513888888888888,0.3,0.9097014925373135,0.5743656573474685,C3,C3_morgan_rdkit,B5,B5_class_weight_threshold_tuning,CV,8,0.45,balanced,
0.434433417644404,0.3333333333333333,1.0,0.9444444444444444,0.2,0.9097014925373135,0.5743656573474685,C3,C3_morgan_rdkit,B5,B5_class_weight_threshold_tuning,CV,8,0.5,balanced,
0.434433417644404,0.3333333333333333,1.0,0.9444444444444444,0.2,0.9097014925373135,0.5743656573474685,C3,C3_morgan_rdkit,B5,B5_class_weight_threshold_tuning,CV,8,0.55,balanced,
0.30611483744878115,0.18181818181818182,1.0,0.9375,0.1,0.9097014925373135,0.5743656573474685,C3,C3_morgan_rdkit,B5,B5_class_weight_threshold_tuning,CV,8,0.6,balanced,
0.30611483744878115,0.18181818181818182,1.0,0.9375,0.1,0.9097014925373135,0.5743656573474685,C3,C3_morgan_rdkit,B5,B5_class_weight_threshold_tuning,CV,8,0.65,balanced,
0.30611483744878115,0.18181818181818182,1.0,0.9375,0.1,0.9097014925373135,0.5743656573474685,C3,C3_morgan_rdkit,B5,B5_class_weight_threshold_tuning,CV,8,0.7,balanced,
0.0,0.0,0.0,0.9305555555555556,0.0,0.9097014925373135,0.5743656573474685,C3,C3_morgan_rdkit,B5,B5_class_weight_threshold_tuning,CV,8,0.75,balanced,
0.0,0.0,0.0,0.9305555555555556,0.0,0.9097014925373135,0.5743656573474685,C3,C3_morgan_rdkit,B5,B5_class_weight_threshold_tuning,CV,8,0.8,balanced,
0.0,0.0,0.0,0.9305555555555556,0.0,0.9097014925373135,0.5743656573474685,C3,C3_morgan_rdkit,B5,B5_class_weight_threshold_tuning,CV,8,0.85,balanced,
0.0,0.0,0.0,0.9305555555555556,0.0,0.9097014925373135,0.5743656573474685,C3,C3_morgan_rdkit,B5,B5_class_weight_threshold_tuning,CV,8,0.9,balanced,
0.276997295416794,0.2978723404255319,0.1891891891891892,0.7708333333333334,0.7,0.7936567164179104,0.41561805153910414,C3,C3_morgan_rdkit,B5,B5_class_weight_threshold_tuning,CV,9,0.05,balanced,
0.4289318435281159,0.45161290322580644,0.3333333333333333,0.8819444444444444,0.7,0.7936567164179104,0.41561805153910414,C3,C3_morgan_rdkit,B5,B5_class_weight_threshold_tuning,CV,9,0.1,balanced,
0.4249670751074407,0.46153846153846156,0.375,0.9027777777777778,0.6,0.7936567164179104,0.41561805153910414,C3,C3_morgan_rdkit,B5,B5_class_weight_threshold_tuning,CV,9,0.15,balanced,
0.39056407060681303,0.43478260869565216,0.38461538461538464,0.9097222222222222,0.5,0.7936567164179104,0.41561805153910414,C3,C3_morgan_rdkit,B5,B5_class_weight_threshold_tuning,CV,9,0.2,balanced,
0.24776119402985075,0.3,0.3,0.9027777777777778,0.3,0.7936567164179104,0.41561805153910414,C3,C3_morgan_rdkit,B5,B5_class_weight_threshold_tuning,CV,9,0.25,balanced,
0.192306866244519,0.23529411764705882,0.2857142857142857,0.9097222222222222,0.2,0.7936567164179104,0.41561805153910414,C3,C3_morgan_rdkit,B5,B5_class_weight_threshold_tuning,CV,9,0.3,balanced,
0.21645482913637398,0.25,0.3333333333333333,0.9166666666666666,0.2,0.7936567164179104,0.41561805153910414,C3,C3_morgan_rdkit,B5,B5_class_weight_threshold_tuning,CV,9,0.35,balanced,
0.3426866003587208,0.3076923076923077,0.6666666666666666,0.9375,0.2,0.7936567164179104,0.41561805153910414,C3,C3_morgan_rdkit,B5,B5_class_weight_threshold_tuning,CV,9,0.4,balanced,
0.434433417644404,0.3333333333333333,1.0,0.9444444444444444,0.2,0.7936567164179104,0.41561805153910414,C3,C3_morgan_rdkit,B5,B5_class_weight_threshold_tuning,CV,9,0.45,balanced,
0.30611483744878115,0.18181818181818182,1.0,0.9375,0.1,0.7936567164179104,0.41561805153910414,C3,C3_morgan_rdkit,B5,B5_class_weight_threshold_tuning,CV,9,0.5,balanced,
0.30611483744878115,0.18181818181818182,1.0,0.9375,0.1,0.7936567164179104,0.41561805153910414,C3,C3_morgan_rdkit,B5,B5_class_weight_threshold_tuning,CV,9,0.55,balanced,
0.30611483744878115,0.18181818181818182,1.0,0.9375,0.1,0.7936567164179104,0.41561805153910414,C3,C3_morgan_rdkit,B5,B5_class_weight_threshold_tuning,CV,9,0.6,balanced,
0.0,0.0,0.0,0.9305555555555556,0.0,0.7936567164179104,0.41561805153910414,C3,C3_morgan_rdkit,B5,B5_class_weight_threshold_tuning,CV,9,0.65,balanced,
0.0,0.0,0.0,0.9305555555555556,0.0,0.7936567164179104,0.41561805153910414,C3,C3_morgan_rdkit,B5,B5_class_weight_threshold_tuning,CV,9,0.7,balanced,
0.0,0.0,0.0,0.9305555555555556,0.0,0.7936567164179104,0.41561805153910414,C3,C3_morgan_rdkit,B5,B5_class_weight_threshold_tuning,CV,9,0.75,balanced,
0.0,0.0,0.0,0.9305555555555556,0.0,0.7936567164179104,0.41561805153910414,C3,C3_morgan_rdkit,B5,B5_class_weight_threshold_tuning,CV,9,0.8,balanced,
0.0,0.0,0.0,0.9305555555555556,0.0,0.7936567164179104,0.41561805153910414,C3,C3_morgan_rdkit,B5,B5_class_weight_threshold_tuning,CV,9,0.85,balanced,
0.0,0.0,0.0,0.9305555555555556,0.0,0.7936567164179104,0.41561805153910414,C3,C3_morgan_rdkit,B5,B5_class_weight_threshold_tuning,CV,9,0.9,balanced,
0.36336228059268905,0.3225806451612903,0.19230769230769232,0.7083333333333334,1.0,0.8798507462686568,0.2908483994296312,C3,C3_morgan_rdkit,B5,B5_class_weight_threshold_tuning,CV,10,0.05,balanced,
0.35471103373133755,0.35555555555555557,0.22857142857142856,0.7986111111111112,0.8,0.8798507462686568,0.2908483994296312,C3,C3_morgan_rdkit,B5,B5_class_weight_threshold_tuning,CV,10,0.1,balanced,
0.3796411859592005,0.4,0.28,0.8541666666666666,0.7,0.8798507462686568,0.2908483994296312,C3,C3_morgan_rdkit,B5,B5_class_weight_threshold_tuning,CV,10,0.15,balanced,
0.35153060860574914,0.3870967741935484,0.2857142857142857,0.8680555555555556,0.6,0.8798507462686568,0.2908483994296312,C3,C3_morgan_rdkit,B5,B5_class_weight_threshold_tuning,CV,10,0.2,balanced,
0.32335826738467605,0.37037037037037035,0.29411764705882354,0.8819444444444444,0.5,0.8798507462686568,0.2908483994296312,C3,C3_morgan_rdkit,B5,B5_class_weight_threshold_tuning,CV,10,0.25,balanced,
0.24776119402985075,0.3,0.3,0.9027777777777778,0.3,0.8798507462686568,0.2908483994296312,C3,C3_morgan_rdkit,B5,B5_class_weight_threshold_tuning,CV,10,0.3,balanced,
0.29152500845230545,0.3333333333333333,0.375,0.9166666666666666,0.3,0.8798507462686568,0.2908483994296312,C3,C3_morgan_rdkit,B5,B5_class_weight_threshold_tuning,CV,10,0.35,balanced,
0.12005684510029863,0.14285714285714285,0.25,0.9166666666666666,0.1,0.8798507462686568,0.2908483994296312,C3,C3_morgan_rdkit,B5,B5_class_weight_threshold_tuning,CV,10,0.4,balanced,
-0.02284439085438665,0.0,0.0,0.9236111111111112,0.0,0.8798507462686568,0.2908483994296312,C3,C3_morgan_rdkit,B5,B5_class_weight_threshold_tuning,CV,10,0.45,balanced,
-0.02284439085438665,0.0,0.0,0.9236111111111112,0.0,0.8798507462686568,0.2908483994296312,C3,C3_morgan_rdkit,B5,B5_class_weight_threshold_tuning,CV,10,0.5,balanced,
-0.02284439085438665,0.0,0.0,0.9236111111111112,0.0,0.8798507462686568,0.2908483994296312,C3,C3_morgan_rdkit,B5,B5_class_weight_threshold_tuning,CV,10,0.55,balanced,
-0.02284439085438665,0.0,0.0,0.9236111111111112,0.0,0.8798507462686568,0.2908483994296312,C3,C3_morgan_rdkit,B5,B5_class_weight_threshold_tuning,CV,10,0.6,balanced,
-0.02284439085438665,0.0,0.0,0.9236111111111112,0.0,0.8798507462686568,0.2908483994296312,C3,C3_morgan_rdkit,B5,B5_class_weight_threshold_tuning,CV,10,0.65,balanced,
-0.02284439085438665,0.0,0.0,0.9236111111111112,0.0,0.8798507462686568,0.2908483994296312,C3,C3_morgan_rdkit,B5,B5_class_weight_threshold_tuning,CV,10,0.7,balanced,
-0.02284439085438665,0.0,0.0,0.9236111111111112,0.0,0.8798507462686568,0.2908483994296312,C3,C3_morgan_rdkit,B5,B5_class_weight_threshold_tuning,CV,10,0.75,balanced,
0.0,0.0,0.0,0.9305555555555556,0.0,0.8798507462686568,0.2908483994296312,C3,C3_morgan_rdkit,B5,B5_class_weight_threshold_tuning,CV,10,0.8,balanced,
0.0,0.0,0.0,0.9305555555555556,0.0,0.8798507462686568,0.2908483994296312,C3,C3_morgan_rdkit,B5,B5_class_weight_threshold_tuning,CV,10,0.85,balanced,
0.0,0.0,0.0,0.9305555555555556,0.0,0.8798507462686568,0.2908483994296312,C3,C3_morgan_rdkit,B5,B5_class_weight_threshold_tuning,CV,10,0.9,balanced,
0.1034918909728757,0.24242424242424243,0.18181818181818182,0.7222222222222222,0.36363636363636365,0.666283084004603,0.2360106836082726,C3,C3_morgan_rdkit,B5,B5_class_weight_threshold_tuning,LOGO,1,0.05,balanced,Atovaquone
0.07992493898510487,0.21428571428571427,0.17647058823529413,0.7555555555555555,0.2727272727272727,0.666283084004603,0.2360106836082726,C3,C3_morgan_rdkit,B5,B5_class_weight_threshold_tuning,LOGO,1,0.1,balanced,Atovaquone
0.053222273791591584,0.17391304347826086,0.16666666666666666,0.7888888888888889,0.18181818181818182,0.666283084004603,0.2360106836082726,C3,C3_morgan_rdkit,B5,B5_class_weight_threshold_tuning,LOGO,1,0.15,balanced,Atovaquone
0.12185013633258501,0.21052631578947367,0.25,0.8333333333333334,0.18181818181818182,0.666283084004603,0.2360106836082726,C3,C3_morgan_rdkit,B5,B5_class_weight_threshold_tuning,LOGO,1,0.2,balanced,Atovaquone
0.12185013633258501,0.21052631578947367,0.25,0.8333333333333334,0.18181818181818182,0.666283084004603,0.2360106836082726,C3,C3_morgan_rdkit,B5,B5_class_weight_threshold_tuning,LOGO,1,0.25,balanced,Atovaquone
0.17225811675152738,0.23529411764705882,0.3333333333333333,0.8555555555555555,0.18181818181818182,0.666283084004603,0.2360106836082726,C3,C3_morgan_rdkit,B5,B5_class_weight_threshold_tuning,LOGO,1,0.3,balanced,Atovaquone
0.0841334546665505,0.13333333333333333,0.25,0.8555555555555555,0.09090909090909091,0.666283084004603,0.2360106836082726,C3,C3_morgan_rdkit,B5,B5_class_weight_threshold_tuning,LOGO,1,0.35,balanced,Atovaquone
0.11968637508014936,0.14285714285714285,0.3333333333333333,0.8666666666666667,0.09090909090909091,0.666283084004603,0.2360106836082726,C3,C3_morgan_rdkit,B5,B5_class_weight_threshold_tuning,LOGO,1,0.4,balanced,Atovaquone
0.11968637508014936,0.14285714285714285,0.3333333333333333,0.8666666666666667,0.09090909090909091,0.666283084004603,0.2360106836082726,C3,C3_morgan_rdkit,B5,B5_class_weight_threshold_tuning,LOGO,1,0.45,balanced,Atovaquone
0.17387722105220368,0.15384615384615385,0.5,0.8777777777777778,0.09090909090909091,0.666283084004603,0.2360106836082726,C3,C3_morgan_rdkit,B5,B5_class_weight_threshold_tuning,LOGO,1,0.5,balanced,Atovaquone
0.17387722105220368,0.15384615384615385,0.5,0.8777777777777778,0.09090909090909091,0.666283084004603,0.2360106836082726,C3,C3_morgan_rdkit,B5,B5_class_weight_threshold_tuning,LOGO,1,0.55,balanced,Atovaquone
0.17387722105220368,0.15384615384615385,0.5,0.8777777777777778,0.09090909090909091,0.666283084004603,0.2360106836082726,C3,C3_morgan_rdkit,B5,B5_class_weight_threshold_tuning,LOGO,1,0.6,balanced,Atovaquone
0.17387722105220368,0.15384615384615385,0.5,0.8777777777777778,0.09090909090909091,0.666283084004603,0.2360106836082726,C3,C3_morgan_rdkit,B5,B5_class_weight_threshold_tuning,LOGO,1,0.65,balanced,Atovaquone
0.17387722105220368,0.15384615384615385,0.5,0.8777777777777778,0.09090909090909091,0.666283084004603,0.2360106836082726,C3,C3_morgan_rdkit,B5,B5_class_weight_threshold_tuning,LOGO,1,0.7,balanced,Atovaquone
-0.03955376178208136,0.0,0.0,0.8666666666666667,0.0,0.666283084004603,0.2360106836082726,C3,C3_morgan_rdkit,B5,B5_class_weight_threshold_tuning,LOGO,1,0.75,balanced,Atovaquone
0.0,0.0,0.0,0.8777777777777778,0.0,0.666283084004603,0.2360106836082726,C3,C3_morgan_rdkit,B5,B5_class_weight_threshold_tuning,LOGO,1,0.8,balanced,Atovaquone
0.0,0.0,0.0,0.8777777777777778,0.0,0.666283084004603,0.2360106836082726,C3,C3_morgan_rdkit,B5,B5_class_weight_threshold_tuning,LOGO,1,0.85,balanced,Atovaquone
0.0,0.0,0.0,0.8777777777777778,0.0,0.666283084004603,0.2360106836082726,C3,C3_morgan_rdkit,B5,B5_class_weight_threshold_tuning,LOGO,1,0.9,balanced,Atovaquone
0.3429971702850177,0.2857142857142857,0.16666666666666666,0.7222222222222222,1.0,0.888235294117647,0.5247826086956522,C3,C3_morgan_rdkit,B5,B5_class_weight_threshold_tuning,LOGO,2,0.05,balanced,Chlorpromazine_Hcl
0.39107694443752145,0.3333333333333333,0.2,0.7777777777777778,1.0,0.888235294117647,0.5247826086956522,C3,C3_morgan_rdkit,B5,B5_class_weight_threshold_tuning,LOGO,2,0.1,balanced,Chlorpromazine_Hcl
0.26784484035643547,0.2857142857142857,0.1875,0.8333333333333334,0.6,0.888235294117647,0.5247826086956522,C3,C3_morgan_rdkit,B5,B5_class_weight_threshold_tuning,LOGO,2,0.15,balanced,Chlorpromazine_Hcl
0.242535625036333,0.2857142857142857,0.2222222222222222,0.8888888888888888,0.4,0.888235294117647,0.5247826086956522,C3,C3_morgan_rdkit,B5,B5_class_weight_threshold_tuning,LOGO,2,0.2,balanced,Chlorpromazine_Hcl
0.3241018617760822,0.36363636363636365,0.3333333333333333,0.9222222222222223,0.4,0.888235294117647,0.5247826086956522,C3,C3_morgan_rdkit,B5,B5_class_weight_threshold_tuning,LOGO,2,0.25,balanced,Chlorpromazine_Hcl
0.36470588235294116,0.4,0.4,0.9333333333333333,0.4,0.888235294117647,0.5247826086956522,C3,C3_morgan_rdkit,B5,B5_class_weight_threshold_tuning,LOGO,2,0.3,balanced,Chlorpromazine_Hcl
0.49541508402214945,0.5,0.6666666666666666,0.9555555555555556,0.4,0.888235294117647,0.5247826086956522,C3,C3_morgan_rdkit,B5,B5_class_weight_threshold_tuning,LOGO,2,0.35,balanced,Chlorpromazine_Hcl
0.49541508402214945,0.5,0.6666666666666666,0.9555555555555556,0.4,0.888235294117647,0.5247826086956522,C3,C3_morgan_rdkit,B5,B5_class_weight_threshold_tuning,LOGO,2,0.4,balanced,Chlorpromazine_Hcl
0.621581560508061,0.5714285714285714,1.0,0.9666666666666667,0.4,0.888235294117647,0.5247826086956522,C3,C3_morgan_rdkit,B5,B5_class_weight_threshold_tuning,LOGO,2,0.45,balanced,Chlorpromazine_Hcl
0.621581560508061,0.5714285714285714,1.0,0.9666666666666667,0.4,0.888235294117647,0.5247826086956522,C3,C3_morgan_rdkit,B5,B5_class_weight_threshold_tuning,LOGO,2,0.5,balanced,Chlorpromazine_Hcl
0.4370483222197017,0.3333333333333333,1.0,0.9555555555555556,0.2,0.888235294117647,0.5247826086956522,C3,C3_morgan_rdkit,B5,B5_class_weight_threshold_tuning,LOGO,2,0.55,balanced,Chlorpromazine_Hcl
0.0,0.0,0.0,0.9444444444444444,0.0,0.888235294117647,0.5247826086956522,C3,C3_morgan_rdkit,B5,B5_class_weight_threshold_tuning,LOGO,2,0.6,balanced,Chlorpromazine_Hcl
0.0,0.0,0.0,0.9444444444444444,0.0,0.888235294117647,0.5247826086956522,C3,C3_morgan_rdkit,B5,B5_class_weight_threshold_tuning,LOGO,2,0.65,balanced,Chlorpromazine_Hcl
0.0,0.0,0.0,0.9444444444444444,0.0,0.888235294117647,0.5247826086956522,C3,C3_morgan_rdkit,B5,B5_class_weight_threshold_tuning,LOGO,2,0.7,balanced,Chlorpromazine_Hcl
0.0,0.0,0.0,0.9444444444444444,0.0,0.888235294117647,0.5247826086956522,C3,C3_morgan_rdkit,B5,B5_class_weight_threshold_tuning,LOGO,2,0.75,balanced,Chlorpromazine_Hcl
0.0,0.0,0.0,0.9444444444444444,0.0,0.888235294117647,0.5247826086956522,C3,C3_morgan_rdkit,B5,B5_class_weight_threshold_tuning,LOGO,2,0.8,balanced,Chlorpromazine_Hcl
0.0,0.0,0.0,0.9444444444444444,0.0,0.888235294117647,0.5247826086956522,C3,C3_morgan_rdkit,B5,B5_class_weight_threshold_tuning,LOGO,2,0.85,balanced,Chlorpromazine_Hcl
0.0,0.0,0.0,0.9444444444444444,0.0,0.888235294117647,0.5247826086956522,C3,C3_morgan_rdkit,B5,B5_class_weight_threshold_tuning,LOGO,2,0.9,balanced,Chlorpromazine_Hcl
0.2693189543416088,0.1875,0.10344827586206896,0.7111111111111111,1.0,0.9042145593869733,0.321256038647343,C3,C3_morgan_rdkit,B5,B5_class_weight_threshold_tuning,LOGO,3,0.05,balanced,Clofazimine
0.20729025363562012,0.18181818181818182,0.10526315789473684,0.8,0.6666666666666666,0.9042145593869733,0.321256038647343,C3,C3_morgan_rdkit,B5,B5_class_weight_threshold_tuning,LOGO,3,0.1,balanced,Clofazimine
0.3086648620488062,0.2857142857142857,0.18181818181818182,0.8888888888888888,0.6666666666666666,0.9042145593869733,0.321256038647343,C3,C3_morgan_rdkit,B5,B5_class_weight_threshold_tuning,LOGO,3,0.15,balanced,Clofazimine
0.377009613867732,0.36363636363636365,0.25,0.9222222222222223,0.6666666666666666,0.9042145593869733,0.321256038647343,C3,C3_morgan_rdkit,B5,B5_class_weight_threshold_tuning,LOGO,3,0.2,balanced,Clofazimine
0.377009613867732,0.36363636363636365,0.25,0.9222222222222223,0.6666666666666666,0.9042145593869733,0.321256038647343,C3,C3_morgan_rdkit,B5,B5_class_weight_threshold_tuning,LOGO,3,0.25,balanced,Clofazimine
0.4083088605285075,0.4,0.2857142857142857,0.9333333333333333,0.6666666666666666,0.9042145593869733,0.321256038647343,C3,C3_morgan_rdkit,B5,B5_class_weight_threshold_tuning,LOGO,3,0.3,balanced,Clofazimine
0.22518867455552247,0.25,0.2,0.9333333333333333,0.3333333333333333,0.9042145593869733,0.321256038647343,C3,C3_morgan_rdkit,B5,B5_class_weight_threshold_tuning,LOGO,3,0.35,balanced,Clofazimine
0.39192475766909796,0.4,0.5,0.9666666666666667,0.3333333333333333,0.9042145593869733,0.321256038647343,C3,C3_morgan_rdkit,B5,B5_class_weight_threshold_tuning,LOGO,3,0.4,balanced,Clofazimine
0.39192475766909796,0.4,0.5,0.9666666666666667,0.3333333333333333,0.9042145593869733,0.321256038647343,C3,C3_morgan_rdkit,B5,B5_class_weight_threshold_tuning,LOGO,3,0.45,balanced,Clofazimine
0.39192475766909796,0.4,0.5,0.9666666666666667,0.3333333333333333,0.9042145593869733,0.321256038647343,C3,C3_morgan_rdkit,B5,B5_class_weight_threshold_tuning,LOGO,3,0.5,balanced,Clofazimine
0.39192475766909796,0.4,0.5,0.9666666666666667,0.3333333333333333,0.9042145593869733,0.321256038647343,C3,C3_morgan_rdkit,B5,B5_class_weight_threshold_tuning,LOGO,3,0.55,balanced,Clofazimine
0.39192475766909796,0.4,0.5,0.9666666666666667,0.3333333333333333,0.9042145593869733,0.321256038647343,C3,C3_morgan_rdkit,B5,B5_class_weight_threshold_tuning,LOGO,3,0.6,balanced,Clofazimine
0.39192475766909796,0.4,0.5,0.9666666666666667,0.3333333333333333,0.9042145593869733,0.321256038647343,C3,C3_morgan_rdkit,B5,B5_class_weight_threshold_tuning,LOGO,3,0.65,balanced,Clofazimine
-0.019683666479473904,0.0,0.0,0.9555555555555556,0.0,0.9042145593869733,0.321256038647343,C3,C3_morgan_rdkit,B5,B5_class_weight_threshold_tuning,LOGO,3,0.7,balanced,Clofazimine
0.0,0.0,0.0,0.9666666666666667,0.0,0.9042145593869733,0.321256038647343,C3,C3_morgan_rdkit,B5,B5_class_weight_threshold_tuning,LOGO,3,0.75,balanced,Clofazimine
0.0,0.0,0.0,0.9666666666666667,0.0,0.9042145593869733,0.321256038647343,C3,C3_morgan_rdkit,B5,B5_class_weight_threshold_tuning,LOGO,3,0.8,balanced,Clofazimine
0.0,0.0,0.0,0.9666666666666667,0.0,0.9042145593869733,0.321256038647343,C3,C3_morgan_rdkit,B5,B5_class_weight_threshold_tuning,LOGO,3,0.85,balanced,Clofazimine
0.0,0.0,0.0,0.9666666666666667,0.0,0.9042145593869733,0.321256038647343,C3,C3_morgan_rdkit,B5,B5_class_weight_threshold_tuning,LOGO,3,0.9,balanced,Clofazimine
0.06151028265440299,0.06666666666666667,0.03571428571428571,0.6888888888888889,0.5,0.6704545454545454,0.26639344262295084,C3,C3_morgan_rdkit,B5,B5_class_weight_threshold_tuning,LOGO,4,0.05,balanced,Curcumine
0.11306675421666135,0.1,0.05555555555555555,0.8,0.5,0.6704545454545454,0.26639344262295084,C3,C3_morgan_rdkit,B5,B5_class_weight_threshold_tuning,LOGO,4,0.1,balanced,Curcumine
0.20100756305184242,0.18181818181818182,0.1111111111111111,0.9,0.5,0.6704545454545454,0.26639344262295084,C3,C3_morgan_rdkit,B5,B5_class_weight_threshold_tuning,LOGO,4,0.15,balanced,Curcumine
0.20100756305184242,0.18181818181818182,0.1111111111111111,0.9,0.5,0.6704545454545454,0.26639344262295084,C3,C3_morgan_rdkit,B5,B5_class_weight_threshold_tuning,LOGO,4,0.2,balanced,Curcumine
0.2618924633082486,0.25,0.16666666666666666,0.9333333333333333,0.5,0.6704545454545454,0.26639344262295084,C3,C3_morgan_rdkit,B5,B5_class_weight_threshold_tuning,LOGO,4,0.25,balanced,Curcumine
0.29250896965085227,0.2857142857142857,0.2,0.9444444444444444,0.5,0.6704545454545454,0.26639344262295084,C3,C3_morgan_rdkit,B5,B5_class_weight_threshold_tuning,LOGO,4,0.3,balanced,Curcumine
0.333256245490707,0.3333333333333333,0.25,0.9555555555555556,0.5,0.6704545454545454,0.26639344262295084,C3,C3_morgan_rdkit,B5,B5_class_weight_threshold_tuning,LOGO,4,0.35,balanced,Curcumine
0.39192475766909796,0.4,0.3333333333333333,0.9666666666666667,0.5,0.6704545454545454,0.26639344262295084,C3,C3_morgan_rdkit,B5,B5_class_weight_threshold_tuning,LOGO,4,0.4,balanced,Curcumine
0.48863636363636365,0.5,0.5,0.9777777777777777,0.5,0.6704545454545454,0.26639344262295084,C3,C3_morgan_rdkit,B5,B5_class_weight_threshold_tuning,LOGO,4,0.45,balanced,Curcumine
0.48863636363636365,0.5,0.5,0.9777777777777777,0.5,0.6704545454545454,0.26639344262295084,C3,C3_morgan_rdkit,B5,B5_class_weight_threshold_tuning,LOGO,4,0.5,balanced,Curcumine
-0.01598006930251483,0.0,0.0,0.9666666666666667,0.0,0.6704545454545454,0.26639344262295084,C3,C3_morgan_rdkit,B5,B5_class_weight_threshold_tuning,LOGO,4,0.55,balanced,Curcumine
-0.01598006930251483,0.0,0.0,0.9666666666666667,0.0,0.6704545454545454,0.26639344262295084,C3,C3_morgan_rdkit,B5,B5_class_weight_threshold_tuning,LOGO,4,0.6,balanced,Curcumine
0.0,0.0,0.0,0.9777777777777777,0.0,0.6704545454545454,0.26639344262295084,C3,C3_morgan_rdkit,B5,B5_class_weight_threshold_tuning,LOGO,4,0.65,balanced,Curcumine
0.0,0.0,0.0,0.9777777777777777,0.0,0.6704545454545454,0.26639344262295084,C3,C3_morgan_rdkit,B5,B5_class_weight_threshold_tuning,LOGO,4,0.7,balanced,Curcumine
0.0,0.0,0.0,0.9777777777777777,0.0,0.6704545454545454,0.26639344262295084,C3,C3_morgan_rdkit,B5,B5_class_weight_threshold_tuning,LOGO,4,0.75,balanced,Curcumine
0.0,0.0,0.0,0.9777777777777777,0.0,0.6704545454545454,0.26639344262295084,C3,C3_morgan_rdkit,B5,B5_class_weight_threshold_tuning,LOGO,4,0.8,balanced,Curcumine
0.0,0.0,0.0,0.9777777777777777,0.0,0.6704545454545454,0.26639344262295084,C3,C3_morgan_rdkit,B5,B5_class_weight_threshold_tuning,LOGO,4,0.85,balanced,Curcumine
0.0,0.0,0.0,0.9777777777777777,0.0,0.6704545454545454,0.26639344262295084,C3,C3_morgan_rdkit,B5,B5_class_weight_threshold_tuning,LOGO,4,0.9,balanced,Curcumine
0.050251890762960605,0.18181818181818182,0.125,0.7,0.3333333333333333,0.6844993141289437,0.20536063529108384,C3,C3_morgan_rdkit,B5,B5_class_weight_threshold_tuning,LOGO,5,0.05,balanced,Econazole
0.06131393394849658,0.17391304347826086,0.14285714285714285,0.7888888888888889,0.2222222222222222,0.6844993141289437,0.20536063529108384,C3,C3_morgan_rdkit,B5,B5_class_weight_threshold_tuning,LOGO,5,0.1,balanced,Econazole
0.11785113019775792,0.21052631578947367,0.2,0.8333333333333334,0.2222222222222222,0.6844993141289437,0.20536063529108384,C3,C3_morgan_rdkit,B5,B5_class_weight_threshold_tuning,LOGO,5,0.15,balanced,Econazole
0.11785113019775792,0.21052631578947367,0.2,0.8333333333333334,0.2222222222222222,0.6844993141289437,0.20536063529108384,C3,C3_morgan_rdkit,B5,B5_class_weight_threshold_tuning,LOGO,5,0.2,balanced,Econazole
0.04148699068225112,0.125,0.14285714285714285,0.8444444444444444,0.1111111111111111,0.6844993141289437,0.20536063529108384,C3,C3_morgan_rdkit,B5,B5_class_weight_threshold_tuning,LOGO,5,0.25,balanced,Econazole
0.04148699068225112,0.125,0.14285714285714285,0.8444444444444444,0.1111111111111111,0.6844993141289437,0.20536063529108384,C3,C3_morgan_rdkit,B5,B5_class_weight_threshold_tuning,LOGO,5,0.3,balanced,Econazole
0.08084520834544433,0.14285714285714285,0.2,0.8666666666666667,0.1111111111111111,0.6844993141289437,0.20536063529108384,C3,C3_morgan_rdkit,B5,B5_class_weight_threshold_tuning,LOGO,5,0.35,balanced,Econazole
0.14442970747104034,0.16666666666666666,0.3333333333333333,0.8888888888888888,0.1111111111111111,0.6844993141289437,0.20536063529108384,C3,C3_morgan_rdkit,B5,B5_class_weight_threshold_tuning,LOGO,5,0.4,balanced,Econazole
0.20100756305184242,0.18181818181818182,0.5,0.9,0.1111111111111111,0.6844993141289437,0.20536063529108384,C3,C3_morgan_rdkit,B5,B5_class_weight_threshold_tuning,LOGO,5,0.45,balanced,Econazole
0.20100756305184242,0.18181818181818182,0.5,0.9,0.1111111111111111,0.6844993141289437,0.20536063529108384,C3,C3_morgan_rdkit,B5,B5_class_weight_threshold_tuning,LOGO,5,0.5,balanced,Econazole
0.20100756305184242,0.18181818181818182,0.5,0.9,0.1111111111111111,0.6844993141289437,0.20536063529108384,C3,C3_morgan_rdkit,B5,B5_class_weight_threshold_tuning,LOGO,5,0.55,balanced,Econazole
0.20100756305184242,0.18181818181818182,0.5,0.9,0.1111111111111111,0.6844993141289437,0.20536063529108384,C3,C3_morgan_rdkit,B5,B5_class_weight_threshold_tuning,LOGO,5,0.6,balanced,Econazole
-0.03533326266687867,0.0,0.0,0.8888888888888888,0.0,0.6844993141289437,0.20536063529108384,C3,C3_morgan_rdkit,B5,B5_class_weight_threshold_tuning,LOGO,5,0.65,balanced,Econazole
-0.03533326266687867,0.0,0.0,0.8888888888888888,0.0,0.6844993141289437,0.20536063529108384,C3,C3_morgan_rdkit,B5,B5_class_weight_threshold_tuning,LOGO,5,0.7,balanced,Econazole
0.0,0.0,0.0,0.9,0.0,0.6844993141289437,0.20536063529108384,C3,C3_morgan_rdkit,B5,B5_class_weight_threshold_tuning,LOGO,5,0.75,balanced,Econazole
0.0,0.0,0.0,0.9,0.0,0.6844993141289437,0.20536063529108384,C3,C3_morgan_rdkit,B5,B5_class_weight_threshold_tuning,LOGO,5,0.8,balanced,Econazole
0.0,0.0,0.0,0.9,0.0,0.6844993141289437,0.20536063529108384,C3,C3_morgan_rdkit,B5,B5_class_weight_threshold_tuning,LOGO,5,0.85,balanced,Econazole
0.0,0.0,0.0,0.9,0.0,0.6844993141289437,0.20536063529108384,C3,C3_morgan_rdkit,B5,B5_class_weight_threshold_tuning,LOGO,5,0.9,balanced,Econazole
0.2827787136702078,0.26666666666666666,0.16,0.7555555555555555,0.8,0.8741176470588236,0.4035156999862882,C3,C3_morgan_rdkit,B5,B5_class_weight_threshold_tuning,LOGO,6,0.05,balanced,Etravirine
0.3142985354273937,0.3333333333333333,0.23076923076923078,0.8666666666666667,0.6,0.8741176470588236,0.4035156999862882,C3,C3_morgan_rdkit,B5,B5_class_weight_threshold_tuning,LOGO,6,0.1,balanced,Etravirine
0.2229481606852615,0.26666666666666666,0.2,0.8777777777777778,0.4,0.8741176470588236,0.4035156999862882,C3,C3_morgan_rdkit,B5,B5_class_weight_threshold_tuning,LOGO,6,0.15,balanced,Etravirine
0.242535625036333,0.2857142857142857,0.2222222222222222,0.8888888888888888,0.4,0.8741176470588236,0.4035156999862882,C3,C3_morgan_rdkit,B5,B5_class_weight_threshold_tuning,LOGO,6,0.2,balanced,Etravirine
0.3241018617760822,0.36363636363636365,0.3333333333333333,0.9222222222222223,0.4,0.8741176470588236,0.4035156999862882,C3,C3_morgan_rdkit,B5,B5_class_weight_threshold_tuning,LOGO,6,0.25,balanced,Etravirine
0.1830730233380795,0.2222222222222222,0.25,0.9222222222222223,0.2,0.8741176470588236,0.4035156999862882,C3,C3_morgan_rdkit,B5,B5_class_weight_threshold_tuning,LOGO,6,0.3,balanced,Etravirine
0.29250896965085227,0.2857142857142857,0.5,0.9444444444444444,0.2,0.8741176470588236,0.4035156999862882,C3,C3_morgan_rdkit,B5,B5_class_weight_threshold_tuning,LOGO,6,0.35,balanced,Etravirine
0.29250896965085227,0.2857142857142857,0.5,0.9444444444444444,0.2,0.8741176470588236,0.4035156999862882,C3,C3_morgan_rdkit,B5,B5_class_weight_threshold_tuning,LOGO,6,0.4,balanced,Etravirine
0.29250896965085227,0.2857142857142857,0.5,0.9444444444444444,0.2,0.8741176470588236,0.4035156999862882,C3,C3_morgan_rdkit,B5,B5_class_weight_threshold_tuning,LOGO,6,0.45,balanced,Etravirine
0.29250896965085227,0.2857142857142857,0.5,0.9444444444444444,0.2,0.8741176470588236,0.4035156999862882,C3,C3_morgan_rdkit,B5,B5_class_weight_threshold_tuning,LOGO,6,0.5,balanced,Etravirine
0.29250896965085227,0.2857142857142857,0.5,0.9444444444444444,0.2,0.8741176470588236,0.4035156999862882,C3,C3_morgan_rdkit,B5,B5_class_weight_threshold_tuning,LOGO,6,0.55,balanced,Etravirine
0.29250896965085227,0.2857142857142857,0.5,0.9444444444444444,0.2,0.8741176470588236,0.4035156999862882,C3,C3_morgan_rdkit,B5,B5_class_weight_threshold_tuning,LOGO,6,0.6,balanced,Etravirine
0.4370483222197017,0.3333333333333333,1.0,0.9555555555555556,0.2,0.8741176470588236,0.4035156999862882,C3,C3_morgan_rdkit,B5,B5_class_weight_threshold_tuning,LOGO,6,0.65,balanced,Etravirine
0.0,0.0,0.0,0.9444444444444444,0.0,0.8741176470588236,0.4035156999862882,C3,C3_morgan_rdkit,B5,B5_class_weight_threshold_tuning,LOGO,6,0.7,balanced,Etravirine
0.0,0.0,0.0,0.9444444444444444,0.0,0.8741176470588236,0.4035156999862882,C3,C3_morgan_rdkit,B5,B5_class_weight_threshold_tuning,LOGO,6,0.75,balanced,Etravirine
0.0,0.0,0.0,0.9444444444444444,0.0,0.8741176470588236,0.4035156999862882,C3,C3_morgan_rdkit,B5,B5_class_weight_threshold_tuning,LOGO,6,0.8,balanced,Etravirine
0.0,0.0,0.0,0.9444444444444444,0.0,0.8741176470588236,0.4035156999862882,C3,C3_morgan_rdkit,B5,B5_class_weight_threshold_tuning,LOGO,6,0.85,balanced,Etravirine
0.0,0.0,0.0,0.9444444444444444,0.0,0.8741176470588236,0.4035156999862882,C3,C3_morgan_rdkit,B5,B5_class_weight_threshold_tuning,LOGO,6,0.9,balanced,Etravirine
0.35825612764301357,0.4,0.2564102564102564,0.6666666666666666,0.9090909090909091,0.832566168009206,0.6017261428698378,C3,C3_morgan_rdkit,B5,B5_class_weight_threshold_tuning,LOGO,7,0.05,balanced,Fulvestrant
0.35557303176365396,0.4375,0.3333333333333333,0.8,0.6363636363636364,0.832566168009206,0.6017261428698378,C3,C3_morgan_rdkit,B5,B5_class_weight_threshold_tuning,LOGO,7,0.1,balanced,Fulvestrant
0.48216340621403914,0.5454545454545454,0.5454545454545454,0.8888888888888888,0.5454545454545454,0.832566168009206,0.6017261428698378,C3,C3_morgan_rdkit,B5,B5_class_weight_threshold_tuning,LOGO,7,0.15,balanced,Fulvestrant
0.5802378669525132,0.5882352941176471,0.8333333333333334,0.9222222222222223,0.45454545454545453,0.832566168009206,0.6017261428698378,C3,C3_morgan_rdkit,B5,B5_class_weight_threshold_tuning,LOGO,7,0.2,balanced,Fulvestrant
0.41335132075305253,0.4,0.75,0.9,0.2727272727272727,0.832566168009206,0.6017261428698378,C3,C3_morgan_rdkit,B5,B5_class_weight_threshold_tuning,LOGO,7,0.25,balanced,Fulvestrant
0.4976433490174631,0.42857142857142855,1.0,0.9111111111111111,0.2727272727272727,0.832566168009206,0.6017261428698378,C3,C3_morgan_rdkit,B5,B5_class_weight_threshold_tuning,LOGO,7,0.3,balanced,Fulvestrant
0.4976433490174631,0.42857142857142855,1.0,0.9111111111111111,0.2727272727272727,0.832566168009206,0.6017261428698378,C3,C3_morgan_rdkit,B5,B5_class_weight_threshold_tuning,LOGO,7,0.35,balanced,Fulvestrant
0.40400883715070857,0.3076923076923077,1.0,0.9,0.18181818181818182,0.832566168009206,0.6017261428698378,C3,C3_morgan_rdkit,B5,B5_class_weight_threshold_tuning,LOGO,7,0.4,balanced,Fulvestrant
0.40400883715070857,0.3076923076923077,1.0,0.9,0.18181818181818182,0.832566168009206,0.6017261428698378,C3,C3_morgan_rdkit,B5,B5_class_weight_threshold_tuning,LOGO,7,0.45,balanced,Fulvestrant
0.40400883715070857,0.3076923076923077,1.0,0.9,0.18181818181818182,0.832566168009206,0.6017261428698378,C3,C3_morgan_rdkit,B5,B5_class_weight_threshold_tuning,LOGO,7,0.5,balanced,Fulvestrant
0.40400883715070857,0.3076923076923077,1.0,0.9,0.18181818181818182,0.832566168009206,0.6017261428698378,C3,C3_morgan_rdkit,B5,B5_class_weight_threshold_tuning,LOGO,7,0.55,balanced,Fulvestrant
0.40400883715070857,0.3076923076923077,1.0,0.9,0.18181818181818182,0.832566168009206,0.6017261428698378,C3,C3_morgan_rdkit,B5,B5_class_weight_threshold_tuning,LOGO,7,0.6,balanced,Fulvestrant
0.284067925525857,0.16666666666666666,1.0,0.8888888888888888,0.09090909090909091,0.832566168009206,0.6017261428698378,C3,C3_morgan_rdkit,B5,B5_class_weight_threshold_tuning,LOGO,7,0.65,balanced,Fulvestrant
0.284067925525857,0.16666666666666666,1.0,0.8888888888888888,0.09090909090909091,0.832566168009206,0.6017261428698378,C3,C3_morgan_rdkit,B5,B5_class_weight_threshold_tuning,LOGO,7,0.7,balanced,Fulvestrant
0.0,0.0,0.0,0.8777777777777778,0.0,0.832566168009206,0.6017261428698378,C3,C3_morgan_rdkit,B5,B5_class_weight_threshold_tuning,LOGO,7,0.75,balanced,Fulvestrant
0.0,0.0,0.0,0.8777777777777778,0.0,0.832566168009206,0.6017261428698378,C3,C3_morgan_rdkit,B5,B5_class_weight_threshold_tuning,LOGO,7,0.8,balanced,Fulvestrant
0.0,0.0,0.0,0.8777777777777778,0.0,0.832566168009206,0.6017261428698378,C3,C3_morgan_rdkit,B5,B5_class_weight_threshold_tuning,LOGO,7,0.85,balanced,Fulvestrant
0.0,0.0,0.0,0.8777777777777778,0.0,0.832566168009206,0.6017261428698378,C3,C3_morgan_rdkit,B5,B5_class_weight_threshold_tuning,LOGO,7,0.9,balanced,Fulvestrant
0.0,0.0,0.0,0.6555555555555556,0.0,,,C3,C3_morgan_rdkit,B5,B5_class_weight_threshold_tuning,LOGO,8,0.05,balanced,Gefitinib
0.0,0.0,0.0,0.7888888888888889,0.0,,,C3,C3_morgan_rdkit,B5,B5_class_weight_threshold_tuning,LOGO,8,0.1,balanced,Gefitinib
0.0,0.0,0.0,0.8777777777777778,0.0,,,C3,C3_morgan_rdkit,B5,B5_class_weight_threshold_tuning,LOGO,8,0.15,balanced,Gefitinib
0.0,0.0,0.0,0.8888888888888888,0.0,,,C3,C3_morgan_rdkit,B5,B5_class_weight_threshold_tuning,LOGO,8,0.2,balanced,Gefitinib
0.0,0.0,0.0,0.9222222222222223,0.0,,,C3,C3_morgan_rdkit,B5,B5_class_weight_threshold_tuning,LOGO,8,0.25,balanced,Gefitinib
0.0,0.0,0.0,0.9444444444444444,0.0,,,C3,C3_morgan_rdkit,B5,B5_class_weight_threshold_tuning,LOGO,8,0.3,balanced,Gefitinib
0.0,0.0,0.0,0.9555555555555556,0.0,,,C3,C3_morgan_rdkit,B5,B5_class_weight_threshold_tuning,LOGO,8,0.35,balanced,Gefitinib
0.0,0.0,0.0,0.9777777777777777,0.0,,,C3,C3_morgan_rdkit,B5,B5_class_weight_threshold_tuning,LOGO,8,0.4,balanced,Gefitinib
0.0,0.0,0.0,0.9777777777777777,0.0,,,C3,C3_morgan_rdkit,B5,B5_class_weight_threshold_tuning,LOGO,8,0.45,balanced,Gefitinib
0.0,0.0,0.0,0.9777777777777777,0.0,,,C3,C3_morgan_rdkit,B5,B5_class_weight_threshold_tuning,LOGO,8,0.5,balanced,Gefitinib
0.0,0.0,0.0,0.9777777777777777,0.0,,,C3,C3_morgan_rdkit,B5,B5_class_weight_threshold_tuning,LOGO,8,0.55,balanced,Gefitinib
0.0,0.0,0.0,0.9777777777777777,0.0,,,C3,C3_morgan_rdkit,B5,B5_class_weight_threshold_tuning,LOGO,8,0.6,balanced,Gefitinib
0.0,0.0,0.0,0.9777777777777777,0.0,,,C3,C3_morgan_rdkit,B5,B5_class_weight_threshold_tuning,LOGO,8,0.65,balanced,Gefitinib
0.0,0.0,0.0,0.9888888888888889,0.0,,,C3,C3_morgan_rdkit,B5,B5_class_weight_threshold_tuning,LOGO,8,0.7,balanced,Gefitinib
0.0,0.0,0.0,1.0,0.0,,,C3,C3_morgan_rdkit,B5,B5_class_weight_threshold_tuning,LOGO,8,0.75,balanced,Gefitinib
0.0,0.0,0.0,1.0,0.0,,,C3,C3_morgan_rdkit,B5,B5_class_weight_threshold_tuning,LOGO,8,0.8,balanced,Gefitinib
0.0,0.0,0.0,1.0,0.0,,,C3,C3_morgan_rdkit,B5,B5_class_weight_threshold_tuning,LOGO,8,0.85,balanced,Gefitinib
0.0,0.0,0.0,1.0,0.0,,,C3,C3_morgan_rdkit,B5,B5_class_weight_threshold_tuning,LOGO,8,0.9,balanced,Gefitinib
0.39097499380795764,0.358974358974359,0.21875,0.7222222222222222,1.0,0.950946643717728,0.7380952380952381,C3,C3_morgan_rdkit,B5,B5_class_weight_threshold_tuning,LOGO,9,0.05,balanced,Lumefantrine
0.37564543510699266,0.375,0.24,0.7777777777777778,0.8571428571428571,0.950946643717728,0.7380952380952381,C3,C3_morgan_rdkit,B5,B5_class_weight_threshold_tuning,LOGO,9,0.1,balanced,Lumefantrine
0.4597273782867746,0.46153846153846156,0.3157894736842105,0.8444444444444444,0.8571428571428571,0.950946643717728,0.7380952380952381,C3,C3_morgan_rdkit,B5,B5_class_weight_threshold_tuning,LOGO,9,0.15,balanced,Lumefantrine
0.6516029421642824,0.6666666666666666,0.5454545454545454,0.9333333333333333,0.8571428571428571,0.950946643717728,0.7380952380952381,C3,C3_morgan_rdkit,B5,B5_class_weight_threshold_tuning,LOGO,9,0.2,balanced,Lumefantrine
0.6381991713220434,0.6666666666666666,0.625,0.9444444444444444,0.7142857142857143,0.950946643717728,0.7380952380952381,C3,C3_morgan_rdkit,B5,B5_class_weight_threshold_tuning,LOGO,9,0.25,balanced,Lumefantrine
0.6394270834691721,0.6,1.0,0.9555555555555556,0.42857142857142855,0.950946643717728,0.7380952380952381,C3,C3_morgan_rdkit,B5,B5_class_weight_threshold_tuning,LOGO,9,0.3,balanced,Lumefantrine
0.5191151312382635,0.4444444444444444,1.0,0.9444444444444444,0.2857142857142857,0.950946643717728,0.7380952380952381,C3,C3_morgan_rdkit,B5,B5_class_weight_threshold_tuning,LOGO,9,0.35,balanced,Lumefantrine
0.5191151312382635,0.4444444444444444,1.0,0.9444444444444444,0.2857142857142857,0.950946643717728,0.7380952380952381,C3,C3_morgan_rdkit,B5,B5_class_weight_threshold_tuning,LOGO,9,0.4,balanced,Lumefantrine
0.5191151312382635,0.4444444444444444,1.0,0.9444444444444444,0.2857142857142857,0.950946643717728,0.7380952380952381,C3,C3_morgan_rdkit,B5,B5_class_weight_threshold_tuning,LOGO,9,0.45,balanced,Lumefantrine
0.5191151312382635,0.4444444444444444,1.0,0.9444444444444444,0.2857142857142857,0.950946643717728,0.7380952380952381,C3,C3_morgan_rdkit,B5,B5_class_weight_threshold_tuning,LOGO,9,0.5,balanced,Lumefantrine
0.5191151312382635,0.4444444444444444,1.0,0.9444444444444444,0.2857142857142857,0.950946643717728,0.7380952380952381,C3,C3_morgan_rdkit,B5,B5_class_weight_threshold_tuning,LOGO,9,0.55,balanced,Lumefantrine
0.5191151312382635,0.4444444444444444,1.0,0.9444444444444444,0.2857142857142857,0.950946643717728,0.7380952380952381,C3,C3_morgan_rdkit,B5,B5_class_weight_threshold_tuning,LOGO,9,0.6,balanced,Lumefantrine
0.5191151312382635,0.4444444444444444,1.0,0.9444444444444444,0.2857142857142857,0.950946643717728,0.7380952380952381,C3,C3_morgan_rdkit,B5,B5_class_weight_threshold_tuning,LOGO,9,0.65,balanced,Lumefantrine
0.0,0.0,0.0,0.9222222222222223,0.0,0.950946643717728,0.7380952380952381,C3,C3_morgan_rdkit,B5,B5_class_weight_threshold_tuning,LOGO,9,0.7,balanced,Lumefantrine
0.0,0.0,0.0,0.9222222222222223,0.0,0.950946643717728,0.7380952380952381,C3,C3_morgan_rdkit,B5,B5_class_weight_threshold_tuning,LOGO,9,0.75,balanced,Lumefantrine
0.0,0.0,0.0,0.9222222222222223,0.0,0.950946643717728,0.7380952380952381,C3,C3_morgan_rdkit,B5,B5_class_weight_threshold_tuning,LOGO,9,0.8,balanced,Lumefantrine
0.0,0.0,0.0,0.9222222222222223,0.0,0.950946643717728,0.7380952380952381,C3,C3_morgan_rdkit,B5,B5_class_weight_threshold_tuning,LOGO,9,0.85,balanced,Lumefantrine
0.0,0.0,0.0,0.9222222222222223,0.0,0.950946643717728,0.7380952380952381,C3,C3_morgan_rdkit,B5,B5_class_weight_threshold_tuning,LOGO,9,0.9,balanced,Lumefantrine
-0.06487825631289339,0.15789473684210525,0.17647058823529413,0.6444444444444445,0.14285714285714285,0.6307798481711524,0.355946029034016,C3,C3_morgan_rdkit,B5,B5_class_weight_threshold_tuning,LOGO,10,0.05,balanced,Nelfinavir
-0.06182446677351863,0.12121212121212122,0.16666666666666666,0.6777777777777778,0.09523809523809523,0.6307798481711524,0.355946029034016,C3,C3_morgan_rdkit,B5,B5_class_weight_threshold_tuning,LOGO,10,0.1,balanced,Nelfinavir
-0.008756782291545561,0.13333333333333333,0.2222222222222222,0.7111111111111111,0.09523809523809523,0.6307798481711524,0.355946029034016,C3,C3_morgan_rdkit,B5,B5_class_weight_threshold_tuning,LOGO,10,0.15,balanced,Nelfinavir
-0.008756782291545561,0.13333333333333333,0.2222222222222222,0.7111111111111111,0.09523809523809523,0.6307798481711524,0.355946029034016,C3,C3_morgan_rdkit,B5,B5_class_weight_threshold_tuning,LOGO,10,0.2,balanced,Nelfinavir
0.03596596198824938,0.14285714285714285,0.2857142857142857,0.7333333333333333,0.09523809523809523,0.6307798481711524,0.355946029034016,C3,C3_morgan_rdkit,B5,B5_class_weight_threshold_tuning,LOGO,10,0.25,balanced,Nelfinavir
0.09557242498741929,0.15384615384615385,0.4,0.7555555555555555,0.09523809523809523,0.6307798481711524,0.355946029034016,C3,C3_morgan_rdkit,B5,B5_class_weight_threshold_tuning,LOGO,10,0.3,balanced,Nelfinavir
0.13597460911240103,0.16,0.5,0.7666666666666667,0.09523809523809523,0.6307798481711524,0.355946029034016,C3,C3_morgan_rdkit,B5,B5_class_weight_threshold_tuning,LOGO,10,0.35,balanced,Nelfinavir
0.19025295692965058,0.16666666666666666,0.6666666666666666,0.7777777777777778,0.09523809523809523,0.6307798481711524,0.355946029034016,C3,C3_morgan_rdkit,B5,B5_class_weight_threshold_tuning,LOGO,10,0.4,balanced,Nelfinavir
0.19025295692965058,0.16666666666666666,0.6666666666666666,0.7777777777777778,0.09523809523809523,0.6307798481711524,0.355946029034016,C3,C3_morgan_rdkit,B5,B5_class_weight_threshold_tuning,LOGO,10,0.45,balanced,Nelfinavir
0.27326786250001056,0.17391304347826086,1.0,0.7888888888888889,0.09523809523809523,0.6307798481711524,0.355946029034016,C3,C3_morgan_rdkit,B5,B5_class_weight_threshold_tuning,LOGO,10,0.5,balanced,Nelfinavir
0.27326786250001056,0.17391304347826086,1.0,0.7888888888888889,0.09523809523809523,0.6307798481711524,0.355946029034016,C3,C3_morgan_rdkit,B5,B5_class_weight_threshold_tuning,LOGO,10,0.55,balanced,Nelfinavir
0.27326786250001056,0.17391304347826086,1.0,0.7888888888888889,0.09523809523809523,0.6307798481711524,0.355946029034016,C3,C3_morgan_rdkit,B5,B5_class_weight_threshold_tuning,LOGO,10,0.6,balanced,Nelfinavir
0.27326786250001056,0.17391304347826086,1.0,0.7888888888888889,0.09523809523809523,0.6307798481711524,0.355946029034016,C3,C3_morgan_rdkit,B5,B5_class_weight_threshold_tuning,LOGO,10,0.65,balanced,Nelfinavir
0.0,0.0,0.0,0.7666666666666667,0.0,0.6307798481711524,0.355946029034016,C3,C3_morgan_rdkit,B5,B5_class_weight_threshold_tuning,LOGO,10,0.7,balanced,Nelfinavir
0.0,0.0,0.0,0.7666666666666667,0.0,0.6307798481711524,0.355946029034016,C3,C3_morgan_rdkit,B5,B5_class_weight_threshold_tuning,LOGO,10,0.75,balanced,Nelfinavir
0.0,0.0,0.0,0.7666666666666667,0.0,0.6307798481711524,0.355946029034016,C3,C3_morgan_rdkit,B5,B5_class_weight_threshold_tuning,LOGO,10,0.8,balanced,Nelfinavir
0.0,0.0,0.0,0.7666666666666667,0.0,0.6307798481711524,0.355946029034016,C3,C3_morgan_rdkit,B5,B5_class_weight_threshold_tuning,LOGO,10,0.85,balanced,Nelfinavir
0.0,0.0,0.0,0.7666666666666667,0.0,0.6307798481711524,0.355946029034016,C3,C3_morgan_rdkit,B5,B5_class_weight_threshold_tuning,LOGO,10,0.9,balanced,Nelfinavir
0.2029610352214972,0.11764705882352941,0.0625,0.6666666666666666,1.0,0.8863636363636364,0.12692307692307692,C3,C3_morgan_rdkit,B5,B5_class_weight_threshold_tuning,LOGO,11,0.05,balanced,Physcion
0.25730435984809497,0.16,0.08695652173913043,0.7666666666666667,1.0,0.8863636363636364,0.12692307692307692,C3,C3_morgan_rdkit,B5,B5_class_weight_threshold_tuning,LOGO,11,0.1,balanced,Physcion
0.16261090889699772,0.14285714285714285,0.08333333333333333,0.8666666666666667,0.5,0.8863636363636364,0.12692307692307692,C3,C3_morgan_rdkit,B5,B5_class_weight_threshold_tuning,LOGO,11,0.15,balanced,Physcion
-0.050251890762960605,0.0,0.0,0.8777777777777778,0.0,0.8863636363636364,0.12692307692307692,C3,C3_morgan_rdkit,B5,B5_class_weight_threshold_tuning,LOGO,11,0.2,balanced,Physcion
-0.036563621206356534,0.0,0.0,0.9222222222222223,0.0,0.8863636363636364,0.12692307692307692,C3,C3_morgan_rdkit,B5,B5_class_weight_threshold_tuning,LOGO,11,0.25,balanced,Physcion
-0.022727272727272728,0.0,0.0,0.9555555555555556,0.0,0.8863636363636364,0.12692307692307692,C3,C3_morgan_rdkit,B5,B5_class_weight_threshold_tuning,LOGO,11,0.3,balanced,Physcion
-0.022727272727272728,0.0,0.0,0.9555555555555556,0.0,0.8863636363636364,0.12692307692307692,C3,C3_morgan_rdkit,B5,B5_class_weight_threshold_tuning,LOGO,11,0.35,balanced,Physcion
-0.022727272727272728,0.0,0.0,0.9555555555555556,0.0,0.8863636363636364,0.12692307692307692,C3,C3_morgan_rdkit,B5,B5_class_weight_threshold_tuning,LOGO,11,0.4,balanced,Physcion
-0.022727272727272728,0.0,0.0,0.9555555555555556,0.0,0.8863636363636364,0.12692307692307692,C3,C3_morgan_rdkit,B5,B5_class_weight_threshold_tuning,LOGO,11,0.45,balanced,Physcion
-0.022727272727272728,0.0,0.0,0.9555555555555556,0.0,0.8863636363636364,0.12692307692307692,C3,C3_morgan_rdkit,B5,B5_class_weight_threshold_tuning,LOGO,11,0.5,balanced,Physcion
-0.022727272727272728,0.0,0.0,0.9555555555555556,0.0,0.8863636363636364,0.12692307692307692,C3,C3_morgan_rdkit,B5,B5_class_weight_threshold_tuning,LOGO,11,0.55,balanced,Physcion
-0.022727272727272728,0.0,0.0,0.9555555555555556,0.0,0.8863636363636364,0.12692307692307692,C3,C3_morgan_rdkit,B5,B5_class_weight_threshold_tuning,LOGO,11,0.6,balanced,Physcion
-0.01598006930251483,0.0,0.0,0.9666666666666667,0.0,0.8863636363636364,0.12692307692307692,C3,C3_morgan_rdkit,B5,B5_class_weight_threshold_tuning,LOGO,11,0.65,balanced,Physcion
0.0,0.0,0.0,0.9777777777777777,0.0,0.8863636363636364,0.12692307692307692,C3,C3_morgan_rdkit,B5,B5_class_weight_threshold_tuning,LOGO,11,0.7,balanced,Physcion
0.0,0.0,0.0,0.9777777777777777,0.0,0.8863636363636364,0.12692307692307692,C3,C3_morgan_rdkit,B5,B5_class_weight_threshold_tuning,LOGO,11,0.75,balanced,Physcion
0.0,0.0,0.0,0.9777777777777777,0.0,0.8863636363636364,0.12692307692307692,C3,C3_morgan_rdkit,B5,B5_class_weight_threshold_tuning,LOGO,11,0.8,balanced,Physcion
0.0,0.0,0.0,0.9777777777777777,0.0,0.8863636363636364,0.12692307692307692,C3,C3_morgan_rdkit,B5,B5_class_weight_threshold_tuning,LOGO,11,0.85,balanced,Physcion
0.0,0.0,0.0,0.9777777777777777,0.0,0.8863636363636364,0.12692307692307692,C3,C3_morgan_rdkit,B5,B5_class_weight_threshold_tuning,LOGO,11,0.9,balanced,Physcion
0.0,0.0,0.0,0.5555555555555556,0.0,,,C3,C3_morgan_rdkit,B5,B5_class_weight_threshold_tuning,LOGO,12,0.05,balanced,Pranlukast
0.0,0.0,0.0,0.7444444444444445,0.0,,,C3,C3_morgan_rdkit,B5,B5_class_weight_threshold_tuning,LOGO,12,0.1,balanced,Pranlukast
0.0,0.0,0.0,0.8555555555555555,0.0,,,C3,C3_morgan_rdkit,B5,B5_class_weight_threshold_tuning,LOGO,12,0.15,balanced,Pranlukast
0.0,0.0,0.0,0.9,0.0,,,C3,C3_morgan_rdkit,B5,B5_class_weight_threshold_tuning,LOGO,12,0.2,balanced,Pranlukast
0.0,0.0,0.0,0.9333333333333333,0.0,,,C3,C3_morgan_rdkit,B5,B5_class_weight_threshold_tuning,LOGO,12,0.25,balanced,Pranlukast
0.0,0.0,0.0,0.9444444444444444,0.0,,,C3,C3_morgan_rdkit,B5,B5_class_weight_threshold_tuning,LOGO,12,0.3,balanced,Pranlukast
0.0,0.0,0.0,0.9666666666666667,0.0,,,C3,C3_morgan_rdkit,B5,B5_class_weight_threshold_tuning,LOGO,12,0.35,balanced,Pranlukast
0.0,0.0,0.0,0.9666666666666667,0.0,,,C3,C3_morgan_rdkit,B5,B5_class_weight_threshold_tuning,LOGO,12,0.4,balanced,Pranlukast
0.0,0.0,0.0,0.9777777777777777,0.0,,,C3,C3_morgan_rdkit,B5,B5_class_weight_threshold_tuning,LOGO,12,0.45,balanced,Pranlukast
0.0,0.0,0.0,0.9777777777777777,0.0,,,C3,C3_morgan_rdkit,B5,B5_class_weight_threshold_tuning,LOGO,12,0.5,balanced,Pranlukast
0.0,0.0,0.0,0.9777777777777777,0.0,,,C3,C3_morgan_rdkit,B5,B5_class_weight_threshold_tuning,LOGO,12,0.55,balanced,Pranlukast
0.0,0.0,0.0,0.9777777777777777,0.0,,,C3,C3_morgan_rdkit,B5,B5_class_weight_threshold_tuning,LOGO,12,0.6,balanced,Pranlukast
0.0,0.0,0.0,0.9777777777777777,0.0,,,C3,C3_morgan_rdkit,B5,B5_class_weight_threshold_tuning,LOGO,12,0.65,balanced,Pranlukast
0.0,0.0,0.0,0.9777777777777777,0.0,,,C3,C3_morgan_rdkit,B5,B5_class_weight_threshold_tuning,LOGO,12,0.7,balanced,Pranlukast
0.0,0.0,0.0,1.0,0.0,,,C3,C3_morgan_rdkit,B5,B5_class_weight_threshold_tuning,LOGO,12,0.75,balanced,Pranlukast
0.0,0.0,0.0,1.0,0.0,,,C3,C3_morgan_rdkit,B5,B5_class_weight_threshold_tuning,LOGO,12,0.8,balanced,Pranlukast
0.0,0.0,0.0,1.0,0.0,,,C3,C3_morgan_rdkit,B5,B5_class_weight_threshold_tuning,LOGO,12,0.85,balanced,Pranlukast
0.0,0.0,0.0,1.0,0.0,,,C3,C3_morgan_rdkit,B5,B5_class_weight_threshold_tuning,LOGO,12,0.9,balanced,Pranlukast
0.20761369963434995,0.13953488372093023,0.075,0.5888888888888889,1.0,0.9961685823754789,0.9166666666666665,C3,C3_morgan_rdkit,B5,B5_class_weight_threshold_tuning,LOGO,13,0.05,balanced,Rapamycin
0.2383172923768684,0.16216216216216217,0.08823529411764706,0.6555555555555556,1.0,0.9961685823754789,0.9166666666666665,C3,C3_morgan_rdkit,B5,B5_class_weight_threshold_tuning,LOGO,13,0.1,balanced,Rapamycin
0.4326570445821968,0.35294117647058826,0.21428571428571427,0.8777777777777778,1.0,0.9961685823754789,0.9166666666666665,C3,C3_morgan_rdkit,B5,B5_class_weight_threshold_tuning,LOGO,13,0.15,balanced,Rapamycin
0.6394270834691721,0.6,0.42857142857142855,0.9555555555555556,1.0,0.9961685823754789,0.9166666666666665,C3,C3_morgan_rdkit,B5,B5_class_weight_threshold_tuning,LOGO,13,0.2,balanced,Rapamycin
0.8610338613230187,0.8571428571428571,0.75,0.9888888888888889,1.0,0.9961685823754789,0.9166666666666665,C3,C3_morgan_rdkit,B5,B5_class_weight_threshold_tuning,LOGO,13,0.25,balanced,Rapamycin
0.8118441408859887,0.8,1.0,0.9888888888888889,0.6666666666666666,0.9961685823754789,0.9166666666666665,C3,C3_morgan_rdkit,B5,B5_class_weight_threshold_tuning,LOGO,13,0.3,balanced,Rapamycin
0.8118441408859887,0.8,1.0,0.9888888888888889,0.6666666666666666,0.9961685823754789,0.9166666666666665,C3,C3_morgan_rdkit,B5,B5_class_weight_threshold_tuning,LOGO,13,0.35,balanced,Rapamycin
0.8118441408859887,0.8,1.0,0.9888888888888889,0.6666666666666666,0.9961685823754789,0.9166666666666665,C3,C3_morgan_rdkit,B5,B5_class_weight_threshold_tuning,LOGO,13,0.4,balanced,Rapamycin
0.5708263279047433,0.5,1.0,0.9777777777777777,0.3333333333333333,0.9961685823754789,0.9166666666666665,C3,C3_morgan_rdkit,B5,B5_class_weight_threshold_tuning,LOGO,13,0.45,balanced,Rapamycin
0.5708263279047433,0.5,1.0,0.9777777777777777,0.3333333333333333,0.9961685823754789,0.9166666666666665,C3,C3_morgan_rdkit,B5,B5_class_weight_threshold_tuning,LOGO,13,0.5,balanced,Rapamycin
0.0,0.0,0.0,0.9666666666666667,0.0,0.9961685823754789,0.9166666666666665,C3,C3_morgan_rdkit,B5,B5_class_weight_threshold_tuning,LOGO,13,0.55,balanced,Rapamycin
0.0,0.0,0.0,0.9666666666666667,0.0,0.9961685823754789,0.9166666666666665,C3,C3_morgan_rdkit,B5,B5_class_weight_threshold_tuning,LOGO,13,0.6,balanced,Rapamycin
0.0,0.0,0.0,0.9666666666666667,0.0,0.9961685823754789,0.9166666666666665,C3,C3_morgan_rdkit,B5,B5_class_weight_threshold_tuning,LOGO,13,0.65,balanced,Rapamycin
0.0,0.0,0.0,0.9666666666666667,0.0,0.9961685823754789,0.9166666666666665,C3,C3_morgan_rdkit,B5,B5_class_weight_threshold_tuning,LOGO,13,0.7,balanced,Rapamycin
0.0,0.0,0.0,0.9666666666666667,0.0,0.9961685823754789,0.9166666666666665,C3,C3_morgan_rdkit,B5,B5_class_weight_threshold_tuning,LOGO,13,0.75,balanced,Rapamycin
0.0,0.0,0.0,0.9666666666666667,0.0,0.9961685823754789,0.9166666666666665,C3,C3_morgan_rdkit,B5,B5_class_weight_threshold_tuning,LOGO,13,0.8,balanced,Rapamycin
0.0,0.0,0.0,0.9666666666666667,0.0,0.9961685823754789,0.9166666666666665,C3,C3_morgan_rdkit,B5,B5_class_weight_threshold_tuning,LOGO,13,0.85,balanced,Rapamycin
0.0,0.0,0.0,0.9666666666666667,0.0,0.9961685823754789,0.9166666666666665,C3,C3_morgan_rdkit,B5,B5_class_weight_threshold_tuning,LOGO,13,0.9,balanced,Rapamycin
0.23204774044612858,0.25806451612903225,0.16,0.7444444444444445,0.6666666666666666,0.8353174603174602,0.443560606060606,C3,C3_morgan_rdkit,B5,B5_class_weight_threshold_tuning,LOGO,14,0.05,balanced,Rilpivirine
0.39702403730695546,0.42105263157894735,0.3076923076923077,0.8777777777777778,0.6666666666666666,0.8353174603174602,0.443560606060606,C3,C3_morgan_rdkit,B5,B5_class_weight_threshold_tuning,LOGO,14,0.1,balanced,Rilpivirine
0.444244616885518,0.47058823529411764,0.36363636363636365,0.9,0.6666666666666666,0.8353174603174602,0.443560606060606,C3,C3_morgan_rdkit,B5,B5_class_weight_threshold_tuning,LOGO,14,0.15,balanced,Rilpivirine
0.22956556456066263,0.2857142857142857,0.25,0.8888888888888888,0.3333333333333333,0.8353174603174602,0.443560606060606,C3,C3_morgan_rdkit,B5,B5_class_weight_threshold_tuning,LOGO,14,0.2,balanced,Rilpivirine
0.2857142857142857,0.3333333333333333,0.3333333333333333,0.9111111111111111,0.3333333333333333,0.8353174603174602,0.443560606060606,C3,C3_morgan_rdkit,B5,B5_class_weight_threshold_tuning,LOGO,14,0.25,balanced,Rilpivirine
0.3241018617760822,0.36363636363636365,0.4,0.9222222222222223,0.3333333333333333,0.8353174603174602,0.443560606060606,C3,C3_morgan_rdkit,B5,B5_class_weight_threshold_tuning,LOGO,14,0.3,balanced,Rilpivirine
0.4466625002869186,0.4444444444444444,0.6666666666666666,0.9444444444444444,0.3333333333333333,0.8353174603174602,0.443560606060606,C3,C3_morgan_rdkit,B5,B5_class_weight_threshold_tuning,LOGO,14,0.35,balanced,Rilpivirine
0.4466625002869186,0.4444444444444444,0.6666666666666666,0.9444444444444444,0.3333333333333333,0.8353174603174602,0.443560606060606,C3,C3_morgan_rdkit,B5,B5_class_weight_threshold_tuning,LOGO,14,0.4,balanced,Rilpivirine
0.2618924633082486,0.25,0.5,0.9333333333333333,0.16666666666666666,0.8353174603174602,0.443560606060606,C3,C3_morgan_rdkit,B5,B5_class_weight_threshold_tuning,LOGO,14,0.45,balanced,Rilpivirine
0.2618924633082486,0.25,0.5,0.9333333333333333,0.16666666666666666,0.8353174603174602,0.443560606060606,C3,C3_morgan_rdkit,B5,B5_class_weight_threshold_tuning,LOGO,14,0.5,balanced,Rilpivirine
0.39661488976905146,0.2857142857142857,1.0,0.9444444444444444,0.16666666666666666,0.8353174603174602,0.443560606060606,C3,C3_morgan_rdkit,B5,B5_class_weight_threshold_tuning,LOGO,14,0.55,balanced,Rilpivirine
0.39661488976905146,0.2857142857142857,1.0,0.9444444444444444,0.16666666666666666,0.8353174603174602,0.443560606060606,C3,C3_morgan_rdkit,B5,B5_class_weight_threshold_tuning,LOGO,14,0.6,balanced,Rilpivirine
0.39661488976905146,0.2857142857142857,1.0,0.9444444444444444,0.16666666666666666,0.8353174603174602,0.443560606060606,C3,C3_morgan_rdkit,B5,B5_class_weight_threshold_tuning,LOGO,14,0.65,balanced,Rilpivirine
0.0,0.0,0.0,0.9333333333333333,0.0,0.8353174603174602,0.443560606060606,C3,C3_morgan_rdkit,B5,B5_class_weight_threshold_tuning,LOGO,14,0.7,balanced,Rilpivirine
0.0,0.0,0.0,0.9333333333333333,0.0,0.8353174603174602,0.443560606060606,C3,C3_morgan_rdkit,B5,B5_class_weight_threshold_tuning,LOGO,14,0.75,balanced,Rilpivirine
0.0,0.0,0.0,0.9333333333333333,0.0,0.8353174603174602,0.443560606060606,C3,C3_morgan_rdkit,B5,B5_class_weight_threshold_tuning,LOGO,14,0.8,balanced,Rilpivirine
0.0,0.0,0.0,0.9333333333333333,0.0,0.8353174603174602,0.443560606060606,C3,C3_morgan_rdkit,B5,B5_class_weight_threshold_tuning,LOGO,14,0.85,balanced,Rilpivirine
0.0,0.0,0.0,0.9333333333333333,0.0,0.8353174603174602,0.443560606060606,C3,C3_morgan_rdkit,B5,B5_class_weight_threshold_tuning,LOGO,14,0.9,balanced,Rilpivirine
0.31776751888768856,0.35294117647058826,0.23076923076923078,0.7555555555555555,0.75,0.8201219512195121,0.6211909983291563,C3,C3_morgan_rdkit,B5,B5_class_weight_threshold_tuning,LOGO,15,0.05,balanced,Sorafenib
0.5666215999443122,0.6,0.5,0.9111111111111111,0.75,0.8201219512195121,0.6211909983291563,C3,C3_morgan_rdkit,B5,B5_class_weight_threshold_tuning,LOGO,15,0.1,balanced,Sorafenib
0.38608754039747806,0.42857142857142855,0.5,0.9111111111111111,0.375,0.8201219512195121,0.6211909983291563,C3,C3_morgan_rdkit,B5,B5_class_weight_threshold_tuning,LOGO,15,0.15,balanced,Sorafenib
0.4355935609701779,0.46153846153846156,0.6,0.9222222222222223,0.375,0.8201219512195121,0.6211909983291563,C3,C3_morgan_rdkit,B5,B5_class_weight_threshold_tuning,LOGO,15,0.2,balanced,Sorafenib
0.4355935609701779,0.46153846153846156,0.6,0.9222222222222223,0.375,0.8201219512195121,0.6211909983291563,C3,C3_morgan_rdkit,B5,B5_class_weight_threshold_tuning,LOGO,15,0.25,balanced,Sorafenib
0.594515160329885,0.5454545454545454,1.0,0.9444444444444444,0.375,0.8201219512195121,0.6211909983291563,C3,C3_morgan_rdkit,B5,B5_class_weight_threshold_tuning,LOGO,15,0.3,balanced,Sorafenib
0.48265364958171136,0.4,1.0,0.9333333333333333,0.25,0.8201219512195121,0.6211909983291563,C3,C3_morgan_rdkit,B5,B5_class_weight_threshold_tuning,LOGO,15,0.35,balanced,Sorafenib
0.48265364958171136,0.4,1.0,0.9333333333333333,0.25,0.8201219512195121,0.6211909983291563,C3,C3_morgan_rdkit,B5,B5_class_weight_threshold_tuning,LOGO,15,0.4,balanced,Sorafenib
0.48265364958171136,0.4,1.0,0.9333333333333333,0.25,0.8201219512195121,0.6211909983291563,C3,C3_morgan_rdkit,B5,B5_class_weight_threshold_tuning,LOGO,15,0.45,balanced,Sorafenib
0.339364905854808,0.2222222222222222,1.0,0.9222222222222223,0.125,0.8201219512195121,0.6211909983291563,C3,C3_morgan_rdkit,B5,B5_class_weight_threshold_tuning,LOGO,15,0.5,balanced,Sorafenib
0.339364905854808,0.2222222222222222,1.0,0.9222222222222223,0.125,0.8201219512195121,0.6211909983291563,C3,C3_morgan_rdkit,B5,B5_class_weight_threshold_tuning,LOGO,15,0.55,balanced,Sorafenib
0.339364905854808,0.2222222222222222,1.0,0.9222222222222223,0.125,0.8201219512195121,0.6211909983291563,C3,C3_morgan_rdkit,B5,B5_class_weight_threshold_tuning,LOGO,15,0.6,balanced,Sorafenib
0.0,0.0,0.0,0.9111111111111111,0.0,0.8201219512195121,0.6211909983291563,C3,C3_morgan_rdkit,B5,B5_class_weight_threshold_tuning,LOGO,15,0.65,balanced,Sorafenib
0.0,0.0,0.0,0.9111111111111111,0.0,0.8201219512195121,0.6211909983291563,C3,C3_morgan_rdkit,B5,B5_class_weight_threshold_tuning,LOGO,15,0.7,balanced,Sorafenib
0.0,0.0,0.0,0.9111111111111111,0.0,0.8201219512195121,0.6211909983291563,C3,C3_morgan_rdkit,B5,B5_class_weight_threshold_tuning,LOGO,15,0.75,balanced,Sorafenib
0.0,0.0,0.0,0.9111111111111111,0.0,0.8201219512195121,0.6211909983291563,C3,C3_morgan_rdkit,B5,B5_class_weight_threshold_tuning,LOGO,15,0.8,balanced,Sorafenib
0.0,0.0,0.0,0.9111111111111111,0.0,0.8201219512195121,0.6211909983291563,C3,C3_morgan_rdkit,B5,B5_class_weight_threshold_tuning,LOGO,15,0.85,balanced,Sorafenib
0.0,0.0,0.0,0.9111111111111111,0.0,0.8201219512195121,0.6211909983291563,C3,C3_morgan_rdkit,B5,B5_class_weight_threshold_tuning,LOGO,15,0.9,balanced,Sorafenib
0.12121539504758784,0.05,0.02564102564102564,0.5777777777777777,1.0,0.9887640449438202,0.5,C3,C3_morgan_rdkit,B5,B5_class_weight_threshold_tuning,LOGO,16,0.05,balanced,Taxol
0.1921409327596115,0.09090909090909091,0.047619047619047616,0.7777777777777778,1.0,0.9887640449438202,0.5,C3,C3_morgan_rdkit,B5,B5_class_weight_threshold_tuning,LOGO,16,0.1,balanced,Taxol
0.29981267559834457,0.18181818181818182,0.1,0.9,1.0,0.9887640449438202,0.5,C3,C3_morgan_rdkit,B5,B5_class_weight_threshold_tuning,LOGO,16,0.15,balanced,Taxol
0.49150079726066076,0.4,0.25,0.9666666666666667,1.0,0.9887640449438202,0.5,C3,C3_morgan_rdkit,B5,B5_class_weight_threshold_tuning,LOGO,16,0.2,balanced,Taxol
0.5708263279047433,0.5,0.3333333333333333,0.9777777777777777,1.0,0.9887640449438202,0.5,C3,C3_morgan_rdkit,B5,B5_class_weight_threshold_tuning,LOGO,16,0.25,balanced,Taxol
0.5708263279047433,0.5,0.3333333333333333,0.9777777777777777,1.0,0.9887640449438202,0.5,C3,C3_morgan_rdkit,B5,B5_class_weight_threshold_tuning,LOGO,16,0.3,balanced,Taxol
0.5708263279047433,0.5,0.3333333333333333,0.9777777777777777,1.0,0.9887640449438202,0.5,C3,C3_morgan_rdkit,B5,B5_class_weight_threshold_tuning,LOGO,16,0.35,balanced,Taxol
0.7031230493106524,0.6666666666666666,0.5,0.9888888888888889,1.0,0.9887640449438202,0.5,C3,C3_morgan_rdkit,B5,B5_class_weight_threshold_tuning,LOGO,16,0.4,balanced,Taxol
0.7031230493106524,0.6666666666666666,0.5,0.9888888888888889,1.0,0.9887640449438202,0.5,C3,C3_morgan_rdkit,B5,B5_class_weight_threshold_tuning,LOGO,16,0.45,balanced,Taxol
0.7031230493106524,0.6666666666666666,0.5,0.9888888888888889,1.0,0.9887640449438202,0.5,C3,C3_morgan_rdkit,B5,B5_class_weight_threshold_tuning,LOGO,16,0.5,balanced,Taxol
0.7031230493106524,0.6666666666666666,0.5,0.9888888888888889,1.0,0.9887640449438202,0.5,C3,C3_morgan_rdkit,B5,B5_class_weight_threshold_tuning,LOGO,16,0.55,balanced,Taxol
-0.011235955056179775,0.0,0.0,0.9777777777777777,0.0,0.9887640449438202,0.5,C3,C3_morgan_rdkit,B5,B5_class_weight_threshold_tuning,LOGO,16,0.6,balanced,Taxol
0.0,0.0,0.0,0.9888888888888889,0.0,0.9887640449438202,0.5,C3,C3_morgan_rdkit,B5,B5_class_weight_threshold_tuning,LOGO,16,0.65,balanced,Taxol
0.0,0.0,0.0,0.9888888888888889,0.0,0.9887640449438202,0.5,C3,C3_morgan_rdkit,B5,B5_class_weight_threshold_tuning,LOGO,16,0.7,balanced,Taxol
0.0,0.0,0.0,0.9888888888888889,0.0,0.9887640449438202,0.5,C3,C3_morgan_rdkit,B5,B5_class_weight_threshold_tuning,LOGO,16,0.75,balanced,Taxol
0.0,0.0,0.0,0.9888888888888889,0.0,0.9887640449438202,0.5,C3,C3_morgan_rdkit,B5,B5_class_weight_threshold_tuning,LOGO,16,0.8,balanced,Taxol
0.0,0.0,0.0,0.9888888888888889,0.0,0.9887640449438202,0.5,C3,C3_morgan_rdkit,B5,B5_class_weight_threshold_tuning,LOGO,16,0.85,balanced,Taxol
0.0,0.0,0.0,0.9888888888888889,0.0,0.9887640449438202,0.5,C3,C3_morgan_rdkit,B5,B5_class_weight_threshold_tuning,LOGO,16,0.9,balanced,Taxol
