DRUG,EXCIPIENT,SOURCE,PROBABILITY
Sorafenib,Glycocholic_acid,GRAS_IIG,0.892
Fulvestrant,Glycocholic_acid,GRAS_IIG,0.882
Fulvestrant,Vitamin_A_palmitate,GRAS_IIG,0.852
Fulvestrant,SODIUM_DESOXYCHOLATE,GRAS_IIG,0.824
Sorafenib,Taurocholic_acid,GRAS_IIG,0.81
Sorafenib,SODIUM_DESOXYCHOLATE,GRAS_IIG,0.792
Fulvestrant,Taurocholic_acid,GRAS_IIG,0.79
Nelfinavir,Carbamazepine,APPROVED_DRUGBANK,0.776
Sorafenib,Cholic Acid,APPROVED_DRUGBANK,0.774
Sorafenib,Cholic_acid,GRAS_IIG,0.774
Fulvestrant,Cholic Acid,APPROVED_DRUGBANK,0.764
Fulvestrant,Cholic_acid,GRAS_IIG,0.764
Nelfinavir,CAPTAN,GRAS_IIG,0.76
Sorafenib,Indomethacin,APPROVED_DRUGBANK,0.76
Lumefantrine,Indomethacin,APPROVED_DRUGBANK,0.756
Nelfinavir,Risperidone,APPROVED_DRUGBANK,0.754
Clofazimine,Indomethacin,APPROVED_DRUGBANK,0.742
Nelfinavir,Desipramine,APPROVED_DRUGBANK,0.742
Lumefantrine,Glycocholic_acid,GRAS_IIG,0.74
Lumefantrine,Vitamin_A_palmitate,GRAS_IIG,0.74
Fulvestrant,Carotene_(beta-carotene),GRAS_IIG,0.726
Fulvestrant,Deoxycholic Acid,APPROVED_DRUGBANK,0.726
Fulvestrant,Desoxycholic_acid,GRAS_IIG,0.726
Nelfinavir,Piroxicam,APPROVED_DRUGBANK,0.726
Nelfinavir,Prednisone,APPROVED_DRUGBANK,0.726
Econazole,Budesonide,APPROVED_DRUGBANK,0.724
Nelfinavir,Labetalol,APPROVED_DRUGBANK,0.724
Sirolimus,Vitamin_A_palmitate,GRAS_IIG,0.724
Atovaquone,Vitamin_A_palmitate,GRAS_IIG,0.722
Nelfinavir,L-Lysine,APPROVED_DRUGBANK,0.722
Nelfinavir,LYSINE,GRAS_IIG,0.722
Nelfinavir,NEOTAME,GRAS_IIG,0.722
Etravirine,Indomethacin,APPROVED_DRUGBANK,0.72
Lumefantrine,SODIUM_DESOXYCHOLATE,GRAS_IIG,0.714
Nelfinavir,Tenofovir alafenamide,APPROVED_DRUGBANK,0.714
Regorafenib,Glycocholic_acid,GRAS_IIG,0.714
Nelfinavir,Fluconazole,APPROVED_DRUGBANK,0.712
Nelfinavir,LYSINE_ACETATE,GRAS_IIG,0.702
Nelfinavir,LYSINE_MONOHYDRATE,GRAS_IIG,0.702
Nelfinavir,TRIACETIN,GRAS_IIG,0.7
Sorafenib,Deoxycholic Acid,APPROVED_DRUGBANK,0.7
Sorafenib,Desoxycholic_acid,GRAS_IIG,0.7
Fulvestrant,Tannic_acid_(hydrolyzable_gallotannins),GRAS_IIG,0.698
Fulvestrant,Vitamin_A_acetate,GRAS_IIG,0.698
Atovaquone,Risperidone,APPROVED_DRUGBANK,0.696
Nelfinavir,Hydrochlorothiazide,APPROVED_DRUGBANK,0.694
Sorafenib,Tannic_acid_(hydrolyzable_gallotannins),GRAS_IIG,0.694
Econazole,Tenofovir alafenamide,APPROVED_DRUGBANK,0.692
Rilpivirine,Vitamin_A_palmitate,GRAS_IIG,0.69
Nelfinavir,Methotrexate,APPROVED_DRUGBANK,0.686
Chlorpromazine,Tannic_acid_(hydrolyzable_gallotannins),GRAS_IIG,0.684
Atovaquone,Budesonide,APPROVED_DRUGBANK,0.678
Chlorpromazine,Glycocholic_acid,GRAS_IIG,0.678
Econazole,Mebendazole,APPROVED_DRUGBANK,0.672
Nelfinavir,L-Proline,APPROVED_DRUGBANK,0.672
Nelfinavir,PROLINE,GRAS_IIG,0.672
Econazole,NEOTAME,GRAS_IIG,0.666
Atovaquone,DIBUTYL_PHTHALATE_**See_CDER_Guidance:_Limiting_the_Use_of_Certain_Phthalates_as_Excipients_in_CDER-Regulated_Products,GRAS_IIG,0.664
Rilpivirine,SODIUM_DESOXYCHOLATE,GRAS_IIG,0.662
Fulvestrant,Alitretinoin,APPROVED_DRUGBANK,0.658
Fulvestrant,Isotretinoin,APPROVED_DRUGBANK,0.658
Fulvestrant,Tretinoin,APPROVED_DRUGBANK,0.658
Fulvestrant,Vitamin A,APPROVED_DRUGBANK,0.658
Fulvestrant,Vitamin_A,GRAS_IIG,0.658
Rilpivirine,Dexketoprofen,APPROVED_DRUGBANK,0.648
Rilpivirine,Ketoprofen,APPROVED_DRUGBANK,0.648
Regorafenib,Indomethacin,APPROVED_DRUGBANK,0.646
Fulvestrant,ANETHOLE,GRAS_IIG,0.642
Regorafenib,Taurocholic_acid,GRAS_IIG,0.642
Fulvestrant,Thiodipropionic_acid,GRAS_IIG,0.64
Atovaquone,Propranolol,APPROVED_DRUGBANK,0.638
Etravirine,Budesonide,APPROVED_DRUGBANK,0.638
Atovaquone,Desipramine,APPROVED_DRUGBANK,0.636
Nelfinavir,Memantine,APPROVED_DRUGBANK,0.636
Econazole,Omeprazole,APPROVED_DRUGBANK,0.632
Regorafenib,SODIUM_DESOXYCHOLATE,GRAS_IIG,0.63
Clofazimine,Mebendazole,APPROVED_DRUGBANK,0.628
Econazole,Methotrexate,APPROVED_DRUGBANK,0.626
Everolimus,Vitamin_A_palmitate,GRAS_IIG,0.626
Nelfinavir,Metoprolol,APPROVED_DRUGBANK,0.626
Temsirolimus,Vitamin_A_palmitate,GRAS_IIG,0.626
Etravirine,Carbamazepine,APPROVED_DRUGBANK,0.622
Etravirine,Carotene_(beta-carotene),GRAS_IIG,0.62
Levonordefrin,Indomethacin,APPROVED_DRUGBANK,0.616
Lumefantrine,ANETHOLE,GRAS_IIG,0.612
Atovaquone,BENZOYL_PEROXIDE,GRAS_IIG,0.606
Atovaquone,Benzoyl peroxide,APPROVED_DRUGBANK,0.606
Probucol,Indomethacin,APPROVED_DRUGBANK,0.606
Econazole,LEVOMENTHOL,GRAS_IIG,0.604
Econazole,"MENTHOL,_UNSPECIFIED_FORM",GRAS_IIG,0.604
Econazole,Menthol,APPROVED_DRUGBANK,0.604
Ammonium lactate,Indomethacin,APPROVED_DRUGBANK,0.596
Etoricoxib,Indomethacin,APPROVED_DRUGBANK,0.594
Ammonia N-13,Indomethacin,APPROVED_DRUGBANK,0.592
Celecoxib,Indomethacin,APPROVED_DRUGBANK,0.59
Ferric pyrophosphate,Indomethacin,APPROVED_DRUGBANK,0.59
Aluminum hydroxide,Indomethacin,APPROVED_DRUGBANK,0.588
Fenofibrate,Indomethacin,APPROVED_DRUGBANK,0.588
Iron,Indomethacin,APPROVED_DRUGBANK,0.588
Lithium,Indomethacin,APPROVED_DRUGBANK,0.588
Manganese,Indomethacin,APPROVED_DRUGBANK,0.588
Prochlorperazine,Glycocholic_acid,GRAS_IIG,0.588
Sodium acetate,Indomethacin,APPROVED_DRUGBANK,0.588
Sodium fluoride,Indomethacin,APPROVED_DRUGBANK,0.588
Technetium Tc-99m sestamibi,Indomethacin,APPROVED_DRUGBANK,0.588
Zinc,Indomethacin,APPROVED_DRUGBANK,0.588
Copper,Indomethacin,APPROVED_DRUGBANK,0.586
Dipotassium phosphate,Indomethacin,APPROVED_DRUGBANK,0.586
Disodium phosphate,Indomethacin,APPROVED_DRUGBANK,0.586
Equilin,Vitamin_A_palmitate,GRAS_IIG,0.586
Nelfinavir,Esmolol,APPROVED_DRUGBANK,0.586
Potassium Iodide,Indomethacin,APPROVED_DRUGBANK,0.586
Prussian blue,Indomethacin,APPROVED_DRUGBANK,0.586
Sorafenib,Glycerin_and_Glycerides,GRAS_IIG,0.586
Xenon-133,Indomethacin,APPROVED_DRUGBANK,0.586
Clomipramine,Glycocholic_acid,GRAS_IIG,0.584
Helium,Indomethacin,APPROVED_DRUGBANK,0.584
Sodium Iodide I-131,Indomethacin,APPROVED_DRUGBANK,0.584
Technetium Tc 99m Oxidronate,Indomethacin,APPROVED_DRUGBANK,0.584
Technetium Tc-99m sodium pertechnetate,Indomethacin,APPROVED_DRUGBANK,0.584
Vismodegib,Indomethacin,APPROVED_DRUGBANK,0.584
Aluminium,Indomethacin,APPROVED_DRUGBANK,0.582
Docosanol,Indomethacin,APPROVED_DRUGBANK,0.582
Estrone,Vitamin_A_palmitate,GRAS_IIG,0.582
Gallium nitrate,Indomethacin,APPROVED_DRUGBANK,0.582
Lindane,Indomethacin,APPROVED_DRUGBANK,0.582
Monopotassium phosphate,Indomethacin,APPROVED_DRUGBANK,0.582
Potassium Chloride,Indomethacin,APPROVED_DRUGBANK,0.582
Regorafenib,Cholic Acid,APPROVED_DRUGBANK,0.582
Regorafenib,Cholic_acid,GRAS_IIG,0.582
Sodium Chloride,Indomethacin,APPROVED_DRUGBANK,0.582
Sodium Nitrite,Indomethacin,APPROVED_DRUGBANK,0.582
Thallous Chloride,Indomethacin,APPROVED_DRUGBANK,0.582
Nelfinavir,Alendronic acid,APPROVED_DRUGBANK,0.58
Choline C 11,Indomethacin,APPROVED_DRUGBANK,0.578
Chromic chloride,Indomethacin,APPROVED_DRUGBANK,0.578
Magnesium hydroxide,Indomethacin,APPROVED_DRUGBANK,0.578
Potassium alum,Indomethacin,APPROVED_DRUGBANK,0.578
Sodium sulfate,Indomethacin,APPROVED_DRUGBANK,0.578
Zinc sulfate,Indomethacin,APPROVED_DRUGBANK,0.578
Calcium Acetate,Indomethacin,APPROVED_DRUGBANK,0.576
Lanthanum carbonate,Indomethacin,APPROVED_DRUGBANK,0.576
Magnesium Trisilicate,Indomethacin,APPROVED_DRUGBANK,0.576
Nelfinavir,Imipramine,APPROVED_DRUGBANK,0.576
Calcium carbimide,Indomethacin,APPROVED_DRUGBANK,0.574
Fenoprofen,Indomethacin,APPROVED_DRUGBANK,0.574
Rimonabant,Indomethacin,APPROVED_DRUGBANK,0.574
Drostanolone,Vitamin_A_palmitate,GRAS_IIG,0.572
Calcium Chloride,Indomethacin,APPROVED_DRUGBANK,0.57
Droxidopa,Indomethacin,APPROVED_DRUGBANK,0.57
Tioconazole,Budesonide,APPROVED_DRUGBANK,0.57
Tolnaftate,Indomethacin,APPROVED_DRUGBANK,0.57
Calcium carbonate,Indomethacin,APPROVED_DRUGBANK,0.568
Ibutilide,Indomethacin,APPROVED_DRUGBANK,0.568
Magnesium Sulfate,Indomethacin,APPROVED_DRUGBANK,0.568
Paricalcitol,Vitamin_A_palmitate,GRAS_IIG,0.568
Sodium bicarbonate,Indomethacin,APPROVED_DRUGBANK,0.566
Disulfiram,Indomethacin,APPROVED_DRUGBANK,0.564
Bentoquatam,Indomethacin,APPROVED_DRUGBANK,0.562
Docosanol,Vitamin_A_palmitate,GRAS_IIG,0.562
Ferric Citrate,Indomethacin,APPROVED_DRUGBANK,0.562
Potassium Citrate,Indomethacin,APPROVED_DRUGBANK,0.562
Sodium Citrate,Indomethacin,APPROVED_DRUGBANK,0.562
Sodium aurothiomalate,Indomethacin,APPROVED_DRUGBANK,0.562
Carprofen,Indomethacin,APPROVED_DRUGBANK,0.56
Gentian Violet,Indomethacin,APPROVED_DRUGBANK,0.56
Nelfinavir,Atenolol,APPROVED_DRUGBANK,0.56
Trisodium citrate dihydrate,Indomethacin,APPROVED_DRUGBANK,0.56
Dienestrol,Indomethacin,APPROVED_DRUGBANK,0.558
Diethylstilbestrol,Vitamin_A_palmitate,GRAS_IIG,0.558
Lindane,Vitamin_A_palmitate,GRAS_IIG,0.558
Nelfinavir,Hydroflumethiazide,APPROVED_DRUGBANK,0.558
Regorafenib,Tannic_acid_(hydrolyzable_gallotannins),GRAS_IIG,0.556
Technetium Tc-99m tetrofosmin,Indomethacin,APPROVED_DRUGBANK,0.556
Carbachol,Indomethacin,APPROVED_DRUGBANK,0.554
Chlorhexidine,Indomethacin,APPROVED_DRUGBANK,0.554
Lodoxamide,Indomethacin,APPROVED_DRUGBANK,0.554
Miconazole,Budesonide,APPROVED_DRUGBANK,0.554
Nelfinavir,Paliperidone,APPROVED_DRUGBANK,0.554
Propofol,Indomethacin,APPROVED_DRUGBANK,0.554
Regorafenib,Deoxycholic Acid,APPROVED_DRUGBANK,0.554
Regorafenib,Desoxycholic_acid,GRAS_IIG,0.554
Silver sulfadiazine,Indomethacin,APPROVED_DRUGBANK,0.554
Ecamsule,Vitamin_A_palmitate,GRAS_IIG,0.552
Efavirenz,Vitamin_A_palmitate,GRAS_IIG,0.552
Prochlorperazine,Tannic_acid_(hydrolyzable_gallotannins),GRAS_IIG,0.552
Propofol,Vitamin_A_palmitate,GRAS_IIG,0.552
Sibutramine,Indomethacin,APPROVED_DRUGBANK,0.552
Technetium Tc-99m Medronate,Indomethacin,APPROVED_DRUGBANK,0.552
Calcium carbimide,Vitamin_A_palmitate,GRAS_IIG,0.55
Isoconazole,Budesonide,APPROVED_DRUGBANK,0.55
Cetrimonium,Indomethacin,APPROVED_DRUGBANK,0.548
Choline C 11,Vitamin_A_palmitate,GRAS_IIG,0.548
Econazole,Metoprolol,APPROVED_DRUGBANK,0.548
Levallorphan,Vitamin_A_palmitate,GRAS_IIG,0.548
Nelfinavir,Eslicarbazepine acetate,APPROVED_DRUGBANK,0.548
Nelfinavir,Meloxicam,APPROVED_DRUGBANK,0.548
Aluminum hydroxide,Vitamin_A_palmitate,GRAS_IIG,0.546
Ammonia N-13,Vitamin_A_palmitate,GRAS_IIG,0.546
Chlorothiazide,Indomethacin,APPROVED_DRUGBANK,0.546
Flutemetamol (18F),Indomethacin,APPROVED_DRUGBANK,0.546
Helium,Vitamin_A_palmitate,GRAS_IIG,0.546
Iron,Vitamin_A_palmitate,GRAS_IIG,0.546
Lithium,Vitamin_A_palmitate,GRAS_IIG,0.546
Manganese,Vitamin_A_palmitate,GRAS_IIG,0.546
Mitotane,Indomethacin,APPROVED_DRUGBANK,0.546
Perhexiline,Vitamin_A_palmitate,GRAS_IIG,0.546
Sodium Iodide I-131,Vitamin_A_palmitate,GRAS_IIG,0.546
Sodium Nitrite,Vitamin_A_palmitate,GRAS_IIG,0.546
Sodium fluoride,Vitamin_A_palmitate,GRAS_IIG,0.546
Technetium Tc-99m sodium pertechnetate,Vitamin_A_palmitate,GRAS_IIG,0.546
Zinc,Vitamin_A_palmitate,GRAS_IIG,0.546
Zolpidem,Indomethacin,APPROVED_DRUGBANK,0.546
Amodiaquine,Indomethacin,APPROVED_DRUGBANK,0.544
Copper,Vitamin_A_palmitate,GRAS_IIG,0.544
Calcium Chloride,Vitamin_A_palmitate,GRAS_IIG,0.542
Gadoversetamide,Indomethacin,APPROVED_DRUGBANK,0.542
Nabilone,Vitamin_A_palmitate,GRAS_IIG,0.542
Nelfinavir,L-Ornithine,APPROVED_DRUGBANK,0.542
Potassium Chloride,Vitamin_A_palmitate,GRAS_IIG,0.542
Potassium alum,Vitamin_A_palmitate,GRAS_IIG,0.542
Sodium Chloride,Vitamin_A_palmitate,GRAS_IIG,0.542
Sodium sulfate,Vitamin_A_palmitate,GRAS_IIG,0.542
Testosterone,Vitamin_A_palmitate,GRAS_IIG,0.542
Zinc sulfate,Vitamin_A_palmitate,GRAS_IIG,0.542
Aluminium,Vitamin_A_palmitate,GRAS_IIG,0.54
Gallium nitrate,Vitamin_A_palmitate,GRAS_IIG,0.54
Mesna,Indomethacin,APPROVED_DRUGBANK,0.54
Mifepristone,Vitamin_A_palmitate,GRAS_IIG,0.54
Nelfinavir,Candesartan,APPROVED_DRUGBANK,0.54
Xenon-133,Vitamin_A_palmitate,GRAS_IIG,0.54
Cetrimonium,Vitamin_A_palmitate,GRAS_IIG,0.538
Iohexol,Indomethacin,APPROVED_DRUGBANK,0.538
Magnesium hydroxide,Vitamin_A_palmitate,GRAS_IIG,0.538
Masoprocol,Indomethacin,APPROVED_DRUGBANK,0.538
Thallous Chloride,Vitamin_A_palmitate,GRAS_IIG,0.538
Aluminium monostearate,Indomethacin,APPROVED_DRUGBANK,0.536
Bromhexine,Indomethacin,APPROVED_DRUGBANK,0.536
Carbamazepine,Indomethacin,APPROVED_DRUGBANK,0.536
Dihomo-gamma-linolenic acid,Indomethacin,APPROVED_DRUGBANK,0.536
Etonogestrel,Vitamin_A_palmitate,GRAS_IIG,0.536
Lumefantrine,Taurocholic_acid,GRAS_IIG,0.536
Mefloquine,Indomethacin,APPROVED_DRUGBANK,0.536
Polaprezinc,Indomethacin,APPROVED_DRUGBANK,0.536
Prussian blue,Vitamin_A_palmitate,GRAS_IIG,0.536
Sapropterin,Indomethacin,APPROVED_DRUGBANK,0.536
Tizanidine,Indomethacin,APPROVED_DRUGBANK,0.536
Amiloride,Indomethacin,APPROVED_DRUGBANK,0.534
Bupranolol,Indomethacin,APPROVED_DRUGBANK,0.534
Calcium carbonate,Vitamin_A_palmitate,GRAS_IIG,0.534
Diatrizoate,Indomethacin,APPROVED_DRUGBANK,0.534
Dipotassium phosphate,Vitamin_A_palmitate,GRAS_IIG,0.534
Disodium phosphate,Vitamin_A_palmitate,GRAS_IIG,0.534
Hexafluronium,Vitamin_A_palmitate,GRAS_IIG,0.534
Kappadione,Indomethacin,APPROVED_DRUGBANK,0.534
Lumefantrine,Deoxycholic Acid,APPROVED_DRUGBANK,0.534
Lumefantrine,Desoxycholic_acid,GRAS_IIG,0.534
Magnesium Sulfate,Vitamin_A_palmitate,GRAS_IIG,0.534
Mangafodipir,Indomethacin,APPROVED_DRUGBANK,0.534
Nelfinavir,Tenoxicam,APPROVED_DRUGBANK,0.534
Nelfinavir,Voriconazole,APPROVED_DRUGBANK,0.534
Potassium Iodide,Vitamin_A_palmitate,GRAS_IIG,0.534
Technetium Tc 99m Mebrofenin,Indomethacin,APPROVED_DRUGBANK,0.534
Acetrizoic acid,Indomethacin,APPROVED_DRUGBANK,0.532
Desogestrel,Vitamin_A_palmitate,GRAS_IIG,0.532
Diethylstilbestrol,Indomethacin,APPROVED_DRUGBANK,0.532
Dihydrotachysterol,Vitamin_A_palmitate,GRAS_IIG,0.532
Etacrynic acid,Indomethacin,APPROVED_DRUGBANK,0.532
Icosapent,Indomethacin,APPROVED_DRUGBANK,0.532
Iodixanol,Indomethacin,APPROVED_DRUGBANK,0.532
Ioxilan,Indomethacin,APPROVED_DRUGBANK,0.532
Oleic Acid,Indomethacin,APPROVED_DRUGBANK,0.532
Polidocanol,Indomethacin,APPROVED_DRUGBANK,0.532
Calcium Gluceptate,Indomethacin,APPROVED_DRUGBANK,0.53
Cholic Acid,Vitamin_A_palmitate,GRAS_IIG,0.53
Chromic chloride,Vitamin_A_palmitate,GRAS_IIG,0.53
Ferric Citrate,Vitamin_A_palmitate,GRAS_IIG,0.53
Monopotassium phosphate,Vitamin_A_palmitate,GRAS_IIG,0.53
Nelfinavir,Lisinopril,APPROVED_DRUGBANK,0.53
Pamidronate,Indomethacin,APPROVED_DRUGBANK,0.53
Potassium Citrate,Vitamin_A_palmitate,GRAS_IIG,0.53
Sodium Citrate,Vitamin_A_palmitate,GRAS_IIG,0.53
Technetium Tc 99m Oxidronate,Vitamin_A_palmitate,GRAS_IIG,0.53
Trisodium citrate dihydrate,Vitamin_A_palmitate,GRAS_IIG,0.53
Cannabidiol,Vitamin_A_palmitate,GRAS_IIG,0.528
Haloprogin,Indomethacin,APPROVED_DRUGBANK,0.528
Iopamidol,Indomethacin,APPROVED_DRUGBANK,0.528
Oxymetholone,Vitamin_A_palmitate,GRAS_IIG,0.528
Sertaconazole,Budesonide,APPROVED_DRUGBANK,0.528
Triclosan,Indomethacin,APPROVED_DRUGBANK,0.528
Benzphetamine,Indomethacin,APPROVED_DRUGBANK,0.526
Fenoldopam,Vitamin_A_palmitate,GRAS_IIG,0.526
Florbetaben (18F),Indomethacin,APPROVED_DRUGBANK,0.526
Florbetapir (18F),Indomethacin,APPROVED_DRUGBANK,0.526
Nelfinavir,Betaxolol,APPROVED_DRUGBANK,0.526
Nelfinavir,Levobetaxolol,APPROVED_DRUGBANK,0.526
Rimexolone,Vitamin_A_palmitate,GRAS_IIG,0.526
Sodium acetate,Vitamin_A_palmitate,GRAS_IIG,0.526
Vitamin A,Vitamin_A_palmitate,GRAS_IIG,0.526
Zotepine,Indomethacin,APPROVED_DRUGBANK,0.526
Amfecloral,Indomethacin,APPROVED_DRUGBANK,0.524
Calcium Acetate,Vitamin_A_palmitate,GRAS_IIG,0.524
Deoxycholic Acid,Vitamin_A_palmitate,GRAS_IIG,0.524
Dipyridamole,Indomethacin,APPROVED_DRUGBANK,0.524
Levonordefrin,Vitamin_A_palmitate,GRAS_IIG,0.524
Nebivolol,Vitamin_A_palmitate,GRAS_IIG,0.524
Nelfinavir,Cyclothiazide,APPROVED_DRUGBANK,0.524
Phenoxybenzamine,Indomethacin,APPROVED_DRUGBANK,0.524
Sibutramine,Vitamin_A_palmitate,GRAS_IIG,0.524
Trichlormethiazide,Indomethacin,APPROVED_DRUGBANK,0.524
Bupivacaine,Vitamin_A_palmitate,GRAS_IIG,0.522
Dienestrol,Vitamin_A_palmitate,GRAS_IIG,0.522
Diiodohydroxyquinoline,Indomethacin,APPROVED_DRUGBANK,0.522
Lanthanum carbonate,Vitamin_A_palmitate,GRAS_IIG,0.522
Levobupivacaine,Vitamin_A_palmitate,GRAS_IIG,0.522
Quinagolide,Vitamin_A_palmitate,GRAS_IIG,0.522
Avobenzone,Indomethacin,APPROVED_DRUGBANK,0.52
Dienogest,Vitamin_A_palmitate,GRAS_IIG,0.52
Histamine Phosphate,Indomethacin,APPROVED_DRUGBANK,0.52
Sertraline,Vitamin_A_palmitate,GRAS_IIG,0.52
Tioconazole,Mebendazole,APPROVED_DRUGBANK,0.52
Trioxsalen,Indomethacin,APPROVED_DRUGBANK,0.52
Trypan blue,Indomethacin,APPROVED_DRUGBANK,0.52
Alpha-Linolenic Acid,Indomethacin,APPROVED_DRUGBANK,0.518
Bexarotene,Indomethacin,APPROVED_DRUGBANK,0.518
Doxercalciferol,Vitamin_A_palmitate,GRAS_IIG,0.518
Ecabet,Indomethacin,APPROVED_DRUGBANK,0.518
Ecabet,Vitamin_A_palmitate,GRAS_IIG,0.518
Ergocalciferol,Vitamin_A_palmitate,GRAS_IIG,0.518
Ethanolamine Oleate,Indomethacin,APPROVED_DRUGBANK,0.518
Nelfinavir,Clomipramine,APPROVED_DRUGBANK,0.518
Tioconazole,Tenofovir alafenamide,APPROVED_DRUGBANK,0.518
Ammonium lactate,Vitamin_A_palmitate,GRAS_IIG,0.516
Chloropyramine,Indomethacin,APPROVED_DRUGBANK,0.516
Dasabuvir,Indomethacin,APPROVED_DRUGBANK,0.516
Dextropropoxyphene,Indomethacin,APPROVED_DRUGBANK,0.516
Dextrothyroxine,Indomethacin,APPROVED_DRUGBANK,0.516
Levopropoxyphene,Indomethacin,APPROVED_DRUGBANK,0.516
Levothyroxine,Indomethacin,APPROVED_DRUGBANK,0.516
Liotrix,Indomethacin,APPROVED_DRUGBANK,0.516
Magnesium salicylate,Indomethacin,APPROVED_DRUGBANK,0.516
Probucol,Vitamin_A_palmitate,GRAS_IIG,0.516
Sodium bicarbonate,Vitamin_A_palmitate,GRAS_IIG,0.516
Atovaquone,Paliperidone,APPROVED_DRUGBANK,0.514
Bendamustine,Indomethacin,APPROVED_DRUGBANK,0.514
Diazepam,Indomethacin,APPROVED_DRUGBANK,0.514
Fluorometholone,Vitamin_A_palmitate,GRAS_IIG,0.514
Gadoteridol,Indomethacin,APPROVED_DRUGBANK,0.514
Methyltestosterone,Vitamin_A_palmitate,GRAS_IIG,0.514
Sapropterin,Vitamin_A_palmitate,GRAS_IIG,0.514
Alendronic acid,Indomethacin,APPROVED_DRUGBANK,0.512
Ambenonium,Indomethacin,APPROVED_DRUGBANK,0.512
Dipyridamole,Vitamin_A_palmitate,GRAS_IIG,0.512
Ezogabine,Indomethacin,APPROVED_DRUGBANK,0.512
Fludiazepam,Indomethacin,APPROVED_DRUGBANK,0.512
Mesna,Vitamin_A_palmitate,GRAS_IIG,0.512
Miconazole,Mebendazole,APPROVED_DRUGBANK,0.512
Nonoxynol-9,Indomethacin,APPROVED_DRUGBANK,0.512
Sodium Tetradecyl Sulfate,Indomethacin,APPROVED_DRUGBANK,0.512
Adefovir Dipivoxil,Indomethacin,APPROVED_DRUGBANK,0.51
Diphemanil Methylsulfate,Indomethacin,APPROVED_DRUGBANK,0.51
Disulfiram,Vitamin_A_palmitate,GRAS_IIG,0.51
Hexachlorophene,Indomethacin,APPROVED_DRUGBANK,0.51
Isoconazole,Mebendazole,APPROVED_DRUGBANK,0.51
Liothyronine,Indomethacin,APPROVED_DRUGBANK,0.51
Medrogestone,Vitamin_A_palmitate,GRAS_IIG,0.51
Rilpivirine,Deoxycholic Acid,APPROVED_DRUGBANK,0.51
Rilpivirine,Desoxycholic_acid,GRAS_IIG,0.51
Thimerosal,Indomethacin,APPROVED_DRUGBANK,0.51
Triamcinolone,Vitamin_A_palmitate,GRAS_IIG,0.51
Trisalicylate-choline,Indomethacin,APPROVED_DRUGBANK,0.51
Anisotropine Methylbromide,Vitamin_A_palmitate,GRAS_IIG,0.508
Azathioprine,Indomethacin,APPROVED_DRUGBANK,0.508
Aztreonam,Indomethacin,APPROVED_DRUGBANK,0.508
Carbidopa,Indomethacin,APPROVED_DRUGBANK,0.508
Cyproheptadine,Vitamin_A_palmitate,GRAS_IIG,0.508
Fenoterol,Vitamin_A_palmitate,GRAS_IIG,0.508
Nelfinavir,Lornoxicam,APPROVED_DRUGBANK,0.508
Polythiazide,Indomethacin,APPROVED_DRUGBANK,0.508
Alprazolam,Indomethacin,APPROVED_DRUGBANK,0.506
Chlorprothixene,Glycocholic_acid,GRAS_IIG,0.506
Clofedanol,Indomethacin,APPROVED_DRUGBANK,0.506
Levonorgestrel,Vitamin_A_palmitate,GRAS_IIG,0.506
Maprotiline,Vitamin_A_palmitate,GRAS_IIG,0.506
Midazolam,Indomethacin,APPROVED_DRUGBANK,0.506
Nelfinavir,Bisoprolol,APPROVED_DRUGBANK,0.506
Nelfinavir,Chlorothiazide,APPROVED_DRUGBANK,0.506
Alendronic acid,Vitamin_A_palmitate,GRAS_IIG,0.504
Aprindine,Indomethacin,APPROVED_DRUGBANK,0.504
Calcipotriol,Vitamin_A_palmitate,GRAS_IIG,0.504
Dydrogesterone,Vitamin_A_palmitate,GRAS_IIG,0.504
Etoricoxib,Vitamin_A_palmitate,GRAS_IIG,0.504
Hexachlorophene,Vitamin_A_palmitate,GRAS_IIG,0.504
Mefloquine,Vitamin_A_palmitate,GRAS_IIG,0.504
Miconazole,Tenofovir alafenamide,APPROVED_DRUGBANK,0.504
Rotigotine,Vitamin_A_palmitate,GRAS_IIG,0.504
Sertraline,Indomethacin,APPROVED_DRUGBANK,0.504
Sevelamer,Vitamin_A_palmitate,GRAS_IIG,0.504
Tamibarotene,Indomethacin,APPROVED_DRUGBANK,0.504
Tegafur-uracil,Vitamin_A_palmitate,GRAS_IIG,0.504
Bromhexine,Vitamin_A_palmitate,GRAS_IIG,0.502
Delorazepam,Indomethacin,APPROVED_DRUGBANK,0.502
Gadoxetic acid,Indomethacin,APPROVED_DRUGBANK,0.502
Glutathione,Indomethacin,APPROVED_DRUGBANK,0.502
Indecainide,Indomethacin,APPROVED_DRUGBANK,0.502
Sitaxentan,Indomethacin,APPROVED_DRUGBANK,0.502
Anisotropine Methylbromide,Indomethacin,APPROVED_DRUGBANK,0.5
Bepridil,Indomethacin,APPROVED_DRUGBANK,0.5
Conjugated Estrogens,Indomethacin,APPROVED_DRUGBANK,0.5
Icosapent,Vitamin_A_palmitate,GRAS_IIG,0.5
Metrizoic acid,Indomethacin,APPROVED_DRUGBANK,0.5
Nelfinavir,Methyclothiazide,APPROVED_DRUGBANK,0.5
Nelfinavir,Naproxen,APPROVED_DRUGBANK,0.5
Nelfinavir,Sotalol,APPROVED_DRUGBANK,0.5
Aprindine,Vitamin_A_palmitate,GRAS_IIG,0.498
Famotidine,Indomethacin,APPROVED_DRUGBANK,0.498
Fenoterol,Indomethacin,APPROVED_DRUGBANK,0.498
Halazepam,Indomethacin,APPROVED_DRUGBANK,0.498
Icosapent ethyl,Indomethacin,APPROVED_DRUGBANK,0.498
Iopamidol,Vitamin_A_palmitate,GRAS_IIG,0.498
Ioxaglic acid,Indomethacin,APPROVED_DRUGBANK,0.498
Isosulfan blue,Indomethacin,APPROVED_DRUGBANK,0.498
Levomethadyl Acetate,Indomethacin,APPROVED_DRUGBANK,0.498
Methadyl Acetate,Indomethacin,APPROVED_DRUGBANK,0.498
Technetium Tc-99m sestamibi,Vitamin_A_palmitate,GRAS_IIG,0.498
Tiagabine,Vitamin_A_palmitate,GRAS_IIG,0.498
Tioconazole,NEOTAME,GRAS_IIG,0.498
Ulipristal,Vitamin_A_palmitate,GRAS_IIG,0.498
Abiraterone,Vitamin_A_palmitate,GRAS_IIG,0.496
Anagrelide,Indomethacin,APPROVED_DRUGBANK,0.496
Bromodiphenhydramine,Indomethacin,APPROVED_DRUGBANK,0.496
Carboplatin,Vitamin_A_palmitate,GRAS_IIG,0.496
Carboprost Tromethamine,Vitamin_A_palmitate,GRAS_IIG,0.496
Ceftizoxime,Indomethacin,APPROVED_DRUGBANK,0.496
Dihomo-gamma-linolenic acid,Vitamin_A_palmitate,GRAS_IIG,0.496
Dydrogesterone,Indomethacin,APPROVED_DRUGBANK,0.496
Gentian Violet,Vitamin_A_palmitate,GRAS_IIG,0.496
Lorazepam,Indomethacin,APPROVED_DRUGBANK,0.496
Megestrol acetate,Indomethacin,APPROVED_DRUGBANK,0.496
Nelfinavir,Lisdexamfetamine,APPROVED_DRUGBANK,0.496
Nortriptyline,Vitamin_A_palmitate,GRAS_IIG,0.496
Quinestrol,Vitamin_A_palmitate,GRAS_IIG,0.496
Sertaconazole,Mebendazole,APPROVED_DRUGBANK,0.496
Sodium Tetradecyl Sulfate,Vitamin_A_palmitate,GRAS_IIG,0.496
Technetium Tc-99m Medronate,Vitamin_A_palmitate,GRAS_IIG,0.496
Alitretinoin,Vitamin_A_palmitate,GRAS_IIG,0.494
Aminophylline,Indomethacin,APPROVED_DRUGBANK,0.494
Drospirenone,Vitamin_A_palmitate,GRAS_IIG,0.494
Drotaverine,Indomethacin,APPROVED_DRUGBANK,0.494
Ferric pyrophosphate,Vitamin_A_palmitate,GRAS_IIG,0.494
Isotretinoin,Vitamin_A_palmitate,GRAS_IIG,0.494
Lactose,Indomethacin,APPROVED_DRUGBANK,0.494
Mitotane,Vitamin_A_palmitate,GRAS_IIG,0.494
Nelfinavir,Celecoxib,APPROVED_DRUGBANK,0.494
Nelfinavir,Trichlormethiazide,APPROVED_DRUGBANK,0.494
Phosphatidyl serine,Indomethacin,APPROVED_DRUGBANK,0.494
Sucroferric Oxyhydroxide,Indomethacin,APPROVED_DRUGBANK,0.494
Terbinafine,Indomethacin,APPROVED_DRUGBANK,0.494
Tretinoin,Vitamin_A_palmitate,GRAS_IIG,0.494
Voglibose,Vitamin_A_palmitate,GRAS_IIG,0.494
Alfacalcidol,Vitamin_A_palmitate,GRAS_IIG,0.492
Alpha-Linolenic Acid,Vitamin_A_palmitate,GRAS_IIG,0.492
Anagrelide,Vitamin_A_palmitate,GRAS_IIG,0.492
Cholecalciferol,Vitamin_A_palmitate,GRAS_IIG,0.492
Dronabinol,Vitamin_A_palmitate,GRAS_IIG,0.492
Ezetimibe,Vitamin_A_palmitate,GRAS_IIG,0.492
Hexoprenaline,Vitamin_A_palmitate,GRAS_IIG,0.492
Medrysone,Vitamin_A_palmitate,GRAS_IIG,0.492
Protriptyline,Indomethacin,APPROVED_DRUGBANK,0.492
Rilpivirine,Candesartan,APPROVED_DRUGBANK,0.492
Sodium lauryl sulfate,Indomethacin,APPROVED_DRUGBANK,0.492
Technetium Tc-99m tetrofosmin,Vitamin_A_palmitate,GRAS_IIG,0.492
Calcium Gluceptate,Vitamin_A_palmitate,GRAS_IIG,0.49
Exemestane,Indomethacin,APPROVED_DRUGBANK,0.49
Hexafluronium,Indomethacin,APPROVED_DRUGBANK,0.49
Ioversol,Indomethacin,APPROVED_DRUGBANK,0.49
Isoconazole,Tenofovir alafenamide,APPROVED_DRUGBANK,0.49
Lovastatin,Vitamin_A_palmitate,GRAS_IIG,0.49
Masoprocol,Vitamin_A_palmitate,GRAS_IIG,0.49
Norelgestromin,Vitamin_A_palmitate,GRAS_IIG,0.49
Oleic Acid,Vitamin_A_palmitate,GRAS_IIG,0.49
Pamidronate,Vitamin_A_palmitate,GRAS_IIG,0.49
Paroxetine,Vitamin_A_palmitate,GRAS_IIG,0.49
Protriptyline,Vitamin_A_palmitate,GRAS_IIG,0.49
Triazolam,Indomethacin,APPROVED_DRUGBANK,0.49
Almitrine,Vitamin_A_palmitate,GRAS_IIG,0.488
Bentoquatam,Vitamin_A_palmitate,GRAS_IIG,0.488
Bifonazole,Indomethacin,APPROVED_DRUGBANK,0.488
Brompheniramine,Indomethacin,APPROVED_DRUGBANK,0.488
Calcidiol,Vitamin_A_palmitate,GRAS_IIG,0.488
Dexbrompheniramine,Indomethacin,APPROVED_DRUGBANK,0.488
Iodipamide,Indomethacin,APPROVED_DRUGBANK,0.488
Iopanoic acid,Indomethacin,APPROVED_DRUGBANK,0.488
Iopromide,Indomethacin,APPROVED_DRUGBANK,0.488
Isoconazole,NEOTAME,GRAS_IIG,0.488
Lactose,Vitamin_A_palmitate,GRAS_IIG,0.488
Miltefosine,Indomethacin,APPROVED_DRUGBANK,0.488
Paricalcitol,Indomethacin,APPROVED_DRUGBANK,0.488
Sodium aurothiomalate,Vitamin_A_palmitate,GRAS_IIG,0.488
Tazarotene,Indomethacin,APPROVED_DRUGBANK,0.488
Alitretinoin,Indomethacin,APPROVED_DRUGBANK,0.486
Aluminium monostearate,Vitamin_A_palmitate,GRAS_IIG,0.486
Amitriptyline,Vitamin_A_palmitate,GRAS_IIG,0.486
Bisoxatin,Vitamin_A_palmitate,GRAS_IIG,0.486
Cinacalcet,Indomethacin,APPROVED_DRUGBANK,0.486
Ergocalciferol,Indomethacin,APPROVED_DRUGBANK,0.486
Estrone,Glycocholic_acid,GRAS_IIG,0.486
Estrone,Indomethacin,APPROVED_DRUGBANK,0.486
Exemestane,Vitamin_A_palmitate,GRAS_IIG,0.486
Fulvestrant,Candesartan,APPROVED_DRUGBANK,0.486
Gadoteridol,Vitamin_A_palmitate,GRAS_IIG,0.486
Ibutilide,Vitamin_A_palmitate,GRAS_IIG,0.486
Isotretinoin,Indomethacin,APPROVED_DRUGBANK,0.486
Lumefantrine,Candesartan,APPROVED_DRUGBANK,0.486
Megestrol acetate,Vitamin_A_palmitate,GRAS_IIG,0.486
Miconazole,NEOTAME,GRAS_IIG,0.486
Nelfinavir,Metolazone,APPROVED_DRUGBANK,0.486
Nelfinavir,Practolol,APPROVED_DRUGBANK,0.486
Niclosamide,Indomethacin,APPROVED_DRUGBANK,0.486
Sodium lauryl sulfate,Vitamin_A_palmitate,GRAS_IIG,0.486
Tolterodine,Indomethacin,APPROVED_DRUGBANK,0.486
Tretinoin,Indomethacin,APPROVED_DRUGBANK,0.486
Amfecloral,Vitamin_A_palmitate,GRAS_IIG,0.484
Bazedoxifene,Indomethacin,APPROVED_DRUGBANK,0.484
Clozapine,Indomethacin,APPROVED_DRUGBANK,0.484
Eltrombopag,Indomethacin,APPROVED_DRUGBANK,0.484
Fluorescein,Vitamin_A_palmitate,GRAS_IIG,0.484
Gadopentetate dimeglumine,Indomethacin,APPROVED_DRUGBANK,0.484
Gadoteric acid,Indomethacin,APPROVED_DRUGBANK,0.484
Gadoteric acid,Vitamin_A_palmitate,GRAS_IIG,0.484
Hexoprenaline,Indomethacin,APPROVED_DRUGBANK,0.484
Pyrvinium,Indomethacin,APPROVED_DRUGBANK,0.484
Vitamin E,Vitamin_A_palmitate,GRAS_IIG,0.484
Acetrizoic acid,Vitamin_A_palmitate,GRAS_IIG,0.482
Alfacalcidol,Indomethacin,APPROVED_DRUGBANK,0.482
Allylestrenol,Vitamin_A_palmitate,GRAS_IIG,0.482
Calcitriol,Vitamin_A_palmitate,GRAS_IIG,0.482
Clotrimazole,Indomethacin,APPROVED_DRUGBANK,0.482
Conjugated Estrogens,Vitamin_A_palmitate,GRAS_IIG,0.482
Dobutamine,Indomethacin,APPROVED_DRUGBANK,0.482
Felodipine,Indomethacin,APPROVED_DRUGBANK,0.482
Histamine Phosphate,Vitamin_A_palmitate,GRAS_IIG,0.482
Iloprost,Vitamin_A_palmitate,GRAS_IIG,0.482
Iodixanol,Vitamin_A_palmitate,GRAS_IIG,0.482
Luliconazole,Indomethacin,APPROVED_DRUGBANK,0.482
Magnesium Trisilicate,Vitamin_A_palmitate,GRAS_IIG,0.482
Methylnaltrexone,Vitamin_A_palmitate,GRAS_IIG,0.482
Nelfinavir,Atazanavir,APPROVED_DRUGBANK,0.482
Nelfinavir,Gliclazide,APPROVED_DRUGBANK,0.482
Nelfinavir,Pralatrexate,APPROVED_DRUGBANK,0.482
Nelfinavir,Tenofovir,APPROVED_DRUGBANK,0.482
Olanzapine,Vitamin_A_palmitate,GRAS_IIG,0.482
Perhexiline,Indomethacin,APPROVED_DRUGBANK,0.482
Vemurafenib,Indomethacin,APPROVED_DRUGBANK,0.482
Chlorprothixene,Indomethacin,APPROVED_DRUGBANK,0.48
Clopidogrel,Indomethacin,APPROVED_DRUGBANK,0.48
Desloratadine,Indomethacin,APPROVED_DRUGBANK,0.48
Desloratadine,Vitamin_A_palmitate,GRAS_IIG,0.48
Dihydrotachysterol,Indomethacin,APPROVED_DRUGBANK,0.48
Diiodohydroxyquinoline,Vitamin_A_palmitate,GRAS_IIG,0.48
Doxercalciferol,Indomethacin,APPROVED_DRUGBANK,0.48
Droxidopa,Vitamin_A_palmitate,GRAS_IIG,0.48
Iophendylate,Indomethacin,APPROVED_DRUGBANK,0.48
Nelfinavir,Hydracarbazine,APPROVED_DRUGBANK,0.48
Nelfinavir,PROPYLENE_GLYCOL_DIACETATE,GRAS_IIG,0.48
Olanzapine,Indomethacin,APPROVED_DRUGBANK,0.48
Phenylbutazone,Indomethacin,APPROVED_DRUGBANK,0.48
Simvastatin,Vitamin_A_palmitate,GRAS_IIG,0.48
Sorafenib,Candesartan,APPROVED_DRUGBANK,0.48
Sucroferric Oxyhydroxide,Vitamin_A_palmitate,GRAS_IIG,0.48
Vitamin A,Indomethacin,APPROVED_DRUGBANK,0.48
Alverine,Indomethacin,APPROVED_DRUGBANK,0.478
Atazanavir,Indomethacin,APPROVED_DRUGBANK,0.478
Carboplatin,Indomethacin,APPROVED_DRUGBANK,0.478
Clomifene,Indomethacin,APPROVED_DRUGBANK,0.478
Cyproterone acetate,Vitamin_A_palmitate,GRAS_IIG,0.478
Demexiptiline,Indomethacin,APPROVED_DRUGBANK,0.478
Fludiazepam,Vitamin_A_palmitate,GRAS_IIG,0.478
Fluoxetine,Indomethacin,APPROVED_DRUGBANK,0.478
Indacaterol,Indomethacin,APPROVED_DRUGBANK,0.478
Iohexol,Vitamin_A_palmitate,GRAS_IIG,0.478
Lorpiprazole,Vitamin_A_palmitate,GRAS_IIG,0.478
Magnesium salicylate,Vitamin_A_palmitate,GRAS_IIG,0.478
Nelfinavir,AMARANTH,GRAS_IIG,0.478
Phenylbutazone,Vitamin_A_palmitate,GRAS_IIG,0.478
Polidocanol,Vitamin_A_palmitate,GRAS_IIG,0.478
Prednicarbate,Indomethacin,APPROVED_DRUGBANK,0.478
Probucol,Candesartan,APPROVED_DRUGBANK,0.478
Stanozolol,Vitamin_A_palmitate,GRAS_IIG,0.478
Sulfinpyrazone,Vitamin_A_palmitate,GRAS_IIG,0.478
Cabergoline,Vitamin_A_palmitate,GRAS_IIG,0.476
Calcitriol,Indomethacin,APPROVED_DRUGBANK,0.476
Fenoldopam,Indomethacin,APPROVED_DRUGBANK,0.476
Gallamine Triethiodide,Indomethacin,APPROVED_DRUGBANK,0.476
Iopodic acid,Indomethacin,APPROVED_DRUGBANK,0.476
Lornoxicam,Indomethacin,APPROVED_DRUGBANK,0.476
Nelfinavir,Indecainide,APPROVED_DRUGBANK,0.476
Progabide,Indomethacin,APPROVED_DRUGBANK,0.476
Riboflavin,Indomethacin,APPROVED_DRUGBANK,0.476
Rimexolone,Indomethacin,APPROVED_DRUGBANK,0.476
Sertaconazole,Tenofovir alafenamide,APPROVED_DRUGBANK,0.476
Sevelamer,Indomethacin,APPROVED_DRUGBANK,0.476
Suramin,Indomethacin,APPROVED_DRUGBANK,0.476
Tioconazole,Omeprazole,APPROVED_DRUGBANK,0.476
Tizanidine,Vitamin_A_palmitate,GRAS_IIG,0.476
Trioxsalen,Vitamin_A_palmitate,GRAS_IIG,0.476
Triprolidine,Vitamin_A_palmitate,GRAS_IIG,0.476
Adapalene,Indomethacin,APPROVED_DRUGBANK,0.474
Dimetindene,Indomethacin,APPROVED_DRUGBANK,0.474
Isavuconazonium,Indomethacin,APPROVED_DRUGBANK,0.474
Methyl cellulose,Indomethacin,APPROVED_DRUGBANK,0.474
Sibutramine,Candesartan,APPROVED_DRUGBANK,0.474
Zolpidem,Vitamin_A_palmitate,GRAS_IIG,0.474
Amiloride,Vitamin_A_palmitate,GRAS_IIG,0.472
Amsacrine,Indomethacin,APPROVED_DRUGBANK,0.472
Butenafine,Indomethacin,APPROVED_DRUGBANK,0.472
Cholecalciferol,Indomethacin,APPROVED_DRUGBANK,0.472
Clevidipine,Indomethacin,APPROVED_DRUGBANK,0.472
Clofedanol,Glycocholic_acid,GRAS_IIG,0.472
Cyclobenzaprine,Indomethacin,APPROVED_DRUGBANK,0.472
Diatrizoate,Vitamin_A_palmitate,GRAS_IIG,0.472
Equilin,Indomethacin,APPROVED_DRUGBANK,0.472
Ethanolamine Oleate,Vitamin_A_palmitate,GRAS_IIG,0.472
Hexachlorophene,Glycocholic_acid,GRAS_IIG,0.472
Isoaminile,Indomethacin,APPROVED_DRUGBANK,0.472
Lumiracoxib,Indomethacin,APPROVED_DRUGBANK,0.472
Medroxyprogesterone acetate,Vitamin_A_palmitate,GRAS_IIG,0.472
Perampanel,Indomethacin,APPROVED_DRUGBANK,0.472
Quinestrol,Indomethacin,APPROVED_DRUGBANK,0.472
Raltitrexed,Indomethacin,APPROVED_DRUGBANK,0.472
Terbinafine,Vitamin_A_palmitate,GRAS_IIG,0.472
Trisalicylate-choline,Vitamin_A_palmitate,GRAS_IIG,0.472
Calcipotriol,Indomethacin,APPROVED_DRUGBANK,0.47
Calcium Chloride,Candesartan,APPROVED_DRUGBANK,0.47
Carprofen,Vitamin_A_palmitate,GRAS_IIG,0.47
Choline C 11,Candesartan,APPROVED_DRUGBANK,0.47
Clomipramine,Tannic_acid_(hydrolyzable_gallotannins),GRAS_IIG,0.47
Cyproheptadine,Indomethacin,APPROVED_DRUGBANK,0.47
Haloprogin,Vitamin_A_palmitate,GRAS_IIG,0.47
Hydroxystilbamidine Isethionate,Indomethacin,APPROVED_DRUGBANK,0.47
Iodipamide,Vitamin_A_palmitate,GRAS_IIG,0.47
Kanamycin,Vitamin_A_palmitate,GRAS_IIG,0.47
Mestranol,Vitamin_A_palmitate,GRAS_IIG,0.47
Nelfinavir,FD&C_YELLOW_NO._6,GRAS_IIG,0.47
Nelfinavir,Melphalan,APPROVED_DRUGBANK,0.47
Nelfinavir,Nabumetone,APPROVED_DRUGBANK,0.47
Nelfinavir,Trimipramine,APPROVED_DRUGBANK,0.47
Piperonyl butoxide,Vitamin_A_palmitate,GRAS_IIG,0.47
Technetium Tc 99m Mebrofenin,Vitamin_A_palmitate,GRAS_IIG,0.47
Amitriptyline,Indomethacin,APPROVED_DRUGBANK,0.468
Atovaquone,BUTYLPARABEN,GRAS_IIG,0.468
Benzatropine,Indomethacin,APPROVED_DRUGBANK,0.468
Bisacodyl,Indomethacin,APPROVED_DRUGBANK,0.468
Bisoxatin,Indomethacin,APPROVED_DRUGBANK,0.468
Calcidiol,Indomethacin,APPROVED_DRUGBANK,0.468
Chlorpromazine,Candesartan,APPROVED_DRUGBANK,0.468
Colfosceril palmitate,Indomethacin,APPROVED_DRUGBANK,0.468
Drotaverine,Vitamin_A_palmitate,GRAS_IIG,0.468
Eplerenone,Vitamin_A_palmitate,GRAS_IIG,0.468
Ivacaftor,Indomethacin,APPROVED_DRUGBANK,0.468
Metrizamide,Indomethacin,APPROVED_DRUGBANK,0.468
Setiptiline,Indomethacin,APPROVED_DRUGBANK,0.468
Tolvaptan,Indomethacin,APPROVED_DRUGBANK,0.468
Xanthophyll,Vitamin_A_palmitate,GRAS_IIG,0.468
Bexarotene,Vitamin_A_palmitate,GRAS_IIG,0.466
Boceprevir,Vitamin_A_palmitate,GRAS_IIG,0.466
Cefpodoxime,Indomethacin,APPROVED_DRUGBANK,0.466
Cloxazolam,Vitamin_A_palmitate,GRAS_IIG,0.466
Docosanol,Candesartan,APPROVED_DRUGBANK,0.466
Efavirenz,Indomethacin,APPROVED_DRUGBANK,0.466
Estazolam,Indomethacin,APPROVED_DRUGBANK,0.466
Ethynodiol diacetate,Indomethacin,APPROVED_DRUGBANK,0.466
Midazolam,Vitamin_A_palmitate,GRAS_IIG,0.466
Nelfinavir,Mafenide,APPROVED_DRUGBANK,0.466
Oxiconazole,Indomethacin,APPROVED_DRUGBANK,0.466
Oxtriphylline,Vitamin_A_palmitate,GRAS_IIG,0.466
Pantoprazole,Indomethacin,APPROVED_DRUGBANK,0.466
Pentosan Polysulfate,Indomethacin,APPROVED_DRUGBANK,0.466
Potassium Chloride,Candesartan,APPROVED_DRUGBANK,0.466
Progesterone,Vitamin_A_palmitate,GRAS_IIG,0.466
Riboflavin,Vitamin_A_palmitate,GRAS_IIG,0.466
Sertaconazole,NEOTAME,GRAS_IIG,0.466
Sodium Chloride,Candesartan,APPROVED_DRUGBANK,0.466
Strontium ranelate,Indomethacin,APPROVED_DRUGBANK,0.466
Trypan blue,Vitamin_A_palmitate,GRAS_IIG,0.466
Tyropanoic acid,Indomethacin,APPROVED_DRUGBANK,0.466
Voglibose,Indomethacin,APPROVED_DRUGBANK,0.466
Bromhexine,Candesartan,APPROVED_DRUGBANK,0.464
Calcium carbimide,Candesartan,APPROVED_DRUGBANK,0.464
Chlorothiazide,Vitamin_A_palmitate,GRAS_IIG,0.464
Copper,Candesartan,APPROVED_DRUGBANK,0.464
Doxepin,Vitamin_A_palmitate,GRAS_IIG,0.464
Etravirine,Candesartan,APPROVED_DRUGBANK,0.464
Gadobutrol,Indomethacin,APPROVED_DRUGBANK,0.464
Nandrolone decanoate,Vitamin_A_palmitate,GRAS_IIG,0.464
Nelfinavir,Indapamide,APPROVED_DRUGBANK,0.464
Phenindamine,Vitamin_A_palmitate,GRAS_IIG,0.464
Piperonyl butoxide,Indomethacin,APPROVED_DRUGBANK,0.464
Promethazine,Candesartan,APPROVED_DRUGBANK,0.464
Sitaxentan,Vitamin_A_palmitate,GRAS_IIG,0.464
Spironolactone,Vitamin_A_palmitate,GRAS_IIG,0.464
Telmisartan,Indomethacin,APPROVED_DRUGBANK,0.464
Thallous Chloride,Candesartan,APPROVED_DRUGBANK,0.464
Ticlopidine,Vitamin_A_palmitate,GRAS_IIG,0.464
Tioconazole,Methotrexate,APPROVED_DRUGBANK,0.464
Zaltoprofen,Indomethacin,APPROVED_DRUGBANK,0.464
Zotepine,Glycocholic_acid,GRAS_IIG,0.464
Alimemazine,Candesartan,APPROVED_DRUGBANK,0.462
Almitrine,Indomethacin,APPROVED_DRUGBANK,0.462
Aluminium,Candesartan,APPROVED_DRUGBANK,0.462
Aluminum hydroxide,Candesartan,APPROVED_DRUGBANK,0.462
Ammonia N-13,Candesartan,APPROVED_DRUGBANK,0.462
Argatroban,Vitamin_A_palmitate,GRAS_IIG,0.462
Arsthinol,Indomethacin,APPROVED_DRUGBANK,0.462
Calcium Acetate,Candesartan,APPROVED_DRUGBANK,0.462
Chloropyramine,Glycocholic_acid,GRAS_IIG,0.462
Dapiprazole,Indomethacin,APPROVED_DRUGBANK,0.462
Disulfiram,Candesartan,APPROVED_DRUGBANK,0.462
Dosulepin,Vitamin_A_palmitate,GRAS_IIG,0.462
Etacrynic acid,Vitamin_A_palmitate,GRAS_IIG,0.462
Etravirine,Vitamin A,APPROVED_DRUGBANK,0.462
Etravirine,Vitamin_A,GRAS_IIG,0.462
Flutemetamol (18F),Vitamin_A_palmitate,GRAS_IIG,0.462
Helium,Candesartan,APPROVED_DRUGBANK,0.462
Iron,Candesartan,APPROVED_DRUGBANK,0.462
Lithium,Candesartan,APPROVED_DRUGBANK,0.462
Manganese,Candesartan,APPROVED_DRUGBANK,0.462
Mestranol,Indomethacin,APPROVED_DRUGBANK,0.462
Miconazole,Methotrexate,APPROVED_DRUGBANK,0.462
Miconazole,Omeprazole,APPROVED_DRUGBANK,0.462
Mitoxantrone,Indomethacin,APPROVED_DRUGBANK,0.462
Roflumilast,Indomethacin,APPROVED_DRUGBANK,0.462
Sodium Iodide I-131,Candesartan,APPROVED_DRUGBANK,0.462
Sodium fluoride,Candesartan,APPROVED_DRUGBANK,0.462
Tacrolimus,Vitamin_A_palmitate,GRAS_IIG,0.462
Technetium Tc-99m sestamibi,Candesartan,APPROVED_DRUGBANK,0.462
Zinc,Candesartan,APPROVED_DRUGBANK,0.462
Adinazolam,Indomethacin,APPROVED_DRUGBANK,0.46
Ambenonium,Glycocholic_acid,GRAS_IIG,0.46
Aprindine,Glycocholic_acid,GRAS_IIG,0.46
Candoxatril,Indomethacin,APPROVED_DRUGBANK,0.46
Chromic chloride,Candesartan,APPROVED_DRUGBANK,0.46
Cinnarizine,Vitamin_A_palmitate,GRAS_IIG,0.46
Citalopram,Vitamin_A_palmitate,GRAS_IIG,0.46
Danazol,Vitamin_A_palmitate,GRAS_IIG,0.46
Delorazepam,Vitamin_A_palmitate,GRAS_IIG,0.46
Diphenidol,Vitamin_A_palmitate,GRAS_IIG,0.46
Escitalopram,Vitamin_A_palmitate,GRAS_IIG,0.46
Ezetimibe,Indomethacin,APPROVED_DRUGBANK,0.46
Glutathione,Vitamin_A_palmitate,GRAS_IIG,0.46
Isoconazole,Omeprazole,APPROVED_DRUGBANK,0.46
Lacidipine,Vitamin_A_palmitate,GRAS_IIG,0.46
Macitentan,Indomethacin,APPROVED_DRUGBANK,0.46
Nelfinavir,Protriptyline,APPROVED_DRUGBANK,0.46
Polaprezinc,Vitamin_A_palmitate,GRAS_IIG,0.46
Polythiazide,Vitamin_A_palmitate,GRAS_IIG,0.46
Potassium Iodide,Candesartan,APPROVED_DRUGBANK,0.46
Rilpivirine,Naproxen,APPROVED_DRUGBANK,0.46
Sibutramine,Glycocholic_acid,GRAS_IIG,0.46
Silver sulfadiazine,Vitamin_A_palmitate,GRAS_IIG,0.46
Stanozolol,Indomethacin,APPROVED_DRUGBANK,0.46
Technetium Tc-99m tetrofosmin,Candesartan,APPROVED_DRUGBANK,0.46
Thioridazine,Candesartan,APPROVED_DRUGBANK,0.46
Xenon-133,Candesartan,APPROVED_DRUGBANK,0.46
Acetrizoic acid,Candesartan,APPROVED_DRUGBANK,0.458
Atomoxetine,Indomethacin,APPROVED_DRUGBANK,0.458
Bepridil,Vitamin_A_palmitate,GRAS_IIG,0.458
Colestipol,Vitamin_A_palmitate,GRAS_IIG,0.458
Cyclobenzaprine,Vitamin_A_palmitate,GRAS_IIG,0.458
Dobutamine,Vitamin_A_palmitate,GRAS_IIG,0.458
Econazole,Ciclesonide,APPROVED_DRUGBANK,0.458
Ethopropazine,Candesartan,APPROVED_DRUGBANK,0.458
Hydroxyprogesterone caproate,Vitamin_A_palmitate,GRAS_IIG,0.458
Levonordefrin,Candesartan,APPROVED_DRUGBANK,0.458
Lindane,Candesartan,APPROVED_DRUGBANK,0.458
Magnesium hydroxide,Candesartan,APPROVED_DRUGBANK,0.458
Medrogestone,Indomethacin,APPROVED_DRUGBANK,0.458
Sodium acetate,Candesartan,APPROVED_DRUGBANK,0.458
Trichlormethiazide,Vitamin_A_palmitate,GRAS_IIG,0.458
Triprolidine,Indomethacin,APPROVED_DRUGBANK,0.458
Ambenonium,Candesartan,APPROVED_DRUGBANK,0.456
Ambenonium,Vitamin_A_palmitate,GRAS_IIG,0.456
Bupivacaine,Candesartan,APPROVED_DRUGBANK,0.456
Calcidiol,Candesartan,APPROVED_DRUGBANK,0.456
Clomipramine,Candesartan,APPROVED_DRUGBANK,0.456
Docosanol,Glycocholic_acid,GRAS_IIG,0.456
Etofenamate,Indomethacin,APPROVED_DRUGBANK,0.456
Gadobutrol,Vitamin_A_palmitate,GRAS_IIG,0.456
Isosulfan blue,Vitamin_A_palmitate,GRAS_IIG,0.456
Levobupivacaine,Candesartan,APPROVED_DRUGBANK,0.456
Metrizamide,Vitamin_A_palmitate,GRAS_IIG,0.456
Miltefosine,Vitamin_A_palmitate,GRAS_IIG,0.456
Nelfinavir,DYE_YELLOW_NO._62,GRAS_IIG,0.456
Oxtriphylline,Indomethacin,APPROVED_DRUGBANK,0.456
Permethrin,Indomethacin,APPROVED_DRUGBANK,0.456
Setiptiline,Vitamin_A_palmitate,GRAS_IIG,0.456
Sodium Nitrite,Candesartan,APPROVED_DRUGBANK,0.456
Technetium Tc-99m sodium pertechnetate,Candesartan,APPROVED_DRUGBANK,0.456
Ulipristal,Indomethacin,APPROVED_DRUGBANK,0.456
Acitretin,Indomethacin,APPROVED_DRUGBANK,0.454
Alimemazine,Glycocholic_acid,GRAS_IIG,0.454
Cetrimonium,Candesartan,APPROVED_DRUGBANK,0.454
Clozapine,Vitamin_A_palmitate,GRAS_IIG,0.454
Crizotinib,Indomethacin,APPROVED_DRUGBANK,0.454
Diatrizoate,Candesartan,APPROVED_DRUGBANK,0.454
Econazole,Esomeprazole,APPROVED_DRUGBANK,0.454
Fenofibrate,Vitamin_A_palmitate,GRAS_IIG,0.454
Inulin,Vitamin_A_palmitate,GRAS_IIG,0.454
Isoconazole,Methotrexate,APPROVED_DRUGBANK,0.454
Lobeglitazone,Indomethacin,APPROVED_DRUGBANK,0.454
Lorazepam,Vitamin_A_palmitate,GRAS_IIG,0.454
Maprotiline,Indomethacin,APPROVED_DRUGBANK,0.454
Meclizine,Indomethacin,APPROVED_DRUGBANK,0.454
Minocycline,Vitamin_A_palmitate,GRAS_IIG,0.454
Naftifine,Vitamin_A_palmitate,GRAS_IIG,0.454
Nelfinavir,Anisindione,APPROVED_DRUGBANK,0.454
Ouabain,Vitamin_A_palmitate,GRAS_IIG,0.454
Oxytetracycline,Indomethacin,APPROVED_DRUGBANK,0.454
Prussian blue,Candesartan,APPROVED_DRUGBANK,0.454
Sertaconazole,Omeprazole,APPROVED_DRUGBANK,0.454
Simvastatin,Indomethacin,APPROVED_DRUGBANK,0.454
Sulindac,Vitamin_A_palmitate,GRAS_IIG,0.454
Vecuronium,Vitamin_A_palmitate,GRAS_IIG,0.454
Butenafine,Vitamin_A_palmitate,GRAS_IIG,0.452
Calcitriol,Candesartan,APPROVED_DRUGBANK,0.452
Carboprost Tromethamine,Indomethacin,APPROVED_DRUGBANK,0.452
Cinalukast,Indomethacin,APPROVED_DRUGBANK,0.452
Clocapramine,Glycocholic_acid,GRAS_IIG,0.452
Dalfopristin,Vitamin_A_palmitate,GRAS_IIG,0.452
Dicloxacillin,Indomethacin,APPROVED_DRUGBANK,0.452
Dipyridamole,Candesartan,APPROVED_DRUGBANK,0.452
Ecamsule,Indomethacin,APPROVED_DRUGBANK,0.452
Efavirenz,Glycocholic_acid,GRAS_IIG,0.452
Gentian Violet,Candesartan,APPROVED_DRUGBANK,0.452
Hexachlorophene,Candesartan,APPROVED_DRUGBANK,0.452
Isoconazole,LEVOMENTHOL,GRAS_IIG,0.452
Isoconazole,"MENTHOL,_UNSPECIFIED_FORM",GRAS_IIG,0.452
Isoconazole,Menthol,APPROVED_DRUGBANK,0.452
Lovastatin,Indomethacin,APPROVED_DRUGBANK,0.452
Nelfinavir,D&C_YELLOW_NO._10,GRAS_IIG,0.452
Nelfinavir,Naratriptan,APPROVED_DRUGBANK,0.452
Nelfinavir,Pamidronate,APPROVED_DRUGBANK,0.452
Nicergoline,Indomethacin,APPROVED_DRUGBANK,0.452
Propofol,Candesartan,APPROVED_DRUGBANK,0.452
Ribostamycin,Indomethacin,APPROVED_DRUGBANK,0.452
Rimonabant,Candesartan,APPROVED_DRUGBANK,0.452
Sugammadex,Vitamin_A_palmitate,GRAS_IIG,0.452
Tizanidine,Candesartan,APPROVED_DRUGBANK,0.452
Unoprostone,Indomethacin,APPROVED_DRUGBANK,0.452
Bendamustine,Vitamin_A_palmitate,GRAS_IIG,0.45
Brotizolam,Indomethacin,APPROVED_DRUGBANK,0.45
Calcium carbonate,Candesartan,APPROVED_DRUGBANK,0.45
Ceftibuten,Indomethacin,APPROVED_DRUGBANK,0.45
Chlorothiazide,Glycocholic_acid,GRAS_IIG,0.45
Chlorpromazine,Taurocholic_acid,GRAS_IIG,0.45
Docosanol,SODIUM_DESOXYCHOLATE,GRAS_IIG,0.45
Estrone,SODIUM_DESOXYCHOLATE,GRAS_IIG,0.45
Ethopropazine,Glycocholic_acid,GRAS_IIG,0.45
Etravirine,Alitretinoin,APPROVED_DRUGBANK,0.45
Etravirine,Isotretinoin,APPROVED_DRUGBANK,0.45
Etravirine,Tretinoin,APPROVED_DRUGBANK,0.45
Gallium nitrate,Candesartan,APPROVED_DRUGBANK,0.45
Indacaterol,Vitamin_A_palmitate,GRAS_IIG,0.45
Indecainide,Vitamin_A_palmitate,GRAS_IIG,0.45
Iophendylate,Candesartan,APPROVED_DRUGBANK,0.45
Isothipendyl,Candesartan,APPROVED_DRUGBANK,0.45
Loxapine,Indomethacin,APPROVED_DRUGBANK,0.45
Mitoxantrone,Vitamin_A_palmitate,GRAS_IIG,0.45
Nelfinavir,Dexmethylphenidate,APPROVED_DRUGBANK,0.45
Nelfinavir,Methylphenidate,APPROVED_DRUGBANK,0.45
Nelfinavir,Tolazamide,APPROVED_DRUGBANK,0.45
Potassium alum,Candesartan,APPROVED_DRUGBANK,0.45
Progabide,Vitamin_A_palmitate,GRAS_IIG,0.45
Sodium sulfate,Candesartan,APPROVED_DRUGBANK,0.45
Technetium Tc 99m Oxidronate,Candesartan,APPROVED_DRUGBANK,0.45
Tioconazole,LEVOMENTHOL,GRAS_IIG,0.45
Tioconazole,"MENTHOL,_UNSPECIFIED_FORM",GRAS_IIG,0.45
Tioconazole,Menthol,APPROVED_DRUGBANK,0.45
Trihexyphenidyl,Vitamin_A_palmitate,GRAS_IIG,0.45
Vitamin A,Candesartan,APPROVED_DRUGBANK,0.45
Zinc sulfate,Candesartan,APPROVED_DRUGBANK,0.45
Alendronic acid,Candesartan,APPROVED_DRUGBANK,0.448
Aluminium monostearate,Candesartan,APPROVED_DRUGBANK,0.448
Aztreonam,Candesartan,APPROVED_DRUGBANK,0.448
Bupivacaine,Indomethacin,APPROVED_DRUGBANK,0.448
Captodiame,Indomethacin,APPROVED_DRUGBANK,0.448
Carbamazepine,Vitamin_A_palmitate,GRAS_IIG,0.448
Cefotaxime,Indomethacin,APPROVED_DRUGBANK,0.448
Clemastine,Vitamin_A_palmitate,GRAS_IIG,0.448
Deferasirox,Indomethacin,APPROVED_DRUGBANK,0.448
Dinoprost Tromethamine,Indomethacin,APPROVED_DRUGBANK,0.448
Dipotassium phosphate,Candesartan,APPROVED_DRUGBANK,0.448
Disodium phosphate,Candesartan,APPROVED_DRUGBANK,0.448
Eliglustat,Vitamin_A_palmitate,GRAS_IIG,0.448
Ethynodiol diacetate,Vitamin_A_palmitate,GRAS_IIG,0.448
Ferric Citrate,Candesartan,APPROVED_DRUGBANK,0.448
Fluorescein,Indomethacin,APPROVED_DRUGBANK,0.448
Framycetin,Vitamin_A_palmitate,GRAS_IIG,0.448
Hydroxystilbamidine Isethionate,Vitamin_A_palmitate,GRAS_IIG,0.448
Icosapent ethyl,Vitamin_A_palmitate,GRAS_IIG,0.448
Iopodic acid,Vitamin_A_palmitate,GRAS_IIG,0.448
Ipratropium bromide,Indomethacin,APPROVED_DRUGBANK,0.448
Ipratropium bromide,Vitamin_A_palmitate,GRAS_IIG,0.448
Kanamycin,Indomethacin,APPROVED_DRUGBANK,0.448
Levobupivacaine,Indomethacin,APPROVED_DRUGBANK,0.448
Meclizine,Vitamin_A_palmitate,GRAS_IIG,0.448
Medrysone,Indomethacin,APPROVED_DRUGBANK,0.448
Methdilazine,Glycocholic_acid,GRAS_IIG,0.448
Metrizoic acid,Candesartan,APPROVED_DRUGBANK,0.448
Nelfinavir,OIL_ORANGE_SS,GRAS_IIG,0.448
Neomycin,Vitamin_A_palmitate,GRAS_IIG,0.448
Norgestimate,Indomethacin,APPROVED_DRUGBANK,0.448
Pamidronate,Candesartan,APPROVED_DRUGBANK,0.448
Parecoxib,Indomethacin,APPROVED_DRUGBANK,0.448
Pentosan Polysulfate,Vitamin_A_palmitate,GRAS_IIG,0.448
Pipecuronium,Vitamin_A_palmitate,GRAS_IIG,0.448
Potassium Citrate,Candesartan,APPROVED_DRUGBANK,0.448
Propiomazine,Glycocholic_acid,GRAS_IIG,0.448
Sertaconazole,Methotrexate,APPROVED_DRUGBANK,0.448
Sodium Citrate,Candesartan,APPROVED_DRUGBANK,0.448
Streptomycin,Indomethacin,APPROVED_DRUGBANK,0.448
Sulconazole,Budesonide,APPROVED_DRUGBANK,0.448
Sulindac,Indomethacin,APPROVED_DRUGBANK,0.448
Tolvaptan,Candesartan,APPROVED_DRUGBANK,0.448
Trisodium citrate dihydrate,Candesartan,APPROVED_DRUGBANK,0.448
Unoprostone,Vitamin_A_palmitate,GRAS_IIG,0.448
Vismodegib,Candesartan,APPROVED_DRUGBANK,0.448
Amiodarone,Indomethacin,APPROVED_DRUGBANK,0.446
Ammonium lactate,Candesartan,APPROVED_DRUGBANK,0.446
Bendamustine,Candesartan,APPROVED_DRUGBANK,0.446
Cannabidiol,Indomethacin,APPROVED_DRUGBANK,0.446
Carbamazepine,Candesartan,APPROVED_DRUGBANK,0.446
Cholecalciferol,Candesartan,APPROVED_DRUGBANK,0.446
Cinalukast,Candesartan,APPROVED_DRUGBANK,0.446
Cloperastine,Indomethacin,APPROVED_DRUGBANK,0.446
Cobimetinib,Vitamin_A_palmitate,GRAS_IIG,0.446
Dimenhydrinate,Indomethacin,APPROVED_DRUGBANK,0.446
Dinoprost Tromethamine,Vitamin_A_palmitate,GRAS_IIG,0.446
Doxepin,Indomethacin,APPROVED_DRUGBANK,0.446
Eplerenone,Indomethacin,APPROVED_DRUGBANK,0.446
Etacrynic acid,Candesartan,APPROVED_DRUGBANK,0.446
Fenoterol,Glycocholic_acid,GRAS_IIG,0.446
Ferric pyrophosphate,Candesartan,APPROVED_DRUGBANK,0.446
Homatropine Methylbromide,Indomethacin,APPROVED_DRUGBANK,0.446
Magnesium Sulfate,Candesartan,APPROVED_DRUGBANK,0.446
Medroxyprogesterone acetate,Indomethacin,APPROVED_DRUGBANK,0.446
Mesoridazine,Glycocholic_acid,GRAS_IIG,0.446
Monopotassium phosphate,Candesartan,APPROVED_DRUGBANK,0.446
Netilmicin,Indomethacin,APPROVED_DRUGBANK,0.446
Ospemifene,Indomethacin,APPROVED_DRUGBANK,0.446
Pancuronium,Vitamin_A_palmitate,GRAS_IIG,0.446
Sugammadex,Indomethacin,APPROVED_DRUGBANK,0.446
Tenofovir alafenamide,Indomethacin,APPROVED_DRUGBANK,0.446
Tobramycin,Vitamin_A_palmitate,GRAS_IIG,0.446
Trimethaphan,Vitamin_A_palmitate,GRAS_IIG,0.446
Xanthophyll,Indomethacin,APPROVED_DRUGBANK,0.446
Amcinonide,Vitamin_A_palmitate,GRAS_IIG,0.444
Amiloride,Candesartan,APPROVED_DRUGBANK,0.444
Anisotropine Methylbromide,Candesartan,APPROVED_DRUGBANK,0.444
Aprindine,Candesartan,APPROVED_DRUGBANK,0.444
Arbutamine,Indomethacin,APPROVED_DRUGBANK,0.444
Benzphetamine,Vitamin_A_palmitate,GRAS_IIG,0.444
Bifonazole,Vitamin_A_palmitate,GRAS_IIG,0.444
Brompheniramine,Candesartan,APPROVED_DRUGBANK,0.444
Celecoxib,Vitamin_A_palmitate,GRAS_IIG,0.444
Chlorhexidine,Vitamin_A_palmitate,GRAS_IIG,0.444
Cyclobenzaprine,Glycocholic_acid,GRAS_IIG,0.444
Deferoxamine,Indomethacin,APPROVED_DRUGBANK,0.444
Deoxycholic Acid,Candesartan,APPROVED_DRUGBANK,0.444
Dexbrompheniramine,Candesartan,APPROVED_DRUGBANK,0.444
Dienogest,Indomethacin,APPROVED_DRUGBANK,0.444
Diphemanil Methylsulfate,Vitamin_A_palmitate,GRAS_IIG,0.444
Doripenem,Vitamin_A_palmitate,GRAS_IIG,0.444
Dosulepin,Indomethacin,APPROVED_DRUGBANK,0.444
Fenoterol,Candesartan,APPROVED_DRUGBANK,0.444
Iloprost,Indomethacin,APPROVED_DRUGBANK,0.444
Iodipamide,Candesartan,APPROVED_DRUGBANK,0.444
Ioxilan,Vitamin_A_palmitate,GRAS_IIG,0.444
Lactulose,Vitamin_A_palmitate,GRAS_IIG,0.444
Lercanidipine,Indomethacin,APPROVED_DRUGBANK,0.444
Lodoxamide,Vitamin_A_palmitate,GRAS_IIG,0.444
Maprotiline,Candesartan,APPROVED_DRUGBANK,0.444
Mefloquine,Candesartan,APPROVED_DRUGBANK,0.444
Methyl cellulose,Vitamin_A_palmitate,GRAS_IIG,0.444
Miconazole,LEVOMENTHOL,GRAS_IIG,0.444
Miconazole,"MENTHOL,_UNSPECIFIED_FORM",GRAS_IIG,0.444
Miconazole,Menthol,APPROVED_DRUGBANK,0.444
Montelukast,Indomethacin,APPROVED_DRUGBANK,0.444
Nandrolone decanoate,Candesartan,APPROVED_DRUGBANK,0.444
Nelfinavir,Glisoxepide,APPROVED_DRUGBANK,0.444
Nelfinavir,PONCEAU_3R,GRAS_IIG,0.444
Paromomycin,Vitamin_A_palmitate,GRAS_IIG,0.444
Pazopanib,Indomethacin,APPROVED_DRUGBANK,0.444
Promethazine,Glycocholic_acid,GRAS_IIG,0.444
Protirelin,Indomethacin,APPROVED_DRUGBANK,0.444
Rolapitant,Vitamin_A_palmitate,GRAS_IIG,0.444
Sodium phenylbutyrate,Indomethacin,APPROVED_DRUGBANK,0.444
Terbinafine,Candesartan,APPROVED_DRUGBANK,0.444
Triamcinolone,Indomethacin,APPROVED_DRUGBANK,0.444
Adenosine monophosphate,Indomethacin,APPROVED_DRUGBANK,0.442
Aliskiren,Indomethacin,APPROVED_DRUGBANK,0.442
Anagrelide,Candesartan,APPROVED_DRUGBANK,0.442
Argatroban,Candesartan,APPROVED_DRUGBANK,0.442
Buprenorphine,Vitamin_A_palmitate,GRAS_IIG,0.442
Clobazam,Indomethacin,APPROVED_DRUGBANK,0.442
Difluprednate,Vitamin_A_palmitate,GRAS_IIG,0.442
Dimetindene,Vitamin_A_palmitate,GRAS_IIG,0.442
Dronedarone,Indomethacin,APPROVED_DRUGBANK,0.442
Famotidine,Candesartan,APPROVED_DRUGBANK,0.442
Ferric Citrate,SODIUM_DESOXYCHOLATE,GRAS_IIG,0.442
Flutemetamol (18F),Candesartan,APPROVED_DRUGBANK,0.442
Gadoteridol,Candesartan,APPROVED_DRUGBANK,0.442
Gallamine Triethiodide,Vitamin_A_palmitate,GRAS_IIG,0.442
Inulin,Indomethacin,APPROVED_DRUGBANK,0.442
Iodixanol,Candesartan,APPROVED_DRUGBANK,0.442
Ioversol,Vitamin_A_palmitate,GRAS_IIG,0.442
Lodoxamide,Candesartan,APPROVED_DRUGBANK,0.442
Magnesium Trisilicate,Candesartan,APPROVED_DRUGBANK,0.442
Mitotane,Glycocholic_acid,GRAS_IIG,0.442
Nelfinavir,Oxcarbazepine,APPROVED_DRUGBANK,0.442
Netilmicin,Vitamin_A_palmitate,GRAS_IIG,0.442
Potassium Citrate,SODIUM_DESOXYCHOLATE,GRAS_IIG,0.442
Prasugrel,Vitamin_A_palmitate,GRAS_IIG,0.442
Protirelin,Vitamin_A_palmitate,GRAS_IIG,0.442
Regorafenib,Candesartan,APPROVED_DRUGBANK,0.442
Ruxolitinib,Vitamin_A_palmitate,GRAS_IIG,0.442
Sodium Citrate,SODIUM_DESOXYCHOLATE,GRAS_IIG,0.442
Sorafenib,MONOTHIOGLYCEROL,GRAS_IIG,0.442
Technetium Tc 99m Mebrofenin,Candesartan,APPROVED_DRUGBANK,0.442
Toremifene,Indomethacin,APPROVED_DRUGBANK,0.442
Trisodium citrate dihydrate,SODIUM_DESOXYCHOLATE,GRAS_IIG,0.442
Tyropanoic acid,Vitamin_A_palmitate,GRAS_IIG,0.442
Zanamivir,Indomethacin,APPROVED_DRUGBANK,0.442
Alfacalcidol,Candesartan,APPROVED_DRUGBANK,0.44
Amoxapine,Candesartan,APPROVED_DRUGBANK,0.44
Arsthinol,Vitamin_A_palmitate,GRAS_IIG,0.44
Atovaquone,Propyl_Gallate,GRAS_IIG,0.44
Benzatropine,Vitamin_A_palmitate,GRAS_IIG,0.44
Bopindolol,Indomethacin,APPROVED_DRUGBANK,0.44
Cefdinir,Indomethacin,APPROVED_DRUGBANK,0.44
Choline C 11,Glycocholic_acid,GRAS_IIG,0.44
Choline C 11,SODIUM_DESOXYCHOLATE,GRAS_IIG,0.44
Cyamemazine,Candesartan,APPROVED_DRUGBANK,0.44
Cyclobenzaprine,Candesartan,APPROVED_DRUGBANK,0.44
Demeclocycline,Indomethacin,APPROVED_DRUGBANK,0.44
Equilin,Glycocholic_acid,GRAS_IIG,0.44
Etonogestrel,Indomethacin,APPROVED_DRUGBANK,0.44
Fenoterol,SODIUM_DESOXYCHOLATE,GRAS_IIG,0.44
Fluticasone Propionate,Vitamin_A_palmitate,GRAS_IIG,0.44
Hexafluronium,Candesartan,APPROVED_DRUGBANK,0.44
Lansoprazole,Indomethacin,APPROVED_DRUGBANK,0.44
Lanthanum carbonate,Candesartan,APPROVED_DRUGBANK,0.44
Meclizine,Glycocholic_acid,GRAS_IIG,0.44
Methdilazine,Candesartan,APPROVED_DRUGBANK,0.44
Nelfinavir,Almotriptan,APPROVED_DRUGBANK,0.44
Nelfinavir,Atorvastatin,APPROVED_DRUGBANK,0.44
Nelfinavir,Felbamate,APPROVED_DRUGBANK,0.44
Niclosamide,Glycocholic_acid,GRAS_IIG,0.44
Nortriptyline,Indomethacin,APPROVED_DRUGBANK,0.44
Oxymetholone,Indomethacin,APPROVED_DRUGBANK,0.44
Phylloquinone,Vitamin_A_palmitate,GRAS_IIG,0.44
Prazepam,Indomethacin,APPROVED_DRUGBANK,0.44
Probucol,Glycocholic_acid,GRAS_IIG,0.44
Rolapitant,Indomethacin,APPROVED_DRUGBANK,0.44
Sulfasalazine,Indomethacin,APPROVED_DRUGBANK,0.44
Ticlopidine,Indomethacin,APPROVED_DRUGBANK,0.44
Abiraterone,Candesartan,APPROVED_DRUGBANK,0.438
Adinazolam,Candesartan,APPROVED_DRUGBANK,0.438
Alitretinoin,Candesartan,APPROVED_DRUGBANK,0.438
Amoxapine,Indomethacin,APPROVED_DRUGBANK,0.438
Arbekacin,Vitamin_A_palmitate,GRAS_IIG,0.438
Bentoquatam,Candesartan,APPROVED_DRUGBANK,0.438
Captodiame,Candesartan,APPROVED_DRUGBANK,0.438
Cetrimonium,Glycocholic_acid,GRAS_IIG,0.438
Chloropyramine,Candesartan,APPROVED_DRUGBANK,0.438
Clozapine,Glycocholic_acid,GRAS_IIG,0.438
Desloratadine,Glycocholic_acid,GRAS_IIG,0.438
Desogestrel,Indomethacin,APPROVED_DRUGBANK,0.438
Dienestrol,Glycocholic_acid,GRAS_IIG,0.438
Duloxetine,Indomethacin,APPROVED_DRUGBANK,0.438
Equilin,Candesartan,APPROVED_DRUGBANK,0.438
Gallamine Triethiodide,Candesartan,APPROVED_DRUGBANK,0.438
Haloprogin,Candesartan,APPROVED_DRUGBANK,0.438
Hexachlorophene,SODIUM_DESOXYCHOLATE,GRAS_IIG,0.438
Ibutilide,Candesartan,APPROVED_DRUGBANK,0.438
Iophendylate,Vitamin_A_palmitate,GRAS_IIG,0.438
Isotretinoin,Candesartan,APPROVED_DRUGBANK,0.438
Methotrexate,Indomethacin,APPROVED_DRUGBANK,0.438
Nelfinavir,Eflornithine,APPROVED_DRUGBANK,0.438
Nelfinavir,Ezogabine,APPROVED_DRUGBANK,0.438
Nelfinavir,Flupirtine,APPROVED_DRUGBANK,0.438
Nelfinavir,Isoniazid,APPROVED_DRUGBANK,0.438
Nilotinib,Indomethacin,APPROVED_DRUGBANK,0.438
Nortriptyline,Candesartan,APPROVED_DRUGBANK,0.438
Olanzapine,Candesartan,APPROVED_DRUGBANK,0.438
Ribostamycin,Vitamin_A_palmitate,GRAS_IIG,0.438
Silver sulfadiazine,Candesartan,APPROVED_DRUGBANK,0.438
Strontium ranelate,Vitamin_A_palmitate,GRAS_IIG,0.438
Tretinoin,Candesartan,APPROVED_DRUGBANK,0.438
Triclosan,Vitamin_A_palmitate,GRAS_IIG,0.438
Tyropanoic acid,Candesartan,APPROVED_DRUGBANK,0.438
Zolpidem,Candesartan,APPROVED_DRUGBANK,0.438
Zotepine,Candesartan,APPROVED_DRUGBANK,0.438
Amikacin,Vitamin_A_palmitate,GRAS_IIG,0.436
Arbutamine,Vitamin_A_palmitate,GRAS_IIG,0.436
Arsthinol,Candesartan,APPROVED_DRUGBANK,0.436
Azathioprine,Vitamin_A_palmitate,GRAS_IIG,0.436
Boceprevir,Candesartan,APPROVED_DRUGBANK,0.436
Cabozantinib,Indomethacin,APPROVED_DRUGBANK,0.436
Calcium Chloride,SODIUM_DESOXYCHOLATE,GRAS_IIG,0.436
Carboprost Tromethamine,Candesartan,APPROVED_DRUGBANK,0.436
Carprofen,Candesartan,APPROVED_DRUGBANK,0.436
Ciclesonide,Vitamin_A_palmitate,GRAS_IIG,0.436
Desogestrel,Candesartan,APPROVED_DRUGBANK,0.436
Diclofenac,Indomethacin,APPROVED_DRUGBANK,0.436
Dienogest,Candesartan,APPROVED_DRUGBANK,0.436
Doripenem,Indomethacin,APPROVED_DRUGBANK,0.436
Drotaverine,Candesartan,APPROVED_DRUGBANK,0.436
Ecabet,Candesartan,APPROVED_DRUGBANK,0.436
Ertapenem,Indomethacin,APPROVED_DRUGBANK,0.436
Ethynodiol diacetate,Candesartan,APPROVED_DRUGBANK,0.436
Etoricoxib,SODIUM_DESOXYCHOLATE,GRAS_IIG,0.436
Fludiazepam,Glycocholic_acid,GRAS_IIG,0.436
Ioxaglic acid,Candesartan,APPROVED_DRUGBANK,0.436
Kappadione,Candesartan,APPROVED_DRUGBANK,0.436
Lornoxicam,Candesartan,APPROVED_DRUGBANK,0.436
Mesna,Candesartan,APPROVED_DRUGBANK,0.436
Mesoridazine,Candesartan,APPROVED_DRUGBANK,0.436
Metixene,Candesartan,APPROVED_DRUGBANK,0.436
Naftifine,Indomethacin,APPROVED_DRUGBANK,0.436
Nebivolol,Indomethacin,APPROVED_DRUGBANK,0.436
Nelfinavir,Efinaconazole,APPROVED_DRUGBANK,0.436
Nelfinavir,PONCEAU_XYLIDINE,GRAS_IIG,0.436
Nelfinavir,SODIUM_2-NAPHTHALENESULFONATE,GRAS_IIG,0.436
Phenprocoumon,Vitamin_A_palmitate,GRAS_IIG,0.436
Potassium Chloride,SODIUM_DESOXYCHOLATE,GRAS_IIG,0.436
Probucol,SODIUM_DESOXYCHOLATE,GRAS_IIG,0.436
Sertraline,Candesartan,APPROVED_DRUGBANK,0.436
Setiptiline,Candesartan,APPROVED_DRUGBANK,0.436
Sodium Chloride,SODIUM_DESOXYCHOLATE,GRAS_IIG,0.436
Technetium Tc-99m Medronate,Candesartan,APPROVED_DRUGBANK,0.436
Testosterone,Candesartan,APPROVED_DRUGBANK,0.436
Thallous Chloride,SODIUM_DESOXYCHOLATE,GRAS_IIG,0.436
Thimerosal,Candesartan,APPROVED_DRUGBANK,0.436
Umeclidinium,Indomethacin,APPROVED_DRUGBANK,0.436
Abiraterone,Indomethacin,APPROVED_DRUGBANK,0.434
Adinazolam,Glycocholic_acid,GRAS_IIG,0.434
Aprindine,SODIUM_DESOXYCHOLATE,GRAS_IIG,0.434
Bosentan,Indomethacin,APPROVED_DRUGBANK,0.434
Cabergoline,Glycocholic_acid,GRAS_IIG,0.434
Cholic Acid,Candesartan,APPROVED_DRUGBANK,0.434
Citalopram,Candesartan,APPROVED_DRUGBANK,0.434
Conivaptan,Indomethacin,APPROVED_DRUGBANK,0.434
Dasatinib,Indomethacin,APPROVED_DRUGBANK,0.434
Diclofenac,Vitamin_A_palmitate,GRAS_IIG,0.434
Escitalopram,Candesartan,APPROVED_DRUGBANK,0.434
Etoricoxib,Candesartan,APPROVED_DRUGBANK,0.434
Famotidine,Vitamin_A_palmitate,GRAS_IIG,0.434
Fenoprofen,Vitamin_A_palmitate,GRAS_IIG,0.434
Framycetin,Indomethacin,APPROVED_DRUGBANK,0.434
Glutathione,Candesartan,APPROVED_DRUGBANK,0.434
Iohexol,Candesartan,APPROVED_DRUGBANK,0.434
Iopamidol,Candesartan,APPROVED_DRUGBANK,0.434
Lacidipine,Indomethacin,APPROVED_DRUGBANK,0.434
Lenvatinib,Indomethacin,APPROVED_DRUGBANK,0.434
Levallorphan,Candesartan,APPROVED_DRUGBANK,0.434
Loxapine,Candesartan,APPROVED_DRUGBANK,0.434
Mangafodipir,Vitamin_A_palmitate,GRAS_IIG,0.434
Masoprocol,Glycocholic_acid,GRAS_IIG,0.434
Masoprocol,SODIUM_DESOXYCHOLATE,GRAS_IIG,0.434
Nandrolone decanoate,Indomethacin,APPROVED_DRUGBANK,0.434
Nelfinavir,Bethanechol,APPROVED_DRUGBANK,0.434
Nelfinavir,Cilazapril,APPROVED_DRUGBANK,0.434
Nelfinavir,Procarbazine,APPROVED_DRUGBANK,0.434
Neomycin,Indomethacin,APPROVED_DRUGBANK,0.434
Nicardipine,Indomethacin,APPROVED_DRUGBANK,0.434
Parecoxib,Vitamin_A_palmitate,GRAS_IIG,0.434
Perhexiline,Candesartan,APPROVED_DRUGBANK,0.434
Phenindamine,Indomethacin,APPROVED_DRUGBANK,0.434
Phenprocoumon,Indomethacin,APPROVED_DRUGBANK,0.434
Ponatinib,SODIUM_DESOXYCHOLATE,GRAS_IIG,0.434
Progesterone,Indomethacin,APPROVED_DRUGBANK,0.434
Propiomazine,Candesartan,APPROVED_DRUGBANK,0.434
Protriptyline,Candesartan,APPROVED_DRUGBANK,0.434
Sodium acetate,Glycocholic_acid,GRAS_IIG,0.434
Sodium bicarbonate,Candesartan,APPROVED_DRUGBANK,0.434
Sucralfate,Vitamin_A_palmitate,GRAS_IIG,0.434
Sulfinpyrazone,Indomethacin,APPROVED_DRUGBANK,0.434
Testosterone Propionate,Indomethacin,APPROVED_DRUGBANK,0.434
Testosterone Propionate,Vitamin_A_palmitate,GRAS_IIG,0.434
Tolnaftate,Candesartan,APPROVED_DRUGBANK,0.434
Voglibose,Candesartan,APPROVED_DRUGBANK,0.434
Amitriptyline,Candesartan,APPROVED_DRUGBANK,0.432
Atovaquone,Imipramine,APPROVED_DRUGBANK,0.432
Calcium Acetate,Glycocholic_acid,GRAS_IIG,0.432
Cetrimonium,SODIUM_DESOXYCHOLATE,GRAS_IIG,0.432
Chlortetracycline,Indomethacin,APPROVED_DRUGBANK,0.432
Chromic chloride,SODIUM_DESOXYCHOLATE,GRAS_IIG,0.432
Clemastine,Indomethacin,APPROVED_DRUGBANK,0.432
Clofedanol,Candesartan,APPROVED_DRUGBANK,0.432
Clomipramine,Taurocholic_acid,GRAS_IIG,0.432
Clotiazepam,Indomethacin,APPROVED_DRUGBANK,0.432
Diphenidol,Indomethacin,APPROVED_DRUGBANK,0.432
Doxepin,Candesartan,APPROVED_DRUGBANK,0.432
Etoricoxib,Glycocholic_acid,GRAS_IIG,0.432
Fenoprofen,Candesartan,APPROVED_DRUGBANK,0.432
Gadoteric acid,Candesartan,APPROVED_DRUGBANK,0.432
Halazepam,Glycocholic_acid,GRAS_IIG,0.432
Indecainide,Candesartan,APPROVED_DRUGBANK,0.432
Iopanoic acid,Vitamin_A_palmitate,GRAS_IIG,0.432
Lactulose,Indomethacin,APPROVED_DRUGBANK,0.432
Metrizoic acid,Vitamin_A_palmitate,GRAS_IIG,0.432
Nelfinavir,Benzthiazide,APPROVED_DRUGBANK,0.432
Nelfinavir,Loxoprofen,APPROVED_DRUGBANK,0.432
Nelfinavir,NAPHTHOL_BLUE_BLACK,GRAS_IIG,0.432
Prochlorperazine,Candesartan,APPROVED_DRUGBANK,0.432
Sodium aurothiomalate,Candesartan,APPROVED_DRUGBANK,0.432
Tamoxifen,Indomethacin,APPROVED_DRUGBANK,0.432
Tolnaftate,Vitamin_A_palmitate,GRAS_IIG,0.432
Vitamin E,Indomethacin,APPROVED_DRUGBANK,0.432
Allylestrenol,Candesartan,APPROVED_DRUGBANK,0.43
Alverine,Vitamin_A_palmitate,GRAS_IIG,0.43
Amodiaquine,Glycocholic_acid,GRAS_IIG,0.43
Amoxapine,Vitamin_A_palmitate,GRAS_IIG,0.43
Benzphetamine,Candesartan,APPROVED_DRUGBANK,0.43
Colestipol,Indomethacin,APPROVED_DRUGBANK,0.43
Dienestrol,SODIUM_DESOXYCHOLATE,GRAS_IIG,0.43
Dimetindene,Candesartan,APPROVED_DRUGBANK,0.43
Dydrogesterone,Candesartan,APPROVED_DRUGBANK,0.43
Florbetapir (18F),Candesartan,APPROVED_DRUGBANK,0.43
Gadopentetate dimeglumine,Vitamin_A_palmitate,GRAS_IIG,0.43
Isothipendyl,Glycocholic_acid,GRAS_IIG,0.43
Mitotane,Candesartan,APPROVED_DRUGBANK,0.43
Nelfinavir,Diclofenamide,APPROVED_DRUGBANK,0.43
Nelfinavir,Diflunisal,APPROVED_DRUGBANK,0.43
Nelfinavir,Dimetotiazine,APPROVED_DRUGBANK,0.43
Nelfinavir,Disopyramide,APPROVED_DRUGBANK,0.43
Nelfinavir,Fosinopril,APPROVED_DRUGBANK,0.43
Nelfinavir,Imiquimod,APPROVED_DRUGBANK,0.43
Nelfinavir,Methamphetamine,APPROVED_DRUGBANK,0.43
Nelfinavir,Nateglinide,APPROVED_DRUGBANK,0.43
Nelfinavir,Quinethazone,APPROVED_DRUGBANK,0.43
Oxtriphylline,Candesartan,APPROVED_DRUGBANK,0.43
Pancuronium,Candesartan,APPROVED_DRUGBANK,0.43
Prednicarbate,Candesartan,APPROVED_DRUGBANK,0.43
Protriptyline,Glycocholic_acid,GRAS_IIG,0.43
Quinagolide,Candesartan,APPROVED_DRUGBANK,0.43
Quinestrol,Candesartan,APPROVED_DRUGBANK,0.43
Romidepsin,Vitamin_A_palmitate,GRAS_IIG,0.43
Sapropterin,Candesartan,APPROVED_DRUGBANK,0.43
Sertraline,Glycocholic_acid,GRAS_IIG,0.43
Sodium Tetradecyl Sulfate,Candesartan,APPROVED_DRUGBANK,0.43
Testosterone,Indomethacin,APPROVED_DRUGBANK,0.43
Tobramycin,Indomethacin,APPROVED_DRUGBANK,0.43
Trazodone,Indomethacin,APPROVED_DRUGBANK,0.43
Vismodegib,Glycocholic_acid,GRAS_IIG,0.43
Ziprasidone,Indomethacin,APPROVED_DRUGBANK,0.43
Amodiaquine,SODIUM_DESOXYCHOLATE,GRAS_IIG,0.428
Azathioprine,Candesartan,APPROVED_DRUGBANK,0.428
Bromhexine,Glycocholic_acid,GRAS_IIG,0.428
Carbachol,Vitamin_A_palmitate,GRAS_IIG,0.428
Cefmetazole,Indomethacin,APPROVED_DRUGBANK,0.428
Cefoxitin,Indomethacin,APPROVED_DRUGBANK,0.428
Cefpodoxime,Candesartan,APPROVED_DRUGBANK,0.428
Clofazimine,Candesartan,APPROVED_DRUGBANK,0.428
Clozapine,Candesartan,APPROVED_DRUGBANK,0.428
Dienestrol,Candesartan,APPROVED_DRUGBANK,0.428
Diphenidol,Candesartan,APPROVED_DRUGBANK,0.428
Domperidone,Indomethacin,APPROVED_DRUGBANK,0.428
Fludiazepam,Candesartan,APPROVED_DRUGBANK,0.428
Haloprogin,Glycocholic_acid,GRAS_IIG,0.428
Haloprogin,SODIUM_DESOXYCHOLATE,GRAS_IIG,0.428
Hemin,Vitamin_A_palmitate,GRAS_IIG,0.428
Icosapent ethyl,Candesartan,APPROVED_DRUGBANK,0.428
Iohexol,Glycocholic_acid,GRAS_IIG,0.428
Isothipendyl,Indomethacin,APPROVED_DRUGBANK,0.428
Mangafodipir,Glycocholic_acid,GRAS_IIG,0.428
Masoprocol,Candesartan,APPROVED_DRUGBANK,0.428
Mequitazine,Candesartan,APPROVED_DRUGBANK,0.428
Minocycline,Indomethacin,APPROVED_DRUGBANK,0.428
Montelukast,Candesartan,APPROVED_DRUGBANK,0.428
Nelfinavir,Glipizide,APPROVED_DRUGBANK,0.428
Nelfinavir,Mitiglinide,APPROVED_DRUGBANK,0.428
Nelfinavir,Pirlindole,APPROVED_DRUGBANK,0.428
Nelfinavir,Praziquantel,APPROVED_DRUGBANK,0.428
Norgestimate,Vitamin_A_palmitate,GRAS_IIG,0.428
Pipecuronium,Candesartan,APPROVED_DRUGBANK,0.428
Promethazine,Indomethacin,APPROVED_DRUGBANK,0.428
Rimexolone,Candesartan,APPROVED_DRUGBANK,0.428
Vitamin E,Candesartan,APPROVED_DRUGBANK,0.428
Allylestrenol,Indomethacin,APPROVED_DRUGBANK,0.426
Aluminium,Glycocholic_acid,GRAS_IIG,0.426
Ammonia N-13,SODIUM_DESOXYCHOLATE,GRAS_IIG,0.426
Atazanavir,Candesartan,APPROVED_DRUGBANK,0.426
Atorvastatin,Indomethacin,APPROVED_DRUGBANK,0.426
Avobenzone,Vitamin_A_palmitate,GRAS_IIG,0.426
Brompheniramine,Vitamin_A_palmitate,GRAS_IIG,0.426
Calcium carbimide,SODIUM_DESOXYCHOLATE,GRAS_IIG,0.426
Carboplatin,Candesartan,APPROVED_DRUGBANK,0.426
Carprofen,Glycocholic_acid,GRAS_IIG,0.426
Cefixime,Indomethacin,APPROVED_DRUGBANK,0.426
Ceftizoxime,Candesartan,APPROVED_DRUGBANK,0.426
Ceritinib,Vitamin_A_palmitate,GRAS_IIG,0.426
Cloperastine,Vitamin_A_palmitate,GRAS_IIG,0.426
Cyproheptadine,Candesartan,APPROVED_DRUGBANK,0.426
Cyproterone acetate,Indomethacin,APPROVED_DRUGBANK,0.426
Dabrafenib,Indomethacin,APPROVED_DRUGBANK,0.426
Dapiprazole,Candesartan,APPROVED_DRUGBANK,0.426
Deferasirox,Vitamin_A_palmitate,GRAS_IIG,0.426
Dexbrompheniramine,Vitamin_A_palmitate,GRAS_IIG,0.426
Diethylstilbestrol,Candesartan,APPROVED_DRUGBANK,0.426
Droxidopa,Candesartan,APPROVED_DRUGBANK,0.426
Eprazinone,Indomethacin,APPROVED_DRUGBANK,0.426
Exemestane,Candesartan,APPROVED_DRUGBANK,0.426
Ferric Citrate,Glycocholic_acid,GRAS_IIG,0.426
Fluticasone Propionate,Indomethacin,APPROVED_DRUGBANK,0.426
Helium,SODIUM_DESOXYCHOLATE,GRAS_IIG,0.426
Icosapent,Candesartan,APPROVED_DRUGBANK,0.426
Iopodic acid,Candesartan,APPROVED_DRUGBANK,0.426
Levonorgestrel,Indomethacin,APPROVED_DRUGBANK,0.426
Luliconazole,Candesartan,APPROVED_DRUGBANK,0.426
Magnesium salicylate,Candesartan,APPROVED_DRUGBANK,0.426
Medroxyprogesterone acetate,Candesartan,APPROVED_DRUGBANK,0.426
Mifepristone,Indomethacin,APPROVED_DRUGBANK,0.426
Nelfinavir,Amifostine,APPROVED_DRUGBANK,0.426
Nelfinavir,Clocapramine,APPROVED_DRUGBANK,0.426
Nelfinavir,Fenproporex,APPROVED_DRUGBANK,0.426
Nelfinavir,Nitroxoline,APPROVED_DRUGBANK,0.426
Nelfinavir,SODIUM_XYLENESULFONATE,GRAS_IIG,0.426
Perampanel,Vitamin_A_palmitate,GRAS_IIG,0.426
Potassium Citrate,Glycocholic_acid,GRAS_IIG,0.426
Prednicarbate,Vitamin_A_palmitate,GRAS_IIG,0.426
Regadenoson,Indomethacin,APPROVED_DRUGBANK,0.426
Sertaconazole,LEVOMENTHOL,GRAS_IIG,0.426
Sertaconazole,"MENTHOL,_UNSPECIFIED_FORM",GRAS_IIG,0.426
Sertaconazole,Menthol,APPROVED_DRUGBANK,0.426
Sodium Citrate,Glycocholic_acid,GRAS_IIG,0.426
Sucroferric Oxyhydroxide,Candesartan,APPROVED_DRUGBANK,0.426
Tetracycline,Indomethacin,APPROVED_DRUGBANK,0.426
Triprolidine,Candesartan,APPROVED_DRUGBANK,0.426
Trisalicylate-choline,Candesartan,APPROVED_DRUGBANK,0.426
Acarbose,Vitamin_A_palmitate,GRAS_IIG,0.424
Aluminum hydroxide,SODIUM_DESOXYCHOLATE,GRAS_IIG,0.424
Amfecloral,Glycocholic_acid,GRAS_IIG,0.424
Atomoxetine,Candesartan,APPROVED_DRUGBANK,0.424
Bepridil,Candesartan,APPROVED_DRUGBANK,0.424
Bexarotene,Candesartan,APPROVED_DRUGBANK,0.424
Cabergoline,Candesartan,APPROVED_DRUGBANK,0.424
Ceftazidime,Indomethacin,APPROVED_DRUGBANK,0.424
Celecoxib,Candesartan,APPROVED_DRUGBANK,0.424
Chloropyramine,Vitamin_A_palmitate,GRAS_IIG,0.424
Chlorprothixene,Candesartan,APPROVED_DRUGBANK,0.424
Chlortetracycline,Vitamin_A_palmitate,GRAS_IIG,0.424
Demeclocycline,Vitamin_A_palmitate,GRAS_IIG,0.424
Dihomo-gamma-linolenic acid,Candesartan,APPROVED_DRUGBANK,0.424
Duloxetine,Candesartan,APPROVED_DRUGBANK,0.424
Eletriptan,Vitamin_A_palmitate,GRAS_IIG,0.424
Etonogestrel,Candesartan,APPROVED_DRUGBANK,0.424
Fenofibrate,Candesartan,APPROVED_DRUGBANK,0.424
Fenofibrate,Glycocholic_acid,GRAS_IIG,0.424
Flurandrenolide,Vitamin_A_palmitate,GRAS_IIG,0.424
Ibutilide,Glycocholic_acid,GRAS_IIG,0.424
Iopromide,Candesartan,APPROVED_DRUGBANK,0.424
Iron,SODIUM_DESOXYCHOLATE,GRAS_IIG,0.424
Levallorphan,Glycocholic_acid,GRAS_IIG,0.424
Levonordefrin,Glycocholic_acid,GRAS_IIG,0.424
Lindane,Glycocholic_acid,GRAS_IIG,0.424
Lithium,SODIUM_DESOXYCHOLATE,GRAS_IIG,0.424
Manganese,SODIUM_DESOXYCHOLATE,GRAS_IIG,0.424
Megestrol acetate,Candesartan,APPROVED_DRUGBANK,0.424
Metixene,Indomethacin,APPROVED_DRUGBANK,0.424
Nelfinavir,D&C_RED_NO._17,GRAS_IIG,0.424
Nelfinavir,Dabrafenib,APPROVED_DRUGBANK,0.424
Nelfinavir,Dolutegravir,APPROVED_DRUGBANK,0.424
Nelfinavir,Enalapril,APPROVED_DRUGBANK,0.424
Nelfinavir,FD&C_YELLOW_NO._6-ALUMINUM_LAKE,GRAS_IIG,0.424
Nelfinavir,Ketamine,APPROVED_DRUGBANK,0.424
Nelfinavir,Polythiazide,APPROVED_DRUGBANK,0.424
Nelfinavir,Regorafenib,APPROVED_DRUGBANK,0.424
Nisoldipine,Indomethacin,APPROVED_DRUGBANK,0.424
Norelgestromin,Indomethacin,APPROVED_DRUGBANK,0.424
Pancuronium,Indomethacin,APPROVED_DRUGBANK,0.424
Perospirone,Vitamin_A_palmitate,GRAS_IIG,0.424
Prussian blue,SODIUM_DESOXYCHOLATE,GRAS_IIG,0.424
Selexipag,Indomethacin,APPROVED_DRUGBANK,0.424
Sodium Iodide I-131,SODIUM_DESOXYCHOLATE,GRAS_IIG,0.424
Sodium fluoride,SODIUM_DESOXYCHOLATE,GRAS_IIG,0.424
Sorafenib,"1,2,6-HEXANETRIOL",GRAS_IIG,0.424
Tegafur-uracil,Indomethacin,APPROVED_DRUGBANK,0.424
Telaprevir,Vitamin_A_palmitate,GRAS_IIG,0.424
Tiagabine,Candesartan,APPROVED_DRUGBANK,0.424
Ticlopidine,Candesartan,APPROVED_DRUGBANK,0.424
Vismodegib,SODIUM_DESOXYCHOLATE,GRAS_IIG,0.424
Zinc,SODIUM_DESOXYCHOLATE,GRAS_IIG,0.424
Amfecloral,Candesartan,APPROVED_DRUGBANK,0.422
Aminophylline,Vitamin_A_palmitate,GRAS_IIG,0.422
Ammonia N-13,Glycocholic_acid,GRAS_IIG,0.422
Bedaquiline,Indomethacin,APPROVED_DRUGBANK,0.422
Boceprevir,Indomethacin,APPROVED_DRUGBANK,0.422
Carbachol,Candesartan,APPROVED_DRUGBANK,0.422
Cefepime,Indomethacin,APPROVED_DRUGBANK,0.422
Cefotetan,Indomethacin,APPROVED_DRUGBANK,0.422
Copper,SODIUM_DESOXYCHOLATE,GRAS_IIG,0.422
Difluprednate,Indomethacin,APPROVED_DRUGBANK,0.422
Dimetotiazine,Candesartan,APPROVED_DRUGBANK,0.422
Dobutamine,Candesartan,APPROVED_DRUGBANK,0.422
Domperidone,Vitamin_A_palmitate,GRAS_IIG,0.422
Ertapenem,Vitamin_A_palmitate,GRAS_IIG,0.422
Estrone,Vitamin_A_acetate,GRAS_IIG,0.422
Fexofenadine,Vitamin_A_palmitate,GRAS_IIG,0.422
Fimasartan,Indomethacin,APPROVED_DRUGBANK,0.422
Forasartan,Indomethacin,APPROVED_DRUGBANK,0.422
Indinavir,Candesartan,APPROVED_DRUGBANK,0.422
Iodixanol,Glycocholic_acid,GRAS_IIG,0.422
Iohexol,SODIUM_DESOXYCHOLATE,GRAS_IIG,0.422
Iopanoic acid,Candesartan,APPROVED_DRUGBANK,0.422
Iopromide,Vitamin_A_palmitate,GRAS_IIG,0.422
Ioxilan,Glycocholic_acid,GRAS_IIG,0.422
Ioxilan,SODIUM_DESOXYCHOLATE,GRAS_IIG,0.422
Lindane,SODIUM_DESOXYCHOLATE,GRAS_IIG,0.422
Lobeglitazone,Vitamin_A_palmitate,GRAS_IIG,0.422
Lornoxicam,Vitamin_A_palmitate,GRAS_IIG,0.422
Magnesium hydroxide,SODIUM_DESOXYCHOLATE,GRAS_IIG,0.422
Mangafodipir,Candesartan,APPROVED_DRUGBANK,0.422
Metixene,Vitamin_A_palmitate,GRAS_IIG,0.422
Naftifine,Candesartan,APPROVED_DRUGBANK,0.422
Nelfinavir,Betahistine,APPROVED_DRUGBANK,0.422
Nelfinavir,Furosemide,APPROVED_DRUGBANK,0.422
Nonoxynol-9,Vitamin_A_palmitate,GRAS_IIG,0.422
Orlistat,Vitamin_A_palmitate,GRAS_IIG,0.422
Paromomycin,Indomethacin,APPROVED_DRUGBANK,0.422
Polythiazide,Candesartan,APPROVED_DRUGBANK,0.422
Polythiazide,Glycocholic_acid,GRAS_IIG,0.422
Potassium Chloride,Glycocholic_acid,GRAS_IIG,0.422
Sodium Chloride,Glycocholic_acid,GRAS_IIG,0.422
Sodium phenylbutyrate,Vitamin_A_palmitate,GRAS_IIG,0.422
Stanozolol,Candesartan,APPROVED_DRUGBANK,0.422
Tazarotene,Vitamin_A_palmitate,GRAS_IIG,0.422
Thallous Chloride,Glycocholic_acid,GRAS_IIG,0.422
Thimerosal,Vitamin_A_palmitate,GRAS_IIG,0.422
Triazolam,Vitamin_A_palmitate,GRAS_IIG,0.422
Trisodium citrate dihydrate,Glycocholic_acid,GRAS_IIG,0.422
Xanthophyll,Candesartan,APPROVED_DRUGBANK,0.422
Zaltoprofen,Vitamin_A_palmitate,GRAS_IIG,0.422
Aluminum hydroxide,Glycocholic_acid,GRAS_IIG,0.42
Amoxapine,Glycocholic_acid,GRAS_IIG,0.42
Bisoxatin,Candesartan,APPROVED_DRUGBANK,0.42
Calcium Chloride,Glycocholic_acid,GRAS_IIG,0.42
Calcium Gluceptate,Candesartan,APPROVED_DRUGBANK,0.42
Carbidopa,Candesartan,APPROVED_DRUGBANK,0.42
Ceftibuten,Vitamin_A_palmitate,GRAS_IIG,0.42
Cephaloridine,Vitamin_A_palmitate,GRAS_IIG,0.42
Ceritinib,Candesartan,APPROVED_DRUGBANK,0.42
Chlorothiazide,Candesartan,APPROVED_DRUGBANK,0.42
Cilostazol,Vitamin_A_palmitate,GRAS_IIG,0.42
Cinacalcet,SODIUM_DESOXYCHOLATE,GRAS_IIG,0.42
Cloxazolam,Indomethacin,APPROVED_DRUGBANK,0.42
Copper,Glycocholic_acid,GRAS_IIG,0.42
Cyproterone acetate,Candesartan,APPROVED_DRUGBANK,0.42
Diclofenac,Candesartan,APPROVED_DRUGBANK,0.42
Dosulepin,Candesartan,APPROVED_DRUGBANK,0.42
Econazole,Desonide,APPROVED_DRUGBANK,0.42
Efavirenz,Candesartan,APPROVED_DRUGBANK,0.42
Equilin,Vitamin_A_acetate,GRAS_IIG,0.42
Estrone,Candesartan,APPROVED_DRUGBANK,0.42
Fenoprofen,Glycocholic_acid,GRAS_IIG,0.42
Florbetaben (18F),Vitamin_A_palmitate,GRAS_IIG,0.42
Fluorometholone,Indomethacin,APPROVED_DRUGBANK,0.42
Fosaprepitant,Vitamin_A_palmitate,GRAS_IIG,0.42
Gadobenic acid,Indomethacin,APPROVED_DRUGBANK,0.42
Gadopentetate dimeglumine,Candesartan,APPROVED_DRUGBANK,0.42
Helium,Glycocholic_acid,GRAS_IIG,0.42
Hexafluronium,Glycocholic_acid,GRAS_IIG,0.42
Ibutilide,SODIUM_DESOXYCHOLATE,GRAS_IIG,0.42
Ioxaglic acid,Glycocholic_acid,GRAS_IIG,0.42
Ioxaglic acid,SODIUM_DESOXYCHOLATE,GRAS_IIG,0.42
Iron,Glycocholic_acid,GRAS_IIG,0.42
Kappadione,Vitamin_A_palmitate,GRAS_IIG,0.42
Latanoprost,Vitamin_A_palmitate,GRAS_IIG,0.42
Levomethadyl Acetate,Vitamin_A_palmitate,GRAS_IIG,0.42
Lithium,Glycocholic_acid,GRAS_IIG,0.42
Lorpiprazole,Indomethacin,APPROVED_DRUGBANK,0.42
Manganese,Glycocholic_acid,GRAS_IIG,0.42
Medrysone,Candesartan,APPROVED_DRUGBANK,0.42
Mesoridazine,Tannic_acid_(hydrolyzable_gallotannins),GRAS_IIG,0.42
Methadyl Acetate,Vitamin_A_palmitate,GRAS_IIG,0.42
Nelfinavir,Daclatasvir,APPROVED_DRUGBANK,0.42
Nelfinavir,Isoprenaline,APPROVED_DRUGBANK,0.42
Nelfinavir,Sulfacetamide,APPROVED_DRUGBANK,0.42
Niclosamide,Candesartan,APPROVED_DRUGBANK,0.42
Pantoprazole,Candesartan,APPROVED_DRUGBANK,0.42
Potassium Iodide,SODIUM_DESOXYCHOLATE,GRAS_IIG,0.42
Prasugrel,Indomethacin,APPROVED_DRUGBANK,0.42
Quinidine barbiturate,Indomethacin,APPROVED_DRUGBANK,0.42
Sertraline,SODIUM_DESOXYCHOLATE,GRAS_IIG,0.42
Sodium Iodide I-131,Glycocholic_acid,GRAS_IIG,0.42
Sodium acetate,SODIUM_DESOXYCHOLATE,GRAS_IIG,0.42
Sodium fluoride,Glycocholic_acid,GRAS_IIG,0.42
Tazarotene,Candesartan,APPROVED_DRUGBANK,0.42
Thioridazine,Glycocholic_acid,GRAS_IIG,0.42
Triamcinolone,Candesartan,APPROVED_DRUGBANK,0.42
Trihexyphenidyl,Candesartan,APPROVED_DRUGBANK,0.42
Trimethaphan,Indomethacin,APPROVED_DRUGBANK,0.42
Zinc,Glycocholic_acid,GRAS_IIG,0.42
Adenosine triphosphate,Indomethacin,APPROVED_DRUGBANK,0.418
Alpha-Linolenic Acid,Candesartan,APPROVED_DRUGBANK,0.418
Aluminium,SODIUM_DESOXYCHOLATE,GRAS_IIG,0.418
Amitriptyline,Glycocholic_acid,GRAS_IIG,0.418
Amsacrine,Candesartan,APPROVED_DRUGBANK,0.418
Benzathine benzylpenicillin,Indomethacin,APPROVED_DRUGBANK,0.418
Benzthiazide,Indomethacin,APPROVED_DRUGBANK,0.418
Calcium Acetate,SODIUM_DESOXYCHOLATE,GRAS_IIG,0.418
Cinacalcet,Vitamin_A_palmitate,GRAS_IIG,0.418
Duloxetine,Vitamin_A_palmitate,GRAS_IIG,0.418
Homatropine Methylbromide,Vitamin_A_palmitate,GRAS_IIG,0.418
Levomethadyl Acetate,Candesartan,APPROVED_DRUGBANK,0.418
Methadyl Acetate,Candesartan,APPROVED_DRUGBANK,0.418
Nelfinavir,Benazepril,APPROVED_DRUGBANK,0.418
Nelfinavir,Colestipol,APPROVED_DRUGBANK,0.418
Nelfinavir,Picosulfuric acid,APPROVED_DRUGBANK,0.418
Oxymetholone,Candesartan,APPROVED_DRUGBANK,0.418
Phenoxybenzamine,Vitamin_A_palmitate,GRAS_IIG,0.418
Plicamycin,Vitamin_A_palmitate,GRAS_IIG,0.418
Prasugrel,Candesartan,APPROVED_DRUGBANK,0.418
Propofol,Glycocholic_acid,GRAS_IIG,0.418
Ribostamycin,Candesartan,APPROVED_DRUGBANK,0.418
Rotigotine,Indomethacin,APPROVED_DRUGBANK,0.418
Sitaxentan,Candesartan,APPROVED_DRUGBANK,0.418
Suramin,Candesartan,APPROVED_DRUGBANK,0.418
Technetium Tc-99m sodium pertechnetate,SODIUM_DESOXYCHOLATE,GRAS_IIG,0.418
Telaprevir,Indomethacin,APPROVED_DRUGBANK,0.418
Testosterone Propionate,Candesartan,APPROVED_DRUGBANK,0.418
Trametinib,Vitamin_A_palmitate,GRAS_IIG,0.418
Trazodone,Vitamin_A_palmitate,GRAS_IIG,0.418
Umeclidinium,Vitamin_A_palmitate,GRAS_IIG,0.418
Xenon-133,SODIUM_DESOXYCHOLATE,GRAS_IIG,0.418
Alendronic acid,Glycocholic_acid,GRAS_IIG,0.416
Almitrine,Candesartan,APPROVED_DRUGBANK,0.416
Atomoxetine,Vitamin_A_palmitate,GRAS_IIG,0.416
Balsalazide,Indomethacin,APPROVED_DRUGBANK,0.416
Carbidopa,Vitamin_A_palmitate,GRAS_IIG,0.416
Chlorhexidine,Candesartan,APPROVED_DRUGBANK,0.416
Chlorothiazide,SODIUM_DESOXYCHOLATE,GRAS_IIG,0.416
Cinnarizine,Candesartan,APPROVED_DRUGBANK,0.416
Citalopram,Indomethacin,APPROVED_DRUGBANK,0.416
Clobazam,Vitamin_A_palmitate,GRAS_IIG,0.416
Clomocycline,Indomethacin,APPROVED_DRUGBANK,0.416
Desloratadine,SODIUM_DESOXYCHOLATE,GRAS_IIG,0.416
Dextropropoxyphene,Vitamin_A_palmitate,GRAS_IIG,0.416
Dihomo-gamma-linolenic acid,Glycocholic_acid,GRAS_IIG,0.416
Diiodohydroxyquinoline,Candesartan,APPROVED_DRUGBANK,0.416
Dosulepin,Glycocholic_acid,GRAS_IIG,0.416
Doxercalciferol,Glycocholic_acid,GRAS_IIG,0.416
Drostanolone,Candesartan,APPROVED_DRUGBANK,0.416
Equilin,SODIUM_DESOXYCHOLATE,GRAS_IIG,0.416
Escitalopram,Indomethacin,APPROVED_DRUGBANK,0.416
Estazolam,Candesartan,APPROVED_DRUGBANK,0.416
Felodipine,Candesartan,APPROVED_DRUGBANK,0.416
Halazepam,Candesartan,APPROVED_DRUGBANK,0.416
Histamine Phosphate,Candesartan,APPROVED_DRUGBANK,0.416
Iodixanol,SODIUM_DESOXYCHOLATE,GRAS_IIG,0.416
Ioxilan,Candesartan,APPROVED_DRUGBANK,0.416
Ipratropium bromide,Candesartan,APPROVED_DRUGBANK,0.416
Isoaminile,Vitamin_A_palmitate,GRAS_IIG,0.416
Lercanidipine,Candesartan,APPROVED_DRUGBANK,0.416
Levopropoxyphene,Vitamin_A_palmitate,GRAS_IIG,0.416
Lorpiprazole,Candesartan,APPROVED_DRUGBANK,0.416
Methacycline,Indomethacin,APPROVED_DRUGBANK,0.416
Methyltestosterone,Candesartan,APPROVED_DRUGBANK,0.416
Nelfinavir,ARGININE,GRAS_IIG,0.416
Nelfinavir,Bisacodyl,APPROVED_DRUGBANK,0.416
Nelfinavir,Bortezomib,APPROVED_DRUGBANK,0.416
Nelfinavir,METHYLPYRROLIDONE,GRAS_IIG,0.416
Nelfinavir,Methacholine,APPROVED_DRUGBANK,0.416
Nelfinavir,Metixene,APPROVED_DRUGBANK,0.416
Nelfinavir,Mirtazapine,APPROVED_DRUGBANK,0.416
Nelfinavir,Repaglinide,APPROVED_DRUGBANK,0.416
Nelfinavir,Thioproperazine,APPROVED_DRUGBANK,0.416
Nelfinavir,Tofacitinib,APPROVED_DRUGBANK,0.416
Ombitasvir,Vitamin_A_palmitate,GRAS_IIG,0.416
Permethrin,Candesartan,APPROVED_DRUGBANK,0.416
Pimecrolimus,Vitamin_A_palmitate,GRAS_IIG,0.416
Protriptyline,SODIUM_DESOXYCHOLATE,GRAS_IIG,0.416
Remikiren,Vitamin_A_palmitate,GRAS_IIG,0.416
Riboflavin,Candesartan,APPROVED_DRUGBANK,0.416
Ruxolitinib,Indomethacin,APPROVED_DRUGBANK,0.416
Technetium Tc-99m sodium pertechnetate,Glycocholic_acid,GRAS_IIG,0.416
Ticlopidine,Glycocholic_acid,GRAS_IIG,0.416
Tizanidine,Glycocholic_acid,GRAS_IIG,0.416
Acenocoumarol,Vitamin_A_palmitate,GRAS_IIG,0.414
Alimemazine,Indomethacin,APPROVED_DRUGBANK,0.414
Alverine,Glycocholic_acid,GRAS_IIG,0.414
Balsalazide,Vitamin_A_palmitate,GRAS_IIG,0.414
Benzatropine,Candesartan,APPROVED_DRUGBANK,0.414
Bifonazole,Candesartan,APPROVED_DRUGBANK,0.414
Calcitriol,Glycocholic_acid,GRAS_IIG,0.414
Calcium carbimide,Vitamin_A_acetate,GRAS_IIG,0.414
Captodiame,Vitamin_A_palmitate,GRAS_IIG,0.414
Carbidopa,SODIUM_DESOXYCHOLATE,GRAS_IIG,0.414
Cefotaxime,Candesartan,APPROVED_DRUGBANK,0.414
Chromic chloride,Glycocholic_acid,GRAS_IIG,0.414
Cinacalcet,Glycocholic_acid,GRAS_IIG,0.414
Cinalukast,Vitamin_A_palmitate,GRAS_IIG,0.414
Clevidipine,Candesartan,APPROVED_DRUGBANK,0.414
Dimetotiazine,Glycocholic_acid,GRAS_IIG,0.414
Dinoprost Tromethamine,Candesartan,APPROVED_DRUGBANK,0.414
Dipotassium phosphate,Vitamin_A_acetate,GRAS_IIG,0.414
Disodium phosphate,Vitamin_A_acetate,GRAS_IIG,0.414
Doxycycline,Indomethacin,APPROVED_DRUGBANK,0.414
Dydrogesterone,Glycocholic_acid,GRAS_IIG,0.414
Edoxaban,Candesartan,APPROVED_DRUGBANK,0.414
Eprosartan,Indomethacin,APPROVED_DRUGBANK,0.414
Ergocalciferol,Candesartan,APPROVED_DRUGBANK,0.414
Erythromycin,Vitamin_A_palmitate,GRAS_IIG,0.414
Ezogabine,Candesartan,APPROVED_DRUGBANK,0.414
Fenoldopam,Glycocholic_acid,GRAS_IIG,0.414
Fimasartan,Vitamin_A_palmitate,GRAS_IIG,0.414
Framycetin,Candesartan,APPROVED_DRUGBANK,0.414
Gadofosveset trisodium,Indomethacin,APPROVED_DRUGBANK,0.414
Gadopentetate dimeglumine,Glycocholic_acid,GRAS_IIG,0.414
Glycerol Phenylbutyrate,Indomethacin,APPROVED_DRUGBANK,0.414
Idarubicin,Indomethacin,APPROVED_DRUGBANK,0.414
Ioversol,Candesartan,APPROVED_DRUGBANK,0.414
Magnesium hydroxide,Glycocholic_acid,GRAS_IIG,0.414
Medrogestone,Candesartan,APPROVED_DRUGBANK,0.414
Mequitazine,Glycocholic_acid,GRAS_IIG,0.414
Nelfinavir,Darifenacin,APPROVED_DRUGBANK,0.414
Nelfinavir,Mepivacaine,APPROVED_DRUGBANK,0.414
Nelfinavir,Nicotine,APPROVED_DRUGBANK,0.414
Nelfinavir,O-TOLYL_BIGUANIDE,GRAS_IIG,0.414
Nelfinavir,Orciprenaline,APPROVED_DRUGBANK,0.414
Nelfinavir,Vismodegib,APPROVED_DRUGBANK,0.414
Neomycin,Candesartan,APPROVED_DRUGBANK,0.414
Nilotinib,Candesartan,APPROVED_DRUGBANK,0.414
Olopatadine,Vitamin_A_palmitate,GRAS_IIG,0.414
Phosphatidyl serine,Candesartan,APPROVED_DRUGBANK,0.414
Potassium Iodide,Glycocholic_acid,GRAS_IIG,0.414
Potassium alum,SODIUM_DESOXYCHOLATE,GRAS_IIG,0.414
Prazepam,Vitamin_A_palmitate,GRAS_IIG,0.414
Rotigotine,Glycocholic_acid,GRAS_IIG,0.414
Ruxolitinib,Candesartan,APPROVED_DRUGBANK,0.414
Sodium Nitrite,SODIUM_DESOXYCHOLATE,GRAS_IIG,0.414
Sodium sulfate,SODIUM_DESOXYCHOLATE,GRAS_IIG,0.414
Spironolactone,Candesartan,APPROVED_DRUGBANK,0.414
Talniflumate,Vitamin_A_palmitate,GRAS_IIG,0.414
Thiothixene,Indomethacin,APPROVED_DRUGBANK,0.414
Thiothixene,Vitamin_A_palmitate,GRAS_IIG,0.414
Tigecycline,Indomethacin,APPROVED_DRUGBANK,0.414
Tizanidine,SODIUM_DESOXYCHOLATE,GRAS_IIG,0.414
Trichlormethiazide,Candesartan,APPROVED_DRUGBANK,0.414
Zanamivir,Vitamin_A_palmitate,GRAS_IIG,0.414
Zinc sulfate,SODIUM_DESOXYCHOLATE,GRAS_IIG,0.414
Ammonia N-13,Vitamin_A_acetate,GRAS_IIG,0.412
Amodiaquine,Candesartan,APPROVED_DRUGBANK,0.412
Atovaquone,DIETHYLHEXYL_PHTHALATE_**See_CDER_Guidance:_Limiting_the_Use_of_Certain_Phthalates_as_Excipients_in_CDER-Regulated_Products,GRAS_IIG,0.412
Azelnidipine,Indomethacin,APPROVED_DRUGBANK,0.412
Buspirone,Candesartan,APPROVED_DRUGBANK,0.412
Calcipotriol,Candesartan,APPROVED_DRUGBANK,0.412
Calcium carbimide,Glycocholic_acid,GRAS_IIG,0.412
Calcium carbonate,Glycocholic_acid,GRAS_IIG,0.412
Calcium carbonate,SODIUM_DESOXYCHOLATE,GRAS_IIG,0.412
Cannabidiol,Candesartan,APPROVED_DRUGBANK,0.412
Ceritinib,Indomethacin,APPROVED_DRUGBANK,0.412
Clocapramine,Candesartan,APPROVED_DRUGBANK,0.412
Conjugated Estrogens,Candesartan,APPROVED_DRUGBANK,0.412
Copper,Vitamin_A_acetate,GRAS_IIG,0.412
Deferoxamine,Candesartan,APPROVED_DRUGBANK,0.412
Demexiptiline,Candesartan,APPROVED_DRUGBANK,0.412
Dipotassium phosphate,Glycocholic_acid,GRAS_IIG,0.412
Disodium phosphate,Glycocholic_acid,GRAS_IIG,0.412
Docosanol,Vitamin_A_acetate,GRAS_IIG,0.412
Doripenem,Candesartan,APPROVED_DRUGBANK,0.412
Doxycycline,Vitamin_A_palmitate,GRAS_IIG,0.412
Dronabinol,Indomethacin,APPROVED_DRUGBANK,0.412
Ecabet,Glycocholic_acid,GRAS_IIG,0.412
Efavirenz,SODIUM_DESOXYCHOLATE,GRAS_IIG,0.412
Florbetaben (18F),Candesartan,APPROVED_DRUGBANK,0.412
Florbetapir (18F),Vitamin_A_palmitate,GRAS_IIG,0.412
Fluorometholone,Candesartan,APPROVED_DRUGBANK,0.412
Gadofosveset trisodium,Vitamin_A_palmitate,GRAS_IIG,0.412
Helium,Vitamin_A_acetate,GRAS_IIG,0.412
Hexoprenaline,Candesartan,APPROVED_DRUGBANK,0.412
Iron,Vitamin_A_acetate,GRAS_IIG,0.412
Isoaminile,Candesartan,APPROVED_DRUGBANK,0.412
Lithium,Vitamin_A_acetate,GRAS_IIG,0.412
Loxapine,Glycocholic_acid,GRAS_IIG,0.412
Magnesium Sulfate,SODIUM_DESOXYCHOLATE,GRAS_IIG,0.412
Manganese,Vitamin_A_acetate,GRAS_IIG,0.412
Methyltestosterone,Indomethacin,APPROVED_DRUGBANK,0.412
Midazolam,Candesartan,APPROVED_DRUGBANK,0.412
Minocycline,Candesartan,APPROVED_DRUGBANK,0.412
Natamycin,Vitamin_A_palmitate,GRAS_IIG,0.412
Nelfinavir,Bendroflumethiazide,APPROVED_DRUGBANK,0.412
Oleic Acid,Glycocholic_acid,GRAS_IIG,0.412
Ombitasvir,Candesartan,APPROVED_DRUGBANK,0.412
Progesterone,Candesartan,APPROVED_DRUGBANK,0.412
Pyrvinium,Candesartan,APPROVED_DRUGBANK,0.412
Rimonabant,Glycocholic_acid,GRAS_IIG,0.412
Romidepsin,Indomethacin,APPROVED_DRUGBANK,0.412
Sodium Iodide I-131,Vitamin_A_acetate,GRAS_IIG,0.412
Sodium Nitrite,Vitamin_A_acetate,GRAS_IIG,0.412
Sodium fluoride,Vitamin_A_acetate,GRAS_IIG,0.412
Sodium stibogluconate,Indomethacin,APPROVED_DRUGBANK,0.412
Spinosad,Vitamin_A_palmitate,GRAS_IIG,0.412
Sugammadex,Candesartan,APPROVED_DRUGBANK,0.412
Technetium Tc-99m sodium pertechnetate,Vitamin_A_acetate,GRAS_IIG,0.412
Tetracycline,Vitamin_A_palmitate,GRAS_IIG,0.412
Tobramycin,Candesartan,APPROVED_DRUGBANK,0.412
Tolterodine,Candesartan,APPROVED_DRUGBANK,0.412
Tolterodine,Vitamin_A_palmitate,GRAS_IIG,0.412
Xenon-133,Glycocholic_acid,GRAS_IIG,0.412
Zinc,Vitamin_A_acetate,GRAS_IIG,0.412
Acarbose,Indomethacin,APPROVED_DRUGBANK,0.41
Acetrizoic acid,SODIUM_DESOXYCHOLATE,GRAS_IIG,0.41
Alfacalcidol,Glycocholic_acid,GRAS_IIG,0.41
Aluminium,Vitamin_A_acetate,GRAS_IIG,0.41
Aluminum hydroxide,Vitamin_A_acetate,GRAS_IIG,0.41
Amcinonide,Candesartan,APPROVED_DRUGBANK,0.41
Ammonium lactate,Glycocholic_acid,GRAS_IIG,0.41
Bupranolol,Candesartan,APPROVED_DRUGBANK,0.41
Butenafine,Candesartan,APPROVED_DRUGBANK,0.41
Cefepime,Candesartan,APPROVED_DRUGBANK,0.41
Cinacalcet,Candesartan,APPROVED_DRUGBANK,0.41
Crizotinib,Vitamin_A_palmitate,GRAS_IIG,0.41
Dapiprazole,Vitamin_A_palmitate,GRAS_IIG,0.41
Diazepam,Vitamin_A_palmitate,GRAS_IIG,0.41
Digoxin,Vitamin_A_palmitate,GRAS_IIG,0.41
Dipotassium phosphate,SODIUM_DESOXYCHOLATE,GRAS_IIG,0.41
Disodium phosphate,SODIUM_DESOXYCHOLATE,GRAS_IIG,0.41
Ecamsule,Candesartan,APPROVED_DRUGBANK,0.41
Edoxaban,Indomethacin,APPROVED_DRUGBANK,0.41
Etacrynic acid,Glycocholic_acid,GRAS_IIG,0.41
Fluoxetine,Candesartan,APPROVED_DRUGBANK,0.41
Flurandrenolide,Indomethacin,APPROVED_DRUGBANK,0.41
Gallium nitrate,Vitamin_A_acetate,GRAS_IIG,0.41
Hydroxyprogesterone caproate,Candesartan,APPROVED_DRUGBANK,0.41
Levoleucovorin,Indomethacin,APPROVED_DRUGBANK,0.41
Levonordefrin,SODIUM_DESOXYCHOLATE,GRAS_IIG,0.41
Lodoxamide,SODIUM_DESOXYCHOLATE,GRAS_IIG,0.41
Losartan,Indomethacin,APPROVED_DRUGBANK,0.41
Mesna,Glycocholic_acid,GRAS_IIG,0.41
Methyl cellulose,Candesartan,APPROVED_DRUGBANK,0.41
Metrizamide,Candesartan,APPROVED_DRUGBANK,0.41
Monopotassium phosphate,Vitamin_A_acetate,GRAS_IIG,0.41
Nelfinavir,Eletriptan,APPROVED_DRUGBANK,0.41
Nelfinavir,L-Phenylalanine,APPROVED_DRUGBANK,0.41
Nelfinavir,PHENYLALANINE,GRAS_IIG,0.41
Nelfinavir,Sulfacytine,APPROVED_DRUGBANK,0.41
Nelfinavir,Thioridazine,APPROVED_DRUGBANK,0.41
Nelfinavir,Trandolapril,APPROVED_DRUGBANK,0.41
Olopatadine,Candesartan,APPROVED_DRUGBANK,0.41
Perospirone,Candesartan,APPROVED_DRUGBANK,0.41
Propofol,SODIUM_DESOXYCHOLATE,GRAS_IIG,0.41
Rotigotine,Candesartan,APPROVED_DRUGBANK,0.41
Sucralfate,Indomethacin,APPROVED_DRUGBANK,0.41
Technetium Tc 99m Oxidronate,Vitamin_A_acetate,GRAS_IIG,0.41
Technetium Tc-99m sestamibi,Glycocholic_acid,GRAS_IIG,0.41
Technetium Tc-99m sestamibi,SODIUM_DESOXYCHOLATE,GRAS_IIG,0.41
Telaprevir,Candesartan,APPROVED_DRUGBANK,0.41
Terbinafine,SODIUM_DESOXYCHOLATE,GRAS_IIG,0.41
Trametinib,Indomethacin,APPROVED_DRUGBANK,0.41
Travoprost,Vitamin_A_palmitate,GRAS_IIG,0.41
Triclosan,Candesartan,APPROVED_DRUGBANK,0.41
Vecuronium,Candesartan,APPROVED_DRUGBANK,0.41
Xenon-133,Vitamin_A_acetate,GRAS_IIG,0.41
Acetrizoic acid,Glycocholic_acid,GRAS_IIG,0.408
Acitretin,Candesartan,APPROVED_DRUGBANK,0.408
Alendronic acid,SODIUM_DESOXYCHOLATE,GRAS_IIG,0.408
Alprazolam,Candesartan,APPROVED_DRUGBANK,0.408
Aripiprazole,Indomethacin,APPROVED_DRUGBANK,0.408
Azelnidipine,Vitamin_A_palmitate,GRAS_IIG,0.408
Benzphetamine,Glycocholic_acid,GRAS_IIG,0.408
Butenafine,SODIUM_DESOXYCHOLATE,GRAS_IIG,0.408
Candoxatril,Vitamin_A_palmitate,GRAS_IIG,0.408
Ceftriaxone,Indomethacin,APPROVED_DRUGBANK,0.408
Cilnidipine,Indomethacin,APPROVED_DRUGBANK,0.408
Clotiazepam,Vitamin_A_palmitate,GRAS_IIG,0.408
Clotrimazole,Candesartan,APPROVED_DRUGBANK,0.408
Desloratadine,Candesartan,APPROVED_DRUGBANK,0.408
Dextropropoxyphene,Glycocholic_acid,GRAS_IIG,0.408
Dextrothyroxine,Candesartan,APPROVED_DRUGBANK,0.408
Diazepam,Candesartan,APPROVED_DRUGBANK,0.408
Drostanolone,Glycocholic_acid,GRAS_IIG,0.408
Econazole,Pantoprazole,APPROVED_DRUGBANK,0.408
Felodipine,Vitamin_A_palmitate,GRAS_IIG,0.408
Fulvestrant,Xanthophyll,APPROVED_DRUGBANK,0.408
Gallium nitrate,Glycocholic_acid,GRAS_IIG,0.408
Gallium nitrate,SODIUM_DESOXYCHOLATE,GRAS_IIG,0.408
Kanamycin,Candesartan,APPROVED_DRUGBANK,0.408
Lacidipine,Candesartan,APPROVED_DRUGBANK,0.408
Lanthanum carbonate,Glycocholic_acid,GRAS_IIG,0.408
Levopropoxyphene,Glycocholic_acid,GRAS_IIG,0.408
Levothyroxine,Candesartan,APPROVED_DRUGBANK,0.408
Lornoxicam,Glycocholic_acid,GRAS_IIG,0.408
Mefloquine,SODIUM_DESOXYCHOLATE,GRAS_IIG,0.408
Mequitazine,Vitamin_A_palmitate,GRAS_IIG,0.408
Mitoxantrone,Candesartan,APPROVED_DRUGBANK,0.408
Monopotassium phosphate,Glycocholic_acid,GRAS_IIG,0.408
Nebivolol,Candesartan,APPROVED_DRUGBANK,0.408
Nelfinavir,Chlorthalidone,APPROVED_DRUGBANK,0.408
Nelfinavir,Cyproheptadine,APPROVED_DRUGBANK,0.408
Nelfinavir,Ibrutinib,APPROVED_DRUGBANK,0.408
Ombitasvir,Indomethacin,APPROVED_DRUGBANK,0.408
Paromomycin,Candesartan,APPROVED_DRUGBANK,0.408
Phenindamine,Candesartan,APPROVED_DRUGBANK,0.408
Ponatinib,Indomethacin,APPROVED_DRUGBANK,0.408
Potassium alum,Glycocholic_acid,GRAS_IIG,0.408
Potassium alum,Vitamin_A_acetate,GRAS_IIG,0.408
Prochlorperazine,Taurocholic_acid,GRAS_IIG,0.408
Rimonabant,Vitamin_A_palmitate,GRAS_IIG,0.408
Ritonavir,Indomethacin,APPROVED_DRUGBANK,0.408
Roflumilast,Candesartan,APPROVED_DRUGBANK,0.408
Roflumilast,Vitamin_A_palmitate,GRAS_IIG,0.408
S-Adenosylmethionine,Indomethacin,APPROVED_DRUGBANK,0.408
Scopolamine butylbromide,Indomethacin,APPROVED_DRUGBANK,0.408
Sevelamer,Candesartan,APPROVED_DRUGBANK,0.408
Sodium Nitrite,Glycocholic_acid,GRAS_IIG,0.408
Sodium sulfate,Glycocholic_acid,GRAS_IIG,0.408
Sodium sulfate,Vitamin_A_acetate,GRAS_IIG,0.408
Technetium Tc 99m Oxidronate,Glycocholic_acid,GRAS_IIG,0.408
Tetrahydrofolic acid,Indomethacin,APPROVED_DRUGBANK,0.408
Trypan blue,Candesartan,APPROVED_DRUGBANK,0.408
Vitamin A,SODIUM_DESOXYCHOLATE,GRAS_IIG,0.408
Zinc sulfate,Glycocholic_acid,GRAS_IIG,0.408
Zinc sulfate,Vitamin_A_acetate,GRAS_IIG,0.408
Alendronic acid,Vitamin_A_acetate,GRAS_IIG,0.406
Amiloride,Glycocholic_acid,GRAS_IIG,0.406
Bupranolol,Vitamin_A_palmitate,GRAS_IIG,0.406
Calcipotriol,Glycocholic_acid,GRAS_IIG,0.406
Carbidopa,Glycocholic_acid,GRAS_IIG,0.406
Cefditoren,Indomethacin,APPROVED_DRUGBANK,0.406
Ceftazidime,Candesartan,APPROVED_DRUGBANK,0.406
Clocapramine,Indomethacin,APPROVED_DRUGBANK,0.406
Cyamemazine,Glycocholic_acid,GRAS_IIG,0.406
Dabigatran etexilate,Candesartan,APPROVED_DRUGBANK,0.406
Dabigatran etexilate,Indomethacin,APPROVED_DRUGBANK,0.406
Dicloxacillin,Vitamin_A_palmitate,GRAS_IIG,0.406
Diethylstilbestrol,SODIUM_DESOXYCHOLATE,GRAS_IIG,0.406
Doxepin,Glycocholic_acid,GRAS_IIG,0.406
Doxercalciferol,Candesartan,APPROVED_DRUGBANK,0.406
Drostanolone,Indomethacin,APPROVED_DRUGBANK,0.406
Eplerenone,Candesartan,APPROVED_DRUGBANK,0.406
Folic Acid,Indomethacin,APPROVED_DRUGBANK,0.406
Forasartan,Vitamin_A_palmitate,GRAS_IIG,0.406
Halazepam,Vitamin_A_palmitate,GRAS_IIG,0.406
Homatropine Methylbromide,Candesartan,APPROVED_DRUGBANK,0.406
Indacaterol,Candesartan,APPROVED_DRUGBANK,0.406
Lansoprazole,Candesartan,APPROVED_DRUGBANK,0.406
Luliconazole,Vitamin_A_palmitate,GRAS_IIG,0.406
Lumefantrine,Azilsartan medoxomil,APPROVED_DRUGBANK,0.406
Maprotiline,Glycocholic_acid,GRAS_IIG,0.406
Maprotiline,SODIUM_DESOXYCHOLATE,GRAS_IIG,0.406
Meclizine,Candesartan,APPROVED_DRUGBANK,0.406
Monopotassium phosphate,SODIUM_DESOXYCHOLATE,GRAS_IIG,0.406
Montelukast,Glycocholic_acid,GRAS_IIG,0.406
Nandrolone phenpropionate,Indomethacin,APPROVED_DRUGBANK,0.406
Nelfinavir,Epinastine,APPROVED_DRUGBANK,0.406
Nelfinavir,Eszopiclone,APPROVED_DRUGBANK,0.406
Nelfinavir,L-Arginine,APPROVED_DRUGBANK,0.406
Nelfinavir,Mesoridazine,APPROVED_DRUGBANK,0.406
Nelfinavir,Sulpiride,APPROVED_DRUGBANK,0.406
Nelfinavir,Torasemide,APPROVED_DRUGBANK,0.406
Nelfinavir,Zileuton,APPROVED_DRUGBANK,0.406
Nelfinavir,Zopiclone,APPROVED_DRUGBANK,0.406
Oleic Acid,SODIUM_DESOXYCHOLATE,GRAS_IIG,0.406
Olopatadine,Indomethacin,APPROVED_DRUGBANK,0.406
Pamidronate,SODIUM_DESOXYCHOLATE,GRAS_IIG,0.406
Pazopanib,Candesartan,APPROVED_DRUGBANK,0.406
Pemetrexed,Indomethacin,APPROVED_DRUGBANK,0.406
Polaprezinc,Candesartan,APPROVED_DRUGBANK,0.406
Potassium Iodide,Vitamin_A_acetate,GRAS_IIG,0.406
Pralatrexate,Indomethacin,APPROVED_DRUGBANK,0.406
Technetium Tc 99m Oxidronate,SODIUM_DESOXYCHOLATE,GRAS_IIG,0.406
Tioconazole,Metoprolol,APPROVED_DRUGBANK,0.406
Vismodegib,Vitamin_A_palmitate,GRAS_IIG,0.406
Calcium Chloride,Vitamin_A_acetate,GRAS_IIG,0.404
Citalopram,SODIUM_DESOXYCHOLATE,GRAS_IIG,0.404
Clopidogrel,Candesartan,APPROVED_DRUGBANK,0.404
Clotrimazole,Glycocholic_acid,GRAS_IIG,0.404
Cloxazolam,Candesartan,APPROVED_DRUGBANK,0.404
Dihydrotachysterol,Candesartan,APPROVED_DRUGBANK,0.404
Diphemanil Methylsulfate,Candesartan,APPROVED_DRUGBANK,0.404
Drotaverine,SODIUM_DESOXYCHOLATE,GRAS_IIG,0.404
Ecabet,SODIUM_DESOXYCHOLATE,GRAS_IIG,0.404
Escitalopram,SODIUM_DESOXYCHOLATE,GRAS_IIG,0.404
Ethopropazine,Indomethacin,APPROVED_DRUGBANK,0.404
Fenoldopam,Candesartan,APPROVED_DRUGBANK,0.404
Ferric Citrate,Vitamin_A_acetate,GRAS_IIG,0.404
Florbetapir (18F),SODIUM_DESOXYCHOLATE,GRAS_IIG,0.404
Gadoxetic acid,Candesartan,APPROVED_DRUGBANK,0.404
Gliquidone,Indomethacin,APPROVED_DRUGBANK,0.404
Idarubicin,Vitamin_A_palmitate,GRAS_IIG,0.404
Iodipamide,SODIUM_DESOXYCHOLATE,GRAS_IIG,0.404
Lanthanum carbonate,SODIUM_DESOXYCHOLATE,GRAS_IIG,0.404
Lumiracoxib,Candesartan,APPROVED_DRUGBANK,0.404
Macitentan,Candesartan,APPROVED_DRUGBANK,0.404
Mangafodipir,SODIUM_DESOXYCHOLATE,GRAS_IIG,0.404
Mefloquine,Glycocholic_acid,GRAS_IIG,0.404
Methacycline,Vitamin_A_palmitate,GRAS_IIG,0.404
Nelfinavir,Apixaban,APPROVED_DRUGBANK,0.404
Nelfinavir,CREATININE,GRAS_IIG,0.404
Oleic Acid,Candesartan,APPROVED_DRUGBANK,0.404
Phylloquinone,Indomethacin,APPROVED_DRUGBANK,0.404
Pipecuronium,Indomethacin,APPROVED_DRUGBANK,0.404
Potassium Chloride,Vitamin_A_acetate,GRAS_IIG,0.404
Potassium Citrate,Vitamin_A_acetate,GRAS_IIG,0.404
Propofol,Vitamin_A_acetate,GRAS_IIG,0.404
Protirelin,Candesartan,APPROVED_DRUGBANK,0.404
Quinagolide,Indomethacin,APPROVED_DRUGBANK,0.404
Sodium Chloride,Vitamin_A_acetate,GRAS_IIG,0.404
Sodium Citrate,Vitamin_A_acetate,GRAS_IIG,0.404
Tegafur-uracil,Candesartan,APPROVED_DRUGBANK,0.404
Testosterone,Glycocholic_acid,GRAS_IIG,0.404
Trisodium citrate dihydrate,Vitamin_A_acetate,GRAS_IIG,0.404
Unoprostone,Candesartan,APPROVED_DRUGBANK,0.404
Ximelagatran,Candesartan,APPROVED_DRUGBANK,0.404
Acenocoumarol,Indomethacin,APPROVED_DRUGBANK,0.402
Adenosine monophosphate,Vitamin_A_palmitate,GRAS_IIG,0.402
Barnidipine,Vitamin_A_palmitate,GRAS_IIG,0.402
Bromodiphenhydramine,Candesartan,APPROVED_DRUGBANK,0.402
Candoxatril,Candesartan,APPROVED_DRUGBANK,0.402
Captodiame,Glycocholic_acid,GRAS_IIG,0.402
Cefazolin,Indomethacin,APPROVED_DRUGBANK,0.402
Cefdinir,Vitamin_A_palmitate,GRAS_IIG,0.402
Ceftriaxone,Candesartan,APPROVED_DRUGBANK,0.402
Cetrimonium,Vitamin_A_acetate,GRAS_IIG,0.402
Cholic Acid,SODIUM_DESOXYCHOLATE,GRAS_IIG,0.402
Choline C 11,Vitamin_A_acetate,GRAS_IIG,0.402
Clotrimazole,Vitamin_A_palmitate,GRAS_IIG,0.402
Cobimetinib,Indomethacin,APPROVED_DRUGBANK,0.402
Colistin,Vitamin_A_palmitate,GRAS_IIG,0.402
Danazol,Candesartan,APPROVED_DRUGBANK,0.402
Dasabuvir,Candesartan,APPROVED_DRUGBANK,0.402
Deoxycholic Acid,Indomethacin,APPROVED_DRUGBANK,0.402
Dutasteride,Indomethacin,APPROVED_DRUGBANK,0.402
Eletriptan,Candesartan,APPROVED_DRUGBANK,0.402
Eliglustat,Indomethacin,APPROVED_DRUGBANK,0.402
Eribulin,Vitamin_A_palmitate,GRAS_IIG,0.402
Ferric pyrophosphate,Vitamin_A_acetate,GRAS_IIG,0.402
Fexofenadine,Candesartan,APPROVED_DRUGBANK,0.402
Gadobutrol,Candesartan,APPROVED_DRUGBANK,0.402
Imatinib,Candesartan,APPROVED_DRUGBANK,0.402
Iodipamide,Glycocholic_acid,GRAS_IIG,0.402
Lactose,Candesartan,APPROVED_DRUGBANK,0.402
Levallorphan,SODIUM_DESOXYCHOLATE,GRAS_IIG,0.402
Lincomycin,Candesartan,APPROVED_DRUGBANK,0.402
Lopinavir,Indomethacin,APPROVED_DRUGBANK,0.402
Losartan,Vitamin_A_palmitate,GRAS_IIG,0.402
Macitentan,Vitamin_A_palmitate,GRAS_IIG,0.402
Magnesium Sulfate,Glycocholic_acid,GRAS_IIG,0.402
Magnesium Sulfate,Vitamin_A_acetate,GRAS_IIG,0.402
Magnesium hydroxide,Vitamin_A_acetate,GRAS_IIG,0.402
Mesna,SODIUM_DESOXYCHOLATE,GRAS_IIG,0.402
Methylscopolamine bromide,Indomethacin,APPROVED_DRUGBANK,0.402
Nelfinavir,AQUAPHOR,GRAS_IIG,0.402
Nelfinavir,Armodafinil,APPROVED_DRUGBANK,0.402
Nelfinavir,Cytisine,APPROVED_DRUGBANK,0.402
Nelfinavir,Imidafenacin,APPROVED_DRUGBANK,0.402
Nelfinavir,Levodopa,APPROVED_DRUGBANK,0.402
Nelfinavir,Modafinil,APPROVED_DRUGBANK,0.402
Nelfinavir,Pimozide,APPROVED_DRUGBANK,0.402
Nelfinavir,Tocainide,APPROVED_DRUGBANK,0.402
Nisoldipine,Vitamin_A_palmitate,GRAS_IIG,0.402
Orlistat,Indomethacin,APPROVED_DRUGBANK,0.402
Oxaprozin,Vitamin_A_palmitate,GRAS_IIG,0.402
Pamidronate,Glycocholic_acid,GRAS_IIG,0.402
Paroxetine,Candesartan,APPROVED_DRUGBANK,0.402
Ponatinib,Glycocholic_acid,GRAS_IIG,0.402
Porfimer,Indomethacin,APPROVED_DRUGBANK,0.402
Prazepam,Candesartan,APPROVED_DRUGBANK,0.402
Prazepam,Glycocholic_acid,GRAS_IIG,0.402
Procaine benzylpenicillin,Indomethacin,APPROVED_DRUGBANK,0.402
Propiomazine,Tannic_acid_(hydrolyzable_gallotannins),GRAS_IIG,0.402
Rocuronium,Vitamin_A_palmitate,GRAS_IIG,0.402
Sibutramine,SODIUM_DESOXYCHOLATE,GRAS_IIG,0.402
Sildenafil,Vitamin_A_palmitate,GRAS_IIG,0.402
Sodium bicarbonate,Glycocholic_acid,GRAS_IIG,0.402
Sodium bicarbonate,SODIUM_DESOXYCHOLATE,GRAS_IIG,0.402
Strontium ranelate,Candesartan,APPROVED_DRUGBANK,0.402
Terbinafine,Glycocholic_acid,GRAS_IIG,0.402
Thallous Chloride,Vitamin_A_acetate,GRAS_IIG,0.402
Tiagabine,Indomethacin,APPROVED_DRUGBANK,0.402
Ulipristal,Candesartan,APPROVED_DRUGBANK,0.402
Warfarin,Indomethacin,APPROVED_DRUGBANK,0.402
Zanamivir,Candesartan,APPROVED_DRUGBANK,0.402
Adapalene,Candesartan,APPROVED_DRUGBANK,0.4
Amikacin,Indomethacin,APPROVED_DRUGBANK,0.4
Ammonium lactate,SODIUM_DESOXYCHOLATE,GRAS_IIG,0.4
Azlocillin,Indomethacin,APPROVED_DRUGBANK,0.4
Bendamustine,Glycocholic_acid,GRAS_IIG,0.4
Bendamustine,SODIUM_DESOXYCHOLATE,GRAS_IIG,0.4
Calcium carbonate,Vitamin_A_acetate,GRAS_IIG,0.4
Caspofungin,Vitamin_A_palmitate,GRAS_IIG,0.4
Cefazolin,Vitamin_A_palmitate,GRAS_IIG,0.4
Clarithromycin,Vitamin_A_palmitate,GRAS_IIG,0.4
Clofedanol,Vitamin_A_palmitate,GRAS_IIG,0.4
Colistin,Indomethacin,APPROVED_DRUGBANK,0.4
Delorazepam,Candesartan,APPROVED_DRUGBANK,0.4
Diazepam,Glycocholic_acid,GRAS_IIG,0.4
Diethylstilbestrol,Glycocholic_acid,GRAS_IIG,0.4
Disulfiram,Glycocholic_acid,GRAS_IIG,0.4
Dobutamine,SODIUM_DESOXYCHOLATE,GRAS_IIG,0.4
Enviomycin,Vitamin_A_palmitate,GRAS_IIG,0.4
Estrone,Taurocholic_acid,GRAS_IIG,0.4
Etizolam,Vitamin_A_palmitate,GRAS_IIG,0.4
Hemin,Candesartan,APPROVED_DRUGBANK,0.4
Levonordefrin,Vitamin_A_acetate,GRAS_IIG,0.4
Levonorgestrel,Candesartan,APPROVED_DRUGBANK,0.4
Mezlocillin,Indomethacin,APPROVED_DRUGBANK,0.4
Nelfinavir,Dapiprazole,APPROVED_DRUGBANK,0.4
Nelfinavir,Imatinib,APPROVED_DRUGBANK,0.4
Nelfinavir,Phenazopyridine,APPROVED_DRUGBANK,0.4
Nelfinavir,Prazepam,APPROVED_DRUGBANK,0.4
Nelfinavir,Raltegravir,APPROVED_DRUGBANK,0.4
Nelfinavir,Rufinamide,APPROVED_DRUGBANK,0.4
Nelfinavir,Tinidazole,APPROVED_DRUGBANK,0.4
Niclosamide,Vitamin_A_palmitate,GRAS_IIG,0.4
Piperonyl butoxide,Candesartan,APPROVED_DRUGBANK,0.4
Polidocanol,Candesartan,APPROVED_DRUGBANK,0.4
Ponatinib,Candesartan,APPROVED_DRUGBANK,0.4
Probucol,Azilsartan medoxomil,APPROVED_DRUGBANK,0.4
Prussian blue,Vitamin_A_acetate,GRAS_IIG,0.4
Remikiren,Indomethacin,APPROVED_DRUGBANK,0.4
S-Adenosylmethionine,Candesartan,APPROVED_DRUGBANK,0.4
Scopolamine butylbromide,Vitamin_A_palmitate,GRAS_IIG,0.4
Tafluprost,Indomethacin,APPROVED_DRUGBANK,0.4
Tamibarotene,Vitamin_A_palmitate,GRAS_IIG,0.4
Technetium Tc-99m Medronate,Glycocholic_acid,GRAS_IIG,0.4
Technetium Tc-99m Medronate,Vitamin_A_acetate,GRAS_IIG,0.4
Trazodone,Candesartan,APPROVED_DRUGBANK,0.4
Trioxsalen,Candesartan,APPROVED_DRUGBANK,0.4
Warfarin,Vitamin_A_palmitate,GRAS_IIG,0.4
Xanthophyll,SODIUM_DESOXYCHOLATE,GRAS_IIG,0.4
Ximelagatran,Indomethacin,APPROVED_DRUGBANK,0.4
Allylestrenol,Glycocholic_acid,GRAS_IIG,0.398
Alpha-Linolenic Acid,Glycocholic_acid,GRAS_IIG,0.398
Alpha-Linolenic Acid,SODIUM_DESOXYCHOLATE,GRAS_IIG,0.398
Amiloride,SODIUM_DESOXYCHOLATE,GRAS_IIG,0.398
Anagrelide,Glycocholic_acid,GRAS_IIG,0.398
Bromhexine,SODIUM_DESOXYCHOLATE,GRAS_IIG,0.398
Cinnarizine,Indomethacin,APPROVED_DRUGBANK,0.398
Citalopram,Glycocholic_acid,GRAS_IIG,0.398
Clocapramine,Vitamin_A_palmitate,GRAS_IIG,0.398
Conjugated Estrogens,Glycocholic_acid,GRAS_IIG,0.398
Diethylstilbestrol,Vitamin_A_acetate,GRAS_IIG,0.398
Digitoxin,Vitamin_A_palmitate,GRAS_IIG,0.398
Diiodohydroxyquinoline,SODIUM_DESOXYCHOLATE,GRAS_IIG,0.398
Dirithromycin,Indomethacin,APPROVED_DRUGBANK,0.398
Eltrombopag,Vitamin_A_palmitate,GRAS_IIG,0.398
Escitalopram,Glycocholic_acid,GRAS_IIG,0.398
Ethanolamine Oleate,Glycocholic_acid,GRAS_IIG,0.398
Ethynodiol diacetate,Glycocholic_acid,GRAS_IIG,0.398
Fluoxetine,Glycocholic_acid,GRAS_IIG,0.398
Fulvestrant,Azilsartan medoxomil,APPROVED_DRUGBANK,0.398
Gadoversetamide,Candesartan,APPROVED_DRUGBANK,0.398
Gadoversetamide,Glycocholic_acid,GRAS_IIG,0.398
Gadoxetic acid,Vitamin_A_palmitate,GRAS_IIG,0.398
Gentamicin,Indomethacin,APPROVED_DRUGBANK,0.398
Lincomycin,Vitamin_A_palmitate,GRAS_IIG,0.398
Lindane,Vitamin_A_acetate,GRAS_IIG,0.398
Methotrexate,Candesartan,APPROVED_DRUGBANK,0.398
Metocurine,Indomethacin,APPROVED_DRUGBANK,0.398
Mifepristone,Candesartan,APPROVED_DRUGBANK,0.398
Nelfinavir,Amphetamine,APPROVED_DRUGBANK,0.398
Nelfinavir,Bromhexine,APPROVED_DRUGBANK,0.398
Nelfinavir,Chlormezanone,APPROVED_DRUGBANK,0.398
Nelfinavir,Dextroamphetamine,APPROVED_DRUGBANK,0.398
Nelfinavir,Dorzolamide,APPROVED_DRUGBANK,0.398
Nelfinavir,Droxidopa,APPROVED_DRUGBANK,0.398
Nelfinavir,Flecainide,APPROVED_DRUGBANK,0.398
Nelfinavir,Guanfacine,APPROVED_DRUGBANK,0.398
Nelfinavir,Histamine Phosphate,APPROVED_DRUGBANK,0.398
Nelfinavir,Methazolamide,APPROVED_DRUGBANK,0.398
Nelfinavir,Phenformin,APPROVED_DRUGBANK,0.398
Nelfinavir,Pipotiazine,APPROVED_DRUGBANK,0.398
Nelfinavir,Salicylamide,APPROVED_DRUGBANK,0.398
Nelfinavir,Zonisamide,APPROVED_DRUGBANK,0.398
Nisoldipine,Candesartan,APPROVED_DRUGBANK,0.398
Paliperidone,Vitamin_A_palmitate,GRAS_IIG,0.398
Paricalcitol,Candesartan,APPROVED_DRUGBANK,0.398
Perhexiline,Vitamin_A_acetate,GRAS_IIG,0.398
Prussian blue,Glycocholic_acid,GRAS_IIG,0.398
Regorafenib,Glycerin_and_Glycerides,GRAS_IIG,0.398
Saquinavir,Candesartan,APPROVED_DRUGBANK,0.398
Sodium lauryl sulfate,Candesartan,APPROVED_DRUGBANK,0.398
Streptomycin,Vitamin_A_palmitate,GRAS_IIG,0.398
Sulindac,Candesartan,APPROVED_DRUGBANK,0.398
Tamibarotene,Candesartan,APPROVED_DRUGBANK,0.398
Tamsulosin,Indomethacin,APPROVED_DRUGBANK,0.398
Technetium Tc-99m Medronate,SODIUM_DESOXYCHOLATE,GRAS_IIG,0.398
Travoprost,Indomethacin,APPROVED_DRUGBANK,0.398
Trazodone,Glycocholic_acid,GRAS_IIG,0.398
Valsartan,Indomethacin,APPROVED_DRUGBANK,0.398
Vecuronium,Indomethacin,APPROVED_DRUGBANK,0.398
Acitretin,Vitamin_A_palmitate,GRAS_IIG,0.396
Allylestrenol,SODIUM_DESOXYCHOLATE,GRAS_IIG,0.396
Aztreonam,Vitamin_A_palmitate,GRAS_IIG,0.396
Balsalazide,Candesartan,APPROVED_DRUGBANK,0.396
Brotizolam,Candesartan,APPROVED_DRUGBANK,0.396
Bupranolol,Glycocholic_acid,GRAS_IIG,0.396
Butenafine,Glycocholic_acid,GRAS_IIG,0.396
Celecoxib,SODIUM_DESOXYCHOLATE,GRAS_IIG,0.396
Chromic chloride,Vitamin_A_acetate,GRAS_IIG,0.396
Clemastine,Candesartan,APPROVED_DRUGBANK,0.396
Clomipramine,Indomethacin,APPROVED_DRUGBANK,0.396
Crizotinib,Candesartan,APPROVED_DRUGBANK,0.396
Dabrafenib,Candesartan,APPROVED_DRUGBANK,0.396
Dasabuvir,Vitamin_A_palmitate,GRAS_IIG,0.396
Deslanoside,Vitamin_A_palmitate,GRAS_IIG,0.396
Dextropropoxyphene,Candesartan,APPROVED_DRUGBANK,0.396
Econazole,Pralatrexate,APPROVED_DRUGBANK,0.396
Eliglustat,Candesartan,APPROVED_DRUGBANK,0.396
Ertapenem,Candesartan,APPROVED_DRUGBANK,0.396
Erythromycin,Indomethacin,APPROVED_DRUGBANK,0.396
Estazolam,Glycocholic_acid,GRAS_IIG,0.396
Etizolam,Indomethacin,APPROVED_DRUGBANK,0.396
Florbetaben (18F),SODIUM_DESOXYCHOLATE,GRAS_IIG,0.396
Fluticasone Propionate,Candesartan,APPROVED_DRUGBANK,0.396
Gentamicin,Candesartan,APPROVED_DRUGBANK,0.396
Iloprost,Candesartan,APPROVED_DRUGBANK,0.396
Levopropoxyphene,Candesartan,APPROVED_DRUGBANK,0.396
Liothyronine,Candesartan,APPROVED_DRUGBANK,0.396
Methotrimeprazine,Candesartan,APPROVED_DRUGBANK,0.396
Moricizine,Candesartan,APPROVED_DRUGBANK,0.396
Naftifine,SODIUM_DESOXYCHOLATE,GRAS_IIG,0.396
Nandrolone phenpropionate,Candesartan,APPROVED_DRUGBANK,0.396
Nelfinavir,Azilsartan medoxomil,APPROVED_DRUGBANK,0.396
Nelfinavir,BENZYL_ACETATE,GRAS_IIG,0.396
Nelfinavir,Dapsone,APPROVED_DRUGBANK,0.396
Nelfinavir,FD&C_RED_NO._4,GRAS_IIG,0.396
Nelfinavir,Phenindamine,APPROVED_DRUGBANK,0.396
Nelfinavir,Solifenacin,APPROVED_DRUGBANK,0.396
Nelfinavir,Sulfamerazine,APPROVED_DRUGBANK,0.396
Norgestimate,Candesartan,APPROVED_DRUGBANK,0.396
Pamidronate,Vitamin_A_acetate,GRAS_IIG,0.396
Pazopanib,Vitamin_A_palmitate,GRAS_IIG,0.396
Phenoxybenzamine,Candesartan,APPROVED_DRUGBANK,0.396
Porfimer,Candesartan,APPROVED_DRUGBANK,0.396
Progabide,Glycocholic_acid,GRAS_IIG,0.396
Raltitrexed,Candesartan,APPROVED_DRUGBANK,0.396
Rimonabant,SODIUM_DESOXYCHOLATE,GRAS_IIG,0.396
Silodosin,Indomethacin,APPROVED_DRUGBANK,0.396
Sucralfate,Candesartan,APPROVED_DRUGBANK,0.396
Sulfasalazine,Candesartan,APPROVED_DRUGBANK,0.396
Technetium Tc-99m sestamibi,Vitamin_A_acetate,GRAS_IIG,0.396
Triazolam,Candesartan,APPROVED_DRUGBANK,0.396
Troleandomycin,Candesartan,APPROVED_DRUGBANK,0.396
Vindesine,Candesartan,APPROVED_DRUGBANK,0.396
Zaltoprofen,Candesartan,APPROVED_DRUGBANK,0.396
Acetyldigitoxin,Candesartan,APPROVED_DRUGBANK,0.394
Adenosine monophosphate,Candesartan,APPROVED_DRUGBANK,0.394
Aminophylline,Candesartan,APPROVED_DRUGBANK,0.394
Benidipine,Candesartan,APPROVED_DRUGBANK,0.394
Brotizolam,Vitamin_A_palmitate,GRAS_IIG,0.394
Cabergoline,Indomethacin,APPROVED_DRUGBANK,0.394
Candesartan,Indomethacin,APPROVED_DRUGBANK,0.394
Cefdinir,Candesartan,APPROVED_DRUGBANK,0.394
Clarithromycin,Indomethacin,APPROVED_DRUGBANK,0.394
Clopidogrel,Vitamin_A_palmitate,GRAS_IIG,0.394
Clotiazepam,Candesartan,APPROVED_DRUGBANK,0.394
Colistin,Candesartan,APPROVED_DRUGBANK,0.394
Dextrothyroxine,Vitamin_A_palmitate,GRAS_IIG,0.394
Diclofenac,Glycocholic_acid,GRAS_IIG,0.394
Dimetotiazine,Indomethacin,APPROVED_DRUGBANK,0.394
Doxacurium chloride,Indomethacin,APPROVED_DRUGBANK,0.394
Drostanolone,Vitamin_A_acetate,GRAS_IIG,0.394
Dydrogesterone,SODIUM_DESOXYCHOLATE,GRAS_IIG,0.394
Econazole,Esmolol,APPROVED_DRUGBANK,0.394
Eprazinone,Candesartan,APPROVED_DRUGBANK,0.394
Eribulin,Candesartan,APPROVED_DRUGBANK,0.394
Fenoldopam,SODIUM_DESOXYCHOLATE,GRAS_IIG,0.394
Ferric pyrophosphate,Glycocholic_acid,GRAS_IIG,0.394
Fidaxomicin,Vitamin_A_palmitate,GRAS_IIG,0.394
Fluorescein,Candesartan,APPROVED_DRUGBANK,0.394
Gadopentetate dimeglumine,SODIUM_DESOXYCHOLATE,GRAS_IIG,0.394
Gadoteridol,Glycocholic_acid,GRAS_IIG,0.394
Gadoversetamide,Vitamin_A_palmitate,GRAS_IIG,0.394
Icosapent,SODIUM_DESOXYCHOLATE,GRAS_IIG,0.394
Indecainide,Glycocholic_acid,GRAS_IIG,0.394
Ioxaglic acid,Vitamin_A_palmitate,GRAS_IIG,0.394
Isosulfan blue,Candesartan,APPROVED_DRUGBANK,0.394
Lactulose,Candesartan,APPROVED_DRUGBANK,0.394
Latanoprost,Indomethacin,APPROVED_DRUGBANK,0.394
Lercanidipine,Vitamin_A_palmitate,GRAS_IIG,0.394
Levothyroxine,Vitamin_A_palmitate,GRAS_IIG,0.394
Methdilazine,Vitamin_A_palmitate,GRAS_IIG,0.394
Methotrimeprazine,Indomethacin,APPROVED_DRUGBANK,0.394
Nelfinavir,Dimetacrine,APPROVED_DRUGBANK,0.394
Nelfinavir,Phensuximide,APPROVED_DRUGBANK,0.394
Nelfinavir,Pipamperone,APPROVED_DRUGBANK,0.394
Nelfinavir,Pyrimethamine,APPROVED_DRUGBANK,0.394
Nelfinavir,Rimonabant,APPROVED_DRUGBANK,0.394
Nelfinavir,Tasosartan,APPROVED_DRUGBANK,0.394
Nelfinavir,Trimethaphan,APPROVED_DRUGBANK,0.394
Oxiconazole,Candesartan,APPROVED_DRUGBANK,0.394
Oxymetholone,Glycocholic_acid,GRAS_IIG,0.394
Oxytetracycline,Vitamin_A_palmitate,GRAS_IIG,0.394
Perampanel,Candesartan,APPROVED_DRUGBANK,0.394
Phosphatidyl serine,Vitamin_A_palmitate,GRAS_IIG,0.394
Polythiazide,SODIUM_DESOXYCHOLATE,GRAS_IIG,0.394
Pralatrexate,Candesartan,APPROVED_DRUGBANK,0.394
Regadenoson,Candesartan,APPROVED_DRUGBANK,0.394
Reserpine,Indomethacin,APPROVED_DRUGBANK,0.394
Sodium aurothiomalate,Glycocholic_acid,GRAS_IIG,0.394
Spinosad,Candesartan,APPROVED_DRUGBANK,0.394
Thiothixene,Candesartan,APPROVED_DRUGBANK,0.394
Trichlormethiazide,Glycocholic_acid,GRAS_IIG,0.394
Trihexyphenidyl,Indomethacin,APPROVED_DRUGBANK,0.394
Vemurafenib,Candesartan,APPROVED_DRUGBANK,0.394
Adenosine triphosphate,Candesartan,APPROVED_DRUGBANK,0.392
Amcinonide,Indomethacin,APPROVED_DRUGBANK,0.392
Atorvastatin,Candesartan,APPROVED_DRUGBANK,0.392
Azithromycin,Indomethacin,APPROVED_DRUGBANK,0.392
Azlocillin,Vitamin_A_palmitate,GRAS_IIG,0.392
Bentoquatam,Vitamin_A_acetate,GRAS_IIG,0.392
Cabergoline,SODIUM_DESOXYCHOLATE,GRAS_IIG,0.392
Calcium Chloride,Azilsartan medoxomil,APPROVED_DRUGBANK,0.392
Capsaicin,Candesartan,APPROVED_DRUGBANK,0.392
Capsaicin,Indomethacin,APPROVED_DRUGBANK,0.392
Cefditoren,Candesartan,APPROVED_DRUGBANK,0.392
Cefixime,Candesartan,APPROVED_DRUGBANK,0.392
Cefotiam,Candesartan,APPROVED_DRUGBANK,0.392
Ceftibuten,Candesartan,APPROVED_DRUGBANK,0.392
Choline C 11,Azilsartan medoxomil,APPROVED_DRUGBANK,0.392
Clobazam,Candesartan,APPROVED_DRUGBANK,0.392
Cyamemazine,Indomethacin,APPROVED_DRUGBANK,0.392
Cyproterone acetate,Glycocholic_acid,GRAS_IIG,0.392
Dasatinib,Candesartan,APPROVED_DRUGBANK,0.392
Deferoxamine,Vitamin_A_palmitate,GRAS_IIG,0.392
Dihydrotachysterol,Glycocholic_acid,GRAS_IIG,0.392
Diosmin,Indomethacin,APPROVED_DRUGBANK,0.392
Dipyridamole,SODIUM_DESOXYCHOLATE,GRAS_IIG,0.392
Disulfiram,SODIUM_DESOXYCHOLATE,GRAS_IIG,0.392
Econazole,Betaxolol,APPROVED_DRUGBANK,0.392
Econazole,Levobetaxolol,APPROVED_DRUGBANK,0.392
Ethanolamine Oleate,Candesartan,APPROVED_DRUGBANK,0.392
Flurandrenolide,Candesartan,APPROVED_DRUGBANK,0.392
Imatinib,Indomethacin,APPROVED_DRUGBANK,0.392
Inulin,Candesartan,APPROVED_DRUGBANK,0.392
Ioversol,Glycocholic_acid,GRAS_IIG,0.392
Ledipasvir,Indomethacin,APPROVED_DRUGBANK,0.392
Lindane,Azilsartan medoxomil,APPROVED_DRUGBANK,0.392
Lopinavir,Candesartan,APPROVED_DRUGBANK,0.392
Luliconazole,Glycocholic_acid,GRAS_IIG,0.392
Lumiracoxib,Vitamin_A_palmitate,GRAS_IIG,0.392
Mesna,Vitamin_A_acetate,GRAS_IIG,0.392
Nabilone,Indomethacin,APPROVED_DRUGBANK,0.392
Nandrolone phenpropionate,Vitamin_A_palmitate,GRAS_IIG,0.392
Nelfinavir,CALCIUM_CYCLAMATE,GRAS_IIG,0.392
Nelfinavir,Cortisone acetate,APPROVED_DRUGBANK,0.392
Nelfinavir,Cyclopentolate,APPROVED_DRUGBANK,0.392
Nelfinavir,D&C_RED_NO._36,GRAS_IIG,0.392
Nelfinavir,Droxicam,APPROVED_DRUGBANK,0.392
Nelfinavir,Flutamide,APPROVED_DRUGBANK,0.392
Nelfinavir,Glycerol Phenylbutyrate,APPROVED_DRUGBANK,0.392
Nelfinavir,Phenelzine,APPROVED_DRUGBANK,0.392
Nelfinavir,Sumatriptan,APPROVED_DRUGBANK,0.392
Nilotinib,SODIUM_DESOXYCHOLATE,GRAS_IIG,0.392
Nystatin,Vitamin_A_palmitate,GRAS_IIG,0.392
Streptomycin,Candesartan,APPROVED_DRUGBANK,0.392
Sulfasalazine,Vitamin_A_palmitate,GRAS_IIG,0.392
Tacrolimus,Candesartan,APPROVED_DRUGBANK,0.392
Tolvaptan,Glycocholic_acid,GRAS_IIG,0.392
Trametinib,Candesartan,APPROVED_DRUGBANK,0.392
Tyropanoic acid,SODIUM_DESOXYCHOLATE,GRAS_IIG,0.392
Verteporfin,Candesartan,APPROVED_DRUGBANK,0.392
Zucapsaicin,Candesartan,APPROVED_DRUGBANK,0.392
Zucapsaicin,Indomethacin,APPROVED_DRUGBANK,0.392
Alprazolam,Vitamin_A_palmitate,GRAS_IIG,0.39
Aluminium,Azilsartan medoxomil,APPROVED_DRUGBANK,0.39
Amfecloral,SODIUM_DESOXYCHOLATE,GRAS_IIG,0.39
Atovaquone,Clomipramine,APPROVED_DRUGBANK,0.39
Atovaquone,Desonide,APPROVED_DRUGBANK,0.39
Benidipine,Vitamin_A_palmitate,GRAS_IIG,0.39
Cangrelor,Candesartan,APPROVED_DRUGBANK,0.39
Carbamazepine,Glycocholic_acid,GRAS_IIG,0.39
Carprofen,SODIUM_DESOXYCHOLATE,GRAS_IIG,0.39
Cefmenoxime,Indomethacin,APPROVED_DRUGBANK,0.39
Ceftizoxime,Vitamin_A_palmitate,GRAS_IIG,0.39
Chlorhexidine,Glycocholic_acid,GRAS_IIG,0.39
Chlorprothixene,Taurocholic_acid,GRAS_IIG,0.39
Chlorprothixene,Vitamin_A_palmitate,GRAS_IIG,0.39
Clomifene,Vitamin_A_palmitate,GRAS_IIG,0.39
Clomocycline,Vitamin_A_palmitate,GRAS_IIG,0.39
Demeclocycline,Candesartan,APPROVED_DRUGBANK,0.39
Deoxycholic Acid,Glycocholic_acid,GRAS_IIG,0.39
Diatrizoate,SODIUM_DESOXYCHOLATE,GRAS_IIG,0.39
Drostanolone,SODIUM_DESOXYCHOLATE,GRAS_IIG,0.39
Eprosartan,Vitamin_A_palmitate,GRAS_IIG,0.39
Etacrynic acid,SODIUM_DESOXYCHOLATE,GRAS_IIG,0.39
Ethanolamine Oleate,SODIUM_DESOXYCHOLATE,GRAS_IIG,0.39
Fenoldopam,Vitamin_A_acetate,GRAS_IIG,0.39
Fluticasone furoate,Vitamin_A_palmitate,GRAS_IIG,0.39
Hydroxystilbamidine Isethionate,Candesartan,APPROVED_DRUGBANK,0.39
Isoaminile,Glycocholic_acid,GRAS_IIG,0.39
Isoconazole,Metoprolol,APPROVED_DRUGBANK,0.39
Ivacaftor,Vitamin_A_palmitate,GRAS_IIG,0.39
Ledipasvir,Candesartan,APPROVED_DRUGBANK,0.39
Ledipasvir,Vitamin_A_palmitate,GRAS_IIG,0.39
Lumefantrine,Vitamin_A_acetate,GRAS_IIG,0.39
Naloxegol,Vitamin_A_palmitate,GRAS_IIG,0.39
Nelfinavir,Azatadine,APPROVED_DRUGBANK,0.39
Nelfinavir,Benzylpenicillin,APPROVED_DRUGBANK,0.39
Nelfinavir,Bicalutamide,APPROVED_DRUGBANK,0.39
Nelfinavir,Crizotinib,APPROVED_DRUGBANK,0.39
Nelfinavir,Granisetron,APPROVED_DRUGBANK,0.39
Nelfinavir,Hydralazine,APPROVED_DRUGBANK,0.39
Nelfinavir,Iobenguane,APPROVED_DRUGBANK,0.39
Nelfinavir,L-Citrulline,APPROVED_DRUGBANK,0.39
Nelfinavir,Sulfanilamide,APPROVED_DRUGBANK,0.39
Paricalcitol,Vitamin_A_acetate,GRAS_IIG,0.39
Phenoxybenzamine,Glycocholic_acid,GRAS_IIG,0.39
Pipazethate,Candesartan,APPROVED_DRUGBANK,0.39
Pyrvinium,Vitamin_A_palmitate,GRAS_IIG,0.39
Simvastatin,Candesartan,APPROVED_DRUGBANK,0.39
Tamibarotene,Glycocholic_acid,GRAS_IIG,0.39
Tamibarotene,SODIUM_DESOXYCHOLATE,GRAS_IIG,0.39
Thioridazine,Tannic_acid_(hydrolyzable_gallotannins),GRAS_IIG,0.39
Travoprost,Candesartan,APPROVED_DRUGBANK,0.39
Triclosan,Glycocholic_acid,GRAS_IIG,0.39
Zolpidem,SODIUM_DESOXYCHOLATE,GRAS_IIG,0.39
Atovaquone,Ciclesonide,APPROVED_DRUGBANK,0.388
Avobenzone,Candesartan,APPROVED_DRUGBANK,0.388
Azelnidipine,Candesartan,APPROVED_DRUGBANK,0.388
Bisacodyl,Vitamin_A_palmitate,GRAS_IIG,0.388
Buspirone,Vitamin_A_palmitate,GRAS_IIG,0.388
Calcidiol,Azilsartan medoxomil,APPROVED_DRUGBANK,0.388
Calcitriol,SODIUM_DESOXYCHOLATE,GRAS_IIG,0.388
Calcium carbimide,Azilsartan medoxomil,APPROVED_DRUGBANK,0.388
Cefoxitin,Candesartan,APPROVED_DRUGBANK,0.388
Cholic Acid,Indomethacin,APPROVED_DRUGBANK,0.388
Cilostazol,Indomethacin,APPROVED_DRUGBANK,0.388
Deferasirox,Candesartan,APPROVED_DRUGBANK,0.388
Diatrizoate,Glycocholic_acid,GRAS_IIG,0.388
Dicloxacillin,Candesartan,APPROVED_DRUGBANK,0.388
Dienestrol,Vitamin_A_acetate,GRAS_IIG,0.388
Digitoxin,Candesartan,APPROVED_DRUGBANK,0.388
Dihomo-gamma-linolenic acid,SODIUM_DESOXYCHOLATE,GRAS_IIG,0.388
Disulfiram,Vitamin_A_acetate,GRAS_IIG,0.388
Dobutamine,Glycocholic_acid,GRAS_IIG,0.388
Elbasvir,Candesartan,APPROVED_DRUGBANK,0.388
Estrone,Carotene_(beta-carotene),GRAS_IIG,0.388
Folic Acid,Candesartan,APPROVED_DRUGBANK,0.388
Iloprost,SODIUM_DESOXYCHOLATE,GRAS_IIG,0.388
Indinavir,Vitamin_A_palmitate,GRAS_IIG,0.388
Ivacaftor,Candesartan,APPROVED_DRUGBANK,0.388
Levallorphan,Indomethacin,APPROVED_DRUGBANK,0.388
Liotrix,Candesartan,APPROVED_DRUGBANK,0.388
Lorazepam,Candesartan,APPROVED_DRUGBANK,0.388
Loxapine,Vitamin_A_palmitate,GRAS_IIG,0.388
Magnesium Trisilicate,SODIUM_DESOXYCHOLATE,GRAS_IIG,0.388
Mestranol,Candesartan,APPROVED_DRUGBANK,0.388
Methylscopolamine bromide,Vitamin_A_palmitate,GRAS_IIG,0.388
Metrizoic acid,Glycocholic_acid,GRAS_IIG,0.388
Mezlocillin,Candesartan,APPROVED_DRUGBANK,0.388
Nabilone,Candesartan,APPROVED_DRUGBANK,0.388
Nandrolone decanoate,Glycocholic_acid,GRAS_IIG,0.388
Nelfinavir,ANTIPYRINE,GRAS_IIG,0.388
Nelfinavir,Antipyrine,APPROVED_DRUGBANK,0.388
Nelfinavir,Folic Acid,APPROVED_DRUGBANK,0.388
Nelfinavir,Nilutamide,APPROVED_DRUGBANK,0.388
Nelfinavir,Ombitasvir,APPROVED_DRUGBANK,0.388
Nelfinavir,Phenylpropanolamine,APPROVED_DRUGBANK,0.388
Nelfinavir,Sulfamethazine,APPROVED_DRUGBANK,0.388
Nelfinavir,Sulfamethoxazole,APPROVED_DRUGBANK,0.388
Nelfinavir,Temozolomide,APPROVED_DRUGBANK,0.388
Potassium Chloride,Azilsartan medoxomil,APPROVED_DRUGBANK,0.388
Rolitetracycline,Indomethacin,APPROVED_DRUGBANK,0.388
Roxithromycin,Indomethacin,APPROVED_DRUGBANK,0.388
S-Adenosylmethionine,Vitamin_A_palmitate,GRAS_IIG,0.388
Scopolamine butylbromide,Candesartan,APPROVED_DRUGBANK,0.388
Sildenafil,Candesartan,APPROVED_DRUGBANK,0.388
Sildenafil,Indomethacin,APPROVED_DRUGBANK,0.388
Sodium Chloride,Azilsartan medoxomil,APPROVED_DRUGBANK,0.388
Sodium acetate,Vitamin_A_acetate,GRAS_IIG,0.388
Spironolactone,Indomethacin,APPROVED_DRUGBANK,0.388
Tafluprost,Candesartan,APPROVED_DRUGBANK,0.388
Tafluprost,Vitamin_A_palmitate,GRAS_IIG,0.388
Tasosartan,Indomethacin,APPROVED_DRUGBANK,0.388
Tasosartan,Vitamin_A_palmitate,GRAS_IIG,0.388
Technetium Tc-99m sestamibi,Azilsartan medoxomil,APPROVED_DRUGBANK,0.388
Tigecycline,Vitamin_A_palmitate,GRAS_IIG,0.388
Viomycin,Vitamin_A_palmitate,GRAS_IIG,0.388
Aluminum hydroxide,Azilsartan medoxomil,APPROVED_DRUGBANK,0.386
Alverine,Candesartan,APPROVED_DRUGBANK,0.386
Ammonia N-13,Azilsartan medoxomil,APPROVED_DRUGBANK,0.386
Barnidipine,Candesartan,APPROVED_DRUGBANK,0.386
Calcidiol,Glycocholic_acid,GRAS_IIG,0.386
Calcipotriol,SODIUM_DESOXYCHOLATE,GRAS_IIG,0.386
Calcium Acetate,Vitamin_A_acetate,GRAS_IIG,0.386
Cefalotin,Indomethacin,APPROVED_DRUGBANK,0.386
Cefoxitin,Vitamin_A_palmitate,GRAS_IIG,0.386
Ciclesonide,Candesartan,APPROVED_DRUGBANK,0.386
Clobazam,Glycocholic_acid,GRAS_IIG,0.386
Clotrimazole,SODIUM_DESOXYCHOLATE,GRAS_IIG,0.386
Copper,Azilsartan medoxomil,APPROVED_DRUGBANK,0.386
Danazol,Indomethacin,APPROVED_DRUGBANK,0.386
Demexiptiline,Vitamin_A_palmitate,GRAS_IIG,0.386
Doxercalciferol,SODIUM_DESOXYCHOLATE,GRAS_IIG,0.386
Eletriptan,Indomethacin,APPROVED_DRUGBANK,0.386
Enoxaparin,Vitamin_A_palmitate,GRAS_IIG,0.386
Equilin,Carotene_(beta-carotene),GRAS_IIG,0.386
Ergocalciferol,Glycocholic_acid,GRAS_IIG,0.386
Etoricoxib,Azilsartan medoxomil,APPROVED_DRUGBANK,0.386
Hexafluronium,Azilsartan medoxomil,APPROVED_DRUGBANK,0.386
Hydroxyprogesterone caproate,Indomethacin,APPROVED_DRUGBANK,0.386
Icosapent,Glycocholic_acid,GRAS_IIG,0.386
Iopodic acid,Glycocholic_acid,GRAS_IIG,0.386
Ioversol,SODIUM_DESOXYCHOLATE,GRAS_IIG,0.386
Iron,Azilsartan medoxomil,APPROVED_DRUGBANK,0.386
Ivabradine,Candesartan,APPROVED_DRUGBANK,0.386
Lanthanum carbonate,Vitamin_A_acetate,GRAS_IIG,0.386
Leucovorin,Indomethacin,APPROVED_DRUGBANK,0.386
Lithium,Azilsartan medoxomil,APPROVED_DRUGBANK,0.386
Lodoxamide,Glycocholic_acid,GRAS_IIG,0.386
Lornoxicam,SODIUM_DESOXYCHOLATE,GRAS_IIG,0.386
Manganese,Azilsartan medoxomil,APPROVED_DRUGBANK,0.386
Midazolam,Glycocholic_acid,GRAS_IIG,0.386
Nelfinavir,Amisulpride,APPROVED_DRUGBANK,0.386
Nelfinavir,Captopril,APPROVED_DRUGBANK,0.386
Nelfinavir,Debrisoquin,APPROVED_DRUGBANK,0.386
Nelfinavir,Diazepam,APPROVED_DRUGBANK,0.386
Nelfinavir,Dofetilide,APPROVED_DRUGBANK,0.386
Nelfinavir,FD&C_YELLOW_NO._5,GRAS_IIG,0.386
Nelfinavir,Flucytosine,APPROVED_DRUGBANK,0.386
Nelfinavir,GENTISIC_ACID_ETHANOLAMINE,GRAS_IIG,0.386
Nelfinavir,Lacosamide,APPROVED_DRUGBANK,0.386
Nelfinavir,Maprotiline,APPROVED_DRUGBANK,0.386
Nelfinavir,Melatonin,APPROVED_DRUGBANK,0.386
Nelfinavir,Roxatidine acetate,APPROVED_DRUGBANK,0.386
Netilmicin,Candesartan,APPROVED_DRUGBANK,0.386
Norelgestromin,Candesartan,APPROVED_DRUGBANK,0.386
Ouabain,Indomethacin,APPROVED_DRUGBANK,0.386
Phenylbutazone,Candesartan,APPROVED_DRUGBANK,0.386
Probucol,Vitamin_A_acetate,GRAS_IIG,0.386
Promethazine,Vitamin_A_palmitate,GRAS_IIG,0.386
Propiomazine,Indomethacin,APPROVED_DRUGBANK,0.386
Sodium Iodide I-131,Azilsartan medoxomil,APPROVED_DRUGBANK,0.386
Sodium fluoride,Azilsartan medoxomil,APPROVED_DRUGBANK,0.386
Sodium stibogluconate,Vitamin_A_palmitate,GRAS_IIG,0.386
Sorafenib,Azilsartan medoxomil,APPROVED_DRUGBANK,0.386
Tenofovir alafenamide,Candesartan,APPROVED_DRUGBANK,0.386
Thallous Chloride,Azilsartan medoxomil,APPROVED_DRUGBANK,0.386
Tolnaftate,Glycocholic_acid,GRAS_IIG,0.386
Zafirlukast,Indomethacin,APPROVED_DRUGBANK,0.386
Zinc,Azilsartan medoxomil,APPROVED_DRUGBANK,0.386
Alendronic acid,Azilsartan medoxomil,APPROVED_DRUGBANK,0.384
Alprazolam,Glycocholic_acid,GRAS_IIG,0.384
Amodiaquine,Vitamin_A_palmitate,GRAS_IIG,0.384
Azlocillin,Candesartan,APPROVED_DRUGBANK,0.384
Bromodiphenhydramine,Glycocholic_acid,GRAS_IIG,0.384
Bupranolol,SODIUM_DESOXYCHOLATE,GRAS_IIG,0.384
Butoconazole,Indomethacin,APPROVED_DRUGBANK,0.384
Calcium Acetate,Azilsartan medoxomil,APPROVED_DRUGBANK,0.384
Calcium Gluceptate,Glycocholic_acid,GRAS_IIG,0.384
Calcium Gluceptate,SODIUM_DESOXYCHOLATE,GRAS_IIG,0.384
Capreomycin,Candesartan,APPROVED_DRUGBANK,0.384
Cefazolin,Candesartan,APPROVED_DRUGBANK,0.384
Cefmenoxime,Candesartan,APPROVED_DRUGBANK,0.384
Celecoxib,Glycocholic_acid,GRAS_IIG,0.384
Cetrimonium,Azilsartan medoxomil,APPROVED_DRUGBANK,0.384
Cloperastine,Candesartan,APPROVED_DRUGBANK,0.384
Dronabinol,Candesartan,APPROVED_DRUGBANK,0.384
Drospirenone,Indomethacin,APPROVED_DRUGBANK,0.384
Eprazinone,Vitamin_A_palmitate,GRAS_IIG,0.384
Etizolam,Candesartan,APPROVED_DRUGBANK,0.384
Fenoterol,Taurocholic_acid,GRAS_IIG,0.384
Flutemetamol (18F),SODIUM_DESOXYCHOLATE,GRAS_IIG,0.384
Gadoteridol,SODIUM_DESOXYCHOLATE,GRAS_IIG,0.384
Gentamicin,Vitamin_A_palmitate,GRAS_IIG,0.384
Helium,Azilsartan medoxomil,APPROVED_DRUGBANK,0.384
Hexoprenaline,Vitamin_A_acetate,GRAS_IIG,0.384
Irinotecan,Candesartan,APPROVED_DRUGBANK,0.384
Isavuconazonium,Candesartan,APPROVED_DRUGBANK,0.384
Isothipendyl,Vitamin_A_palmitate,GRAS_IIG,0.384
Magnesium Trisilicate,Glycocholic_acid,GRAS_IIG,0.384
Methylscopolamine bromide,Candesartan,APPROVED_DRUGBANK,0.384
Miltefosine,Candesartan,APPROVED_DRUGBANK,0.384
Nabilone,Glycocholic_acid,GRAS_IIG,0.384
Natamycin,Indomethacin,APPROVED_DRUGBANK,0.384
Nelfinavir,Brinzolamide,APPROVED_DRUGBANK,0.384
Nelfinavir,Donepezil,APPROVED_DRUGBANK,0.384
Nelfinavir,FD&C_RED_NO._40,GRAS_IIG,0.384
Nelfinavir,Fentanyl,APPROVED_DRUGBANK,0.384
Nelfinavir,Fesoterodine,APPROVED_DRUGBANK,0.384
Nelfinavir,Fimasartan,APPROVED_DRUGBANK,0.384
Nelfinavir,Isocarboxazid,APPROVED_DRUGBANK,0.384
Nelfinavir,Parecoxib,APPROVED_DRUGBANK,0.384
Nelfinavir,Phenindione,APPROVED_DRUGBANK,0.384
Nelfinavir,Pirenzepine,APPROVED_DRUGBANK,0.384
Nelfinavir,Promazine,APPROVED_DRUGBANK,0.384
Nelfinavir,Ramipril,APPROVED_DRUGBANK,0.384
Nelfinavir,Tiagabine,APPROVED_DRUGBANK,0.384
Nelfinavir,Trifluoperazine,APPROVED_DRUGBANK,0.384
Nelfinavir,Triflupromazine,APPROVED_DRUGBANK,0.384
Orlistat,Candesartan,APPROVED_DRUGBANK,0.384
Paricalcitol,SODIUM_DESOXYCHOLATE,GRAS_IIG,0.384
Piperacillin,Candesartan,APPROVED_DRUGBANK,0.384
Piperacillin,Indomethacin,APPROVED_DRUGBANK,0.384
Potassium Iodide,Azilsartan medoxomil,APPROVED_DRUGBANK,0.384
Rescinnamine,Candesartan,APPROVED_DRUGBANK,0.384
Rocuronium,Candesartan,APPROVED_DRUGBANK,0.384
Selexipag,Vitamin_A_palmitate,GRAS_IIG,0.384
Silver sulfadiazine,SODIUM_DESOXYCHOLATE,GRAS_IIG,0.384
Sincalide,Indomethacin,APPROVED_DRUGBANK,0.384
Sirolimus,Candesartan,APPROVED_DRUGBANK,0.384
Sodium bicarbonate,Vitamin_A_acetate,GRAS_IIG,0.384
Talniflumate,Indomethacin,APPROVED_DRUGBANK,0.384
Testosterone,SODIUM_DESOXYCHOLATE,GRAS_IIG,0.384
Testosterone,Vitamin_A_acetate,GRAS_IIG,0.384
Tolvaptan,Vitamin_A_palmitate,GRAS_IIG,0.384
Verteporfin,Indomethacin,APPROVED_DRUGBANK,0.384
Vincristine,Candesartan,APPROVED_DRUGBANK,0.384
Voglibose,SODIUM_DESOXYCHOLATE,GRAS_IIG,0.384
Xenon-133,Azilsartan medoxomil,APPROVED_DRUGBANK,0.384
Adefovir Dipivoxil,Candesartan,APPROVED_DRUGBANK,0.382
Aluminium monostearate,SODIUM_DESOXYCHOLATE,GRAS_IIG,0.382
Amiodarone,Vitamin_A_palmitate,GRAS_IIG,0.382
Anisotropine Methylbromide,Azilsartan medoxomil,APPROVED_DRUGBANK,0.382
Aprindine,Taurocholic_acid,GRAS_IIG,0.382
Barnidipine,Indomethacin,APPROVED_DRUGBANK,0.382
Benzthiazide,Candesartan,APPROVED_DRUGBANK,0.382
Benzthiazide,Glycocholic_acid,GRAS_IIG,0.382
Buspirone,Indomethacin,APPROVED_DRUGBANK,0.382
Cefmetazole,Candesartan,APPROVED_DRUGBANK,0.382
Ceforanide,Candesartan,APPROVED_DRUGBANK,0.382
Cefotetan,Candesartan,APPROVED_DRUGBANK,0.382
Cefpodoxime,Vitamin_A_palmitate,GRAS_IIG,0.382
Chromic chloride,Azilsartan medoxomil,APPROVED_DRUGBANK,0.382
Clemastine,Glycocholic_acid,GRAS_IIG,0.382
Clofedanol,SODIUM_DESOXYCHOLATE,GRAS_IIG,0.382
Clomocycline,Candesartan,APPROVED_DRUGBANK,0.382
Clopidogrel,Glycocholic_acid,GRAS_IIG,0.382
Cobimetinib,Candesartan,APPROVED_DRUGBANK,0.382
Cyclosporine,Vitamin_A_palmitate,GRAS_IIG,0.382
Dalfopristin,Candesartan,APPROVED_DRUGBANK,0.382
Dasatinib,SODIUM_DESOXYCHOLATE,GRAS_IIG,0.382
Deoxycholic Acid,Vitamin_A_acetate,GRAS_IIG,0.382
Dipotassium phosphate,Azilsartan medoxomil,APPROVED_DRUGBANK,0.382
Dipyridamole,Vitamin_A_acetate,GRAS_IIG,0.382
Disodium phosphate,Azilsartan medoxomil,APPROVED_DRUGBANK,0.382
Docosanol,Azilsartan medoxomil,APPROVED_DRUGBANK,0.382
Efavirenz,Vitamin_A_acetate,GRAS_IIG,0.382
Ergoloid mesylate,Candesartan,APPROVED_DRUGBANK,0.382
Estazolam,Vitamin_A_palmitate,GRAS_IIG,0.382
Ethopropazine,Vitamin_A_palmitate,GRAS_IIG,0.382
Ezetimibe,Candesartan,APPROVED_DRUGBANK,0.382
Fenoprofen,SODIUM_DESOXYCHOLATE,GRAS_IIG,0.382
Ferric pyrophosphate,Azilsartan medoxomil,APPROVED_DRUGBANK,0.382
Ferric pyrophosphate,SODIUM_DESOXYCHOLATE,GRAS_IIG,0.382
Fimasartan,Candesartan,APPROVED_DRUGBANK,0.382
Fosaprepitant,Indomethacin,APPROVED_DRUGBANK,0.382
Gadoteric acid,Glycocholic_acid,GRAS_IIG,0.382
Gadoxetic acid,Glycocholic_acid,GRAS_IIG,0.382
Levomethadyl Acetate,Glycocholic_acid,GRAS_IIG,0.382
Lovastatin,Candesartan,APPROVED_DRUGBANK,0.382
Methadyl Acetate,Glycocholic_acid,GRAS_IIG,0.382
Miconazole,Metoprolol,APPROVED_DRUGBANK,0.382
Nelfinavir,Acepromazine,APPROVED_DRUGBANK,0.382
Nelfinavir,Carboplatin,APPROVED_DRUGBANK,0.382
Nelfinavir,Halazepam,APPROVED_DRUGBANK,0.382
Nelfinavir,Hexobarbital,APPROVED_DRUGBANK,0.382
Nelfinavir,INDIGOTINE_P,GRAS_IIG,0.382
Nelfinavir,Levetiracetam,APPROVED_DRUGBANK,0.382
Nelfinavir,Physostigmine,APPROVED_DRUGBANK,0.382
Nelfinavir,Primaquine,APPROVED_DRUGBANK,0.382
Nelfinavir,Spirapril,APPROVED_DRUGBANK,0.382
Nelfinavir,Sulfapyridine,APPROVED_DRUGBANK,0.382
Nelfinavir,Thalidomide,APPROVED_DRUGBANK,0.382
Nelfinavir,YELLOW_OB,GRAS_IIG,0.382
Nicergoline,Candesartan,APPROVED_DRUGBANK,0.382
Ospemifene,Vitamin_A_palmitate,GRAS_IIG,0.382
Oxymetholone,Vitamin_A_acetate,GRAS_IIG,0.382
Pantoprazole,Vitamin_A_palmitate,GRAS_IIG,0.382
Paricalcitol,Glycocholic_acid,GRAS_IIG,0.382
Phylloquinone,Candesartan,APPROVED_DRUGBANK,0.382
Progabide,SODIUM_DESOXYCHOLATE,GRAS_IIG,0.382
Promethazine,Tannic_acid_(hydrolyzable_gallotannins),GRAS_IIG,0.382
Risperidone,Vitamin_A_palmitate,GRAS_IIG,0.382
Rolapitant,Candesartan,APPROVED_DRUGBANK,0.382
Romidepsin,Candesartan,APPROVED_DRUGBANK,0.382
Sodium lauryl sulfate,Vitamin_A_acetate,GRAS_IIG,0.382
Sulconazole,Mebendazole,APPROVED_DRUGBANK,0.382
Sulfinpyrazone,Candesartan,APPROVED_DRUGBANK,0.382
Technetium Tc-99m sodium pertechnetate,Azilsartan medoxomil,APPROVED_DRUGBANK,0.382
Tetrahydrofolic acid,Candesartan,APPROVED_DRUGBANK,0.382
Udenafil,Vitamin_A_palmitate,GRAS_IIG,0.382
Adenosine triphosphate,Vitamin_A_palmitate,GRAS_IIG,0.38
Alimemazine,Vitamin_A_palmitate,GRAS_IIG,0.38
Aluminium monostearate,Glycocholic_acid,GRAS_IIG,0.38
Ambenonium,SODIUM_DESOXYCHOLATE,GRAS_IIG,0.38
Arbekacin,Indomethacin,APPROVED_DRUGBANK,0.38
Arbutamine,Candesartan,APPROVED_DRUGBANK,0.38
Arsthinol,Glycocholic_acid,GRAS_IIG,0.38
Azithromycin,Vitamin_A_palmitate,GRAS_IIG,0.38
Bazedoxifene,Candesartan,APPROVED_DRUGBANK,0.38
Bexarotene,SODIUM_DESOXYCHOLATE,GRAS_IIG,0.38
Bisacodyl,Candesartan,APPROVED_DRUGBANK,0.38
Buprenorphine,Candesartan,APPROVED_DRUGBANK,0.38
Cannabidiol,Vitamin_A_acetate,GRAS_IIG,0.38
Carvedilol,Indomethacin,APPROVED_DRUGBANK,0.38
Cefixime,Vitamin_A_palmitate,GRAS_IIG,0.38
Chloropyramine,Taurocholic_acid,GRAS_IIG,0.38
Cholecalciferol,Glycocholic_acid,GRAS_IIG,0.38
Cholic Acid,Glycocholic_acid,GRAS_IIG,0.38
Cholic Acid,Vitamin_A_acetate,GRAS_IIG,0.38
Clomifene,Candesartan,APPROVED_DRUGBANK,0.38
Colestipol,Candesartan,APPROVED_DRUGBANK,0.38
Disulfiram,Azilsartan medoxomil,APPROVED_DRUGBANK,0.38
Doxazosin,Candesartan,APPROVED_DRUGBANK,0.38
Drospirenone,Candesartan,APPROVED_DRUGBANK,0.38
Ecamsule,Glycocholic_acid,GRAS_IIG,0.38
Ecamsule,SODIUM_DESOXYCHOLATE,GRAS_IIG,0.38
Edoxaban,Glycocholic_acid,GRAS_IIG,0.38
Ethopropazine,Tannic_acid_(hydrolyzable_gallotannins),GRAS_IIG,0.38
Etonogestrel,Vitamin_A_acetate,GRAS_IIG,0.38
Gadoteric acid,SODIUM_DESOXYCHOLATE,GRAS_IIG,0.38
Gentian Violet,Glycocholic_acid,GRAS_IIG,0.38
Hexafluronium,SODIUM_DESOXYCHOLATE,GRAS_IIG,0.38
Iopamidol,Vitamin_A_acetate,GRAS_IIG,0.38
Iophendylate,Azilsartan medoxomil,APPROVED_DRUGBANK,0.38
Itraconazole,Candesartan,APPROVED_DRUGBANK,0.38
Latamoxef,Indomethacin,APPROVED_DRUGBANK,0.38
Latanoprost,Candesartan,APPROVED_DRUGBANK,0.38
Lenvatinib,Candesartan,APPROVED_DRUGBANK,0.38
Magnesium hydroxide,Azilsartan medoxomil,APPROVED_DRUGBANK,0.38
Monopotassium phosphate,Azilsartan medoxomil,APPROVED_DRUGBANK,0.38
Nelfinavir,Ambrisentan,APPROVED_DRUGBANK,0.38
Nelfinavir,Bepridil,APPROVED_DRUGBANK,0.38
Nelfinavir,CYCLAMIC_ACID,GRAS_IIG,0.38
Nelfinavir,D&C_YELLOW_NO._11,GRAS_IIG,0.38
Nelfinavir,Gliquidone,APPROVED_DRUGBANK,0.38
Nelfinavir,Irbesartan,APPROVED_DRUGBANK,0.38
Nelfinavir,Melperone,APPROVED_DRUGBANK,0.38
Nelfinavir,Norepinephrine,APPROVED_DRUGBANK,0.38
Nelfinavir,SODIUM_CYCLAMATE,GRAS_IIG,0.38
Nicergoline,Vitamin_A_palmitate,GRAS_IIG,0.38
Niclosamide,SODIUM_DESOXYCHOLATE,GRAS_IIG,0.38
Oxiconazole,Vitamin_A_palmitate,GRAS_IIG,0.38
Pemetrexed,Candesartan,APPROVED_DRUGBANK,0.38
Potassium alum,Azilsartan medoxomil,APPROVED_DRUGBANK,0.38
Rilpivirine,Azilsartan medoxomil,APPROVED_DRUGBANK,0.38
Rimonabant,Azilsartan medoxomil,APPROVED_DRUGBANK,0.38
Ritonavir,Candesartan,APPROVED_DRUGBANK,0.38
Sevelamer,Glycocholic_acid,GRAS_IIG,0.38
Sibutramine,Azilsartan medoxomil,APPROVED_DRUGBANK,0.38
Sodium acetate,Azilsartan medoxomil,APPROVED_DRUGBANK,0.38
Sodium aurothiomalate,SODIUM_DESOXYCHOLATE,GRAS_IIG,0.38
Sodium sulfate,Azilsartan medoxomil,APPROVED_DRUGBANK,0.38
Sulindac,SODIUM_DESOXYCHOLATE,GRAS_IIG,0.38
Tolnaftate,SODIUM_DESOXYCHOLATE,GRAS_IIG,0.38
Vemurafenib,Vitamin_A_palmitate,GRAS_IIG,0.38
Vitamin A,Vitamin_A_acetate,GRAS_IIG,0.38
Zinc sulfate,Azilsartan medoxomil,APPROVED_DRUGBANK,0.38
Adinazolam,Vitamin_A_palmitate,GRAS_IIG,0.378
Aluminium monostearate,Vitamin_A_acetate,GRAS_IIG,0.378
Ammonium lactate,Vitamin_A_acetate,GRAS_IIG,0.378
Benidipine,Indomethacin,APPROVED_DRUGBANK,0.378
Bromhexine,Azilsartan medoxomil,APPROVED_DRUGBANK,0.378
Calcitriol,Azilsartan medoxomil,APPROVED_DRUGBANK,0.378
Calcium carbonate,Azilsartan medoxomil,APPROVED_DRUGBANK,0.378
Celecoxib,Azilsartan medoxomil,APPROVED_DRUGBANK,0.378
Clofedanol,Taurocholic_acid,GRAS_IIG,0.378
Cyclosporine,Candesartan,APPROVED_DRUGBANK,0.378
Deserpidine,Candesartan,APPROVED_DRUGBANK,0.378
Deserpidine,Indomethacin,APPROVED_DRUGBANK,0.378
Dimetindene,Glycocholic_acid,GRAS_IIG,0.378
Dipyridamole,Azilsartan medoxomil,APPROVED_DRUGBANK,0.378
Domperidone,Glycocholic_acid,GRAS_IIG,0.378
Droxidopa,Glycocholic_acid,GRAS_IIG,0.378
Efavirenz,Taurocholic_acid,GRAS_IIG,0.378
Etravirine,Vitamin_A_acetate,GRAS_IIG,0.378
Ezogabine,Vitamin_A_palmitate,GRAS_IIG,0.378
Ferric Citrate,Azilsartan medoxomil,APPROVED_DRUGBANK,0.378
Fluoxetine,Vitamin_A_palmitate,GRAS_IIG,0.378
Fluticasone furoate,Indomethacin,APPROVED_DRUGBANK,0.378
Hexoprenaline,SODIUM_DESOXYCHOLATE,GRAS_IIG,0.378
Levallorphan,Vitamin_A_acetate,GRAS_IIG,0.378
Levoleucovorin,Candesartan,APPROVED_DRUGBANK,0.378
Luliconazole,SODIUM_DESOXYCHOLATE,GRAS_IIG,0.378
Magnesium Trisilicate,Vitamin_A_acetate,GRAS_IIG,0.378
Metocurine,Candesartan,APPROVED_DRUGBANK,0.378
Mezlocillin,Vitamin_A_palmitate,GRAS_IIG,0.378
Nelfinavir,Cidofovir,APPROVED_DRUGBANK,0.378
Nelfinavir,Domperidone,APPROVED_DRUGBANK,0.378
Nelfinavir,Ethotoin,APPROVED_DRUGBANK,0.378
Nelfinavir,Hexylcaine,APPROVED_DRUGBANK,0.378
Nelfinavir,Metronidazole,APPROVED_DRUGBANK,0.378
Nelfinavir,Mirabegron,APPROVED_DRUGBANK,0.378
Nelfinavir,Nitrazepam,APPROVED_DRUGBANK,0.378
Nelfinavir,Perospirone,APPROVED_DRUGBANK,0.378
Nelfinavir,Phenmetrazine,APPROVED_DRUGBANK,0.378
Nelfinavir,Sulbactam,APPROVED_DRUGBANK,0.378
Norelgestromin,SODIUM_DESOXYCHOLATE,GRAS_IIG,0.378
Polidocanol,Vitamin_A_acetate,GRAS_IIG,0.378
Potassium Citrate,Azilsartan medoxomil,APPROVED_DRUGBANK,0.378
Progabide,Candesartan,APPROVED_DRUGBANK,0.378
Prussian blue,Azilsartan medoxomil,APPROVED_DRUGBANK,0.378
Selexipag,Candesartan,APPROVED_DRUGBANK,0.378
Sertaconazole,Metoprolol,APPROVED_DRUGBANK,0.378
Sodium Citrate,Azilsartan medoxomil,APPROVED_DRUGBANK,0.378
Sulconazole,Tenofovir alafenamide,APPROVED_DRUGBANK,0.378
Suramin,Vitamin_A_palmitate,GRAS_IIG,0.378
Tazarotene,Azilsartan medoxomil,APPROVED_DRUGBANK,0.378
Technetium Tc-99m tetrofosmin,Azilsartan medoxomil,APPROVED_DRUGBANK,0.378
Technetium Tc-99m tetrofosmin,Vitamin_A_acetate,GRAS_IIG,0.378
Tioconazole,Ciclesonide,APPROVED_DRUGBANK,0.378
Triclosan,SODIUM_DESOXYCHOLATE,GRAS_IIG,0.378
Trisodium citrate dihydrate,Azilsartan medoxomil,APPROVED_DRUGBANK,0.378
Troleandomycin,Vitamin_A_palmitate,GRAS_IIG,0.378
Viomycin,Candesartan,APPROVED_DRUGBANK,0.378
Xanthophyll,Glycocholic_acid,GRAS_IIG,0.378
Zafirlukast,Candesartan,APPROVED_DRUGBANK,0.378
Zolpidem,Azilsartan medoxomil,APPROVED_DRUGBANK,0.378
Zolpidem,Glycocholic_acid,GRAS_IIG,0.378
Zolpidem,Vitamin_A_acetate,GRAS_IIG,0.378
Abiraterone,SODIUM_DESOXYCHOLATE,GRAS_IIG,0.376
Acetrizoic acid,Azilsartan medoxomil,APPROVED_DRUGBANK,0.376
Amsacrine,Vitamin_A_palmitate,GRAS_IIG,0.376
Arbekacin,Candesartan,APPROVED_DRUGBANK,0.376
Atovaquone,Oxybuprocaine,APPROVED_DRUGBANK,0.376
Bisoxatin,Glycocholic_acid,GRAS_IIG,0.376
Carbamazepine,Azilsartan medoxomil,APPROVED_DRUGBANK,0.376
Carboprost Tromethamine,SODIUM_DESOXYCHOLATE,GRAS_IIG,0.376
Cefalotin,Candesartan,APPROVED_DRUGBANK,0.376
Chlortetracycline,Candesartan,APPROVED_DRUGBANK,0.376
Cilnidipine,Vitamin_A_palmitate,GRAS_IIG,0.376
Clevidipine,Vitamin_A_palmitate,GRAS_IIG,0.376
Cloxazolam,Glycocholic_acid,GRAS_IIG,0.376
Clozapine,SODIUM_DESOXYCHOLATE,GRAS_IIG,0.376
Colfosceril palmitate,Candesartan,APPROVED_DRUGBANK,0.376
Cyproheptadine,Glycocholic_acid,GRAS_IIG,0.376
Deferoxamine,Glycocholic_acid,GRAS_IIG,0.376
Degarelix,Indomethacin,APPROVED_DRUGBANK,0.376
Desogestrel,SODIUM_DESOXYCHOLATE,GRAS_IIG,0.376
Dihydrotachysterol,SODIUM_DESOXYCHOLATE,GRAS_IIG,0.376
Dimetotiazine,Tannic_acid_(hydrolyzable_gallotannins),GRAS_IIG,0.376
Dipyridamole,Glycocholic_acid,GRAS_IIG,0.376
Drotaverine,Glycocholic_acid,GRAS_IIG,0.376
Droxidopa,SODIUM_DESOXYCHOLATE,GRAS_IIG,0.376
Encainide,Indomethacin,APPROVED_DRUGBANK,0.376
Forasartan,Candesartan,APPROVED_DRUGBANK,0.376
Gadoxetic acid,SODIUM_DESOXYCHOLATE,GRAS_IIG,0.376
Hexachlorophene,Taurocholic_acid,GRAS_IIG,0.376
Hexoprenaline,Glycocholic_acid,GRAS_IIG,0.376
Idarubicin,Candesartan,APPROVED_DRUGBANK,0.376
Iloprost,Glycocholic_acid,GRAS_IIG,0.376
Iopodic acid,SODIUM_DESOXYCHOLATE,GRAS_IIG,0.376
Isothipendyl,Azilsartan medoxomil,APPROVED_DRUGBANK,0.376
Levonordefrin,Azilsartan medoxomil,APPROVED_DRUGBANK,0.376
Lorpiprazole,SODIUM_DESOXYCHOLATE,GRAS_IIG,0.376
Methdilazine,Tannic_acid_(hydrolyzable_gallotannins),GRAS_IIG,0.376
Methotrimeprazine,Glycocholic_acid,GRAS_IIG,0.376
Metixene,Glycocholic_acid,GRAS_IIG,0.376
Montelukast,SODIUM_DESOXYCHOLATE,GRAS_IIG,0.376
Nabilone,Vitamin_A_acetate,GRAS_IIG,0.376
Nelfinavir,Amprenavir,APPROVED_DRUGBANK,0.376
Nelfinavir,Astemizole,APPROVED_DRUGBANK,0.376
Nelfinavir,Avibactam,APPROVED_DRUGBANK,0.376
Nelfinavir,Betazole,APPROVED_DRUGBANK,0.376
Nelfinavir,Bifonazole,APPROVED_DRUGBANK,0.376
Nelfinavir,Darunavir,APPROVED_DRUGBANK,0.376
Nelfinavir,Nimesulide,APPROVED_DRUGBANK,0.376
Nelfinavir,Oxaliplatin,APPROVED_DRUGBANK,0.376
Nelfinavir,Palonosetron,APPROVED_DRUGBANK,0.376
Nelfinavir,Pyroglutamate,APPROVED_DRUGBANK,0.376
Nelfinavir,Saprisartan,APPROVED_DRUGBANK,0.376
Nelfinavir,Zoledronic acid,APPROVED_DRUGBANK,0.376
Nonoxynol-9,Candesartan,APPROVED_DRUGBANK,0.376
Olopatadine,Glycocholic_acid,GRAS_IIG,0.376
Pamidronate,Azilsartan medoxomil,APPROVED_DRUGBANK,0.376
Parecoxib,Candesartan,APPROVED_DRUGBANK,0.376
Piperonyl butoxide,Glycocholic_acid,GRAS_IIG,0.376
Quinestrol,Glycocholic_acid,GRAS_IIG,0.376
Rifapentine,Candesartan,APPROVED_DRUGBANK,0.376
Silver sulfadiazine,Azilsartan medoxomil,APPROVED_DRUGBANK,0.376
Sodium Nitrite,Azilsartan medoxomil,APPROVED_DRUGBANK,0.376
Sodium Tetradecyl Sulfate,Azilsartan medoxomil,APPROVED_DRUGBANK,0.376
Stanozolol,Glycocholic_acid,GRAS_IIG,0.376
Tamoxifen,Candesartan,APPROVED_DRUGBANK,0.376
Technetium Tc-99m Medronate,Azilsartan medoxomil,APPROVED_DRUGBANK,0.376
Tedizolid Phosphate,Indomethacin,APPROVED_DRUGBANK,0.376
Toremifene,Candesartan,APPROVED_DRUGBANK,0.376
Tyropanoic acid,Glycocholic_acid,GRAS_IIG,0.376
Verteporfin,Vitamin_A_palmitate,GRAS_IIG,0.376
Vitamin A,Glycocholic_acid,GRAS_IIG,0.376
Alimemazine,Azilsartan medoxomil,APPROVED_DRUGBANK,0.374
Almitrine,SODIUM_DESOXYCHOLATE,GRAS_IIG,0.374
Aluminium monostearate,Azilsartan medoxomil,APPROVED_DRUGBANK,0.374
Amikacin,Candesartan,APPROVED_DRUGBANK,0.374
Azithromycin,Candesartan,APPROVED_DRUGBANK,0.374
Boceprevir,Azilsartan medoxomil,APPROVED_DRUGBANK,0.374
Brompheniramine,Glycocholic_acid,GRAS_IIG,0.374
Butoconazole,Candesartan,APPROVED_DRUGBANK,0.374
Capreomycin,Vitamin_A_palmitate,GRAS_IIG,0.374
Carboplatin,Vitamin_A_acetate,GRAS_IIG,0.374
Chloropyramine,SODIUM_DESOXYCHOLATE,GRAS_IIG,0.374
Chlorpromazine,Azilsartan medoxomil,APPROVED_DRUGBANK,0.374
Chlortetracycline,Glycocholic_acid,GRAS_IIG,0.374
Ciclesonide,Indomethacin,APPROVED_DRUGBANK,0.374
Dexbrompheniramine,Glycocholic_acid,GRAS_IIG,0.374
Docosanol,Taurocholic_acid,GRAS_IIG,0.374
Droxidopa,Vitamin_A_acetate,GRAS_IIG,0.374
Efonidipine,Indomethacin,APPROVED_DRUGBANK,0.374
Estrone,Deoxycholic Acid,APPROVED_DRUGBANK,0.374
Estrone,Desoxycholic_acid,GRAS_IIG,0.374
Ethynodiol diacetate,SODIUM_DESOXYCHOLATE,GRAS_IIG,0.374
Etofenamate,Candesartan,APPROVED_DRUGBANK,0.374
Etoposide,Indomethacin,APPROVED_DRUGBANK,0.374
Etoposide,Vitamin_A_palmitate,GRAS_IIG,0.374
Etoricoxib,Taurocholic_acid,GRAS_IIG,0.374
Fluoxetine,SODIUM_DESOXYCHOLATE,GRAS_IIG,0.374
Ganirelix,Candesartan,APPROVED_DRUGBANK,0.374
Haloprogin,Azilsartan medoxomil,APPROVED_DRUGBANK,0.374
Hemin,Indomethacin,APPROVED_DRUGBANK,0.374
Hyaluronic acid,Vitamin_A_palmitate,GRAS_IIG,0.374
Iopamidol,Glycocholic_acid,GRAS_IIG,0.374
Itraconazole,Indomethacin,APPROVED_DRUGBANK,0.374
Kappadione,Azilsartan medoxomil,APPROVED_DRUGBANK,0.374
Lincomycin,Indomethacin,APPROVED_DRUGBANK,0.374
Lobeglitazone,Candesartan,APPROVED_DRUGBANK,0.374
Losartan,Glycocholic_acid,GRAS_IIG,0.374
Magnesium Sulfate,Azilsartan medoxomil,APPROVED_DRUGBANK,0.374
Maprotiline,Azilsartan medoxomil,APPROVED_DRUGBANK,0.374
Metocurine,Vitamin_A_palmitate,GRAS_IIG,0.374
Mitotane,SODIUM_DESOXYCHOLATE,GRAS_IIG,0.374
Mivacurium,Candesartan,APPROVED_DRUGBANK,0.374
Naftifine,Glycocholic_acid,GRAS_IIG,0.374
Nelfinavir,Carisoprodol,APPROVED_DRUGBANK,0.374
Nelfinavir,Clidinium,APPROVED_DRUGBANK,0.374
Nelfinavir,Dacarbazine,APPROVED_DRUGBANK,0.374
Nelfinavir,Emedastine,APPROVED_DRUGBANK,0.374
Nelfinavir,METHYLISOTHIAZOLINONE,GRAS_IIG,0.374
Nelfinavir,Menadione,APPROVED_DRUGBANK,0.374
Nelfinavir,Mephentermine,APPROVED_DRUGBANK,0.374
Nelfinavir,SULFACETAMIDE_SODIUM,GRAS_IIG,0.374
Nelfinavir,Selexipag,APPROVED_DRUGBANK,0.374
Osimertinib,Candesartan,APPROVED_DRUGBANK,0.374
Oxaprozin,Candesartan,APPROVED_DRUGBANK,0.374
Oxaprozin,Indomethacin,APPROVED_DRUGBANK,0.374
Panobinostat,Indomethacin,APPROVED_DRUGBANK,0.374
Pentagastrin,Indomethacin,APPROVED_DRUGBANK,0.374
Ponatinib,Deoxycholic Acid,APPROVED_DRUGBANK,0.374
Ponatinib,Desoxycholic_acid,GRAS_IIG,0.374
Prasugrel,Glycocholic_acid,GRAS_IIG,0.374
Reserpine,Candesartan,APPROVED_DRUGBANK,0.374
Rifapentine,Vitamin_A_palmitate,GRAS_IIG,0.374
Suramin,SODIUM_DESOXYCHOLATE,GRAS_IIG,0.374
Tamsulosin,Candesartan,APPROVED_DRUGBANK,0.374
Tamsulosin,Vitamin_A_palmitate,GRAS_IIG,0.374
Tigecycline,Candesartan,APPROVED_DRUGBANK,0.374
Umeclidinium,Candesartan,APPROVED_DRUGBANK,0.374
Vilazodone,Indomethacin,APPROVED_DRUGBANK,0.374
Vitamin E,Glycocholic_acid,GRAS_IIG,0.374
Ximelagatran,Vitamin_A_palmitate,GRAS_IIG,0.374
Acarbose,Candesartan,APPROVED_DRUGBANK,0.372
Aliskiren,Candesartan,APPROVED_DRUGBANK,0.372
Alitretinoin,SODIUM_DESOXYCHOLATE,GRAS_IIG,0.372
Anagrelide,SODIUM_DESOXYCHOLATE,GRAS_IIG,0.372
Bepridil,Glycocholic_acid,GRAS_IIG,0.372
Cefotiam,Indomethacin,APPROVED_DRUGBANK,0.372
Cephaloridine,Indomethacin,APPROVED_DRUGBANK,0.372
Cholecalciferol,Azilsartan medoxomil,APPROVED_DRUGBANK,0.372
Clomipramine,Azilsartan medoxomil,APPROVED_DRUGBANK,0.372
Cloperastine,Glycocholic_acid,GRAS_IIG,0.372
Cyclobenzaprine,Azilsartan medoxomil,APPROVED_DRUGBANK,0.372
Desloratadine,Taurocholic_acid,GRAS_IIG,0.372
Dextrothyroxine,Glycocholic_acid,GRAS_IIG,0.372
Elbasvir,Vitamin_A_palmitate,GRAS_IIG,0.372
Eltrombopag,Candesartan,APPROVED_DRUGBANK,0.372
Enoxaparin,Indomethacin,APPROVED_DRUGBANK,0.372
Estrone,Alitretinoin,APPROVED_DRUGBANK,0.372
Estrone,Isotretinoin,APPROVED_DRUGBANK,0.372
Estrone,Tannic_acid_(hydrolyzable_gallotannins),GRAS_IIG,0.372
Estrone,Tretinoin,APPROVED_DRUGBANK,0.372
Estrone,Vitamin A,APPROVED_DRUGBANK,0.372
Estrone,Vitamin_A,GRAS_IIG,0.372
Ezogabine,Azilsartan medoxomil,APPROVED_DRUGBANK,0.372
Fenoterol,Vitamin_A_acetate,GRAS_IIG,0.372
Gallium nitrate,Azilsartan medoxomil,APPROVED_DRUGBANK,0.372
Gentian Violet,Azilsartan medoxomil,APPROVED_DRUGBANK,0.372
Gentian Violet,SODIUM_DESOXYCHOLATE,GRAS_IIG,0.372
Gentian Violet,Vitamin_A_acetate,GRAS_IIG,0.372
Histamine Phosphate,Vitamin_A_acetate,GRAS_IIG,0.372
Isotretinoin,SODIUM_DESOXYCHOLATE,GRAS_IIG,0.372
Ivabradine,Vitamin_A_palmitate,GRAS_IIG,0.372
Ivermectin,Vitamin_A_palmitate,GRAS_IIG,0.372
Lansoprazole,Vitamin_A_palmitate,GRAS_IIG,0.372
Latamoxef,Candesartan,APPROVED_DRUGBANK,0.372
Levothyroxine,Glycocholic_acid,GRAS_IIG,0.372
Nelfinavir,Ciclopirox,APPROVED_DRUGBANK,0.372
Nelfinavir,Fluoxetine,APPROVED_DRUGBANK,0.372
Nelfinavir,INDIGOTINDISULFONATE_SODIUM,GRAS_IIG,0.372
Nelfinavir,Methdilazine,APPROVED_DRUGBANK,0.372
Nelfinavir,Mezlocillin,APPROVED_DRUGBANK,0.372
Nelfinavir,SACCHARIN_SODIUM_ANHYDROUS,GRAS_IIG,0.372
Nelfinavir,Tolterodine,APPROVED_DRUGBANK,0.372
Nelfinavir,Triethylenetetramine,APPROVED_DRUGBANK,0.372
Nelfinavir,Zolmitriptan,APPROVED_DRUGBANK,0.372
Norelgestromin,Glycocholic_acid,GRAS_IIG,0.372
Olanzapine,Glycocholic_acid,GRAS_IIG,0.372
Pazopanib,SODIUM_DESOXYCHOLATE,GRAS_IIG,0.372
Permethrin,Glycocholic_acid,GRAS_IIG,0.372
Posaconazole,Vitamin_A_palmitate,GRAS_IIG,0.372
Quinestrol,SODIUM_DESOXYCHOLATE,GRAS_IIG,0.372
Rifampicin,Candesartan,APPROVED_DRUGBANK,0.372
Rotigotine,SODIUM_DESOXYCHOLATE,GRAS_IIG,0.372
Sapropterin,SODIUM_DESOXYCHOLATE,GRAS_IIG,0.372
Sertraline,Taurocholic_acid,GRAS_IIG,0.372
Technetium Tc 99m Oxidronate,Azilsartan medoxomil,APPROVED_DRUGBANK,0.372
Tedizolid Phosphate,Candesartan,APPROVED_DRUGBANK,0.372
Telmisartan,Candesartan,APPROVED_DRUGBANK,0.372
Telmisartan,Vitamin_A_palmitate,GRAS_IIG,0.372
Temsirolimus,Candesartan,APPROVED_DRUGBANK,0.372
Thioridazine,Azilsartan medoxomil,APPROVED_DRUGBANK,0.372
Toremifene,Vitamin_A_palmitate,GRAS_IIG,0.372
Tretinoin,SODIUM_DESOXYCHOLATE,GRAS_IIG,0.372
Trichlormethiazide,SODIUM_DESOXYCHOLATE,GRAS_IIG,0.372
Trypan blue,Vitamin_A_acetate,GRAS_IIG,0.372
Unoprostone,Glycocholic_acid,GRAS_IIG,0.372
Valsartan,Vitamin_A_palmitate,GRAS_IIG,0.372
Vinblastine,Candesartan,APPROVED_DRUGBANK,0.372
Vitamin A,Azilsartan medoxomil,APPROVED_DRUGBANK,0.372
Zotepine,Tannic_acid_(hydrolyzable_gallotannins),GRAS_IIG,0.372
Acetyldigitoxin,Vitamin_A_palmitate,GRAS_IIG,0.37
Adapalene,Vitamin_A_palmitate,GRAS_IIG,0.37
Ambenonium,Taurocholic_acid,GRAS_IIG,0.37
Amiodarone,Candesartan,APPROVED_DRUGBANK,0.37
Bazedoxifene,Vitamin_A_palmitate,GRAS_IIG,0.37
Bleomycin,Indomethacin,APPROVED_DRUGBANK,0.37
Bromocriptine,Candesartan,APPROVED_DRUGBANK,0.37
Cannabidiol,SODIUM_DESOXYCHOLATE,GRAS_IIG,0.37
Carboprost Tromethamine,Vitamin_A_acetate,GRAS_IIG,0.37
Cefpiramide,Indomethacin,APPROVED_DRUGBANK,0.37
Cephaloridine,Candesartan,APPROVED_DRUGBANK,0.37
Chlorprothixene,Tannic_acid_(hydrolyzable_gallotannins),GRAS_IIG,0.37
Choline C 11,Taurocholic_acid,GRAS_IIG,0.37
Cinalukast,Glycocholic_acid,GRAS_IIG,0.37
Conivaptan,Candesartan,APPROVED_DRUGBANK,0.37
Conjugated Estrogens,Carotene_(beta-carotene),GRAS_IIG,0.37
Cyclobenzaprine,SODIUM_DESOXYCHOLATE,GRAS_IIG,0.37
Dabrafenib,Vitamin_A_palmitate,GRAS_IIG,0.37
Dasatinib,Vitamin_A_palmitate,GRAS_IIG,0.37
Deslanoside,Candesartan,APPROVED_DRUGBANK,0.37
Desogestrel,Vitamin_A_acetate,GRAS_IIG,0.37
Digoxin,Indomethacin,APPROVED_DRUGBANK,0.37
Diiodohydroxyquinoline,Glycocholic_acid,GRAS_IIG,0.37
Dirithromycin,Vitamin_A_palmitate,GRAS_IIG,0.37
Dronedarone,Vitamin_A_palmitate,GRAS_IIG,0.37
Ecamsule,Vitamin_A_acetate,GRAS_IIG,0.37
Equilin,Azilsartan medoxomil,APPROVED_DRUGBANK,0.37
Etoricoxib,Vitamin_A_acetate,GRAS_IIG,0.37
Flutemetamol (18F),Azilsartan medoxomil,APPROVED_DRUGBANK,0.37
Flutemetamol (18F),Glycocholic_acid,GRAS_IIG,0.37
Folic Acid,Vitamin_A_palmitate,GRAS_IIG,0.37
Hexachlorophene,Azilsartan medoxomil,APPROVED_DRUGBANK,0.37
Hyaluronic acid,Candesartan,APPROVED_DRUGBANK,0.37
Icosapent ethyl,Azilsartan medoxomil,APPROVED_DRUGBANK,0.37
Iohexol,Vitamin_A_acetate,GRAS_IIG,0.37
Iopamidol,SODIUM_DESOXYCHOLATE,GRAS_IIG,0.37
Lacidipine,Azilsartan medoxomil,APPROVED_DRUGBANK,0.37
Leucovorin,Candesartan,APPROVED_DRUGBANK,0.37
Liothyronine,Vitamin_A_palmitate,GRAS_IIG,0.37
Meclizine,SODIUM_DESOXYCHOLATE,GRAS_IIG,0.37
Mesna,Azilsartan medoxomil,APPROVED_DRUGBANK,0.37
Nebivolol,Vitamin_A_acetate,GRAS_IIG,0.37
Nelfinavir,Amantadine,APPROVED_DRUGBANK,0.37
Nelfinavir,Dalfampridine,APPROVED_DRUGBANK,0.37
Nelfinavir,Dexibuprofen,APPROVED_DRUGBANK,0.37
Nelfinavir,Ibuprofen,APPROVED_DRUGBANK,0.37
Nelfinavir,METHYLCHLOROISOTHIAZOLINONE,GRAS_IIG,0.37
Nelfinavir,Nevirapine,APPROVED_DRUGBANK,0.37
Nelfinavir,Niacinamide_(nicotinamide),GRAS_IIG,0.37
Nelfinavir,Nicotinamide,APPROVED_DRUGBANK,0.37
Nelfinavir,Polaprezinc,APPROVED_DRUGBANK,0.37
Nelfinavir,Pomalidomide,APPROVED_DRUGBANK,0.37
Nelfinavir,Sonidegib,APPROVED_DRUGBANK,0.37
Nelfinavir,Sulfasalazine,APPROVED_DRUGBANK,0.37
Nelfinavir,Triamterene,APPROVED_DRUGBANK,0.37
Nicardipine,Candesartan,APPROVED_DRUGBANK,0.37
Nicardipine,Vitamin_A_palmitate,GRAS_IIG,0.37
Osimertinib,Indomethacin,APPROVED_DRUGBANK,0.37
Pentosan Polysulfate,Candesartan,APPROVED_DRUGBANK,0.37
Polidocanol,Glycocholic_acid,GRAS_IIG,0.37
Rilpivirine,Vitamin_A_acetate,GRAS_IIG,0.37
Saquinavir,Risperidone,APPROVED_DRUGBANK,0.37
Setiptiline,Glycocholic_acid,GRAS_IIG,0.37
Sevelamer,SODIUM_DESOXYCHOLATE,GRAS_IIG,0.37
Silver sulfadiazine,Glycocholic_acid,GRAS_IIG,0.37
Talniflumate,Candesartan,APPROVED_DRUGBANK,0.37
Thiothixene,Glycocholic_acid,GRAS_IIG,0.37
Tolvaptan,Azilsartan medoxomil,APPROVED_DRUGBANK,0.37
Triprolidine,SODIUM_DESOXYCHOLATE,GRAS_IIG,0.37
Alfacalcidol,SODIUM_DESOXYCHOLATE,GRAS_IIG,0.368
Ambenonium,Azilsartan medoxomil,APPROVED_DRUGBANK,0.368
Ammonium lactate,Azilsartan medoxomil,APPROVED_DRUGBANK,0.368
Antrafenine,Candesartan,APPROVED_DRUGBANK,0.368
Antrafenine,Indomethacin,APPROVED_DRUGBANK,0.368
Aprindine,Azilsartan medoxomil,APPROVED_DRUGBANK,0.368
Arbutamine,Glycocholic_acid,GRAS_IIG,0.368
Atovaquone,Iloperidone,APPROVED_DRUGBANK,0.368
Benzthiazide,Vitamin_A_palmitate,GRAS_IIG,0.368
Cabozantinib,Candesartan,APPROVED_DRUGBANK,0.368
Calcidiol,SODIUM_DESOXYCHOLATE,GRAS_IIG,0.368
Carbetocin,Indomethacin,APPROVED_DRUGBANK,0.368
Carboprost Tromethamine,Azilsartan medoxomil,APPROVED_DRUGBANK,0.368
Cefalotin,Vitamin_A_palmitate,GRAS_IIG,0.368
Cefotaxime,Vitamin_A_palmitate,GRAS_IIG,0.368
Ceftolozane,Candesartan,APPROVED_DRUGBANK,0.368
Cinalukast,SODIUM_DESOXYCHOLATE,GRAS_IIG,0.368
Clocapramine,Tannic_acid_(hydrolyzable_gallotannins),GRAS_IIG,0.368
Clotiazepam,Glycocholic_acid,GRAS_IIG,0.368
Colfosceril palmitate,Vitamin_A_palmitate,GRAS_IIG,0.368
Conjugated Estrogens,Vitamin_A_acetate,GRAS_IIG,0.368
Darunavir,Indomethacin,APPROVED_DRUGBANK,0.368
Daunorubicin,Indomethacin,APPROVED_DRUGBANK,0.368
Diatrizoate,Azilsartan medoxomil,APPROVED_DRUGBANK,0.368
Dienestrol,Azilsartan medoxomil,APPROVED_DRUGBANK,0.368
Difluprednate,Candesartan,APPROVED_DRUGBANK,0.368
Doxorubicin,Indomethacin,APPROVED_DRUGBANK,0.368
Drotaverine,Azilsartan medoxomil,APPROVED_DRUGBANK,0.368
Epirubicin,Indomethacin,APPROVED_DRUGBANK,0.368
Etacrynic acid,Azilsartan medoxomil,APPROVED_DRUGBANK,0.368
Histamine Phosphate,SODIUM_DESOXYCHOLATE,GRAS_IIG,0.368
Indecainide,Azilsartan medoxomil,APPROVED_DRUGBANK,0.368
Indecainide,SODIUM_DESOXYCHOLATE,GRAS_IIG,0.368
Iodipamide,Azilsartan medoxomil,APPROVED_DRUGBANK,0.368
Iodixanol,Azilsartan medoxomil,APPROVED_DRUGBANK,0.368
Magnesium salicylate,Vitamin_A_acetate,GRAS_IIG,0.368
Mangafodipir,Azilsartan medoxomil,APPROVED_DRUGBANK,0.368
Maprotiline,Vitamin_A_acetate,GRAS_IIG,0.368
Metixene,Azilsartan medoxomil,APPROVED_DRUGBANK,0.368
Metrizamide,SODIUM_DESOXYCHOLATE,GRAS_IIG,0.368
Metrizoic acid,SODIUM_DESOXYCHOLATE,GRAS_IIG,0.368
Nabilone,SODIUM_DESOXYCHOLATE,GRAS_IIG,0.368
Nandrolone decanoate,SODIUM_DESOXYCHOLATE,GRAS_IIG,0.368
Natamycin,Candesartan,APPROVED_DRUGBANK,0.368
Nelfinavir,Agomelatine,APPROVED_DRUGBANK,0.368
Nelfinavir,Amlexanox,APPROVED_DRUGBANK,0.368
Nelfinavir,Boceprevir,APPROVED_DRUGBANK,0.368
Nelfinavir,Fexofenadine,APPROVED_DRUGBANK,0.368
Nelfinavir,Fosamprenavir,APPROVED_DRUGBANK,0.368
Nelfinavir,Isopropamide,APPROVED_DRUGBANK,0.368
Nelfinavir,Oxamniquine,APPROVED_DRUGBANK,0.368
Nelfinavir,PHENYLMERCURIC_ACETATE,GRAS_IIG,0.368
Nelfinavir,Piracetam,APPROVED_DRUGBANK,0.368
Nelfinavir,Risedronate,APPROVED_DRUGBANK,0.368
Nelfinavir,SACCHARIN_CALCIUM,GRAS_IIG,0.368
Nelfinavir,Tazobactam,APPROVED_DRUGBANK,0.368
Nelfinavir,Vortioxetine,APPROVED_DRUGBANK,0.368
Nilotinib,Vitamin_A_palmitate,GRAS_IIG,0.368
Nortriptyline,Glycocholic_acid,GRAS_IIG,0.368
Paroxetine,Indomethacin,APPROVED_DRUGBANK,0.368
Perhexiline,SODIUM_DESOXYCHOLATE,GRAS_IIG,0.368
Pimecrolimus,Candesartan,APPROVED_DRUGBANK,0.368
Piperacillin,Vitamin_A_palmitate,GRAS_IIG,0.368
Ponatinib,Taurocholic_acid,GRAS_IIG,0.368
Propofol,Azilsartan medoxomil,APPROVED_DRUGBANK,0.368
Quinagolide,Glycocholic_acid,GRAS_IIG,0.368
Quinagolide,SODIUM_DESOXYCHOLATE,GRAS_IIG,0.368
Quinagolide,Vitamin_A_acetate,GRAS_IIG,0.368
Rescinnamine,Indomethacin,APPROVED_DRUGBANK,0.368
Rolitetracycline,Vitamin_A_palmitate,GRAS_IIG,0.368
Salmeterol,Vitamin_A_palmitate,GRAS_IIG,0.368
Spinosad,Indomethacin,APPROVED_DRUGBANK,0.368
Strontium ranelate,Glycocholic_acid,GRAS_IIG,0.368
Sucroferric Oxyhydroxide,Azilsartan medoxomil,APPROVED_DRUGBANK,0.368
Sulindac,Glycocholic_acid,GRAS_IIG,0.368
Tazarotene,SODIUM_DESOXYCHOLATE,GRAS_IIG,0.368
Technetium Tc 99m Mebrofenin,SODIUM_DESOXYCHOLATE,GRAS_IIG,0.368
Technetium Tc-99m tetrofosmin,SODIUM_DESOXYCHOLATE,GRAS_IIG,0.368
Thimerosal,Glycocholic_acid,GRAS_IIG,0.368
Viomycin,Indomethacin,APPROVED_DRUGBANK,0.368
Vismodegib,Taurocholic_acid,GRAS_IIG,0.368
Voacamine,Candesartan,APPROVED_DRUGBANK,0.368
Abiraterone,Azilsartan medoxomil,APPROVED_DRUGBANK,0.366
Aripiprazole,Glycocholic_acid,GRAS_IIG,0.366
Arsthinol,Azilsartan medoxomil,APPROVED_DRUGBANK,0.366
Bentoquatam,Azilsartan medoxomil,APPROVED_DRUGBANK,0.366
Benzphetamine,SODIUM_DESOXYCHOLATE,GRAS_IIG,0.366
Bromodiphenhydramine,Vitamin_A_palmitate,GRAS_IIG,0.366
Bupivacaine,Azilsartan medoxomil,APPROVED_DRUGBANK,0.366
Ceforanide,Vitamin_A_palmitate,GRAS_IIG,0.366
Cefuroxime,Candesartan,APPROVED_DRUGBANK,0.366
Chloropyramine,Azilsartan medoxomil,APPROVED_DRUGBANK,0.366
Cinnarizine,Glycocholic_acid,GRAS_IIG,0.366
Conjugated Estrogens,SODIUM_DESOXYCHOLATE,GRAS_IIG,0.366
Degarelix,Candesartan,APPROVED_DRUGBANK,0.366
Deoxycholic Acid,SODIUM_DESOXYCHOLATE,GRAS_IIG,0.366
Desloratadine,Azilsartan medoxomil,APPROVED_DRUGBANK,0.366
Diethylstilbestrol,Azilsartan medoxomil,APPROVED_DRUGBANK,0.366
Dihydroergotamine,Vitamin_A_palmitate,GRAS_IIG,0.366
Dimenhydrinate,Vitamin_A_palmitate,GRAS_IIG,0.366
Dydrogesterone,Vitamin_A_acetate,GRAS_IIG,0.366
Equilin,Alitretinoin,APPROVED_DRUGBANK,0.366
Equilin,Isotretinoin,APPROVED_DRUGBANK,0.366
Equilin,Tretinoin,APPROVED_DRUGBANK,0.366
Equilin,Vitamin A,APPROVED_DRUGBANK,0.366
Equilin,Vitamin_A,GRAS_IIG,0.366
Etoposide,Candesartan,APPROVED_DRUGBANK,0.366
Etoricoxib,Deoxycholic Acid,APPROVED_DRUGBANK,0.366
Etoricoxib,Desoxycholic_acid,GRAS_IIG,0.366
Famotidine,Azilsartan medoxomil,APPROVED_DRUGBANK,0.366
Fenofibrate,SODIUM_DESOXYCHOLATE,GRAS_IIG,0.366
Fludiazepam,Azilsartan medoxomil,APPROVED_DRUGBANK,0.366
Fluticasone furoate,Candesartan,APPROVED_DRUGBANK,0.366
Ganirelix,Indomethacin,APPROVED_DRUGBANK,0.366
Hexafluronium,Vitamin_A_acetate,GRAS_IIG,0.366
Iodixanol,Vitamin_A_acetate,GRAS_IIG,0.366
Iohexol,Azilsartan medoxomil,APPROVED_DRUGBANK,0.366
Josamycin,Vitamin_A_palmitate,GRAS_IIG,0.366
Lactose,Vitamin_A_acetate,GRAS_IIG,0.366
Lanthanum carbonate,Azilsartan medoxomil,APPROVED_DRUGBANK,0.366
Levobupivacaine,Azilsartan medoxomil,APPROVED_DRUGBANK,0.366
Lomitapide,Vitamin_A_palmitate,GRAS_IIG,0.366
Lymecycline,Indomethacin,APPROVED_DRUGBANK,0.366
Magnesium Trisilicate,Azilsartan medoxomil,APPROVED_DRUGBANK,0.366
Mangafodipir,Vitamin_A_acetate,GRAS_IIG,0.366
Megestrol acetate,Azilsartan medoxomil,APPROVED_DRUGBANK,0.366
Miconazole,Ciclesonide,APPROVED_DRUGBANK,0.366
Nelfinavir,Alogliptin,APPROVED_DRUGBANK,0.366
Nelfinavir,Cilostazol,APPROVED_DRUGBANK,0.366
Nelfinavir,Fenofibrate,APPROVED_DRUGBANK,0.366
Nelfinavir,Methoxamine,APPROVED_DRUGBANK,0.366
Nelfinavir,Silver sulfadiazine,APPROVED_DRUGBANK,0.366
Nelfinavir,Sulfadiazine,APPROVED_DRUGBANK,0.366
Nelfinavir,Valaciclovir,APPROVED_DRUGBANK,0.366
Nelfinavir,Zaleplon,APPROVED_DRUGBANK,0.366
Oxiconazole,Glycocholic_acid,GRAS_IIG,0.366
Promethazine,Azilsartan medoxomil,APPROVED_DRUGBANK,0.366
Regadenoson,Glycocholic_acid,GRAS_IIG,0.366
Rifabutin,Candesartan,APPROVED_DRUGBANK,0.366
Rimexolone,Azilsartan medoxomil,APPROVED_DRUGBANK,0.366
Silodosin,Candesartan,APPROVED_DRUGBANK,0.366
Sodium Tetradecyl Sulfate,Vitamin_A_acetate,GRAS_IIG,0.366
Sodium aurothiomalate,Vitamin_A_acetate,GRAS_IIG,0.366
Stanozolol,Vitamin_A_acetate,GRAS_IIG,0.366
Tamoxifen,Vitamin_A_palmitate,GRAS_IIG,0.366
Tasosartan,Candesartan,APPROVED_DRUGBANK,0.366
Technetium Tc 99m Mebrofenin,Vitamin_A_acetate,GRAS_IIG,0.366
Terbinafine,Azilsartan medoxomil,APPROVED_DRUGBANK,0.366
Tetracycline,Candesartan,APPROVED_DRUGBANK,0.366
Thimerosal,Azilsartan medoxomil,APPROVED_DRUGBANK,0.366
Triazolam,Glycocholic_acid,GRAS_IIG,0.366
Trisalicylate-choline,Glycocholic_acid,GRAS_IIG,0.366
Vismodegib,Azilsartan medoxomil,APPROVED_DRUGBANK,0.366
Voglibose,Azilsartan medoxomil,APPROVED_DRUGBANK,0.366
Voglibose,Glycocholic_acid,GRAS_IIG,0.366
Ziprasidone,Candesartan,APPROVED_DRUGBANK,0.366
Alfacalcidol,Azilsartan medoxomil,APPROVED_DRUGBANK,0.364
Anisotropine Methylbromide,Vitamin_A_acetate,GRAS_IIG,0.364
Arbutamine,SODIUM_DESOXYCHOLATE,GRAS_IIG,0.364
Bedaquiline,Candesartan,APPROVED_DRUGBANK,0.364
Butoconazole,Budesonide,APPROVED_DRUGBANK,0.364
Carvedilol,Candesartan,APPROVED_DRUGBANK,0.364
Cefepime,Vitamin_A_palmitate,GRAS_IIG,0.364
Cefmetazole,Vitamin_A_palmitate,GRAS_IIG,0.364
Chlorothiazide,Taurocholic_acid,GRAS_IIG,0.364
Cyproheptadine,SODIUM_DESOXYCHOLATE,GRAS_IIG,0.364
Desogestrel,Azilsartan medoxomil,APPROVED_DRUGBANK,0.364
Dienestrol,Taurocholic_acid,GRAS_IIG,0.364
Dienogest,Vitamin_A_acetate,GRAS_IIG,0.364
Dydrogesterone,Azilsartan medoxomil,APPROVED_DRUGBANK,0.364
Ecamsule,Azilsartan medoxomil,APPROVED_DRUGBANK,0.364
Eribulin,Indomethacin,APPROVED_DRUGBANK,0.364
Ethopropazine,Azilsartan medoxomil,APPROVED_DRUGBANK,0.364
Fenethylline,Indomethacin,APPROVED_DRUGBANK,0.364
Fenofibrate,Azilsartan medoxomil,APPROVED_DRUGBANK,0.364
Fenoterol,Azilsartan medoxomil,APPROVED_DRUGBANK,0.364
Fulvestrant,Dilauryl_thiodipropionate,GRAS_IIG,0.364
Grazoprevir,Candesartan,APPROVED_DRUGBANK,0.364
Hexachlorophene,Vitamin_A_acetate,GRAS_IIG,0.364
Hyaluronic acid,Indomethacin,APPROVED_DRUGBANK,0.364
Isoconazole,Ciclesonide,APPROVED_DRUGBANK,0.364
Levonorgestrel,Vitamin_A_acetate,GRAS_IIG,0.364
Masoprocol,Vitamin_A_acetate,GRAS_IIG,0.364
Megestrol acetate,Glycocholic_acid,GRAS_IIG,0.364
Midazolam,Azilsartan medoxomil,APPROVED_DRUGBANK,0.364
Mivacurium,Indomethacin,APPROVED_DRUGBANK,0.364
Nelfinavir,Apomorphine,APPROVED_DRUGBANK,0.364
Nelfinavir,Carfilzomib,APPROVED_DRUGBANK,0.364
Nelfinavir,Dipivefrin,APPROVED_DRUGBANK,0.364
Nelfinavir,Eperisone,APPROVED_DRUGBANK,0.364
Nelfinavir,Fencamfamine,APPROVED_DRUGBANK,0.364
Nelfinavir,Ioflupane I 123,APPROVED_DRUGBANK,0.364
Nelfinavir,Mianserin,APPROVED_DRUGBANK,0.364
Nelfinavir,Oseltamivir,APPROVED_DRUGBANK,0.364
Nelfinavir,Sulfametopyrazine,APPROVED_DRUGBANK,0.364
Nelfinavir,Tetrahydrofolic acid,APPROVED_DRUGBANK,0.364
Ouabain,Candesartan,APPROVED_DRUGBANK,0.364
Oxtriphylline,Azilsartan medoxomil,APPROVED_DRUGBANK,0.364
Paroxetine,Azilsartan medoxomil,APPROVED_DRUGBANK,0.364
Pemetrexed,Vitamin_A_palmitate,GRAS_IIG,0.364
Probucol,Taurocholic_acid,GRAS_IIG,0.364
Progesterone,Glycocholic_acid,GRAS_IIG,0.364
Regadenoson,Vitamin_A_palmitate,GRAS_IIG,0.364
Regorafenib,Azilsartan medoxomil,APPROVED_DRUGBANK,0.364
Remikiren,Candesartan,APPROVED_DRUGBANK,0.364
Sibutramine,Taurocholic_acid,GRAS_IIG,0.364
Sitaxentan,SODIUM_DESOXYCHOLATE,GRAS_IIG,0.364
Sodium Tetradecyl Sulfate,Glycocholic_acid,GRAS_IIG,0.364
Sodium Tetradecyl Sulfate,SODIUM_DESOXYCHOLATE,GRAS_IIG,0.364
Sodium phenylbutyrate,Candesartan,APPROVED_DRUGBANK,0.364
Sodium phenylbutyrate,Glycocholic_acid,GRAS_IIG,0.364
Sulconazole,Indomethacin,APPROVED_DRUGBANK,0.364
Trabectedin,Vitamin_A_palmitate,GRAS_IIG,0.364
Triamcinolone,Glycocholic_acid,GRAS_IIG,0.364
Abiraterone,Glycocholic_acid,GRAS_IIG,0.362
Alverine,SODIUM_DESOXYCHOLATE,GRAS_IIG,0.362
Amoxapine,Azilsartan medoxomil,APPROVED_DRUGBANK,0.362
Amphotericin B,Vitamin_A_palmitate,GRAS_IIG,0.362
Anisotropine Methylbromide,Glycocholic_acid,GRAS_IIG,0.362
Arsthinol,SODIUM_DESOXYCHOLATE,GRAS_IIG,0.362
Calcium Gluceptate,Vitamin_A_acetate,GRAS_IIG,0.362
Cinalukast,Azilsartan medoxomil,APPROVED_DRUGBANK,0.362
Cisapride,Candesartan,APPROVED_DRUGBANK,0.362
Clomocycline,Glycocholic_acid,GRAS_IIG,0.362
Cyclobenzaprine,Taurocholic_acid,GRAS_IIG,0.362
Cyclosporine,Indomethacin,APPROVED_DRUGBANK,0.362
Delorazepam,Glycocholic_acid,GRAS_IIG,0.362
Digoxin,Candesartan,APPROVED_DRUGBANK,0.362
Docosanol,Deoxycholic Acid,APPROVED_DRUGBANK,0.362
Docosanol,Desoxycholic_acid,GRAS_IIG,0.362
Doxepin,Azilsartan medoxomil,APPROVED_DRUGBANK,0.362
Drostanolone,Azilsartan medoxomil,APPROVED_DRUGBANK,0.362
Dutasteride,Candesartan,APPROVED_DRUGBANK,0.362
Enviomycin,Candesartan,APPROVED_DRUGBANK,0.362
Everolimus,Candesartan,APPROVED_DRUGBANK,0.362
Gadobutrol,SODIUM_DESOXYCHOLATE,GRAS_IIG,0.362
Ganirelix,Vitamin_A_palmitate,GRAS_IIG,0.362
Isothipendyl,Tannic_acid_(hydrolyzable_gallotannins),GRAS_IIG,0.362
Ivabradine,Indomethacin,APPROVED_DRUGBANK,0.362
Latamoxef,Vitamin_A_palmitate,GRAS_IIG,0.362
Levallorphan,Taurocholic_acid,GRAS_IIG,0.362
Lornoxicam,Azilsartan medoxomil,APPROVED_DRUGBANK,0.362
Meclizine,Taurocholic_acid,GRAS_IIG,0.362
Medrogestone,Glycocholic_acid,GRAS_IIG,0.362
Methdilazine,Azilsartan medoxomil,APPROVED_DRUGBANK,0.362
Methyl cellulose,Vitamin_A_acetate,GRAS_IIG,0.362
Methyltestosterone,Vitamin_A_acetate,GRAS_IIG,0.362
Miltefosine,Vitamin_A_acetate,GRAS_IIG,0.362
Nelfinavir,Aprepitant,APPROVED_DRUGBANK,0.362
Nelfinavir,Clozapine,APPROVED_DRUGBANK,0.362
Nelfinavir,Cobimetinib,APPROVED_DRUGBANK,0.362
Nelfinavir,D&C_RED_NO._28,GRAS_IIG,0.362
Nelfinavir,Flurazepam,APPROVED_DRUGBANK,0.362
Nelfinavir,Ibudilast,APPROVED_DRUGBANK,0.362
Nelfinavir,Levonordefrin,APPROVED_DRUGBANK,0.362
Nelfinavir,Lomustine,APPROVED_DRUGBANK,0.362
Nelfinavir,Mequitazine,APPROVED_DRUGBANK,0.362
Nelfinavir,Midodrine,APPROVED_DRUGBANK,0.362
Nelfinavir,Olsalazine,APPROVED_DRUGBANK,0.362
Nelfinavir,PROPYLENE_CARBONATE,GRAS_IIG,0.362
Nelfinavir,Ritodrine,APPROVED_DRUGBANK,0.362
Nelfinavir,Silodosin,APPROVED_DRUGBANK,0.362
Nelfinavir,Tavaborole,APPROVED_DRUGBANK,0.362
Nelfinavir,Tegafur,APPROVED_DRUGBANK,0.362
Nelfinavir,Trospium,APPROVED_DRUGBANK,0.362
Nelfinavir,Trovafloxacin,APPROVED_DRUGBANK,0.362
Nortriptyline,Azilsartan medoxomil,APPROVED_DRUGBANK,0.362
Ospemifene,Candesartan,APPROVED_DRUGBANK,0.362
Pentagastrin,Candesartan,APPROVED_DRUGBANK,0.362
Perhexiline,Azilsartan medoxomil,APPROVED_DRUGBANK,0.362
Perhexiline,Glycocholic_acid,GRAS_IIG,0.362
Pipazethate,Indomethacin,APPROVED_DRUGBANK,0.362
Prednicarbate,Azilsartan medoxomil,APPROVED_DRUGBANK,0.362
Quinestrol,Azilsartan medoxomil,APPROVED_DRUGBANK,0.362
Rifaximin,Vitamin_A_palmitate,GRAS_IIG,0.362
Rimexolone,Glycocholic_acid,GRAS_IIG,0.362
Rimexolone,Vitamin_A_acetate,GRAS_IIG,0.362
Sertraline,Azilsartan medoxomil,APPROVED_DRUGBANK,0.362
Sitaxentan,Glycocholic_acid,GRAS_IIG,0.362
Sodium bicarbonate,Azilsartan medoxomil,APPROVED_DRUGBANK,0.362
Sucroferric Oxyhydroxide,Vitamin_A_acetate,GRAS_IIG,0.362
Tedizolid Phosphate,Vitamin_A_palmitate,GRAS_IIG,0.362
Telaprevir,Azilsartan medoxomil,APPROVED_DRUGBANK,0.362
Teniposide,Indomethacin,APPROVED_DRUGBANK,0.362
Testosterone,Azilsartan medoxomil,APPROVED_DRUGBANK,0.362
Tyropanoic acid,Azilsartan medoxomil,APPROVED_DRUGBANK,0.362
Valsartan,Candesartan,APPROVED_DRUGBANK,0.362
Vitamin E,Vitamin_A_acetate,GRAS_IIG,0.362
Alimemazine,Tannic_acid_(hydrolyzable_gallotannins),GRAS_IIG,0.36
Amiloride,Vitamin_A_acetate,GRAS_IIG,0.36
Atorvastatin,Vitamin_A_palmitate,GRAS_IIG,0.36
Azilsartan medoxomil,Candesartan,APPROVED_DRUGBANK,0.36
Bendamustine,Azilsartan medoxomil,APPROVED_DRUGBANK,0.36
Brompheniramine,Azilsartan medoxomil,APPROVED_DRUGBANK,0.36
Cefuroxime,Indomethacin,APPROVED_DRUGBANK,0.36
Cetrimonium,Taurocholic_acid,GRAS_IIG,0.36
Choline C 11,Deoxycholic Acid,APPROVED_DRUGBANK,0.36
Choline C 11,Desoxycholic_acid,GRAS_IIG,0.36
Cilnidipine,Candesartan,APPROVED_DRUGBANK,0.36
Citalopram,Azilsartan medoxomil,APPROVED_DRUGBANK,0.36
Clarithromycin,Candesartan,APPROVED_DRUGBANK,0.36
Clocapramine,Taurocholic_acid,GRAS_IIG,0.36
Clofedanol,Tannic_acid_(hydrolyzable_gallotannins),GRAS_IIG,0.36
Clomipramine,Vitamin_A_palmitate,GRAS_IIG,0.36
Cyamemazine,Azilsartan medoxomil,APPROVED_DRUGBANK,0.36
Cyproterone acetate,Azilsartan medoxomil,APPROVED_DRUGBANK,0.36
Dabrafenib,Glycocholic_acid,GRAS_IIG,0.36
Daunorubicin,Candesartan,APPROVED_DRUGBANK,0.36
Dexbrompheniramine,Azilsartan medoxomil,APPROVED_DRUGBANK,0.36
Dienogest,SODIUM_DESOXYCHOLATE,GRAS_IIG,0.36
Dinoprost Tromethamine,SODIUM_DESOXYCHOLATE,GRAS_IIG,0.36
Diosmin,Vitamin_A_palmitate,GRAS_IIG,0.36
Diphenidol,Glycocholic_acid,GRAS_IIG,0.36
Doxercalciferol,Taurocholic_acid,GRAS_IIG,0.36
Doxercalciferol,Vitamin_A_acetate,GRAS_IIG,0.36
Doxycycline,Candesartan,APPROVED_DRUGBANK,0.36
Ecabet,Azilsartan medoxomil,APPROVED_DRUGBANK,0.36
Ecabet,Vitamin_A_acetate,GRAS_IIG,0.36
Enviomycin,Indomethacin,APPROVED_DRUGBANK,0.36
Equilin,Tannic_acid_(hydrolyzable_gallotannins),GRAS_IIG,0.36
Escitalopram,Azilsartan medoxomil,APPROVED_DRUGBANK,0.36
Ezetimibe,Vitamin_A_acetate,GRAS_IIG,0.36
Ferric Citrate,Deoxycholic Acid,APPROVED_DRUGBANK,0.36
Ferric Citrate,Desoxycholic_acid,GRAS_IIG,0.36
Gadofosveset trisodium,Glycocholic_acid,GRAS_IIG,0.36
Icosapent,Vitamin_A_acetate,GRAS_IIG,0.36
Iophendylate,Glycocholic_acid,GRAS_IIG,0.36
Isosulfan blue,SODIUM_DESOXYCHOLATE,GRAS_IIG,0.36
Kanamycin,Glycocholic_acid,GRAS_IIG,0.36
Kanamycin,Vitamin_A_acetate,GRAS_IIG,0.36
Lodoxamide,Azilsartan medoxomil,APPROVED_DRUGBANK,0.36
Lopinavir,Vitamin_A_palmitate,GRAS_IIG,0.36
Lorpiprazole,Glycocholic_acid,GRAS_IIG,0.36
Medroxyprogesterone acetate,Azilsartan medoxomil,APPROVED_DRUGBANK,0.36
Mequitazine,Azilsartan medoxomil,APPROVED_DRUGBANK,0.36
Miltefosine,Glycocholic_acid,GRAS_IIG,0.36
Montelukast,Vitamin_A_palmitate,GRAS_IIG,0.36
Nelfinavir,Adefovir Dipivoxil,APPROVED_DRUGBANK,0.36
Nelfinavir,Bilastine,APPROVED_DRUGBANK,0.36
Nelfinavir,Clopidogrel,APPROVED_DRUGBANK,0.36
Nelfinavir,Conjugated Estrogens,APPROVED_DRUGBANK,0.36
Nelfinavir,Diphenidol,APPROVED_DRUGBANK,0.36
Nelfinavir,Glycopyrronium,APPROVED_DRUGBANK,0.36
Nelfinavir,Kappadione,APPROVED_DRUGBANK,0.36
Nelfinavir,METANIL_YELLOW,GRAS_IIG,0.36
Nelfinavir,Neostigmine,APPROVED_DRUGBANK,0.36
Nelfinavir,Procainamide,APPROVED_DRUGBANK,0.36
Nelfinavir,Spermine,APPROVED_DRUGBANK,0.36
Nelfinavir,Sulfaphenazole,APPROVED_DRUGBANK,0.36
Nelfinavir,Sulfisoxazole,APPROVED_DRUGBANK,0.36
Nelfinavir,Trypan blue,APPROVED_DRUGBANK,0.36
Nelfinavir,Valsartan,APPROVED_DRUGBANK,0.36
Phenprocoumon,Candesartan,APPROVED_DRUGBANK,0.36
Piperonyl butoxide,Vitamin_A_acetate,GRAS_IIG,0.36
Posaconazole,Candesartan,APPROVED_DRUGBANK,0.36
Potassium Citrate,Deoxycholic Acid,APPROVED_DRUGBANK,0.36
Potassium Citrate,Desoxycholic_acid,GRAS_IIG,0.36
Quinestrol,Vitamin_A_acetate,GRAS_IIG,0.36
Rifampicin,Vitamin_A_palmitate,GRAS_IIG,0.36
Rifaximin,Candesartan,APPROVED_DRUGBANK,0.36
Roflumilast,SODIUM_DESOXYCHOLATE,GRAS_IIG,0.36
Rolitetracycline,Candesartan,APPROVED_DRUGBANK,0.36
Sirolimus,Vitamin_A_acetate,GRAS_IIG,0.36
Sodium Citrate,Deoxycholic Acid,APPROVED_DRUGBANK,0.36
Sodium Citrate,Desoxycholic_acid,GRAS_IIG,0.36
Testosterone Propionate,Glycocholic_acid,GRAS_IIG,0.36
Thiocolchicoside,Candesartan,APPROVED_DRUGBANK,0.36
Tipranavir,Indomethacin,APPROVED_DRUGBANK,0.36
Tizanidine,Azilsartan medoxomil,APPROVED_DRUGBANK,0.36
Tolnaftate,Azilsartan medoxomil,APPROVED_DRUGBANK,0.36
Trisodium citrate dihydrate,Deoxycholic Acid,APPROVED_DRUGBANK,0.36
Trisodium citrate dihydrate,Desoxycholic_acid,GRAS_IIG,0.36
Troleandomycin,Indomethacin,APPROVED_DRUGBANK,0.36
Adefovir Dipivoxil,Glycocholic_acid,GRAS_IIG,0.358
Alitretinoin,Azilsartan medoxomil,APPROVED_DRUGBANK,0.358
Alitretinoin,Vitamin_A_acetate,GRAS_IIG,0.358
Anidulafungin,Indomethacin,APPROVED_DRUGBANK,0.358
Aripiprazole,Candesartan,APPROVED_DRUGBANK,0.358
Bentoquatam,Glycocholic_acid,GRAS_IIG,0.358
Benzathine benzylpenicillin,Vitamin_A_palmitate,GRAS_IIG,0.358
Bromhexine,Taurocholic_acid,GRAS_IIG,0.358
Bupivacaine,SODIUM_DESOXYCHOLATE,GRAS_IIG,0.358
Bupivacaine,Vitamin_A_acetate,GRAS_IIG,0.358
Calcitriol,Vitamin_A_acetate,GRAS_IIG,0.358
Carprofen,Azilsartan medoxomil,APPROVED_DRUGBANK,0.358
Ceftazidime,Vitamin_A_palmitate,GRAS_IIG,0.358
Cetrorelix,Indomethacin,APPROVED_DRUGBANK,0.358
Chlorhexidine,SODIUM_DESOXYCHOLATE,GRAS_IIG,0.358
Chlorothiazide,Azilsartan medoxomil,APPROVED_DRUGBANK,0.358
Dextropropoxyphene,SODIUM_DESOXYCHOLATE,GRAS_IIG,0.358
Dienogest,Azilsartan medoxomil,APPROVED_DRUGBANK,0.358
Dihomo-gamma-linolenic acid,Azilsartan medoxomil,APPROVED_DRUGBANK,0.358
Dimenhydrinate,Candesartan,APPROVED_DRUGBANK,0.358
Doxacurium chloride,Candesartan,APPROVED_DRUGBANK,0.358
Doxazosin,Indomethacin,APPROVED_DRUGBANK,0.358
Encainide,Candesartan,APPROVED_DRUGBANK,0.358
Exemestane,Vitamin_A_acetate,GRAS_IIG,0.358
Felodipine,Glycocholic_acid,GRAS_IIG,0.358
Felypressin,Candesartan,APPROVED_DRUGBANK,0.358
Flavin adenine dinucleotide,Indomethacin,APPROVED_DRUGBANK,0.358
Fluorometholone,Vitamin_A_acetate,GRAS_IIG,0.358
Fosinopril,Vitamin_A_palmitate,GRAS_IIG,0.358
Fulvestrant,Nandrolone decanoate,APPROVED_DRUGBANK,0.358
Gadobutrol,Glycocholic_acid,GRAS_IIG,0.358
Gadoversetamide,SODIUM_DESOXYCHOLATE,GRAS_IIG,0.358
Hemin,SODIUM_DESOXYCHOLATE,GRAS_IIG,0.358
Icosapent,Azilsartan medoxomil,APPROVED_DRUGBANK,0.358
Imatinib,SODIUM_DESOXYCHOLATE,GRAS_IIG,0.358
Indinavir,Indomethacin,APPROVED_DRUGBANK,0.358
Isosulfan blue,Azilsartan medoxomil,APPROVED_DRUGBANK,0.358
Isotretinoin,Azilsartan medoxomil,APPROVED_DRUGBANK,0.358
Isotretinoin,Vitamin_A_acetate,GRAS_IIG,0.358
Levobupivacaine,SODIUM_DESOXYCHOLATE,GRAS_IIG,0.358
Levobupivacaine,Vitamin_A_acetate,GRAS_IIG,0.358
Levopropoxyphene,SODIUM_DESOXYCHOLATE,GRAS_IIG,0.358
Liotrix,Glycocholic_acid,GRAS_IIG,0.358
Masoprocol,Taurocholic_acid,GRAS_IIG,0.358
Mesoridazine,Azilsartan medoxomil,APPROVED_DRUGBANK,0.358
Naloxegol,Candesartan,APPROVED_DRUGBANK,0.358
Nandrolone decanoate,Azilsartan medoxomil,APPROVED_DRUGBANK,0.358
Nelfinavir,Alimemazine,APPROVED_DRUGBANK,0.358
Nelfinavir,Ampicillin,APPROVED_DRUGBANK,0.358
Nelfinavir,Baclofen,APPROVED_DRUGBANK,0.358
Nelfinavir,Bezafibrate,APPROVED_DRUGBANK,0.358
Nelfinavir,Clobazam,APPROVED_DRUGBANK,0.358
Nelfinavir,Deferoxamine,APPROVED_DRUGBANK,0.358
Nelfinavir,Ethionamide,APPROVED_DRUGBANK,0.358
Nelfinavir,Etoricoxib,APPROVED_DRUGBANK,0.358
Nelfinavir,Losartan,APPROVED_DRUGBANK,0.358
Nelfinavir,METHYLENE_BLUE,GRAS_IIG,0.358
Nelfinavir,Megestrol acetate,APPROVED_DRUGBANK,0.358
Nelfinavir,Metipranolol,APPROVED_DRUGBANK,0.358
Nelfinavir,Nimodipine,APPROVED_DRUGBANK,0.358
Nelfinavir,Pyrazinamide,APPROVED_DRUGBANK,0.358
Nelfinavir,Pyridostigmine,APPROVED_DRUGBANK,0.358
Nelfinavir,Saxagliptin,APPROVED_DRUGBANK,0.358
Nelfinavir,Ulipristal,APPROVED_DRUGBANK,0.358
Nonoxynol-9,SODIUM_DESOXYCHOLATE,GRAS_IIG,0.358
Perospirone,Indomethacin,APPROVED_DRUGBANK,0.358
Piperonyl butoxide,SODIUM_DESOXYCHOLATE,GRAS_IIG,0.358
Plicamycin,Indomethacin,APPROVED_DRUGBANK,0.358
Podophyllin,Candesartan,APPROVED_DRUGBANK,0.358
Protriptyline,Azilsartan medoxomil,APPROVED_DRUGBANK,0.358
Protriptyline,Taurocholic_acid,GRAS_IIG,0.358
Rifabutin,Vitamin_A_palmitate,GRAS_IIG,0.358
Rimexolone,SODIUM_DESOXYCHOLATE,GRAS_IIG,0.358
Sevelamer,Vitamin_A_acetate,GRAS_IIG,0.358
Stanozolol,SODIUM_DESOXYCHOLATE,GRAS_IIG,0.358
Technetium Tc 99m Mebrofenin,Azilsartan medoxomil,APPROVED_DRUGBANK,0.358
Tegafur-uracil,Vitamin_A_acetate,GRAS_IIG,0.358
Tolnaftate,Vitamin_A_acetate,GRAS_IIG,0.358
Tretinoin,Azilsartan medoxomil,APPROVED_DRUGBANK,0.358
Tretinoin,Vitamin_A_acetate,GRAS_IIG,0.358
Trichlormethiazide,Azilsartan medoxomil,APPROVED_DRUGBANK,0.358
Trimethaphan,Candesartan,APPROVED_DRUGBANK,0.358
Trioxsalen,Vitamin_A_acetate,GRAS_IIG,0.358
Trisalicylate-choline,Vitamin_A_acetate,GRAS_IIG,0.358
Unoprostone,SODIUM_DESOXYCHOLATE,GRAS_IIG,0.358
Alpha-Linolenic Acid,Azilsartan medoxomil,APPROVED_DRUGBANK,0.356
Amiloride,Azilsartan medoxomil,APPROVED_DRUGBANK,0.356
Amitriptyline,Azilsartan medoxomil,APPROVED_DRUGBANK,0.356
Amitriptyline,SODIUM_DESOXYCHOLATE,GRAS_IIG,0.356
Argatroban,Glycocholic_acid,GRAS_IIG,0.356
Atovaquone,OCTISALATE,GRAS_IIG,0.356
Bisoxatin,Azilsartan medoxomil,APPROVED_DRUGBANK,0.356
Bisoxatin,Vitamin_A_acetate,GRAS_IIG,0.356
Cabergoline,Taurocholic_acid,GRAS_IIG,0.356
Calcidiol,Vitamin_A_acetate,GRAS_IIG,0.356
Calcitriol,Taurocholic_acid,GRAS_IIG,0.356
Calcium Chloride,Taurocholic_acid,GRAS_IIG,0.356
Candesartan,Candesartan,APPROVED_DRUGBANK,0.356
Cannabidiol,Glycocholic_acid,GRAS_IIG,0.356
Carbachol,Azilsartan medoxomil,APPROVED_DRUGBANK,0.356
Carbachol,Glycocholic_acid,GRAS_IIG,0.356
Celecoxib,Vitamin_A_acetate,GRAS_IIG,0.356
Ceritinib,Azilsartan medoxomil,APPROVED_DRUGBANK,0.356
Chlorothiazide,Vitamin_A_acetate,GRAS_IIG,0.356
Domperidone,Candesartan,APPROVED_DRUGBANK,0.356
Dronabinol,Vitamin_A_acetate,GRAS_IIG,0.356
Edoxaban,Vitamin_A_palmitate,GRAS_IIG,0.356
Elbasvir,Indomethacin,APPROVED_DRUGBANK,0.356
Ergoloid mesylate,Vitamin_A_palmitate,GRAS_IIG,0.356
Ergotamine,Vitamin_A_palmitate,GRAS_IIG,0.356
Ezetimibe,Glycocholic_acid,GRAS_IIG,0.356
Ezetimibe,SODIUM_DESOXYCHOLATE,GRAS_IIG,0.356
Fondaparinux sodium,Indomethacin,APPROVED_DRUGBANK,0.356
Glutathione,Azilsartan medoxomil,APPROVED_DRUGBANK,0.356
Halazepam,Taurocholic_acid,GRAS_IIG,0.356
Ibutilide,Azilsartan medoxomil,APPROVED_DRUGBANK,0.356
Iohexol,Taurocholic_acid,GRAS_IIG,0.356
Iopanoic acid,SODIUM_DESOXYCHOLATE,GRAS_IIG,0.356
Iopodic acid,Azilsartan medoxomil,APPROVED_DRUGBANK,0.356
Ioxilan,Vitamin_A_acetate,GRAS_IIG,0.356
Ipratropium bromide,Azilsartan medoxomil,APPROVED_DRUGBANK,0.356
Levallorphan,Azilsartan medoxomil,APPROVED_DRUGBANK,0.356
Lomitapide,Candesartan,APPROVED_DRUGBANK,0.356
Medrogestone,Azilsartan medoxomil,APPROVED_DRUGBANK,0.356
Megestrol acetate,Vitamin_A_acetate,GRAS_IIG,0.356
Metrizoic acid,Azilsartan medoxomil,APPROVED_DRUGBANK,0.356
Nebivolol,Azilsartan medoxomil,APPROVED_DRUGBANK,0.356
Nelfinavir,ACESULFAME_POTASSIUM,GRAS_IIG,0.356
Nelfinavir,Arformoterol,APPROVED_DRUGBANK,0.356
Nelfinavir,Bazedoxifene,APPROVED_DRUGBANK,0.356
Nelfinavir,Blonanserin,APPROVED_DRUGBANK,0.356
Nelfinavir,Cyclizine,APPROVED_DRUGBANK,0.356
Nelfinavir,DEHYDROACETIC_ACID,GRAS_IIG,0.356
Nelfinavir,Ephedrine,APPROVED_DRUGBANK,0.356
Nelfinavir,Formoterol,APPROVED_DRUGBANK,0.356
Nelfinavir,Methsuximide,APPROVED_DRUGBANK,0.356
Nelfinavir,Metyrapone,APPROVED_DRUGBANK,0.356
Nelfinavir,Phendimetrazine,APPROVED_DRUGBANK,0.356
Nelfinavir,Prilocaine,APPROVED_DRUGBANK,0.356
Nelfinavir,Pseudoephedrine,APPROVED_DRUGBANK,0.356
Nelfinavir,Remoxipride,APPROVED_DRUGBANK,0.356
Nelfinavir,Zolpidem,APPROVED_DRUGBANK,0.356
Novobiocin,Indomethacin,APPROVED_DRUGBANK,0.356
Oleic Acid,Vitamin_A_acetate,GRAS_IIG,0.356
Oxytetracycline,Candesartan,APPROVED_DRUGBANK,0.356
Phenoxybenzamine,SODIUM_DESOXYCHOLATE,GRAS_IIG,0.356
Polaprezinc,Vitamin_A_acetate,GRAS_IIG,0.356
Potassium Chloride,Taurocholic_acid,GRAS_IIG,0.356
Rotigotine,Taurocholic_acid,GRAS_IIG,0.356
Roxithromycin,Candesartan,APPROVED_DRUGBANK,0.356
Silodosin,Glycocholic_acid,GRAS_IIG,0.356
Sodium Chloride,Taurocholic_acid,GRAS_IIG,0.356
Sugammadex,Glycocholic_acid,GRAS_IIG,0.356
Thallous Chloride,Taurocholic_acid,GRAS_IIG,0.356
Tiagabine,Vitamin_A_acetate,GRAS_IIG,0.356
Tobramycin,SODIUM_DESOXYCHOLATE,GRAS_IIG,0.356
Trabectedin,Candesartan,APPROVED_DRUGBANK,0.356
Zotepine,Azilsartan medoxomil,APPROVED_DRUGBANK,0.356
Alitretinoin,Glycocholic_acid,GRAS_IIG,0.354
Allylestrenol,Vitamin_A_acetate,GRAS_IIG,0.354
Ambenonium,Tannic_acid_(hydrolyzable_gallotannins),GRAS_IIG,0.354
Argatroban,SODIUM_DESOXYCHOLATE,GRAS_IIG,0.354
Aztreonam,Glycocholic_acid,GRAS_IIG,0.354
Bexarotene,Azilsartan medoxomil,APPROVED_DRUGBANK,0.354
Bexarotene,Glycocholic_acid,GRAS_IIG,0.354
Bopindolol,Candesartan,APPROVED_DRUGBANK,0.354
Candoxatril,Glycocholic_acid,GRAS_IIG,0.354
Candoxatril,SODIUM_DESOXYCHOLATE,GRAS_IIG,0.354
Cefamandole,Indomethacin,APPROVED_DRUGBANK,0.354
Cefonicid,Candesartan,APPROVED_DRUGBANK,0.354
Cholic Acid,Azilsartan medoxomil,APPROVED_DRUGBANK,0.354
Clevidipine,Azilsartan medoxomil,APPROVED_DRUGBANK,0.354
Clotrimazole,Tannic_acid_(hydrolyzable_gallotannins),GRAS_IIG,0.354
Clozapine,Taurocholic_acid,GRAS_IIG,0.354
Desogestrel,Glycocholic_acid,GRAS_IIG,0.354
Dihydroergotamine,Candesartan,APPROVED_DRUGBANK,0.354
Dihydrotachysterol,Vitamin_A_acetate,GRAS_IIG,0.354
Diiodohydroxyquinoline,Azilsartan medoxomil,APPROVED_DRUGBANK,0.354
Dosulepin,SODIUM_DESOXYCHOLATE,GRAS_IIG,0.354
Doxacurium chloride,Vitamin_A_palmitate,GRAS_IIG,0.354
Doxorubicin,Candesartan,APPROVED_DRUGBANK,0.354
Econazole,Albendazole,APPROVED_DRUGBANK,0.354
Econazole,Bisoprolol,APPROVED_DRUGBANK,0.354
Epirubicin,Candesartan,APPROVED_DRUGBANK,0.354
Ergocalciferol,SODIUM_DESOXYCHOLATE,GRAS_IIG,0.354
Erythromycin,Candesartan,APPROVED_DRUGBANK,0.354
Estrone,Azilsartan medoxomil,APPROVED_DRUGBANK,0.354
Etravirine,Desonide,APPROVED_DRUGBANK,0.354
Exemestane,Glycocholic_acid,GRAS_IIG,0.354
Fenoldopam,Azilsartan medoxomil,APPROVED_DRUGBANK,0.354
Fenoldopam,Taurocholic_acid,GRAS_IIG,0.354
Fenoprofen,Taurocholic_acid,GRAS_IIG,0.354
Fexofenadine,Indomethacin,APPROVED_DRUGBANK,0.354
Fosamprenavir,Candesartan,APPROVED_DRUGBANK,0.354
Fosinopril,Candesartan,APPROVED_DRUGBANK,0.354
Gadobenic acid,Candesartan,APPROVED_DRUGBANK,0.354
Gadobenic acid,Vitamin_A_palmitate,GRAS_IIG,0.354
Ibutilide,Vitamin_A_acetate,GRAS_IIG,0.354
Iopanoic acid,Glycocholic_acid,GRAS_IIG,0.354
Isothipendyl,Taurocholic_acid,GRAS_IIG,0.354
Isotretinoin,Glycocholic_acid,GRAS_IIG,0.354
Lapatinib,Indomethacin,APPROVED_DRUGBANK,0.354
Losartan,Candesartan,APPROVED_DRUGBANK,0.354
Lovastatin,Vitamin_A_acetate,GRAS_IIG,0.354
Magnesium salicylate,SODIUM_DESOXYCHOLATE,GRAS_IIG,0.354
Mefloquine,Azilsartan medoxomil,APPROVED_DRUGBANK,0.354
Mequitazine,Tannic_acid_(hydrolyzable_gallotannins),GRAS_IIG,0.354
Methdilazine,Taurocholic_acid,GRAS_IIG,0.354
Nebivolol,Glycocholic_acid,GRAS_IIG,0.354
Nelfinavir,Aciclovir,APPROVED_DRUGBANK,0.354
Nelfinavir,Butylated_Hydroxyanisole_(BHA),GRAS_IIG,0.354
Nelfinavir,Calcium_phosphate_tribasic,GRAS_IIG,0.354
Nelfinavir,Flurbiprofen,APPROVED_DRUGBANK,0.354
Nelfinavir,Glyburide,APPROVED_DRUGBANK,0.354
Nelfinavir,Iron_naphthenate,GRAS_IIG,0.354
Nelfinavir,Levoleucovorin,APPROVED_DRUGBANK,0.354
Nelfinavir,Mimosine,APPROVED_DRUGBANK,0.354
Nelfinavir,Pazopanib,APPROVED_DRUGBANK,0.354
Nelfinavir,Pemetrexed,APPROVED_DRUGBANK,0.354
Nelfinavir,Pilocarpine,APPROVED_DRUGBANK,0.354
Nelfinavir,SACCHARIN_SODIUM,GRAS_IIG,0.354
Niclosamide,Taurocholic_acid,GRAS_IIG,0.354
Nystatin,Candesartan,APPROVED_DRUGBANK,0.354
Oxiconazole,Budesonide,APPROVED_DRUGBANK,0.354
Permethrin,Vitamin_A_palmitate,GRAS_IIG,0.354
Phenylbutazone,Glycocholic_acid,GRAS_IIG,0.354
Phosphatidyl serine,Glycocholic_acid,GRAS_IIG,0.354
Pipecuronium,Glycocholic_acid,GRAS_IIG,0.354
Polythiazide,Azilsartan medoxomil,APPROVED_DRUGBANK,0.354
Propiomazine,Azilsartan medoxomil,APPROVED_DRUGBANK,0.354
Quinagolide,Azilsartan medoxomil,APPROVED_DRUGBANK,0.354
Salmeterol,Indomethacin,APPROVED_DRUGBANK,0.354
Sapropterin,Vitamin_A_acetate,GRAS_IIG,0.354
Setiptiline,Azilsartan medoxomil,APPROVED_DRUGBANK,0.354
Sodium aurothiomalate,Azilsartan medoxomil,APPROVED_DRUGBANK,0.354
Spironolactone,Azilsartan medoxomil,APPROVED_DRUGBANK,0.354
Technetium Tc 99m Mebrofenin,Glycocholic_acid,GRAS_IIG,0.354
Telithromycin,Vitamin_A_palmitate,GRAS_IIG,0.354
Travoprost,Glycocholic_acid,GRAS_IIG,0.354
Tretinoin,Glycocholic_acid,GRAS_IIG,0.354
Vismodegib,Deoxycholic Acid,APPROVED_DRUGBANK,0.354
Vismodegib,Desoxycholic_acid,GRAS_IIG,0.354
Xanthophyll,Azilsartan medoxomil,APPROVED_DRUGBANK,0.354
Alfacalcidol,Taurocholic_acid,GRAS_IIG,0.352
Alimemazine,Taurocholic_acid,GRAS_IIG,0.352
Alpha-Linolenic Acid,Vitamin_A_acetate,GRAS_IIG,0.352
Aprindine,Deoxycholic Acid,APPROVED_DRUGBANK,0.352
Aprindine,Desoxycholic_acid,GRAS_IIG,0.352
Argatroban,Azilsartan medoxomil,APPROVED_DRUGBANK,0.352
Calcipotriol,Taurocholic_acid,GRAS_IIG,0.352
Calcium Acetate,Taurocholic_acid,GRAS_IIG,0.352
Calcium Chloride,Deoxycholic Acid,APPROVED_DRUGBANK,0.352
Calcium Chloride,Desoxycholic_acid,GRAS_IIG,0.352
Carbidopa,Azilsartan medoxomil,APPROVED_DRUGBANK,0.352
Cefoperazone,Candesartan,APPROVED_DRUGBANK,0.352
Ceforanide,Indomethacin,APPROVED_DRUGBANK,0.352
Cetrorelix,Candesartan,APPROVED_DRUGBANK,0.352
Chromic chloride,Taurocholic_acid,GRAS_IIG,0.352
Cinnarizine,SODIUM_DESOXYCHOLATE,GRAS_IIG,0.352
Clofedanol,Azilsartan medoxomil,APPROVED_DRUGBANK,0.352
Cobicistat,Candesartan,APPROVED_DRUGBANK,0.352
Crizotinib,Glycocholic_acid,GRAS_IIG,0.352
Darunavir,Vitamin_A_palmitate,GRAS_IIG,0.352
Diclofenac,SODIUM_DESOXYCHOLATE,GRAS_IIG,0.352
Digitoxin,Indomethacin,APPROVED_DRUGBANK,0.352
Dihomo-gamma-linolenic acid,Vitamin_A_acetate,GRAS_IIG,0.352
Dimetindene,Azilsartan medoxomil,APPROVED_DRUGBANK,0.352
Diosmin,Candesartan,APPROVED_DRUGBANK,0.352
Domperidone,Tannic_acid_(hydrolyzable_gallotannins),GRAS_IIG,0.352
Drospirenone,Vitamin_A_acetate,GRAS_IIG,0.352
Droxidopa,Azilsartan medoxomil,APPROVED_DRUGBANK,0.352
Dutasteride,Vitamin_A_palmitate,GRAS_IIG,0.352
Efavirenz,Azilsartan medoxomil,APPROVED_DRUGBANK,0.352
Equilin,Taurocholic_acid,GRAS_IIG,0.352
Etonogestrel,Azilsartan medoxomil,APPROVED_DRUGBANK,0.352
Exemestane,SODIUM_DESOXYCHOLATE,GRAS_IIG,0.352
Famotidine,Vitamin_A_acetate,GRAS_IIG,0.352
Felypressin,Vitamin_A_palmitate,GRAS_IIG,0.352
Florbetapir (18F),Azilsartan medoxomil,APPROVED_DRUGBANK,0.352
Fosaprepitant,Candesartan,APPROVED_DRUGBANK,0.352
Fulvestrant,.BETA.-IONONE,GRAS_IIG,0.352
Gadoteridol,Vitamin_A_acetate,GRAS_IIG,0.352
Gliquidone,Vitamin_A_palmitate,GRAS_IIG,0.352
Histamine Phosphate,Azilsartan medoxomil,APPROVED_DRUGBANK,0.352
Indecainide,Taurocholic_acid,GRAS_IIG,0.352
Ioxilan,Taurocholic_acid,GRAS_IIG,0.352
Isoaminile,SODIUM_DESOXYCHOLATE,GRAS_IIG,0.352
Lactose,Glycocholic_acid,GRAS_IIG,0.352
Magnesium salicylate,Glycocholic_acid,GRAS_IIG,0.352
Medroxyprogesterone acetate,Vitamin_A_acetate,GRAS_IIG,0.352
Medrysone,Azilsartan medoxomil,APPROVED_DRUGBANK,0.352
Medrysone,Vitamin_A_acetate,GRAS_IIG,0.352
Mesoridazine,Vitamin_A_palmitate,GRAS_IIG,0.352
Methdilazine,Indomethacin,APPROVED_DRUGBANK,0.352
Mitotane,Azilsartan medoxomil,APPROVED_DRUGBANK,0.352
Mitotane,Taurocholic_acid,GRAS_IIG,0.352
Nandrolone phenpropionate,Glycocholic_acid,GRAS_IIG,0.352
Nelfinavir,Anastrozole,APPROVED_DRUGBANK,0.352
Nelfinavir,Azelnidipine,APPROVED_DRUGBANK,0.352
Nelfinavir,Azidocillin,APPROVED_DRUGBANK,0.352
Nelfinavir,Chloroquine,APPROVED_DRUGBANK,0.352
Nelfinavir,D&C_BROWN_NO._1,GRAS_IIG,0.352
Nelfinavir,D&C_GREEN_NO._6,GRAS_IIG,0.352
Nelfinavir,Fenspiride,APPROVED_DRUGBANK,0.352
Nelfinavir,Flunitrazepam,APPROVED_DRUGBANK,0.352
Nelfinavir,L-Tyrosine,APPROVED_DRUGBANK,0.352
Nelfinavir,Loxapine,APPROVED_DRUGBANK,0.352
Nelfinavir,METHYL_SALICYLATE,GRAS_IIG,0.352
Nelfinavir,Phenacemide,APPROVED_DRUGBANK,0.352
Nelfinavir,Prochlorperazine,APPROVED_DRUGBANK,0.352
Nelfinavir,TYROSINE,GRAS_IIG,0.352
Nelfinavir,Trimetrexate,APPROVED_DRUGBANK,0.352
Niclosamide,Azilsartan medoxomil,APPROVED_DRUGBANK,0.352
Nortriptyline,SODIUM_DESOXYCHOLATE,GRAS_IIG,0.352
Olanzapine,Azilsartan medoxomil,APPROVED_DRUGBANK,0.352
Oxymetholone,SODIUM_DESOXYCHOLATE,GRAS_IIG,0.352
Paroxetine,SODIUM_DESOXYCHOLATE,GRAS_IIG,0.352
Plicamycin,Candesartan,APPROVED_DRUGBANK,0.352
Potassium Chloride,Deoxycholic Acid,APPROVED_DRUGBANK,0.352
Potassium Chloride,Desoxycholic_acid,GRAS_IIG,0.352
Progesterone,SODIUM_DESOXYCHOLATE,GRAS_IIG,0.352
Protriptyline,Vitamin_A_acetate,GRAS_IIG,0.352
Roxithromycin,Vitamin_A_palmitate,GRAS_IIG,0.352
Sodium Chloride,Deoxycholic Acid,APPROVED_DRUGBANK,0.352
Sodium Chloride,Desoxycholic_acid,GRAS_IIG,0.352
Sodium acetate,Taurocholic_acid,GRAS_IIG,0.352
Sodium lauryl sulfate,Glycocholic_acid,GRAS_IIG,0.352
Sodium stibogluconate,Candesartan,APPROVED_DRUGBANK,0.352
Sucroferric Oxyhydroxide,Glycocholic_acid,GRAS_IIG,0.352
Suramin,Glycocholic_acid,GRAS_IIG,0.352
Thallous Chloride,Deoxycholic Acid,APPROVED_DRUGBANK,0.352
Thallous Chloride,Desoxycholic_acid,GRAS_IIG,0.352
Tiagabine,Azilsartan medoxomil,APPROVED_DRUGBANK,0.352
Tipranavir,Vitamin_A_palmitate,GRAS_IIG,0.352
Tolvaptan,SODIUM_DESOXYCHOLATE,GRAS_IIG,0.352
Triamcinolone,Azilsartan medoxomil,APPROVED_DRUGBANK,0.352
Triamcinolone,SODIUM_DESOXYCHOLATE,GRAS_IIG,0.352
Triclosan,Azilsartan medoxomil,APPROVED_DRUGBANK,0.352
Trisalicylate-choline,SODIUM_DESOXYCHOLATE,GRAS_IIG,0.352
Udenafil,Candesartan,APPROVED_DRUGBANK,0.352
Acenocoumarol,Candesartan,APPROVED_DRUGBANK,0.35
Alfacalcidol,Vitamin_A_acetate,GRAS_IIG,0.35
Amfecloral,Azilsartan medoxomil,APPROVED_DRUGBANK,0.35
Amodiaquine,Azilsartan medoxomil,APPROVED_DRUGBANK,0.35
Atazanavir,Vitamin_A_palmitate,GRAS_IIG,0.35
Atomoxetine,Azilsartan medoxomil,APPROVED_DRUGBANK,0.35
Avobenzone,Vitamin_A_acetate,GRAS_IIG,0.35
Aztreonam,Azilsartan medoxomil,APPROVED_DRUGBANK,0.35
Bromhexine,Vitamin_A_acetate,GRAS_IIG,0.35
Bupivacaine,Glycocholic_acid,GRAS_IIG,0.35
Calcipotriol,Vitamin_A_acetate,GRAS_IIG,0.35
Carboplatin,Azilsartan medoxomil,APPROVED_DRUGBANK,0.35
Carfilzomib,Candesartan,APPROVED_DRUGBANK,0.35
Cefditoren,Vitamin_A_palmitate,GRAS_IIG,0.35
Ceftaroline fosamil,Indomethacin,APPROVED_DRUGBANK,0.35
Cetrimonium,Deoxycholic Acid,APPROVED_DRUGBANK,0.35
Cetrimonium,Desoxycholic_acid,GRAS_IIG,0.35
Chlorprothixene,SODIUM_DESOXYCHOLATE,GRAS_IIG,0.35
Chromic chloride,Deoxycholic Acid,APPROVED_DRUGBANK,0.35
Chromic chloride,Desoxycholic_acid,GRAS_IIG,0.35
Clozapine,Azilsartan medoxomil,APPROVED_DRUGBANK,0.35
Colistimethate,Vitamin_A_palmitate,GRAS_IIG,0.35
Conjugated Estrogens,Azilsartan medoxomil,APPROVED_DRUGBANK,0.35
Diiodohydroxyquinoline,Vitamin_A_acetate,GRAS_IIG,0.35
Dinoprost Tromethamine,Glycocholic_acid,GRAS_IIG,0.35
Eletriptan,SODIUM_DESOXYCHOLATE,GRAS_IIG,0.35
Eprosartan,Candesartan,APPROVED_DRUGBANK,0.35
Etonogestrel,SODIUM_DESOXYCHOLATE,GRAS_IIG,0.35
Etravirine,Azilsartan medoxomil,APPROVED_DRUGBANK,0.35
Florbetaben (18F),Azilsartan medoxomil,APPROVED_DRUGBANK,0.35
Gadobenic acid,Glycocholic_acid,GRAS_IIG,0.35
Gadoteric acid,Vitamin_A_acetate,GRAS_IIG,0.35
Hemin,Azilsartan medoxomil,APPROVED_DRUGBANK,0.35
Hexachlorophene,Deoxycholic Acid,APPROVED_DRUGBANK,0.35
Hexachlorophene,Desoxycholic_acid,GRAS_IIG,0.35
Hexafluronium,Taurocholic_acid,GRAS_IIG,0.35
Hexoprenaline,Azilsartan medoxomil,APPROVED_DRUGBANK,0.35
Icosapent ethyl,Vitamin_A_acetate,GRAS_IIG,0.35
Iloprost,Vitamin_A_acetate,GRAS_IIG,0.35
Iopamidol,Azilsartan medoxomil,APPROVED_DRUGBANK,0.35
Levobupivacaine,Glycocholic_acid,GRAS_IIG,0.35
Levoleucovorin,Vitamin_A_palmitate,GRAS_IIG,0.35
Levomethadyl Acetate,Azilsartan medoxomil,APPROVED_DRUGBANK,0.35
Lindane,Taurocholic_acid,GRAS_IIG,0.35
Liotrix,Vitamin_A_palmitate,GRAS_IIG,0.35
Luliconazole,Azilsartan medoxomil,APPROVED_DRUGBANK,0.35
Lumiracoxib,Glycocholic_acid,GRAS_IIG,0.35
Maprotiline,Taurocholic_acid,GRAS_IIG,0.35
Masoprocol,Azilsartan medoxomil,APPROVED_DRUGBANK,0.35
Medrogestone,Vitamin_A_acetate,GRAS_IIG,0.35
Mesoridazine,Taurocholic_acid,GRAS_IIG,0.35
Mestranol,Vitamin_A_acetate,GRAS_IIG,0.35
Methadyl Acetate,Azilsartan medoxomil,APPROVED_DRUGBANK,0.35
Methotrexate,Vitamin_A_palmitate,GRAS_IIG,0.35
Methylnaltrexone,Candesartan,APPROVED_DRUGBANK,0.35
Methylnaltrexone,Indomethacin,APPROVED_DRUGBANK,0.35
Methylnaltrexone,Vitamin_A_acetate,GRAS_IIG,0.35
Mitoxantrone,Vitamin_A_acetate,GRAS_IIG,0.35
Nebivolol,SODIUM_DESOXYCHOLATE,GRAS_IIG,0.35
Nelfinavir,Acetophenazine,APPROVED_DRUGBANK,0.35
Nelfinavir,Amrinone,APPROVED_DRUGBANK,0.35
Nelfinavir,Amsacrine,APPROVED_DRUGBANK,0.35
Nelfinavir,Ataluren,APPROVED_DRUGBANK,0.35
Nelfinavir,Ceritinib,APPROVED_DRUGBANK,0.35
Nelfinavir,Demecarium,APPROVED_DRUGBANK,0.35
Nelfinavir,Dextropropoxyphene,APPROVED_DRUGBANK,0.35
Nelfinavir,Frovatriptan,APPROVED_DRUGBANK,0.35
Nelfinavir,Gabapentin,APPROVED_DRUGBANK,0.35
Nelfinavir,Isavuconazonium,APPROVED_DRUGBANK,0.35
Nelfinavir,Levomethadyl Acetate,APPROVED_DRUGBANK,0.35
Nelfinavir,Levopropoxyphene,APPROVED_DRUGBANK,0.35
Nelfinavir,Masoprocol,APPROVED_DRUGBANK,0.35
Nelfinavir,Methadyl Acetate,APPROVED_DRUGBANK,0.35
Nelfinavir,Nitisinone,APPROVED_DRUGBANK,0.35
Nelfinavir,Perampanel,APPROVED_DRUGBANK,0.35
Nelfinavir,Tegafur-uracil,APPROVED_DRUGBANK,0.35
Oxymetholone,Azilsartan medoxomil,APPROVED_DRUGBANK,0.35
Paritaprevir,Candesartan,APPROVED_DRUGBANK,0.35
Polymyxin B Sulfate,Candesartan,APPROVED_DRUGBANK,0.35
Probucol,Deoxycholic Acid,APPROVED_DRUGBANK,0.35
Probucol,Desoxycholic_acid,GRAS_IIG,0.35
Propiomazine,Vitamin_A_palmitate,GRAS_IIG,0.35
Sapropterin,Azilsartan medoxomil,APPROVED_DRUGBANK,0.35
Sibutramine,Vitamin_A_acetate,GRAS_IIG,0.35
Stanozolol,Azilsartan medoxomil,APPROVED_DRUGBANK,0.35
Technetium Tc-99m tetrofosmin,Glycocholic_acid,GRAS_IIG,0.35
Tizanidine,Taurocholic_acid,GRAS_IIG,0.35
Tobramycin,Glycocholic_acid,GRAS_IIG,0.35
Triprolidine,Azilsartan medoxomil,APPROVED_DRUGBANK,0.35
Voglibose,Vitamin_A_acetate,GRAS_IIG,0.35
Adinazolam,Taurocholic_acid,GRAS_IIG,0.348
Allylestrenol,Azilsartan medoxomil,APPROVED_DRUGBANK,0.348
Amfecloral,Taurocholic_acid,GRAS_IIG,0.348
Ammonia N-13,Taurocholic_acid,GRAS_IIG,0.348
Amodiaquine,Deoxycholic Acid,APPROVED_DRUGBANK,0.348
Amodiaquine,Desoxycholic_acid,GRAS_IIG,0.348
Arbutamine,Vitamin_A_acetate,GRAS_IIG,0.348
Atovaquone,PROPYLPARABEN_SODIUM,GRAS_IIG,0.348
Avobenzone,Glycocholic_acid,GRAS_IIG,0.348
Azathioprine,Azilsartan medoxomil,APPROVED_DRUGBANK,0.348
Bentoquatam,SODIUM_DESOXYCHOLATE,GRAS_IIG,0.348
Benzatropine,Azilsartan medoxomil,APPROVED_DRUGBANK,0.348
Benzphetamine,Azilsartan medoxomil,APPROVED_DRUGBANK,0.348
Butoconazole,Vitamin_A_palmitate,GRAS_IIG,0.348
Carbachol,SODIUM_DESOXYCHOLATE,GRAS_IIG,0.348
Cefpiramide,Candesartan,APPROVED_DRUGBANK,0.348
Ceftolozane,Indomethacin,APPROVED_DRUGBANK,0.348
Cholecalciferol,SODIUM_DESOXYCHOLATE,GRAS_IIG,0.348
Cilostazol,Candesartan,APPROVED_DRUGBANK,0.348
Cinacalcet,Taurocholic_acid,GRAS_IIG,0.348
Cisapride,Indomethacin,APPROVED_DRUGBANK,0.348
Copper,Taurocholic_acid,GRAS_IIG,0.348
Cyamemazine,Vitamin_A_palmitate,GRAS_IIG,0.348
Dasabuvir,Carotene_(beta-carotene),GRAS_IIG,0.348
Dobutamine,Azilsartan medoxomil,APPROVED_DRUGBANK,0.348
Dosulepin,Azilsartan medoxomil,APPROVED_DRUGBANK,0.348
Drostanolone,Taurocholic_acid,GRAS_IIG,0.348
Encainide,Vitamin_A_palmitate,GRAS_IIG,0.348
Ergocalciferol,Vitamin_A_acetate,GRAS_IIG,0.348
Ergoloid mesylate,Indomethacin,APPROVED_DRUGBANK,0.348
Ethanolamine Oleate,Vitamin_A_acetate,GRAS_IIG,0.348
Etravirine,Ciclesonide,APPROVED_DRUGBANK,0.348
Fenethylline,Vitamin_A_palmitate,GRAS_IIG,0.348
Fenoterol,Deoxycholic Acid,APPROVED_DRUGBANK,0.348
Fenoterol,Desoxycholic_acid,GRAS_IIG,0.348
Fidaxomicin,Candesartan,APPROVED_DRUGBANK,0.348
Flavin adenine dinucleotide,Candesartan,APPROVED_DRUGBANK,0.348
Fludiazepam,Taurocholic_acid,GRAS_IIG,0.348
Fluorometholone,Azilsartan medoxomil,APPROVED_DRUGBANK,0.348
Fulvestrant,Lixisenatide,APPROVED_DRUGBANK,0.348
Gadobutrol,Vitamin_A_acetate,GRAS_IIG,0.348
Gallamine Triethiodide,Azilsartan medoxomil,APPROVED_DRUGBANK,0.348
Glycerol Phenylbutyrate,Candesartan,APPROVED_DRUGBANK,0.348
Iodixanol,Taurocholic_acid,GRAS_IIG,0.348
Lansoprazole,Glycocholic_acid,GRAS_IIG,0.348
Levonordefrin,Taurocholic_acid,GRAS_IIG,0.348
Loxapine,Azilsartan medoxomil,APPROVED_DRUGBANK,0.348
Mestranol,Carotene_(beta-carotene),GRAS_IIG,0.348
Metrizamide,Glycocholic_acid,GRAS_IIG,0.348
Mifepristone,Vitamin_A_acetate,GRAS_IIG,0.348
Nelfinavir,Benzoctamine,APPROVED_DRUGBANK,0.348
Nelfinavir,Bethanidine,APPROVED_DRUGBANK,0.348
Nelfinavir,Biperiden,APPROVED_DRUGBANK,0.348
Nelfinavir,Cromoglicic acid,APPROVED_DRUGBANK,0.348
Nelfinavir,Cyclacillin,APPROVED_DRUGBANK,0.348
Nelfinavir,Degarelix,APPROVED_DRUGBANK,0.348
Nelfinavir,Lorcaserin,APPROVED_DRUGBANK,0.348
Nelfinavir,Methimazole,APPROVED_DRUGBANK,0.348
Nelfinavir,Proguanil,APPROVED_DRUGBANK,0.348
Nelfinavir,Tamsulosin,APPROVED_DRUGBANK,0.348
Nelfinavir,Tranexamic Acid,APPROVED_DRUGBANK,0.348
Nelfinavir,Trapidil,APPROVED_DRUGBANK,0.348
Nisoldipine,Azilsartan medoxomil,APPROVED_DRUGBANK,0.348
Norgestimate,Glycocholic_acid,GRAS_IIG,0.348
Norgestimate,SODIUM_DESOXYCHOLATE,GRAS_IIG,0.348
Paritaprevir,Indomethacin,APPROVED_DRUGBANK,0.348
Phenylbutazone,Vitamin_A_acetate,GRAS_IIG,0.348
Pralatrexate,Azilsartan medoxomil,APPROVED_DRUGBANK,0.348
Pralatrexate,Vitamin_A_palmitate,GRAS_IIG,0.348
Propofol,Taurocholic_acid,GRAS_IIG,0.348
Regadenoson,SODIUM_DESOXYCHOLATE,GRAS_IIG,0.348
Sevelamer,Azilsartan medoxomil,APPROVED_DRUGBANK,0.348
Sulfinpyrazone,Vitamin_A_acetate,GRAS_IIG,0.348
Teniposide,Candesartan,APPROVED_DRUGBANK,0.348
Terbinafine,Vitamin_A_acetate,GRAS_IIG,0.348
Thiocolchicoside,Vitamin_A_palmitate,GRAS_IIG,0.348
Tolterodine,Glycocholic_acid,GRAS_IIG,0.348
Udenafil,Indomethacin,APPROVED_DRUGBANK,0.348
Ulipristal,Azilsartan medoxomil,APPROVED_DRUGBANK,0.348
Vitamin E,Azilsartan medoxomil,APPROVED_DRUGBANK,0.348
Adefovir Dipivoxil,Vitamin_A_palmitate,GRAS_IIG,0.346
Aluminium,Taurocholic_acid,GRAS_IIG,0.346
Aluminum hydroxide,Taurocholic_acid,GRAS_IIG,0.346
Amcinonide,Azilsartan medoxomil,APPROVED_DRUGBANK,0.346
Amfecloral,Vitamin_A_acetate,GRAS_IIG,0.346
Anagrelide,Azilsartan medoxomil,APPROVED_DRUGBANK,0.346
Atovaquone,Dabigatran etexilate,APPROVED_DRUGBANK,0.346
Cabozantinib,SODIUM_DESOXYCHOLATE,GRAS_IIG,0.346
Calcium Gluceptate,Azilsartan medoxomil,APPROVED_DRUGBANK,0.346
Cangrelor,Indomethacin,APPROVED_DRUGBANK,0.346
Carbetocin,Vitamin_A_palmitate,GRAS_IIG,0.346
Carfilzomib,Vitamin_A_palmitate,GRAS_IIG,0.346
Cefamandole,Candesartan,APPROVED_DRUGBANK,0.346
Cefotetan,Vitamin_A_palmitate,GRAS_IIG,0.346
Dabrafenib,SODIUM_DESOXYCHOLATE,GRAS_IIG,0.346
Doripenem,Glycocholic_acid,GRAS_IIG,0.346
Dronabinol,Glycocholic_acid,GRAS_IIG,0.346
Enoxaparin,Candesartan,APPROVED_DRUGBANK,0.346
Ethynodiol diacetate,Azilsartan medoxomil,APPROVED_DRUGBANK,0.346
Etonogestrel,Glycocholic_acid,GRAS_IIG,0.346
Felodipine,Azilsartan medoxomil,APPROVED_DRUGBANK,0.346
Fenoprofen,Azilsartan medoxomil,APPROVED_DRUGBANK,0.346
Ferric Citrate,Taurocholic_acid,GRAS_IIG,0.346
Fondaparinux sodium,Candesartan,APPROVED_DRUGBANK,0.346
Gadoxetic acid,Azilsartan medoxomil,APPROVED_DRUGBANK,0.346
Haloprogin,Vitamin_A_acetate,GRAS_IIG,0.346
Histamine Phosphate,Glycocholic_acid,GRAS_IIG,0.346
Icatibant,Candesartan,APPROVED_DRUGBANK,0.346
Iron,Taurocholic_acid,GRAS_IIG,0.346
Josamycin,Candesartan,APPROVED_DRUGBANK,0.346
Lansoprazole,SODIUM_DESOXYCHOLATE,GRAS_IIG,0.346
Lithium,Taurocholic_acid,GRAS_IIG,0.346
Manganese,Taurocholic_acid,GRAS_IIG,0.346
Mefloquine,Taurocholic_acid,GRAS_IIG,0.346
Methyltestosterone,Azilsartan medoxomil,APPROVED_DRUGBANK,0.346
Mifepristone,Azilsartan medoxomil,APPROVED_DRUGBANK,0.346
Mifepristone,Glycocholic_acid,GRAS_IIG,0.346
Nelfinavir,Aceprometazine,APPROVED_DRUGBANK,0.346
Nelfinavir,Adenine,APPROVED_DRUGBANK,0.346
Nelfinavir,Arotinolol,APPROVED_DRUGBANK,0.346
Nelfinavir,Butorphanol,APPROVED_DRUGBANK,0.346
Nelfinavir,Carbimazole,APPROVED_DRUGBANK,0.346
Nelfinavir,Chlorpromazine,APPROVED_DRUGBANK,0.346
Nelfinavir,Chlorpropamide,APPROVED_DRUGBANK,0.346
Nelfinavir,DIMETHYL_PHTHALATE,GRAS_IIG,0.346
Nelfinavir,Dasabuvir,APPROVED_DRUGBANK,0.346
Nelfinavir,Demexiptiline,APPROVED_DRUGBANK,0.346
Nelfinavir,Dexfenfluramine,APPROVED_DRUGBANK,0.346
Nelfinavir,Diphenylpyraline,APPROVED_DRUGBANK,0.346
Nelfinavir,Ethynodiol diacetate,APPROVED_DRUGBANK,0.346
Nelfinavir,Fludiazepam,APPROVED_DRUGBANK,0.346
Nelfinavir,Methoxsalen,APPROVED_DRUGBANK,0.346
Nelfinavir,Nilvadipine,APPROVED_DRUGBANK,0.346
Nelfinavir,S-Adenosylmethionine,APPROVED_DRUGBANK,0.346
Nelfinavir,Saquinavir,APPROVED_DRUGBANK,0.346
Nelfinavir,Vildagliptin,APPROVED_DRUGBANK,0.346
Oleic Acid,Azilsartan medoxomil,APPROVED_DRUGBANK,0.346
Olopatadine,Azilsartan medoxomil,APPROVED_DRUGBANK,0.346
Oxtriphylline,Glycocholic_acid,GRAS_IIG,0.346
Panobinostat,Candesartan,APPROVED_DRUGBANK,0.346
Panobinostat,Vitamin_A_palmitate,GRAS_IIG,0.346
Phenindamine,Glycocholic_acid,GRAS_IIG,0.346
Porfimer,Vitamin_A_palmitate,GRAS_IIG,0.346
Potassium Citrate,Taurocholic_acid,GRAS_IIG,0.346
Quinidine barbiturate,Candesartan,APPROVED_DRUGBANK,0.346
Riboflavin,Azilsartan medoxomil,APPROVED_DRUGBANK,0.346
Roflumilast,Glycocholic_acid,GRAS_IIG,0.346
Rotigotine,Vitamin_A_acetate,GRAS_IIG,0.346
Sertaconazole,Ciclesonide,APPROVED_DRUGBANK,0.346
Silver sulfadiazine,Vitamin_A_acetate,GRAS_IIG,0.346
Simeprevir,Candesartan,APPROVED_DRUGBANK,0.346
Simvastatin,Vitamin_A_acetate,GRAS_IIG,0.346
Sitaxentan,Azilsartan medoxomil,APPROVED_DRUGBANK,0.346
Sodium Citrate,Taurocholic_acid,GRAS_IIG,0.346
Sodium Iodide I-131,Taurocholic_acid,GRAS_IIG,0.346
Sodium fluoride,Taurocholic_acid,GRAS_IIG,0.346
Sulconazole,Candesartan,APPROVED_DRUGBANK,0.346
Terlipressin,Vitamin_A_palmitate,GRAS_IIG,0.346
Ticlopidine,SODIUM_DESOXYCHOLATE,GRAS_IIG,0.346
Tipranavir,Candesartan,APPROVED_DRUGBANK,0.346
Tobramycin,Vitamin_A_acetate,GRAS_IIG,0.346
Tolvaptan,Tannic_acid_(hydrolyzable_gallotannins),GRAS_IIG,0.346
Trioxsalen,Azilsartan medoxomil,APPROVED_DRUGBANK,0.346
Vinorelbine,Candesartan,APPROVED_DRUGBANK,0.346
Warfarin,Candesartan,APPROVED_DRUGBANK,0.346
Zinc,Taurocholic_acid,GRAS_IIG,0.346
Zotepine,Taurocholic_acid,GRAS_IIG,0.346
Acetrizoic acid,Vitamin_A_acetate,GRAS_IIG,0.344
Adenosine monophosphate,Glycocholic_acid,GRAS_IIG,0.344
Adinazolam,Azilsartan medoxomil,APPROVED_DRUGBANK,0.344
Alendronic acid,Vitamin A,APPROVED_DRUGBANK,0.344
Alendronic acid,Vitamin_A,GRAS_IIG,0.344
Amiodarone,Glycocholic_acid,GRAS_IIG,0.344
Atazanavir,Azilsartan medoxomil,APPROVED_DRUGBANK,0.344
Azilsartan medoxomil,Indomethacin,APPROVED_DRUGBANK,0.344
Boceprevir,Glycocholic_acid,GRAS_IIG,0.344
Bopindolol,Vitamin_A_palmitate,GRAS_IIG,0.344
Brompheniramine,SODIUM_DESOXYCHOLATE,GRAS_IIG,0.344
Brotizolam,Glycocholic_acid,GRAS_IIG,0.344
Capsaicin,Vitamin_A_palmitate,GRAS_IIG,0.344
Cefonicid,Vitamin_A_palmitate,GRAS_IIG,0.344
Ceftaroline fosamil,Candesartan,APPROVED_DRUGBANK,0.344
Chloropyramine,Tannic_acid_(hydrolyzable_gallotannins),GRAS_IIG,0.344
Chlorprothixene,Azilsartan medoxomil,APPROVED_DRUGBANK,0.344
Cholecalciferol,Vitamin_A_acetate,GRAS_IIG,0.344
Clocapramine,SODIUM_DESOXYCHOLATE,GRAS_IIG,0.344
Deoxycholic Acid,Azilsartan medoxomil,APPROVED_DRUGBANK,0.344
Dexbrompheniramine,SODIUM_DESOXYCHOLATE,GRAS_IIG,0.344
Dienestrol,Deoxycholic Acid,APPROVED_DRUGBANK,0.344
Dienestrol,Desoxycholic_acid,GRAS_IIG,0.344
Dinoprost Tromethamine,Azilsartan medoxomil,APPROVED_DRUGBANK,0.344
Diphenidol,Azilsartan medoxomil,APPROVED_DRUGBANK,0.344
Diphenidol,SODIUM_DESOXYCHOLATE,GRAS_IIG,0.344
Dobutamine,Vitamin_A_acetate,GRAS_IIG,0.344
Duloxetine,Azilsartan medoxomil,APPROVED_DRUGBANK,0.344
Dydrogesterone,Taurocholic_acid,GRAS_IIG,0.344
Eplerenone,Azilsartan medoxomil,APPROVED_DRUGBANK,0.344
Fluoxetine,Azilsartan medoxomil,APPROVED_DRUGBANK,0.344
Gadofosveset trisodium,Candesartan,APPROVED_DRUGBANK,0.344
Glutathione,Vitamin_A_acetate,GRAS_IIG,0.344
Haloprogin,Deoxycholic Acid,APPROVED_DRUGBANK,0.344
Haloprogin,Desoxycholic_acid,GRAS_IIG,0.344
Helium,Taurocholic_acid,GRAS_IIG,0.344
Icosapent ethyl,SODIUM_DESOXYCHOLATE,GRAS_IIG,0.344
Indecainide,Vitamin_A_acetate,GRAS_IIG,0.344
Iodipamide,Vitamin_A_acetate,GRAS_IIG,0.344
Iopromide,Azilsartan medoxomil,APPROVED_DRUGBANK,0.344
Ioxaglic acid,Taurocholic_acid,GRAS_IIG,0.344
Ioxilan,Azilsartan medoxomil,APPROVED_DRUGBANK,0.344
Isosulfan blue,Glycocholic_acid,GRAS_IIG,0.344
Levomethadyl Acetate,SODIUM_DESOXYCHOLATE,GRAS_IIG,0.344
Linaclotide,Vitamin_A_palmitate,GRAS_IIG,0.344
Lorazepam,Glycocholic_acid,GRAS_IIG,0.344
Lornoxicam,Taurocholic_acid,GRAS_IIG,0.344
Magnesium hydroxide,Taurocholic_acid,GRAS_IIG,0.344
Magnesium salicylate,Azilsartan medoxomil,APPROVED_DRUGBANK,0.344
Mangafodipir,Taurocholic_acid,GRAS_IIG,0.344
Masoprocol,Deoxycholic Acid,APPROVED_DRUGBANK,0.344
Masoprocol,Desoxycholic_acid,GRAS_IIG,0.344
Mequitazine,Indomethacin,APPROVED_DRUGBANK,0.344
Methadyl Acetate,SODIUM_DESOXYCHOLATE,GRAS_IIG,0.344
Midazolam,SODIUM_DESOXYCHOLATE,GRAS_IIG,0.344
Montelukast,Taurocholic_acid,GRAS_IIG,0.344
Nelfinavir,Cyproterone acetate,APPROVED_DRUGBANK,0.344
Nelfinavir,FD&C_BLUE_NO._2--ALUMINUM_LAKE,GRAS_IIG,0.344
Nelfinavir,Hydroxychloroquine,APPROVED_DRUGBANK,0.344
Nelfinavir,Ixazomib,APPROVED_DRUGBANK,0.344
Nelfinavir,Roflumilast,APPROVED_DRUGBANK,0.344
Nelfinavir,Sulfadoxine,APPROVED_DRUGBANK,0.344
Nelfinavir,Sulfamoxole,APPROVED_DRUGBANK,0.344
Nortriptyline,Vitamin_A_acetate,GRAS_IIG,0.344
Olanzapine,Vitamin_A_acetate,GRAS_IIG,0.344
Permethrin,Azilsartan medoxomil,APPROVED_DRUGBANK,0.344
Polaprezinc,Glycocholic_acid,GRAS_IIG,0.344
Polaprezinc,SODIUM_DESOXYCHOLATE,GRAS_IIG,0.344
Prochlorperazine,Azilsartan medoxomil,APPROVED_DRUGBANK,0.344
Saprisartan,Vitamin_A_palmitate,GRAS_IIG,0.344
Scopolamine butylbromide,Azilsartan medoxomil,APPROVED_DRUGBANK,0.344
Sertraline,Deoxycholic Acid,APPROVED_DRUGBANK,0.344
Sertraline,Desoxycholic_acid,GRAS_IIG,0.344
Sulconazole,Glycocholic_acid,GRAS_IIG,0.344
Sulconazole,NEOTAME,GRAS_IIG,0.344
Suramin,Azilsartan medoxomil,APPROVED_DRUGBANK,0.344
Technetium Tc-99m sestamibi,Carotene_(beta-carotene),GRAS_IIG,0.344
Tegafur-uracil,Glycocholic_acid,GRAS_IIG,0.344
Testosterone Propionate,Azilsartan medoxomil,APPROVED_DRUGBANK,0.344
Tiagabine,SODIUM_DESOXYCHOLATE,GRAS_IIG,0.344
Tioconazole,Desonide,APPROVED_DRUGBANK,0.344
Tobramycin,Azilsartan medoxomil,APPROVED_DRUGBANK,0.344
Triamcinolone,Vitamin_A_acetate,GRAS_IIG,0.344
Trioxsalen,SODIUM_DESOXYCHOLATE,GRAS_IIG,0.344
Triprolidine,Glycocholic_acid,GRAS_IIG,0.344
Trisalicylate-choline,Azilsartan medoxomil,APPROVED_DRUGBANK,0.344
Trisodium citrate dihydrate,Taurocholic_acid,GRAS_IIG,0.344
Unoprostone,Azilsartan medoxomil,APPROVED_DRUGBANK,0.344
Vapreotide,Vitamin_A_palmitate,GRAS_IIG,0.344
Vilazodone,Vitamin_A_palmitate,GRAS_IIG,0.344
Zucapsaicin,Vitamin_A_palmitate,GRAS_IIG,0.344
Alendronic acid,Taurocholic_acid,GRAS_IIG,0.342
Ammonia N-13,Deoxycholic Acid,APPROVED_DRUGBANK,0.342
Ammonia N-13,Desoxycholic_acid,GRAS_IIG,0.342
Azathioprine,SODIUM_DESOXYCHOLATE,GRAS_IIG,0.342
Benzatropine,Glycocholic_acid,GRAS_IIG,0.342
Bepridil,Azilsartan medoxomil,APPROVED_DRUGBANK,0.342
Bexarotene,Vitamin_A_acetate,GRAS_IIG,0.342
Bosentan,Candesartan,APPROVED_DRUGBANK,0.342
Bupranolol,Azilsartan medoxomil,APPROVED_DRUGBANK,0.342
Butoconazole,Glycocholic_acid,GRAS_IIG,0.342
Cabergoline,Azilsartan medoxomil,APPROVED_DRUGBANK,0.342
Cabergoline,Tannic_acid_(hydrolyzable_gallotannins),GRAS_IIG,0.342
Calcium carbimide,Taurocholic_acid,GRAS_IIG,0.342
Capreomycin,Azilsartan medoxomil,APPROVED_DRUGBANK,0.342
Carboprost Tromethamine,Glycocholic_acid,GRAS_IIG,0.342
Carvedilol,Vitamin_A_palmitate,GRAS_IIG,0.342
Colestipol,Vitamin_A_acetate,GRAS_IIG,0.342
Dactinomycin,Indomethacin,APPROVED_DRUGBANK,0.342
Demeclocycline,Glycocholic_acid,GRAS_IIG,0.342
Deslanoside,Indomethacin,APPROVED_DRUGBANK,0.342
Diatrizoate,Vitamin_A_acetate,GRAS_IIG,0.342
Dimetotiazine,Azilsartan medoxomil,APPROVED_DRUGBANK,0.342
Dobutamine,Taurocholic_acid,GRAS_IIG,0.342
Doxepin,Taurocholic_acid,GRAS_IIG,0.342
Dronedarone,Glycocholic_acid,GRAS_IIG,0.342
Drostanolone,Vitamin A,APPROVED_DRUGBANK,0.342
Drostanolone,Vitamin_A,GRAS_IIG,0.342
Edoxaban,SODIUM_DESOXYCHOLATE,GRAS_IIG,0.342
Eletriptan,Glycocholic_acid,GRAS_IIG,0.342
Ethopropazine,Taurocholic_acid,GRAS_IIG,0.342
Florbetapir (18F),Glycocholic_acid,GRAS_IIG,0.342
Fulvestrant,Dalbavancin,APPROVED_DRUGBANK,0.342
Fulvestrant,Propyl_Gallate,GRAS_IIG,0.342
Haloprogin,Taurocholic_acid,GRAS_IIG,0.342
Helium,Deoxycholic Acid,APPROVED_DRUGBANK,0.342
Helium,Desoxycholic_acid,GRAS_IIG,0.342
Hydroxyprogesterone caproate,Azilsartan medoxomil,APPROVED_DRUGBANK,0.342
Hydroxystilbamidine Isethionate,Azilsartan medoxomil,APPROVED_DRUGBANK,0.342
Ibutilide,Deoxycholic Acid,APPROVED_DRUGBANK,0.342
Ibutilide,Desoxycholic_acid,GRAS_IIG,0.342
Inulin,Glycocholic_acid,GRAS_IIG,0.342
Iopromide,Glycocholic_acid,GRAS_IIG,0.342
Ioversol,Azilsartan medoxomil,APPROVED_DRUGBANK,0.342
Ioxaglic acid,Azilsartan medoxomil,APPROVED_DRUGBANK,0.342
Ioxaglic acid,Deoxycholic Acid,APPROVED_DRUGBANK,0.342
Ioxaglic acid,Desoxycholic_acid,GRAS_IIG,0.342
Kanamycin,Azilsartan medoxomil,APPROVED_DRUGBANK,0.342
Lacidipine,SODIUM_DESOXYCHOLATE,GRAS_IIG,0.342
Lercanidipine,Azilsartan medoxomil,APPROVED_DRUGBANK,0.342
Leucovorin,Vitamin_A_palmitate,GRAS_IIG,0.342
Mefloquine,Vitamin_A_acetate,GRAS_IIG,0.342
Mestranol,Glycocholic_acid,GRAS_IIG,0.342
Methacycline,Candesartan,APPROVED_DRUGBANK,0.342
Methyl cellulose,Glycocholic_acid,GRAS_IIG,0.342
Naloxegol,Indomethacin,APPROVED_DRUGBANK,0.342
Nelfinavir,Azelastine,APPROVED_DRUGBANK,0.342
Nelfinavir,Bismuth Subsalicylate,APPROVED_DRUGBANK,0.342
Nelfinavir,Etomidate,APPROVED_DRUGBANK,0.342
Nelfinavir,Famciclovir,APPROVED_DRUGBANK,0.342
Nelfinavir,Flibanserin,APPROVED_DRUGBANK,0.342
Nelfinavir,Flutemetamol (18F),APPROVED_DRUGBANK,0.342
Nelfinavir,Lamotrigine,APPROVED_DRUGBANK,0.342
Nelfinavir,Mepenzolate,APPROVED_DRUGBANK,0.342
Nelfinavir,Mepiprazole,APPROVED_DRUGBANK,0.342
Nelfinavir,Mitoxantrone,APPROVED_DRUGBANK,0.342
Nelfinavir,Perhexiline,APPROVED_DRUGBANK,0.342
Nelfinavir,Perindopril,APPROVED_DRUGBANK,0.342
Nelfinavir,Phenoxymethylpenicillin,APPROVED_DRUGBANK,0.342
Nelfinavir,Promethazine,APPROVED_DRUGBANK,0.342
Nelfinavir,ROSIN,GRAS_IIG,0.342
Nelfinavir,Sulfoxone,APPROVED_DRUGBANK,0.342
Novobiocin,Candesartan,APPROVED_DRUGBANK,0.342
Oxtriphylline,SODIUM_DESOXYCHOLATE,GRAS_IIG,0.342
Pantoprazole,SODIUM_DESOXYCHOLATE,GRAS_IIG,0.342
Polymyxin B Sulfate,Vitamin_A_palmitate,GRAS_IIG,0.342
Prasugrel,Azilsartan medoxomil,APPROVED_DRUGBANK,0.342
Promethazine,Taurocholic_acid,GRAS_IIG,0.342
Regadenoson,Azilsartan medoxomil,APPROVED_DRUGBANK,0.342
Ribostamycin,Azilsartan medoxomil,APPROVED_DRUGBANK,0.342
Rolapitant,Glycocholic_acid,GRAS_IIG,0.342
Ruxolitinib,Azilsartan medoxomil,APPROVED_DRUGBANK,0.342
Setiptiline,SODIUM_DESOXYCHOLATE,GRAS_IIG,0.342
Sodium phenylbutyrate,SODIUM_DESOXYCHOLATE,GRAS_IIG,0.342
Strontium ranelate,SODIUM_DESOXYCHOLATE,GRAS_IIG,0.342
Teniposide,Vitamin_A_palmitate,GRAS_IIG,0.342
Trazodone,Tannic_acid_(hydrolyzable_gallotannins),GRAS_IIG,0.342
Trihexyphenidyl,Glycocholic_acid,GRAS_IIG,0.342
Tubocurarine,Candesartan,APPROVED_DRUGBANK,0.342
Vemurafenib,Glycocholic_acid,GRAS_IIG,0.342
Xenon-133,Taurocholic_acid,GRAS_IIG,0.342
Adenosine triphosphate,Glycocholic_acid,GRAS_IIG,0.34
Almitrine,Glycocholic_acid,GRAS_IIG,0.34
Aluminum hydroxide,Deoxycholic Acid,APPROVED_DRUGBANK,0.34
Aluminum hydroxide,Desoxycholic_acid,GRAS_IIG,0.34
Amodiaquine,Taurocholic_acid,GRAS_IIG,0.34
Anisotropine Methylbromide,SODIUM_DESOXYCHOLATE,GRAS_IIG,0.34
Atovaquone,Clocapramine,APPROVED_DRUGBANK,0.34
Azathioprine,Glycocholic_acid,GRAS_IIG,0.34
Aztreonam,SODIUM_DESOXYCHOLATE,GRAS_IIG,0.34
Bazedoxifene,SODIUM_DESOXYCHOLATE,GRAS_IIG,0.34
Bifonazole,Glycocholic_acid,GRAS_IIG,0.34
Calcium carbimide,Deoxycholic Acid,APPROVED_DRUGBANK,0.34
Calcium carbimide,Desoxycholic_acid,GRAS_IIG,0.34
Capreomycin,Indomethacin,APPROVED_DRUGBANK,0.34
Captodiame,Azilsartan medoxomil,APPROVED_DRUGBANK,0.34
Captodiame,SODIUM_DESOXYCHOLATE,GRAS_IIG,0.34
Carbidopa,Vitamin_A_acetate,GRAS_IIG,0.34
Chlorhexidine,Azilsartan medoxomil,APPROVED_DRUGBANK,0.34
Clocapramine,Azilsartan medoxomil,APPROVED_DRUGBANK,0.34
Colestipol,Glycocholic_acid,GRAS_IIG,0.34
Cyclobenzaprine,Vitamin_A_acetate,GRAS_IIG,0.34
Deferoxamine,SODIUM_DESOXYCHOLATE,GRAS_IIG,0.34
Diclofenac,Azilsartan medoxomil,APPROVED_DRUGBANK,0.34
Dienogest,Glycocholic_acid,GRAS_IIG,0.34
Dipotassium phosphate,Vitamin A,APPROVED_DRUGBANK,0.34
Dipotassium phosphate,Vitamin_A,GRAS_IIG,0.34
Disodium phosphate,Vitamin A,APPROVED_DRUGBANK,0.34
Disodium phosphate,Vitamin_A,GRAS_IIG,0.34
Doripenem,Azilsartan medoxomil,APPROVED_DRUGBANK,0.34
Doxepin,SODIUM_DESOXYCHOLATE,GRAS_IIG,0.34
Drotaverine,Vitamin_A_acetate,GRAS_IIG,0.34
Econazole,Atenolol,APPROVED_DRUGBANK,0.34
Efavirenz,Deoxycholic Acid,APPROVED_DRUGBANK,0.34
Efavirenz,Desoxycholic_acid,GRAS_IIG,0.34
Fludiazepam,SODIUM_DESOXYCHOLATE,GRAS_IIG,0.34
Fluorescein,Vitamin_A_acetate,GRAS_IIG,0.34
Gadoteridol,Azilsartan medoxomil,APPROVED_DRUGBANK,0.34
Grazoprevir,Vitamin_A_palmitate,GRAS_IIG,0.34
Indacaterol,Vitamin_A_acetate,GRAS_IIG,0.34
Inulin,Azilsartan medoxomil,APPROVED_DRUGBANK,0.34
Iophendylate,Vitamin_A_acetate,GRAS_IIG,0.34
Iron,Deoxycholic Acid,APPROVED_DRUGBANK,0.34
Iron,Desoxycholic_acid,GRAS_IIG,0.34
Kappadione,Vitamin_A_acetate,GRAS_IIG,0.34
Lactose,Azilsartan medoxomil,APPROVED_DRUGBANK,0.34
Lactose,SODIUM_DESOXYCHOLATE,GRAS_IIG,0.34
Lactulose,Vitamin_A_acetate,GRAS_IIG,0.34
Levonordefrin,Carotene_(beta-carotene),GRAS_IIG,0.34
Levonorgestrel,SODIUM_DESOXYCHOLATE,GRAS_IIG,0.34
Lithium,Deoxycholic Acid,APPROVED_DRUGBANK,0.34
Lithium,Desoxycholic_acid,GRAS_IIG,0.34
Lymecycline,Candesartan,APPROVED_DRUGBANK,0.34
Manganese,Deoxycholic Acid,APPROVED_DRUGBANK,0.34
Manganese,Desoxycholic_acid,GRAS_IIG,0.34
Methyl cellulose,Azilsartan medoxomil,APPROVED_DRUGBANK,0.34
Minocycline,Vitamin_A_acetate,GRAS_IIG,0.34
Naftifine,Azilsartan medoxomil,APPROVED_DRUGBANK,0.34
Nandrolone decanoate,Vitamin_A_acetate,GRAS_IIG,0.34
Nelfinavir,Acetylcarnitine,APPROVED_DRUGBANK,0.34
Nelfinavir,Brompheniramine,APPROVED_DRUGBANK,0.34
Nelfinavir,Clotiazepam,APPROVED_DRUGBANK,0.34
Nelfinavir,Dexbrompheniramine,APPROVED_DRUGBANK,0.34
Nelfinavir,Dopamine,APPROVED_DRUGBANK,0.34
Nelfinavir,Enzalutamide,APPROVED_DRUGBANK,0.34
Nelfinavir,Fluspirilene,APPROVED_DRUGBANK,0.34
Nelfinavir,Iopanoic acid,APPROVED_DRUGBANK,0.34
Nelfinavir,Methyltestosterone,APPROVED_DRUGBANK,0.34
Nelfinavir,Mexiletine,APPROVED_DRUGBANK,0.34
Nelfinavir,Moexipril,APPROVED_DRUGBANK,0.34
Nelfinavir,Phenoxybenzamine,APPROVED_DRUGBANK,0.34
Nelfinavir,Protirelin,APPROVED_DRUGBANK,0.34
Nelfinavir,Tioconazole,APPROVED_DRUGBANK,0.34
Nystatin,Indomethacin,APPROVED_DRUGBANK,0.34
Olanzapine,SODIUM_DESOXYCHOLATE,GRAS_IIG,0.34
Ouabain,Vitamin_A_acetate,GRAS_IIG,0.34
Paliperidone,Candesartan,APPROVED_DRUGBANK,0.34
Pancuronium,Glycocholic_acid,GRAS_IIG,0.34
Paricalcitol,Azilsartan medoxomil,APPROVED_DRUGBANK,0.34
Phenindamine,Azilsartan medoxomil,APPROVED_DRUGBANK,0.34
Phosphatidyl serine,Azilsartan medoxomil,APPROVED_DRUGBANK,0.34
Pipecuronium,Azilsartan medoxomil,APPROVED_DRUGBANK,0.34
Podophyllin,Vitamin_A_palmitate,GRAS_IIG,0.34
Polidocanol,SODIUM_DESOXYCHOLATE,GRAS_IIG,0.34
Posaconazole,Indomethacin,APPROVED_DRUGBANK,0.34
Potassium Iodide,Taurocholic_acid,GRAS_IIG,0.34
Progesterone,Azilsartan medoxomil,APPROVED_DRUGBANK,0.34
Propiomazine,Taurocholic_acid,GRAS_IIG,0.34
Prussian blue,Deoxycholic Acid,APPROVED_DRUGBANK,0.34
Prussian blue,Desoxycholic_acid,GRAS_IIG,0.34
Rocuronium,Indomethacin,APPROVED_DRUGBANK,0.34
Saprisartan,Indomethacin,APPROVED_DRUGBANK,0.34
Sodium Iodide I-131,Deoxycholic Acid,APPROVED_DRUGBANK,0.34
Sodium Iodide I-131,Desoxycholic_acid,GRAS_IIG,0.34
Sodium acetate,Deoxycholic Acid,APPROVED_DRUGBANK,0.34
Sodium acetate,Desoxycholic_acid,GRAS_IIG,0.34
Sodium fluoride,Deoxycholic Acid,APPROVED_DRUGBANK,0.34
Sodium fluoride,Desoxycholic_acid,GRAS_IIG,0.34
Sucroferric Oxyhydroxide,SODIUM_DESOXYCHOLATE,GRAS_IIG,0.34
Tasosartan,Glycocholic_acid,GRAS_IIG,0.34
Technetium Tc-99m sodium pertechnetate,Taurocholic_acid,GRAS_IIG,0.34
Testosterone,Carotene_(beta-carotene),GRAS_IIG,0.34
Tiagabine,Glycocholic_acid,GRAS_IIG,0.34
Tioconazole,Pantoprazole,APPROVED_DRUGBANK,0.34
Tolterodine,Azilsartan medoxomil,APPROVED_DRUGBANK,0.34
Trypan blue,Azilsartan medoxomil,APPROVED_DRUGBANK,0.34
Trypan blue,Carotene_(beta-carotene),GRAS_IIG,0.34
Umeclidinium,Vitamin_A_acetate,GRAS_IIG,0.34
Vemurafenib,Azilsartan medoxomil,APPROVED_DRUGBANK,0.34
Vilazodone,Candesartan,APPROVED_DRUGBANK,0.34
Zinc,Deoxycholic Acid,APPROVED_DRUGBANK,0.34
Zinc,Desoxycholic_acid,GRAS_IIG,0.34
Ziprasidone,Vitamin_A_palmitate,GRAS_IIG,0.34
Acetyldigitoxin,Indomethacin,APPROVED_DRUGBANK,0.338
Adefovir Dipivoxil,Azilsartan medoxomil,APPROVED_DRUGBANK,0.338
Atovaquone,DIETHYL_PHTHALATE,GRAS_IIG,0.338
Azathioprine,Vitamin_A_acetate,GRAS_IIG,0.338
Balsalazide,SODIUM_DESOXYCHOLATE,GRAS_IIG,0.338
Bentoquatam,Carotene_(beta-carotene),GRAS_IIG,0.338
Bepridil,SODIUM_DESOXYCHOLATE,GRAS_IIG,0.338
Bepridil,Vitamin_A_acetate,GRAS_IIG,0.338
Bosentan,Vitamin_A_palmitate,GRAS_IIG,0.338
Buprenorphine,Indomethacin,APPROVED_DRUGBANK,0.338
Calcipotriol,Azilsartan medoxomil,APPROVED_DRUGBANK,0.338
Calcium Acetate,Deoxycholic Acid,APPROVED_DRUGBANK,0.338
Calcium Acetate,Desoxycholic_acid,GRAS_IIG,0.338
Carbachol,Vitamin_A_acetate,GRAS_IIG,0.338
Carbamazepine,SODIUM_DESOXYCHOLATE,GRAS_IIG,0.338
Caspofungin,Candesartan,APPROVED_DRUGBANK,0.338
Cetrorelix,Vitamin_A_palmitate,GRAS_IIG,0.338
Ciclesonide,Azilsartan medoxomil,APPROVED_DRUGBANK,0.338
Clotrimazole,Taurocholic_acid,GRAS_IIG,0.338
Colistimethate,Candesartan,APPROVED_DRUGBANK,0.338
Conjugated Estrogens,Vitamin A,APPROVED_DRUGBANK,0.338
Conjugated Estrogens,Vitamin_A,GRAS_IIG,0.338
Copper,Deoxycholic Acid,APPROVED_DRUGBANK,0.338
Copper,Desoxycholic_acid,GRAS_IIG,0.338
Cyproheptadine,Azilsartan medoxomil,APPROVED_DRUGBANK,0.338
Cyproterone acetate,SODIUM_DESOXYCHOLATE,GRAS_IIG,0.338
Danazol,Glycocholic_acid,GRAS_IIG,0.338
Darunavir,Candesartan,APPROVED_DRUGBANK,0.338
Dasatinib,Glycocholic_acid,GRAS_IIG,0.338
Daunorubicin,Vitamin_A_palmitate,GRAS_IIG,0.338
Deferasirox,Azilsartan medoxomil,APPROVED_DRUGBANK,0.338
Desloratadine,Deoxycholic Acid,APPROVED_DRUGBANK,0.338
Desloratadine,Desoxycholic_acid,GRAS_IIG,0.338
Diclofenac,Tannic_acid_(hydrolyzable_gallotannins),GRAS_IIG,0.338
Dihomo-gamma-linolenic acid,Taurocholic_acid,GRAS_IIG,0.338
Diphemanil Methylsulfate,Vitamin_A_acetate,GRAS_IIG,0.338
Dipotassium phosphate,Taurocholic_acid,GRAS_IIG,0.338
Disodium phosphate,Taurocholic_acid,GRAS_IIG,0.338
Doxorubicin,Vitamin_A_palmitate,GRAS_IIG,0.338
Dronabinol,SODIUM_DESOXYCHOLATE,GRAS_IIG,0.338
Duloxetine,SODIUM_DESOXYCHOLATE,GRAS_IIG,0.338
Epirubicin,Vitamin_A_palmitate,GRAS_IIG,0.338
Equilin,Deoxycholic Acid,APPROVED_DRUGBANK,0.338
Equilin,Desoxycholic_acid,GRAS_IIG,0.338
Etravirine,Xanthophyll,APPROVED_DRUGBANK,0.338
Fimasartan,Azilsartan medoxomil,APPROVED_DRUGBANK,0.338
Fluorescein,Azilsartan medoxomil,APPROVED_DRUGBANK,0.338
Gliquidone,Candesartan,APPROVED_DRUGBANK,0.338
Halazepam,Azilsartan medoxomil,APPROVED_DRUGBANK,0.338
Halazepam,Tannic_acid_(hydrolyzable_gallotannins),GRAS_IIG,0.338
Hydroxyprogesterone caproate,Vitamin_A_acetate,GRAS_IIG,0.338
Hydroxystilbamidine Isethionate,SODIUM_DESOXYCHOLATE,GRAS_IIG,0.338
Inulin,Vitamin_A_acetate,GRAS_IIG,0.338
Iopromide,SODIUM_DESOXYCHOLATE,GRAS_IIG,0.338
Irinotecan,Vitamin_A_palmitate,GRAS_IIG,0.338
Isoconazole,Esomeprazole,APPROVED_DRUGBANK,0.338
Lanreotide,Indomethacin,APPROVED_DRUGBANK,0.338
Lansoprazole,Azilsartan medoxomil,APPROVED_DRUGBANK,0.338
Lindane,Deoxycholic Acid,APPROVED_DRUGBANK,0.338
Lindane,Desoxycholic_acid,GRAS_IIG,0.338
Magnesium hydroxide,Deoxycholic Acid,APPROVED_DRUGBANK,0.338
Magnesium hydroxide,Desoxycholic_acid,GRAS_IIG,0.338
Minocycline,Azilsartan medoxomil,APPROVED_DRUGBANK,0.338
Nabilone,Taurocholic_acid,GRAS_IIG,0.338
Nelfinavir,AMINOBENZOATE_SODIUM,GRAS_IIG,0.338
Nelfinavir,Acetrizoic acid,APPROVED_DRUGBANK,0.338
Nelfinavir,Aminohippuric acid,APPROVED_DRUGBANK,0.338
Nelfinavir,COPOVIDONE,GRAS_IIG,0.338
Nelfinavir,Carmustine,APPROVED_DRUGBANK,0.338
Nelfinavir,Eprazinone,APPROVED_DRUGBANK,0.338
Nelfinavir,Metaraminol,APPROVED_DRUGBANK,0.338
Nelfinavir,Proflavine,APPROVED_DRUGBANK,0.338
Nelfinavir,Tadalafil,APPROVED_DRUGBANK,0.338
Nelfinavir,Thiamine_mononitrate,GRAS_IIG,0.338
Nelfinavir,Trimetazidine,APPROVED_DRUGBANK,0.338
Nelfinavir,Verapamil,APPROVED_DRUGBANK,0.338
Oleic Acid,Taurocholic_acid,GRAS_IIG,0.338
Ombitasvir,Azilsartan medoxomil,APPROVED_DRUGBANK,0.338
Pancuronium,Azilsartan medoxomil,APPROVED_DRUGBANK,0.338
Ponatinib,Vitamin_A_palmitate,GRAS_IIG,0.338
Potassium Iodide,Deoxycholic Acid,APPROVED_DRUGBANK,0.338
Potassium Iodide,Desoxycholic_acid,GRAS_IIG,0.338
Pyrvinium,Azilsartan medoxomil,APPROVED_DRUGBANK,0.338
Ribostamycin,Vitamin_A_acetate,GRAS_IIG,0.338
Sugammadex,Azilsartan medoxomil,APPROVED_DRUGBANK,0.338
Technetium Tc-99m sestamibi,Vitamin A,APPROVED_DRUGBANK,0.338
Technetium Tc-99m sestamibi,Vitamin_A,GRAS_IIG,0.338
Temsirolimus,Vitamin_A_acetate,GRAS_IIG,0.338
Tetrahydrofolic acid,Vitamin_A_palmitate,GRAS_IIG,0.338
Thioridazine,Vitamin_A_palmitate,GRAS_IIG,0.338
Tioconazole,Esomeprazole,APPROVED_DRUGBANK,0.338
Trazodone,SODIUM_DESOXYCHOLATE,GRAS_IIG,0.338
Triprolidine,Vitamin_A_acetate,GRAS_IIG,0.338
Vitamin A,Deoxycholic Acid,APPROVED_DRUGBANK,0.338
Vitamin A,Desoxycholic_acid,GRAS_IIG,0.338
Zaltoprofen,Glycocholic_acid,GRAS_IIG,0.338
Acetrizoic acid,Taurocholic_acid,GRAS_IIG,0.336
Allylestrenol,Taurocholic_acid,GRAS_IIG,0.336
Almitrine,Azilsartan medoxomil,APPROVED_DRUGBANK,0.336
Almitrine,Vitamin_A_acetate,GRAS_IIG,0.336
Amiloride,Taurocholic_acid,GRAS_IIG,0.336
Amitriptyline,Vitamin_A_acetate,GRAS_IIG,0.336
Amsacrine,Azilsartan medoxomil,APPROVED_DRUGBANK,0.336
Aprindine,Vitamin_A_acetate,GRAS_IIG,0.336
Atovaquone,Vitamin_A_acetate,GRAS_IIG,0.336
Atracurium besylate,Indomethacin,APPROVED_DRUGBANK,0.336
Bendamustine,Deoxycholic Acid,APPROVED_DRUGBANK,0.336
Bendamustine,Desoxycholic_acid,GRAS_IIG,0.336
Benzphetamine,Taurocholic_acid,GRAS_IIG,0.336
Benzthiazide,SODIUM_DESOXYCHOLATE,GRAS_IIG,0.336
Boceprevir,SODIUM_DESOXYCHOLATE,GRAS_IIG,0.336
Buprenorphine,SODIUM_DESOXYCHOLATE,GRAS_IIG,0.336
Butenafine,Taurocholic_acid,GRAS_IIG,0.336
Cabergoline,Vitamin_A_acetate,GRAS_IIG,0.336
Calcium carbonate,Taurocholic_acid,GRAS_IIG,0.336
Capsaicin,Azilsartan medoxomil,APPROVED_DRUGBANK,0.336
Carbamazepine,Tannic_acid_(hydrolyzable_gallotannins),GRAS_IIG,0.336
Cefonicid,Indomethacin,APPROVED_DRUGBANK,0.336
Cinacalcet,Deoxycholic Acid,APPROVED_DRUGBANK,0.336
Cinacalcet,Desoxycholic_acid,GRAS_IIG,0.336
Cisatracurium besylate,Indomethacin,APPROVED_DRUGBANK,0.336
Conjugated Estrogens,Alitretinoin,APPROVED_DRUGBANK,0.336
Conjugated Estrogens,Isotretinoin,APPROVED_DRUGBANK,0.336
Conjugated Estrogens,Tretinoin,APPROVED_DRUGBANK,0.336
Dalfopristin,Vitamin_A_acetate,GRAS_IIG,0.336
Diethylstilbestrol,Taurocholic_acid,GRAS_IIG,0.336
Dihydrotachysterol,Taurocholic_acid,GRAS_IIG,0.336
Dinoprost Tromethamine,Vitamin_A_acetate,GRAS_IIG,0.336
Diphemanil Methylsulfate,Azilsartan medoxomil,APPROVED_DRUGBANK,0.336
Diphenidol,Vitamin_A_acetate,GRAS_IIG,0.336
Dronedarone,Candesartan,APPROVED_DRUGBANK,0.336
Drostanolone,Carotene_(beta-carotene),GRAS_IIG,0.336
Econazole,Flubendazole,APPROVED_DRUGBANK,0.336
Edoxaban,Azilsartan medoxomil,APPROVED_DRUGBANK,0.336
Ergocalciferol,Azilsartan medoxomil,APPROVED_DRUGBANK,0.336
Ethanolamine Oleate,Azilsartan medoxomil,APPROVED_DRUGBANK,0.336
Ethynodiol diacetate,Taurocholic_acid,GRAS_IIG,0.336
Ezetimibe,Azilsartan medoxomil,APPROVED_DRUGBANK,0.336
Ferric Citrate,Vitamin A,APPROVED_DRUGBANK,0.336
Ferric Citrate,Vitamin_A,GRAS_IIG,0.336
Ferric pyrophosphate,Carotene_(beta-carotene),GRAS_IIG,0.336
Ferric pyrophosphate,Vitamin A,APPROVED_DRUGBANK,0.336
Ferric pyrophosphate,Vitamin_A,GRAS_IIG,0.336
Florbetaben (18F),Glycocholic_acid,GRAS_IIG,0.336
Florbetapir (18F),Deoxycholic Acid,APPROVED_DRUGBANK,0.336
Florbetapir (18F),Desoxycholic_acid,GRAS_IIG,0.336
Fluorometholone,SODIUM_DESOXYCHOLATE,GRAS_IIG,0.336
Flutemetamol (18F),Vitamin_A_acetate,GRAS_IIG,0.336
Fosamprenavir,Indomethacin,APPROVED_DRUGBANK,0.336
Gadoversetamide,Vitamin_A_acetate,GRAS_IIG,0.336
Iloprost,Azilsartan medoxomil,APPROVED_DRUGBANK,0.336
Iodipamide,Taurocholic_acid,GRAS_IIG,0.336
Iopromide,Vitamin_A_acetate,GRAS_IIG,0.336
Ioversol,Vitamin_A_acetate,GRAS_IIG,0.336
Ioxilan,Deoxycholic Acid,APPROVED_DRUGBANK,0.336
Ioxilan,Desoxycholic_acid,GRAS_IIG,0.336
Isoaminile,Azilsartan medoxomil,APPROVED_DRUGBANK,0.336
Ivacaftor,Azilsartan medoxomil,APPROVED_DRUGBANK,0.336
Kanamycin,SODIUM_DESOXYCHOLATE,GRAS_IIG,0.336
Levonorgestrel,Azilsartan medoxomil,APPROVED_DRUGBANK,0.336
Lorazepam,Azilsartan medoxomil,APPROVED_DRUGBANK,0.336
Mangafodipir,Carotene_(beta-carotene),GRAS_IIG,0.336
Megestrol acetate,SODIUM_DESOXYCHOLATE,GRAS_IIG,0.336
Methotrimeprazine,Tannic_acid_(hydrolyzable_gallotannins),GRAS_IIG,0.336
Mifepristone,SODIUM_DESOXYCHOLATE,GRAS_IIG,0.336
Minocycline,Glycocholic_acid,GRAS_IIG,0.336
Monopotassium phosphate,Vitamin A,APPROVED_DRUGBANK,0.336
Monopotassium phosphate,Vitamin_A,GRAS_IIG,0.336
Montelukast,Azilsartan medoxomil,APPROVED_DRUGBANK,0.336
Nelfinavir,Alizapride,APPROVED_DRUGBANK,0.336
Nelfinavir,Bacampicillin,APPROVED_DRUGBANK,0.336
Nelfinavir,Benzatropine,APPROVED_DRUGBANK,0.336
Nelfinavir,Calcium_phosphate_monobasic,GRAS_IIG,0.336
Nelfinavir,Chlorhexidine,APPROVED_DRUGBANK,0.336
Nelfinavir,Chloroxine,APPROVED_DRUGBANK,0.336
Nelfinavir,ENTSUFON,GRAS_IIG,0.336
Nelfinavir,ENTSUFON_SODIUM,GRAS_IIG,0.336
Nelfinavir,Exemestane,APPROVED_DRUGBANK,0.336
Nelfinavir,Fenoterol,APPROVED_DRUGBANK,0.336
Nelfinavir,Ferric_phosphate,GRAS_IIG,0.336
Nelfinavir,Fosaprepitant,APPROVED_DRUGBANK,0.336
Nelfinavir,Quinapril,APPROVED_DRUGBANK,0.336
Nelfinavir,"SODIUM_PHOSPHATE,_TRIBASIC,_ANHYDROUS",GRAS_IIG,0.336
Nelfinavir,"Sodium_aluminum_phosphate,_basic",GRAS_IIG,0.336
Nelfinavir,Tripelennamine,APPROVED_DRUGBANK,0.336
Nilotinib,Azilsartan medoxomil,APPROVED_DRUGBANK,0.336
Nonoxynol-9,Glycocholic_acid,GRAS_IIG,0.336
Norelgestromin,Vitamin_A_acetate,GRAS_IIG,0.336
Oxymetholone,Taurocholic_acid,GRAS_IIG,0.336
Pamidronate,Vitamin A,APPROVED_DRUGBANK,0.336
Pamidronate,Vitamin_A,GRAS_IIG,0.336
Perampanel,Azilsartan medoxomil,APPROVED_DRUGBANK,0.336
Phenindamine,SODIUM_DESOXYCHOLATE,GRAS_IIG,0.336
Pipecuronium,Vitamin_A_acetate,GRAS_IIG,0.336
Porfimer,Azilsartan medoxomil,APPROVED_DRUGBANK,0.336
Potassium Citrate,Vitamin A,APPROVED_DRUGBANK,0.336
Potassium Citrate,Vitamin_A,GRAS_IIG,0.336
Prasugrel,SODIUM_DESOXYCHOLATE,GRAS_IIG,0.336
Quinestrol,Carotene_(beta-carotene),GRAS_IIG,0.336
Rifaximin,Indomethacin,APPROVED_DRUGBANK,0.336
Ruxolitinib,Vitamin_A_acetate,GRAS_IIG,0.336
Sodium Citrate,Vitamin A,APPROVED_DRUGBANK,0.336
Sodium Citrate,Vitamin_A,GRAS_IIG,0.336
Sodium Nitrite,Taurocholic_acid,GRAS_IIG,0.336
Sodium lauryl sulfate,SODIUM_DESOXYCHOLATE,GRAS_IIG,0.336
Sucralfate,Azilsartan medoxomil,APPROVED_DRUGBANK,0.336
Sugammadex,SODIUM_DESOXYCHOLATE,GRAS_IIG,0.336
Technetium Tc-99m sestamibi,Taurocholic_acid,GRAS_IIG,0.336
Technetium Tc-99m sodium pertechnetate,Deoxycholic Acid,APPROVED_DRUGBANK,0.336
Technetium Tc-99m sodium pertechnetate,Desoxycholic_acid,GRAS_IIG,0.336
Tegafur-uracil,Azilsartan medoxomil,APPROVED_DRUGBANK,0.336
Tetracycline,Glycocholic_acid,GRAS_IIG,0.336
Thimerosal,Vitamin_A_acetate,GRAS_IIG,0.336
Trisodium citrate dihydrate,Vitamin A,APPROVED_DRUGBANK,0.336
Trisodium citrate dihydrate,Vitamin_A,GRAS_IIG,0.336
Ulipristal,Vitamin_A_acetate,GRAS_IIG,0.336
Verteporfin,SODIUM_DESOXYCHOLATE,GRAS_IIG,0.336
Zotepine,Vitamin_A_palmitate,GRAS_IIG,0.336
Zucapsaicin,Azilsartan medoxomil,APPROVED_DRUGBANK,0.336
Acetrizoic acid,Deoxycholic Acid,APPROVED_DRUGBANK,0.334
Acetrizoic acid,Desoxycholic_acid,GRAS_IIG,0.334
Aluminium,Deoxycholic Acid,APPROVED_DRUGBANK,0.334
Aluminium,Desoxycholic_acid,GRAS_IIG,0.334
Ammonium lactate,Taurocholic_acid,GRAS_IIG,0.334
Anagrelide,Vitamin_A_acetate,GRAS_IIG,0.334
Atovaquone,Irinotecan,APPROVED_DRUGBANK,0.334
Atovaquone,Valrubicin,APPROVED_DRUGBANK,0.334
Avobenzone,SODIUM_DESOXYCHOLATE,GRAS_IIG,0.334
Bazedoxifene,Glycocholic_acid,GRAS_IIG,0.334
Bifonazole,SODIUM_DESOXYCHOLATE,GRAS_IIG,0.334
Butenafine,Azilsartan medoxomil,APPROVED_DRUGBANK,0.334
Cannabidiol,Azilsartan medoxomil,APPROVED_DRUGBANK,0.334
Carprofen,Taurocholic_acid,GRAS_IIG,0.334
Citalopram,Vitamin_A_acetate,GRAS_IIG,0.334
Clevidipine,Glycocholic_acid,GRAS_IIG,0.334
Clopidogrel,Azilsartan medoxomil,APPROVED_DRUGBANK,0.334
Colestipol,SODIUM_DESOXYCHOLATE,GRAS_IIG,0.334
Conjugated Estrogens,Taurocholic_acid,GRAS_IIG,0.334
Dapiprazole,Azilsartan medoxomil,APPROVED_DRUGBANK,0.334
Dextropropoxyphene,Taurocholic_acid,GRAS_IIG,0.334
Dextrothyroxine,Azilsartan medoxomil,APPROVED_DRUGBANK,0.334
Dimetotiazine,Vitamin_A_palmitate,GRAS_IIG,0.334
Drostanolone,Tannic_acid_(hydrolyzable_gallotannins),GRAS_IIG,0.334
Eplerenone,Glycocholic_acid,GRAS_IIG,0.334
Eprazinone,Azilsartan medoxomil,APPROVED_DRUGBANK,0.334
Escitalopram,Vitamin_A_acetate,GRAS_IIG,0.334
Estazolam,Taurocholic_acid,GRAS_IIG,0.334
Etacrynic acid,Vitamin_A_acetate,GRAS_IIG,0.334
Famotidine,Glycocholic_acid,GRAS_IIG,0.334
Famotidine,SODIUM_DESOXYCHOLATE,GRAS_IIG,0.334
Felodipine,SODIUM_DESOXYCHOLATE,GRAS_IIG,0.334
Fenofibrate,Taurocholic_acid,GRAS_IIG,0.334
Framycetin,Azilsartan medoxomil,APPROVED_DRUGBANK,0.334
Glutathione,SODIUM_DESOXYCHOLATE,GRAS_IIG,0.334
Hexachlorophene,Tannic_acid_(hydrolyzable_gallotannins),GRAS_IIG,0.334
Indacaterol,Azilsartan medoxomil,APPROVED_DRUGBANK,0.334
Indacaterol,Glycocholic_acid,GRAS_IIG,0.334
Indacaterol,SODIUM_DESOXYCHOLATE,GRAS_IIG,0.334
Iohexol,Deoxycholic Acid,APPROVED_DRUGBANK,0.334
Iohexol,Desoxycholic_acid,GRAS_IIG,0.334
Iopanoic acid,Azilsartan medoxomil,APPROVED_DRUGBANK,0.334
Isoconazole,Desonide,APPROVED_DRUGBANK,0.334
Isosulfan blue,Vitamin_A_acetate,GRAS_IIG,0.334
Lercanidipine,Glycocholic_acid,GRAS_IIG,0.334
Levopropoxyphene,Taurocholic_acid,GRAS_IIG,0.334
Levothyroxine,Azilsartan medoxomil,APPROVED_DRUGBANK,0.334
Miconazole,Esomeprazole,APPROVED_DRUGBANK,0.334
Miltefosine,Azilsartan medoxomil,APPROVED_DRUGBANK,0.334
Mitoxantrone,Azilsartan medoxomil,APPROVED_DRUGBANK,0.334
Mivacurium,Vitamin_A_palmitate,GRAS_IIG,0.334
Monopotassium phosphate,Taurocholic_acid,GRAS_IIG,0.334
Nelfinavir,ACID_ORANGE_20,GRAS_IIG,0.334
Nelfinavir,BENZENESULFONIC_ACID,GRAS_IIG,0.334
Nelfinavir,Cefaclor,APPROVED_DRUGBANK,0.334
Nelfinavir,D&C_GREEN_NO._5,GRAS_IIG,0.334
Nelfinavir,Diazoxide,APPROVED_DRUGBANK,0.334
Nelfinavir,Hexocyclium,APPROVED_DRUGBANK,0.334
Nelfinavir,Lenalidomide,APPROVED_DRUGBANK,0.334
Nelfinavir,Linezolid,APPROVED_DRUGBANK,0.334
Nelfinavir,Lodoxamide,APPROVED_DRUGBANK,0.334
Nelfinavir,Lorpiprazole,APPROVED_DRUGBANK,0.334
Nelfinavir,Methotrimeprazine,APPROVED_DRUGBANK,0.334
Nelfinavir,Metoclopramide,APPROVED_DRUGBANK,0.334
Nelfinavir,Nilotinib,APPROVED_DRUGBANK,0.334
Nelfinavir,Potassium_phosphate_tribasic,GRAS_IIG,0.334
Nelfinavir,Rizatriptan,APPROVED_DRUGBANK,0.334
Nelfinavir,THYMOL,GRAS_IIG,0.334
Nelfinavir,Tetryzoline,APPROVED_DRUGBANK,0.334
Nelfinavir,Thymol,APPROVED_DRUGBANK,0.334
Nelfinavir,Toloxatone,APPROVED_DRUGBANK,0.334
Nelfinavir,Vemurafenib,APPROVED_DRUGBANK,0.334
Neomycin,Azilsartan medoxomil,APPROVED_DRUGBANK,0.334
Paricalcitol,Taurocholic_acid,GRAS_IIG,0.334
Pentosan Polysulfate,Vitamin_A_acetate,GRAS_IIG,0.334
Pipecuronium,SODIUM_DESOXYCHOLATE,GRAS_IIG,0.334
Polythiazide,Taurocholic_acid,GRAS_IIG,0.334
Potassium alum,Vitamin A,APPROVED_DRUGBANK,0.334
Potassium alum,Vitamin_A,GRAS_IIG,0.334
Prazepam,Taurocholic_acid,GRAS_IIG,0.334
Protirelin,Vitamin_A_acetate,GRAS_IIG,0.334
Protriptyline,Deoxycholic Acid,APPROVED_DRUGBANK,0.334
Protriptyline,Desoxycholic_acid,GRAS_IIG,0.334
Riboflavin,SODIUM_DESOXYCHOLATE,GRAS_IIG,0.334
Riboflavin,Vitamin_A_acetate,GRAS_IIG,0.334
Sertaconazole,Esomeprazole,APPROVED_DRUGBANK,0.334
Sertraline,Vitamin_A_acetate,GRAS_IIG,0.334
Sodium Nitrite,Deoxycholic Acid,APPROVED_DRUGBANK,0.334
Sodium Nitrite,Desoxycholic_acid,GRAS_IIG,0.334
Sodium lauryl sulfate,Azilsartan medoxomil,APPROVED_DRUGBANK,0.334
Sodium sulfate,Vitamin A,APPROVED_DRUGBANK,0.334
Sodium sulfate,Vitamin_A,GRAS_IIG,0.334
Strontium ranelate,Azilsartan medoxomil,APPROVED_DRUGBANK,0.334
Technetium Tc-99m sodium pertechnetate,Vitamin A,APPROVED_DRUGBANK,0.334
Technetium Tc-99m sodium pertechnetate,Vitamin_A,GRAS_IIG,0.334
Telithromycin,Candesartan,APPROVED_DRUGBANK,0.334
Tetrahydrofolic acid,Azilsartan medoxomil,APPROVED_DRUGBANK,0.334
Tigecycline,Glycocholic_acid,GRAS_IIG,0.334
Tolvaptan,Taurocholic_acid,GRAS_IIG,0.334
Trypan blue,SODIUM_DESOXYCHOLATE,GRAS_IIG,0.334
Tubocurarine,Indomethacin,APPROVED_DRUGBANK,0.334
Umeclidinium,Glycocholic_acid,GRAS_IIG,0.334
Xenon-133,Deoxycholic Acid,APPROVED_DRUGBANK,0.334
Xenon-133,Desoxycholic_acid,GRAS_IIG,0.334
Zaltoprofen,Azilsartan medoxomil,APPROVED_DRUGBANK,0.334
Zinc sulfate,Vitamin A,APPROVED_DRUGBANK,0.334
Zinc sulfate,Vitamin_A,GRAS_IIG,0.334
Abiraterone,Taurocholic_acid,GRAS_IIG,0.332
Acitretin,Azilsartan medoxomil,APPROVED_DRUGBANK,0.332
Adefovir Dipivoxil,SODIUM_DESOXYCHOLATE,GRAS_IIG,0.332
Alendronic acid,Deoxycholic Acid,APPROVED_DRUGBANK,0.332
Alendronic acid,Desoxycholic_acid,GRAS_IIG,0.332
Alprazolam,Azilsartan medoxomil,APPROVED_DRUGBANK,0.332
Amitriptyline,Taurocholic_acid,GRAS_IIG,0.332
Amoxapine,Taurocholic_acid,GRAS_IIG,0.332
Anidulafungin,Vitamin_A_palmitate,GRAS_IIG,0.332
Atracurium besylate,Candesartan,APPROVED_DRUGBANK,0.332
Azelnidipine,Azilsartan medoxomil,APPROVED_DRUGBANK,0.332
Boceprevir,Vitamin_A_acetate,GRAS_IIG,0.332
Buprenorphine,Glycocholic_acid,GRAS_IIG,0.332
Calcium carbimide,Vitamin A,APPROVED_DRUGBANK,0.332
Calcium carbimide,Vitamin_A,GRAS_IIG,0.332
Carbetocin,Candesartan,APPROVED_DRUGBANK,0.332
Carbidopa,Deoxycholic Acid,APPROVED_DRUGBANK,0.332
Carbidopa,Desoxycholic_acid,GRAS_IIG,0.332
Carboplatin,SODIUM_DESOXYCHOLATE,GRAS_IIG,0.332
Cefamandole,Vitamin_A_palmitate,GRAS_IIG,0.332
Cefpodoxime,Azilsartan medoxomil,APPROVED_DRUGBANK,0.332
Chlorothiazide,Deoxycholic Acid,APPROVED_DRUGBANK,0.332
Chlorothiazide,Desoxycholic_acid,GRAS_IIG,0.332
Cholic Acid,Deoxycholic Acid,APPROVED_DRUGBANK,0.332
Cholic Acid,Desoxycholic_acid,GRAS_IIG,0.332
Cinnarizine,Vitamin_A_acetate,GRAS_IIG,0.332
Cisatracurium besylate,Candesartan,APPROVED_DRUGBANK,0.332
Citalopram,Deoxycholic Acid,APPROVED_DRUGBANK,0.332
Citalopram,Desoxycholic_acid,GRAS_IIG,0.332
Clemastine,Azilsartan medoxomil,APPROVED_DRUGBANK,0.332
Copper,Vitamin A,APPROVED_DRUGBANK,0.332
Copper,Vitamin_A,GRAS_IIG,0.332
Crizotinib,SODIUM_DESOXYCHOLATE,GRAS_IIG,0.332
Dabigatran etexilate,Vitamin_A_palmitate,GRAS_IIG,0.332
Dactinomycin,Candesartan,APPROVED_DRUGBANK,0.332
Dasabuvir,Azilsartan medoxomil,APPROVED_DRUGBANK,0.332
Dimetindene,SODIUM_DESOXYCHOLATE,GRAS_IIG,0.332
Disulfiram,Taurocholic_acid,GRAS_IIG,0.332
Docosanol,Vitamin A,APPROVED_DRUGBANK,0.332
Docosanol,Vitamin_A,GRAS_IIG,0.332
Dronedarone,SODIUM_DESOXYCHOLATE,GRAS_IIG,0.332
Econazole,Folic Acid,APPROVED_DRUGBANK,0.332
Eletriptan,Azilsartan medoxomil,APPROVED_DRUGBANK,0.332
Ergocalciferol,Taurocholic_acid,GRAS_IIG,0.332
Escitalopram,Deoxycholic Acid,APPROVED_DRUGBANK,0.332
Escitalopram,Desoxycholic_acid,GRAS_IIG,0.332
Estazolam,Azilsartan medoxomil,APPROVED_DRUGBANK,0.332
Etonogestrel,Carotene_(beta-carotene),GRAS_IIG,0.332
Fexofenadine,Azilsartan medoxomil,APPROVED_DRUGBANK,0.332
Fexofenadine,Glycocholic_acid,GRAS_IIG,0.332
Fosinopril,Indomethacin,APPROVED_DRUGBANK,0.332
Framycetin,Vitamin_A_acetate,GRAS_IIG,0.332
Gadoteric acid,Azilsartan medoxomil,APPROVED_DRUGBANK,0.332
Gallium nitrate,Taurocholic_acid,GRAS_IIG,0.332
Goserelin,Candesartan,APPROVED_DRUGBANK,0.332
Halazepam,SODIUM_DESOXYCHOLATE,GRAS_IIG,0.332
Helium,Vitamin A,APPROVED_DRUGBANK,0.332
Helium,Vitamin_A,GRAS_IIG,0.332
Homatropine Methylbromide,Azilsartan medoxomil,APPROVED_DRUGBANK,0.332
Iodipamide,Deoxycholic Acid,APPROVED_DRUGBANK,0.332
Iodipamide,Desoxycholic_acid,GRAS_IIG,0.332
Ipratropium bromide,Glycocholic_acid,GRAS_IIG,0.332
Irinotecan,Indomethacin,APPROVED_DRUGBANK,0.332
Iron,Vitamin A,APPROVED_DRUGBANK,0.332
Iron,Vitamin_A,GRAS_IIG,0.332
Isavuconazonium,Azilsartan medoxomil,APPROVED_DRUGBANK,0.332
Isavuconazonium,SODIUM_DESOXYCHOLATE,GRAS_IIG,0.332
Levonordefrin,Vitamin A,APPROVED_DRUGBANK,0.332
Levonordefrin,Vitamin_A,GRAS_IIG,0.332
Levonorgestrel,Glycocholic_acid,GRAS_IIG,0.332
Lithium,Vitamin A,APPROVED_DRUGBANK,0.332
Lithium,Vitamin_A,GRAS_IIG,0.332
Lumiracoxib,Azilsartan medoxomil,APPROVED_DRUGBANK,0.332
Manganese,Vitamin A,APPROVED_DRUGBANK,0.332
Manganese,Vitamin_A,GRAS_IIG,0.332
Mesna,Taurocholic_acid,GRAS_IIG,0.332
Methotrexate,Azilsartan medoxomil,APPROVED_DRUGBANK,0.332
Metrizamide,Vitamin_A_acetate,GRAS_IIG,0.332
Nelfinavir,Azlocillin,APPROVED_DRUGBANK,0.332
Nelfinavir,Chloramphenicol,APPROVED_DRUGBANK,0.332
Nelfinavir,Clenbuterol,APPROVED_DRUGBANK,0.332
Nelfinavir,D&C_RED_NO._6_BARIUM_LAKE,GRAS_IIG,0.332
Nelfinavir,D&C_RED_NO._7,GRAS_IIG,0.332
Nelfinavir,Delavirdine,APPROVED_DRUGBANK,0.332
Nelfinavir,Encainide,APPROVED_DRUGBANK,0.332
Nelfinavir,Fluphenazine,APPROVED_DRUGBANK,0.332
Nelfinavir,Fospropofol,APPROVED_DRUGBANK,0.332
Nelfinavir,Guanethidine,APPROVED_DRUGBANK,0.332
Nelfinavir,"Magnesium_phosphate,_tribasic",GRAS_IIG,0.332
Nelfinavir,Mesalazine,APPROVED_DRUGBANK,0.332
Nelfinavir,Miconazole,APPROVED_DRUGBANK,0.332
Nelfinavir,Minoxidil,APPROVED_DRUGBANK,0.332
Nelfinavir,OCTOXYNOL-9,GRAS_IIG,0.332
Nelfinavir,Oxitriptan,APPROVED_DRUGBANK,0.332
Nelfinavir,PHOSPHATE_ION,GRAS_IIG,0.332
Nelfinavir,Phentermine,APPROVED_DRUGBANK,0.332
Nelfinavir,Quinacrine,APPROVED_DRUGBANK,0.332
Nelfinavir,Sertraline,APPROVED_DRUGBANK,0.332
Nelfinavir,Sitagliptin,APPROVED_DRUGBANK,0.332
Nelfinavir,Trimethadione,APPROVED_DRUGBANK,0.332
Neomycin,Vitamin_A_acetate,GRAS_IIG,0.332
Nicergoline,Azilsartan medoxomil,APPROVED_DRUGBANK,0.332
Nonoxynol-9,Vitamin_A_acetate,GRAS_IIG,0.332
Oleic Acid,Deoxycholic Acid,APPROVED_DRUGBANK,0.332
Oleic Acid,Desoxycholic_acid,GRAS_IIG,0.332
Oxtriphylline,Vitamin_A_acetate,GRAS_IIG,0.332
Pamidronate,Taurocholic_acid,GRAS_IIG,0.332
Pantoprazole,Azilsartan medoxomil,APPROVED_DRUGBANK,0.332
Pantoprazole,Glycocholic_acid,GRAS_IIG,0.332
Paroxetine,Glycocholic_acid,GRAS_IIG,0.332
Pipazethate,Vitamin_A_palmitate,GRAS_IIG,0.332
Potassium alum,Deoxycholic Acid,APPROVED_DRUGBANK,0.332
Potassium alum,Desoxycholic_acid,GRAS_IIG,0.332
Procaine benzylpenicillin,Candesartan,APPROVED_DRUGBANK,0.332
Progesterone,Vitamin_A_acetate,GRAS_IIG,0.332
Prussian blue,Taurocholic_acid,GRAS_IIG,0.332
Reserpine,Vitamin_A_palmitate,GRAS_IIG,0.332
Risperidone,Candesartan,APPROVED_DRUGBANK,0.332
Sodium Iodide I-131,Vitamin A,APPROVED_DRUGBANK,0.332
Sodium Iodide I-131,Vitamin_A,GRAS_IIG,0.332
Sodium Nitrite,Vitamin A,APPROVED_DRUGBANK,0.332
Sodium Nitrite,Vitamin_A,GRAS_IIG,0.332
Sodium fluoride,Vitamin A,APPROVED_DRUGBANK,0.332
Sodium fluoride,Vitamin_A,GRAS_IIG,0.332
Sodium sulfate,Deoxycholic Acid,APPROVED_DRUGBANK,0.332
Sodium sulfate,Desoxycholic_acid,GRAS_IIG,0.332
Somatostatin,Candesartan,APPROVED_DRUGBANK,0.332
Strontium ranelate,Vitamin_A_acetate,GRAS_IIG,0.332
Sulfinpyrazone,Glycocholic_acid,GRAS_IIG,0.332
Sulfinpyrazone,SODIUM_DESOXYCHOLATE,GRAS_IIG,0.332
Sulindac,Azilsartan medoxomil,APPROVED_DRUGBANK,0.332
Tamibarotene,Azilsartan medoxomil,APPROVED_DRUGBANK,0.332
Technetium Tc 99m Oxidronate,Vitamin A,APPROVED_DRUGBANK,0.332
Technetium Tc 99m Oxidronate,Vitamin_A,GRAS_IIG,0.332
Technetium Tc-99m Medronate,Vitamin A,APPROVED_DRUGBANK,0.332
Technetium Tc-99m Medronate,Vitamin_A,GRAS_IIG,0.332
Testosterone,Vitamin A,APPROVED_DRUGBANK,0.332
Testosterone,Vitamin_A,GRAS_IIG,0.332
Ticlopidine,Taurocholic_acid,GRAS_IIG,0.332
Tizanidine,Deoxycholic Acid,APPROVED_DRUGBANK,0.332
Tizanidine,Desoxycholic_acid,GRAS_IIG,0.332
Trihexyphenidyl,Vitamin_A_acetate,GRAS_IIG,0.332
Vecuronium,Vitamin_A_acetate,GRAS_IIG,0.332
Viomycin,Azilsartan medoxomil,APPROVED_DRUGBANK,0.332
Xenon-133,Vitamin A,APPROVED_DRUGBANK,0.332
Xenon-133,Vitamin_A,GRAS_IIG,0.332
Ximelagatran,Azilsartan medoxomil,APPROVED_DRUGBANK,0.332
Zinc,Vitamin A,APPROVED_DRUGBANK,0.332
Zinc,Vitamin_A,GRAS_IIG,0.332
Zinc sulfate,Deoxycholic Acid,APPROVED_DRUGBANK,0.332
Zinc sulfate,Desoxycholic_acid,GRAS_IIG,0.332
Aluminium,Vitamin A,APPROVED_DRUGBANK,0.33
Aluminium,Vitamin_A,GRAS_IIG,0.33
Aluminum hydroxide,Vitamin A,APPROVED_DRUGBANK,0.33
Aluminum hydroxide,Vitamin_A,GRAS_IIG,0.33
Aminophylline,Azilsartan medoxomil,APPROVED_DRUGBANK,0.33
Ammonia N-13,Vitamin A,APPROVED_DRUGBANK,0.33
Ammonia N-13,Vitamin_A,GRAS_IIG,0.33
Amoxapine,SODIUM_DESOXYCHOLATE,GRAS_IIG,0.33
Aripiprazole,Vitamin_A_palmitate,GRAS_IIG,0.33
Atracurium besylate,Vitamin_A_palmitate,GRAS_IIG,0.33
Benzathine benzylpenicillin,Candesartan,APPROVED_DRUGBANK,0.33
Bifonazole,Azilsartan medoxomil,APPROVED_DRUGBANK,0.33
Bromocriptine,Vitamin_A_palmitate,GRAS_IIG,0.33
Bupivacaine,Losartan,APPROVED_DRUGBANK,0.33
Cabozantinib,Glycocholic_acid,GRAS_IIG,0.33
Calcium carbonate,Deoxycholic Acid,APPROVED_DRUGBANK,0.33
Calcium carbonate,Desoxycholic_acid,GRAS_IIG,0.33
Candoxatril,Azilsartan medoxomil,APPROVED_DRUGBANK,0.33
Carbamazepine,Vitamin_A_acetate,GRAS_IIG,0.33
Carboplatin,Glycocholic_acid,GRAS_IIG,0.33
Cefoperazone,Indomethacin,APPROVED_DRUGBANK,0.33
Cisatracurium besylate,Vitamin_A_palmitate,GRAS_IIG,0.33
Cloxazolam,Azilsartan medoxomil,APPROVED_DRUGBANK,0.33
Colistin,SODIUM_DESOXYCHOLATE,GRAS_IIG,0.33
Cyamemazine,Tannic_acid_(hydrolyzable_gallotannins),GRAS_IIG,0.33
Cyproheptadine,Vitamin_A_acetate,GRAS_IIG,0.33
Dactinomycin,Vitamin_A_palmitate,GRAS_IIG,0.33
Dalfopristin,Indomethacin,APPROVED_DRUGBANK,0.33
Danazol,Azilsartan medoxomil,APPROVED_DRUGBANK,0.33
Dapiprazole,SODIUM_DESOXYCHOLATE,GRAS_IIG,0.33
Deferoxamine,Azilsartan medoxomil,APPROVED_DRUGBANK,0.33
Deserpidine,Vitamin_A_palmitate,GRAS_IIG,0.33
Diazepam,Azilsartan medoxomil,APPROVED_DRUGBANK,0.33
Dipotassium phosphate,Deoxycholic Acid,APPROVED_DRUGBANK,0.33
Dipotassium phosphate,Desoxycholic_acid,GRAS_IIG,0.33
Dirithromycin,Candesartan,APPROVED_DRUGBANK,0.33
Disodium phosphate,Deoxycholic Acid,APPROVED_DRUGBANK,0.33
Disodium phosphate,Desoxycholic_acid,GRAS_IIG,0.33
Docosanol,Tannic_acid_(hydrolyzable_gallotannins),GRAS_IIG,0.33
Dosulepin,Taurocholic_acid,GRAS_IIG,0.33
Doxercalciferol,Azilsartan medoxomil,APPROVED_DRUGBANK,0.33
Eplerenone,Vitamin_A_acetate,GRAS_IIG,0.33
Fenethylline,Candesartan,APPROVED_DRUGBANK,0.33
Folic Acid,Azilsartan medoxomil,APPROVED_DRUGBANK,0.33
Forasartan,Azilsartan medoxomil,APPROVED_DRUGBANK,0.33
Fulvestrant,METANIL_YELLOW,GRAS_IIG,0.33
Gallamine Triethiodide,Vitamin_A_acetate,GRAS_IIG,0.33
Gallium nitrate,Deoxycholic Acid,APPROVED_DRUGBANK,0.33
Gallium nitrate,Desoxycholic_acid,GRAS_IIG,0.33
Gallium nitrate,Vitamin A,APPROVED_DRUGBANK,0.33
Gallium nitrate,Vitamin_A,GRAS_IIG,0.33
Glutathione,Glycocholic_acid,GRAS_IIG,0.33
Hyaluronic acid,Azilsartan medoxomil,APPROVED_DRUGBANK,0.33
Hydroxystilbamidine Isethionate,Vitamin_A_acetate,GRAS_IIG,0.33
Indinavir,Azilsartan medoxomil,APPROVED_DRUGBANK,0.33
Indinavir,SODIUM_DESOXYCHOLATE,GRAS_IIG,0.33
Iodixanol,Deoxycholic Acid,APPROVED_DRUGBANK,0.33
Iodixanol,Desoxycholic_acid,GRAS_IIG,0.33
Itraconazole,Vitamin_A_palmitate,GRAS_IIG,0.33
Ivermectin,Indomethacin,APPROVED_DRUGBANK,0.33
Lacidipine,Vitamin_A_acetate,GRAS_IIG,0.33
Lactulose,Azilsartan medoxomil,APPROVED_DRUGBANK,0.33
Levallorphan,Deoxycholic Acid,APPROVED_DRUGBANK,0.33
Levallorphan,Desoxycholic_acid,GRAS_IIG,0.33
Levobupivacaine,Losartan,APPROVED_DRUGBANK,0.33
Lodoxamide,Deoxycholic Acid,APPROVED_DRUGBANK,0.33
Lodoxamide,Desoxycholic_acid,GRAS_IIG,0.33
Lomitapide,Glycocholic_acid,GRAS_IIG,0.33
Lumiracoxib,SODIUM_DESOXYCHOLATE,GRAS_IIG,0.33
Magnesium Sulfate,Deoxycholic Acid,APPROVED_DRUGBANK,0.33
Magnesium Sulfate,Desoxycholic_acid,GRAS_IIG,0.33
Medrysone,Glycocholic_acid,GRAS_IIG,0.33
Methylscopolamine bromide,Azilsartan medoxomil,APPROVED_DRUGBANK,0.33
Miconazole,Desonide,APPROVED_DRUGBANK,0.33
Miconazole,Pantoprazole,APPROVED_DRUGBANK,0.33
Naloxegol,Glycocholic_acid,GRAS_IIG,0.33
Nandrolone phenpropionate,Azilsartan medoxomil,APPROVED_DRUGBANK,0.33
Nelfinavir,Elbasvir,APPROVED_DRUGBANK,0.33
Nelfinavir,Epinephrine,APPROVED_DRUGBANK,0.33
Nelfinavir,Ethinamate,APPROVED_DRUGBANK,0.33
Nelfinavir,Isothipendyl,APPROVED_DRUGBANK,0.33
Nelfinavir,Nitrofural,APPROVED_DRUGBANK,0.33
Nelfinavir,Pasireotide,APPROVED_DRUGBANK,0.33
Nelfinavir,Quazepam,APPROVED_DRUGBANK,0.33
Nelfinavir,Rimantadine,APPROVED_DRUGBANK,0.33
Nilotinib,Deoxycholic Acid,APPROVED_DRUGBANK,0.33
Nilotinib,Desoxycholic_acid,GRAS_IIG,0.33
Norgestimate,Azilsartan medoxomil,APPROVED_DRUGBANK,0.33
Octreotide,Indomethacin,APPROVED_DRUGBANK,0.33
Oxiconazole,SODIUM_DESOXYCHOLATE,GRAS_IIG,0.33
Oxytetracycline,Vitamin_A_acetate,GRAS_IIG,0.33
Paricalcitol,Vitamin A,APPROVED_DRUGBANK,0.33
Paricalcitol,Vitamin_A,GRAS_IIG,0.33
Paromomycin,Azilsartan medoxomil,APPROVED_DRUGBANK,0.33
Pazopanib,Azilsartan medoxomil,APPROVED_DRUGBANK,0.33
Podophyllin,Indomethacin,APPROVED_DRUGBANK,0.33
Polaprezinc,Azilsartan medoxomil,APPROVED_DRUGBANK,0.33
Polidocanol,Carotene_(beta-carotene),GRAS_IIG,0.33
Potassium Iodide,Vitamin A,APPROVED_DRUGBANK,0.33
Potassium Iodide,Vitamin_A,GRAS_IIG,0.33
Potassium alum,Taurocholic_acid,GRAS_IIG,0.33
Rimonabant,Taurocholic_acid,GRAS_IIG,0.33
Simvastatin,Azilsartan medoxomil,APPROVED_DRUGBANK,0.33
Sincalide,Candesartan,APPROVED_DRUGBANK,0.33
Sodium sulfate,Taurocholic_acid,GRAS_IIG,0.33
Sugammadex,Vitamin_A_acetate,GRAS_IIG,0.33
Sulconazole,Methotrexate,APPROVED_DRUGBANK,0.33
Technetium Tc 99m Oxidronate,Taurocholic_acid,GRAS_IIG,0.33
Technetium Tc-99m Medronate,Taurocholic_acid,GRAS_IIG,0.33
Telmisartan,Azilsartan medoxomil,APPROVED_DRUGBANK,0.33
Terlipressin,Candesartan,APPROVED_DRUGBANK,0.33
Tipranavir,Glycocholic_acid,GRAS_IIG,0.33
Tizanidine,Vitamin_A_acetate,GRAS_IIG,0.33
Xanthophyll,Vitamin_A_acetate,GRAS_IIG,0.33
Zinc sulfate,Taurocholic_acid,GRAS_IIG,0.33
Adinazolam,SODIUM_DESOXYCHOLATE,GRAS_IIG,0.328
Alverine,Taurocholic_acid,GRAS_IIG,0.328
Amiloride,Deoxycholic Acid,APPROVED_DRUGBANK,0.328
Amiloride,Desoxycholic_acid,GRAS_IIG,0.328
Amphotericin B,Candesartan,APPROVED_DRUGBANK,0.328
Argatroban,Indomethacin,APPROVED_DRUGBANK,0.328
Atovaquone,Atracurium besylate,APPROVED_DRUGBANK,0.328
Atovaquone,Cisatracurium besylate,APPROVED_DRUGBANK,0.328
Atovaquone,Pindolol,APPROVED_DRUGBANK,0.328
Benidipine,Azilsartan medoxomil,APPROVED_DRUGBANK,0.328
Benzphetamine,Vitamin_A_acetate,GRAS_IIG,0.328
Bleomycin,Candesartan,APPROVED_DRUGBANK,0.328
Calcitriol,Deoxycholic Acid,APPROVED_DRUGBANK,0.328
Calcitriol,Desoxycholic_acid,GRAS_IIG,0.328
Cefotiam,Vitamin_A_palmitate,GRAS_IIG,0.328
Ceftizoxime,Glycocholic_acid,GRAS_IIG,0.328
Cisapride,Vitamin_A_palmitate,GRAS_IIG,0.328
Clomocycline,SODIUM_DESOXYCHOLATE,GRAS_IIG,0.328
Demeclocycline,Azilsartan medoxomil,APPROVED_DRUGBANK,0.328
Dicloxacillin,Azilsartan medoxomil,APPROVED_DRUGBANK,0.328
Diethylstilbestrol,Deoxycholic Acid,APPROVED_DRUGBANK,0.328
Diethylstilbestrol,Desoxycholic_acid,GRAS_IIG,0.328
Doxepin,Vitamin_A_acetate,GRAS_IIG,0.328
Doxycycline,Vitamin_A_acetate,GRAS_IIG,0.328
Drotaverine,Taurocholic_acid,GRAS_IIG,0.328
Ecabet,Taurocholic_acid,GRAS_IIG,0.328
Etacrynic acid,Taurocholic_acid,GRAS_IIG,0.328
Etizolam,Glycocholic_acid,GRAS_IIG,0.328
Everolimus,Vitamin_A_acetate,GRAS_IIG,0.328
Exemestane,Azilsartan medoxomil,APPROVED_DRUGBANK,0.328
Fenoldopam,Vitamin A,APPROVED_DRUGBANK,0.328
Fenoldopam,Vitamin_A,GRAS_IIG,0.328
Florbetaben (18F),Deoxycholic Acid,APPROVED_DRUGBANK,0.328
Florbetaben (18F),Desoxycholic_acid,GRAS_IIG,0.328
Gadoversetamide,Azilsartan medoxomil,APPROVED_DRUGBANK,0.328
Gallamine Triethiodide,Glycocholic_acid,GRAS_IIG,0.328
Gallamine Triethiodide,SODIUM_DESOXYCHOLATE,GRAS_IIG,0.328
Glycerol Phenylbutyrate,Vitamin_A_palmitate,GRAS_IIG,0.328
Hemin,Glycocholic_acid,GRAS_IIG,0.328
Iopanoic acid,Vitamin_A_acetate,GRAS_IIG,0.328
Iophendylate,SODIUM_DESOXYCHOLATE,GRAS_IIG,0.328
Lacidipine,Glycocholic_acid,GRAS_IIG,0.328
Lanthanum carbonate,Taurocholic_acid,GRAS_IIG,0.328
Latanoprost,Azilsartan medoxomil,APPROVED_DRUGBANK,0.328
Ledipasvir,Azilsartan medoxomil,APPROVED_DRUGBANK,0.328
Levallorphan,Vitamin A,APPROVED_DRUGBANK,0.328
Levallorphan,Vitamin_A,GRAS_IIG,0.328
Levonordefrin,Alitretinoin,APPROVED_DRUGBANK,0.328
Levonordefrin,Isotretinoin,APPROVED_DRUGBANK,0.328
Levonordefrin,Tretinoin,APPROVED_DRUGBANK,0.328
Lincomycin,Azilsartan medoxomil,APPROVED_DRUGBANK,0.328
Lincomycin,Glycocholic_acid,GRAS_IIG,0.328
Liothyronine,Glycocholic_acid,GRAS_IIG,0.328
Lomitapide,Indomethacin,APPROVED_DRUGBANK,0.328
Loxapine,Taurocholic_acid,GRAS_IIG,0.328
Magnesium Sulfate,Taurocholic_acid,GRAS_IIG,0.328
Magnesium Sulfate,Vitamin A,APPROVED_DRUGBANK,0.328
Magnesium Sulfate,Vitamin_A,GRAS_IIG,0.328
Methotrimeprazine,Azilsartan medoxomil,APPROVED_DRUGBANK,0.328
Mivacurium,Azilsartan medoxomil,APPROVED_DRUGBANK,0.328
Nabilone,Azilsartan medoxomil,APPROVED_DRUGBANK,0.328
Nelfinavir,Acamprosate,APPROVED_DRUGBANK,0.328
Nelfinavir,Aminophenazone,APPROVED_DRUGBANK,0.328
Nelfinavir,Benidipine,APPROVED_DRUGBANK,0.328
Nelfinavir,Bosentan,APPROVED_DRUGBANK,0.328
Nelfinavir,Butoconazole,APPROVED_DRUGBANK,0.328
Nelfinavir,Carbenicillin,APPROVED_DRUGBANK,0.328
Nelfinavir,Gemfibrozil,APPROVED_DRUGBANK,0.328
Nelfinavir,HISTIDINE,GRAS_IIG,0.328
Nelfinavir,L-Histidine,APPROVED_DRUGBANK,0.328
Nelfinavir,Sulfadimethoxine,APPROVED_DRUGBANK,0.328
Nelfinavir,Topiramate,APPROVED_DRUGBANK,0.328
Nelfinavir,Ximelagatran,APPROVED_DRUGBANK,0.328
Netilmicin,Azilsartan medoxomil,APPROVED_DRUGBANK,0.328
Osimertinib,Azilsartan medoxomil,APPROVED_DRUGBANK,0.328
Oxiconazole,Azilsartan medoxomil,APPROVED_DRUGBANK,0.328
Paroxetine,Vitamin_A_acetate,GRAS_IIG,0.328
Phenylbutazone,Azilsartan medoxomil,APPROVED_DRUGBANK,0.328
Polythiazide,Deoxycholic Acid,APPROVED_DRUGBANK,0.328
Polythiazide,Desoxycholic_acid,GRAS_IIG,0.328
Potassium alum,Carotene_(beta-carotene),GRAS_IIG,0.328
Prazepam,Azilsartan medoxomil,APPROVED_DRUGBANK,0.328
Probucol,Carotene_(beta-carotene),GRAS_IIG,0.328
Probucol,Vitamin A,APPROVED_DRUGBANK,0.328
Probucol,Vitamin_A,GRAS_IIG,0.328
Propofol,Vitamin A,APPROVED_DRUGBANK,0.328
Propofol,Vitamin_A,GRAS_IIG,0.328
Ribostamycin,Glycocholic_acid,GRAS_IIG,0.328
Rotigotine,Azilsartan medoxomil,APPROVED_DRUGBANK,0.328
Ruxolitinib,SODIUM_DESOXYCHOLATE,GRAS_IIG,0.328
S-Adenosylmethionine,Glycocholic_acid,GRAS_IIG,0.328
Sodium sulfate,Carotene_(beta-carotene),GRAS_IIG,0.328
Spinosad,Azilsartan medoxomil,APPROVED_DRUGBANK,0.328
Sulconazole,SODIUM_DESOXYCHOLATE,GRAS_IIG,0.328
Tafluprost,Glycocholic_acid,GRAS_IIG,0.328
Telaprevir,SODIUM_DESOXYCHOLATE,GRAS_IIG,0.328
Terbinafine,Taurocholic_acid,GRAS_IIG,0.328
Thiocolchicoside,Indomethacin,APPROVED_DRUGBANK,0.328
Ticlopidine,Azilsartan medoxomil,APPROVED_DRUGBANK,0.328
Tolnaftate,Carotene_(beta-carotene),GRAS_IIG,0.328
Toremifene,Glycocholic_acid,GRAS_IIG,0.328
Trabectedin,Indomethacin,APPROVED_DRUGBANK,0.328
Triclosan,Vitamin_A_acetate,GRAS_IIG,0.328
Valrubicin,Candesartan,APPROVED_DRUGBANK,0.328
Valrubicin,Vitamin_A_palmitate,GRAS_IIG,0.328
Vecuronium,Azilsartan medoxomil,APPROVED_DRUGBANK,0.328
Vemurafenib,SODIUM_DESOXYCHOLATE,GRAS_IIG,0.328
Zinc sulfate,Carotene_(beta-carotene),GRAS_IIG,0.328
Acetyldigitoxin,Azilsartan medoxomil,APPROVED_DRUGBANK,0.326
Adenosine monophosphate,Azilsartan medoxomil,APPROVED_DRUGBANK,0.326
Alpha-Linolenic Acid,Deoxycholic Acid,APPROVED_DRUGBANK,0.326
Alpha-Linolenic Acid,Desoxycholic_acid,GRAS_IIG,0.326
Anagrelide,Taurocholic_acid,GRAS_IIG,0.326
Arbekacin,Azilsartan medoxomil,APPROVED_DRUGBANK,0.326
Argatroban,Vitamin_A_acetate,GRAS_IIG,0.326
Atomoxetine,Vitamin_A_acetate,GRAS_IIG,0.326
Bendamustine,Taurocholic_acid,GRAS_IIG,0.326
Bisacodyl,Azilsartan medoxomil,APPROVED_DRUGBANK,0.326
Bromocriptine,Indomethacin,APPROVED_DRUGBANK,0.326
Buprenorphine,Vitamin_A_acetate,GRAS_IIG,0.326
Butenafine,Vitamin_A_acetate,GRAS_IIG,0.326
Calcidiol,Taurocholic_acid,GRAS_IIG,0.326
Calcipotriol,Deoxycholic Acid,APPROVED_DRUGBANK,0.326
Calcipotriol,Desoxycholic_acid,GRAS_IIG,0.326
Calcium Chloride,Vitamin A,APPROVED_DRUGBANK,0.326
Calcium Chloride,Vitamin_A,GRAS_IIG,0.326
Candesartan,Vitamin_A_palmitate,GRAS_IIG,0.326
Carbidopa,Taurocholic_acid,GRAS_IIG,0.326
Chlortetracycline,SODIUM_DESOXYCHOLATE,GRAS_IIG,0.326
Citalopram,Taurocholic_acid,GRAS_IIG,0.326
Clofazimine,Azilsartan medoxomil,APPROVED_DRUGBANK,0.326
Cyanocobalamin,Vitamin_A_palmitate,GRAS_IIG,0.326
Dabrafenib,Azilsartan medoxomil,APPROVED_DRUGBANK,0.326
Dapiprazole,Glycocholic_acid,GRAS_IIG,0.326
Deferasirox,Vitamin_A_acetate,GRAS_IIG,0.326
Delorazepam,Azilsartan medoxomil,APPROVED_DRUGBANK,0.326
Deoxycholic Acid,Taurocholic_acid,GRAS_IIG,0.326
Dicloxacillin,Glycocholic_acid,GRAS_IIG,0.326
Dihydrotachysterol,Azilsartan medoxomil,APPROVED_DRUGBANK,0.326
Dipotassium phosphate,Alitretinoin,APPROVED_DRUGBANK,0.326
Dipotassium phosphate,Carotene_(beta-carotene),GRAS_IIG,0.326
Dipotassium phosphate,Isotretinoin,APPROVED_DRUGBANK,0.326
Dipotassium phosphate,Tretinoin,APPROVED_DRUGBANK,0.326
Disodium phosphate,Alitretinoin,APPROVED_DRUGBANK,0.326
Disodium phosphate,Carotene_(beta-carotene),GRAS_IIG,0.326
Disodium phosphate,Isotretinoin,APPROVED_DRUGBANK,0.326
Disodium phosphate,Tretinoin,APPROVED_DRUGBANK,0.326
Drotaverine,Deoxycholic Acid,APPROVED_DRUGBANK,0.326
Drotaverine,Desoxycholic_acid,GRAS_IIG,0.326
Efavirenz,Tannic_acid_(hydrolyzable_gallotannins),GRAS_IIG,0.326
Ergotamine,Candesartan,APPROVED_DRUGBANK,0.326
Escitalopram,Taurocholic_acid,GRAS_IIG,0.326
Estazolam,SODIUM_DESOXYCHOLATE,GRAS_IIG,0.326
Ethanolamine Oleate,Taurocholic_acid,GRAS_IIG,0.326
Etonogestrel,Vitamin A,APPROVED_DRUGBANK,0.326
Etonogestrel,Vitamin_A,GRAS_IIG,0.326
Felodipine,Tannic_acid_(hydrolyzable_gallotannins),GRAS_IIG,0.326
Fenoprofen,Vitamin_A_acetate,GRAS_IIG,0.326
Fluoxetine,Taurocholic_acid,GRAS_IIG,0.326
Fosamprenavir,Vitamin_A_palmitate,GRAS_IIG,0.326
Fulvestrant,Mipomersen,APPROVED_DRUGBANK,0.326
Fulvestrant,Rifabutin,APPROVED_DRUGBANK,0.326
Icosapent,Deoxycholic Acid,APPROVED_DRUGBANK,0.326
Icosapent,Desoxycholic_acid,GRAS_IIG,0.326
Imatinib,Vitamin_A_palmitate,GRAS_IIG,0.326
Kappadione,SODIUM_DESOXYCHOLATE,GRAS_IIG,0.326
Levallorphan,Tannic_acid_(hydrolyzable_gallotannins),GRAS_IIG,0.326
Linaclotide,Candesartan,APPROVED_DRUGBANK,0.326
Lobeglitazone,Azilsartan medoxomil,APPROVED_DRUGBANK,0.326
Lovastatin,Azilsartan medoxomil,APPROVED_DRUGBANK,0.326
Meclizine,Azilsartan medoxomil,APPROVED_DRUGBANK,0.326
Mestranol,Azilsartan medoxomil,APPROVED_DRUGBANK,0.326
Mestranol,SODIUM_DESOXYCHOLATE,GRAS_IIG,0.326
Metrizoic acid,Taurocholic_acid,GRAS_IIG,0.326
Minocycline,SODIUM_DESOXYCHOLATE,GRAS_IIG,0.326
Mitotane,Vitamin_A_acetate,GRAS_IIG,0.326
Monopotassium phosphate,Deoxycholic Acid,APPROVED_DRUGBANK,0.326
Monopotassium phosphate,Desoxycholic_acid,GRAS_IIG,0.326
Naftifine,Vitamin_A_acetate,GRAS_IIG,0.326
Nelfinavir,BENZYL_CHLORIDE,GRAS_IIG,0.326
Nelfinavir,Benzathine benzylpenicillin,APPROVED_DRUGBANK,0.326
Nelfinavir,Camazepam,APPROVED_DRUGBANK,0.326
Nelfinavir,Chloroprocaine,APPROVED_DRUGBANK,0.326
Nelfinavir,D&C_RED_NO._6,GRAS_IIG,0.326
Nelfinavir,Glimepiride,APPROVED_DRUGBANK,0.326
Nelfinavir,Isoxsuprine,APPROVED_DRUGBANK,0.326
Nelfinavir,Loratadine,APPROVED_DRUGBANK,0.326
Nelfinavir,Methyl aminolevulinate,APPROVED_DRUGBANK,0.326
Nelfinavir,Mitomycin,APPROVED_DRUGBANK,0.326
Nelfinavir,Olopatadine,APPROVED_DRUGBANK,0.326
Nelfinavir,"POVIDONE,_UNSPECIFIED",GRAS_IIG,0.326
Nelfinavir,Sacubitril,APPROVED_DRUGBANK,0.326
Nelfinavir,Stanozolol,APPROVED_DRUGBANK,0.326
Nelfinavir,Varenicline,APPROVED_DRUGBANK,0.326
Nelfinavir,Zotepine,APPROVED_DRUGBANK,0.326
Nonoxynol-9,Azilsartan medoxomil,APPROVED_DRUGBANK,0.326
Pamidronate,Deoxycholic Acid,APPROVED_DRUGBANK,0.326
Pamidronate,Desoxycholic_acid,GRAS_IIG,0.326
Parecoxib,Azilsartan medoxomil,APPROVED_DRUGBANK,0.326
Pemetrexed,Azilsartan medoxomil,APPROVED_DRUGBANK,0.326
Piperonyl butoxide,Azilsartan medoxomil,APPROVED_DRUGBANK,0.326
Polidocanol,Vitamin A,APPROVED_DRUGBANK,0.326
Polidocanol,Vitamin_A,GRAS_IIG,0.326
Potassium Chloride,Vitamin A,APPROVED_DRUGBANK,0.326
Potassium Chloride,Vitamin_A,GRAS_IIG,0.326
Prussian blue,Vitamin A,APPROVED_DRUGBANK,0.326
Prussian blue,Vitamin_A,GRAS_IIG,0.326
Quinupristin,Vitamin_A_palmitate,GRAS_IIG,0.326
Roflumilast,Azilsartan medoxomil,APPROVED_DRUGBANK,0.326
Sapropterin,Glycocholic_acid,GRAS_IIG,0.326
Sevelamer,Taurocholic_acid,GRAS_IIG,0.326
Sodium Chloride,Vitamin A,APPROVED_DRUGBANK,0.326
Sodium Chloride,Vitamin_A,GRAS_IIG,0.326
Spironolactone,Vitamin_A_acetate,GRAS_IIG,0.326
Streptomycin,Azilsartan medoxomil,APPROVED_DRUGBANK,0.326
Sulconazole,Ciclesonide,APPROVED_DRUGBANK,0.326
Sulconazole,Vitamin_A_palmitate,GRAS_IIG,0.326
Technetium Tc-99m Medronate,Carotene_(beta-carotene),GRAS_IIG,0.326
Technetium Tc-99m sestamibi,Deoxycholic Acid,APPROVED_DRUGBANK,0.326
Technetium Tc-99m sestamibi,Desoxycholic_acid,GRAS_IIG,0.326
Terbinafine,Tannic_acid_(hydrolyzable_gallotannins),GRAS_IIG,0.326
Thimerosal,SODIUM_DESOXYCHOLATE,GRAS_IIG,0.326
Thiothixene,Azilsartan medoxomil,APPROVED_DRUGBANK,0.326
Tolnaftate,Taurocholic_acid,GRAS_IIG,0.326
Trametinib,Azilsartan medoxomil,APPROVED_DRUGBANK,0.326
Trazodone,Taurocholic_acid,GRAS_IIG,0.326
Trichlormethiazide,Vitamin_A_acetate,GRAS_IIG,0.326
Trihexyphenidyl,Azilsartan medoxomil,APPROVED_DRUGBANK,0.326
Vitamin E,SODIUM_DESOXYCHOLATE,GRAS_IIG,0.326
Abiraterone,Vitamin_A_acetate,GRAS_IIG,0.324
Alendronic acid,Tannic_acid_(hydrolyzable_gallotannins),GRAS_IIG,0.324
Allylestrenol,Deoxycholic Acid,APPROVED_DRUGBANK,0.324
Allylestrenol,Desoxycholic_acid,GRAS_IIG,0.324
Alpha-Linolenic Acid,Taurocholic_acid,GRAS_IIG,0.324
Alprazolam,SODIUM_DESOXYCHOLATE,GRAS_IIG,0.324
Aluminium,Tannic_acid_(hydrolyzable_gallotannins),GRAS_IIG,0.324
Aminophylline,Vitamin_A_acetate,GRAS_IIG,0.324
Atovaquone,Bopindolol,APPROVED_DRUGBANK,0.324
Atovaquone,Duloxetine,APPROVED_DRUGBANK,0.324
Atovaquone,Nandrolone decanoate,APPROVED_DRUGBANK,0.324
Atovaquone,Tetracaine,APPROVED_DRUGBANK,0.324
Bacitracin,Candesartan,APPROVED_DRUGBANK,0.324
Balsalazide,Vitamin_A_acetate,GRAS_IIG,0.324
Barnidipine,Azilsartan medoxomil,APPROVED_DRUGBANK,0.324
Bentoquatam,Vitamin A,APPROVED_DRUGBANK,0.324
Bentoquatam,Vitamin_A,GRAS_IIG,0.324
Bromhexine,Deoxycholic Acid,APPROVED_DRUGBANK,0.324
Bromhexine,Desoxycholic_acid,GRAS_IIG,0.324
Bromhexine,Tannic_acid_(hydrolyzable_gallotannins),GRAS_IIG,0.324
Bromodiphenhydramine,Azilsartan medoxomil,APPROVED_DRUGBANK,0.324
Buspirone,Azilsartan medoxomil,APPROVED_DRUGBANK,0.324
Calcium carbonate,Vitamin A,APPROVED_DRUGBANK,0.324
Calcium carbonate,Vitamin_A,GRAS_IIG,0.324
Carprofen,Tannic_acid_(hydrolyzable_gallotannins),GRAS_IIG,0.324
Cefotaxime,Azilsartan medoxomil,APPROVED_DRUGBANK,0.324
Ceftaroline fosamil,Vitamin_A_palmitate,GRAS_IIG,0.324
Ceftizoxime,Azilsartan medoxomil,APPROVED_DRUGBANK,0.324
Celecoxib,Deoxycholic Acid,APPROVED_DRUGBANK,0.324
Celecoxib,Desoxycholic_acid,GRAS_IIG,0.324
Cholic Acid,Taurocholic_acid,GRAS_IIG,0.324
Clevidipine,SODIUM_DESOXYCHOLATE,GRAS_IIG,0.324
Clobazam,Tannic_acid_(hydrolyzable_gallotannins),GRAS_IIG,0.324
Clomipramine,SODIUM_DESOXYCHOLATE,GRAS_IIG,0.324
Clotiazepam,Azilsartan medoxomil,APPROVED_DRUGBANK,0.324
Clotrimazole,Azilsartan medoxomil,APPROVED_DRUGBANK,0.324
Cobicistat,Indomethacin,APPROVED_DRUGBANK,0.324
Cyproheptadine,Taurocholic_acid,GRAS_IIG,0.324
Deferoxamine,Tannic_acid_(hydrolyzable_gallotannins),GRAS_IIG,0.324
Degarelix,Vitamin_A_palmitate,GRAS_IIG,0.324
Demeclocycline,SODIUM_DESOXYCHOLATE,GRAS_IIG,0.324
Desloratadine,Vitamin_A_acetate,GRAS_IIG,0.324
Dextropropoxyphene,Azilsartan medoxomil,APPROVED_DRUGBANK,0.324
Diazepam,Taurocholic_acid,GRAS_IIG,0.324
Diclofenac,Taurocholic_acid,GRAS_IIG,0.324
Dienestrol,Tannic_acid_(hydrolyzable_gallotannins),GRAS_IIG,0.324
Diethylstilbestrol,Vitamin A,APPROVED_DRUGBANK,0.324
Diethylstilbestrol,Vitamin_A,GRAS_IIG,0.324
Diiodohydroxyquinoline,Deoxycholic Acid,APPROVED_DRUGBANK,0.324
Diiodohydroxyquinoline,Desoxycholic_acid,GRAS_IIG,0.324
Disulfiram,Vitamin A,APPROVED_DRUGBANK,0.324
Disulfiram,Vitamin_A,GRAS_IIG,0.324
Duloxetine,Glycocholic_acid,GRAS_IIG,0.324
Dydrogesterone,Tannic_acid_(hydrolyzable_gallotannins),GRAS_IIG,0.324
Ecabet,Deoxycholic Acid,APPROVED_DRUGBANK,0.324
Ecabet,Desoxycholic_acid,GRAS_IIG,0.324
Efonidipine,Candesartan,APPROVED_DRUGBANK,0.324
Eprosartan,Glycocholic_acid,GRAS_IIG,0.324
Exemestane,Carotene_(beta-carotene),GRAS_IIG,0.324
Ezogabine,SODIUM_DESOXYCHOLATE,GRAS_IIG,0.324
Fenofibrate,Vitamin_A_acetate,GRAS_IIG,0.324
Ferric Citrate,Tannic_acid_(hydrolyzable_gallotannins),GRAS_IIG,0.324
Florbetaben (18F),Vitamin_A_acetate,GRAS_IIG,0.324
Flurandrenolide,Azilsartan medoxomil,APPROVED_DRUGBANK,0.324
Fluticasone Propionate,Azilsartan medoxomil,APPROVED_DRUGBANK,0.324
Fluticasone Propionate,Vitamin_A_acetate,GRAS_IIG,0.324
Fondaparinux sodium,Vitamin_A_palmitate,GRAS_IIG,0.324
Gadopentetate dimeglumine,Taurocholic_acid,GRAS_IIG,0.324
Ibutilide,Taurocholic_acid,GRAS_IIG,0.324
Imatinib,Azilsartan medoxomil,APPROVED_DRUGBANK,0.324
Iopodic acid,Vitamin_A_acetate,GRAS_IIG,0.324
Isavuconazonium,Vitamin_A_palmitate,GRAS_IIG,0.324
Lanreotide,Vitamin_A_palmitate,GRAS_IIG,0.324
Lanthanum carbonate,Deoxycholic Acid,APPROVED_DRUGBANK,0.324
Lanthanum carbonate,Desoxycholic_acid,GRAS_IIG,0.324
Levoleucovorin,Azilsartan medoxomil,APPROVED_DRUGBANK,0.324
Levopropoxyphene,Azilsartan medoxomil,APPROVED_DRUGBANK,0.324
Lindane,Tannic_acid_(hydrolyzable_gallotannins),GRAS_IIG,0.324
Liothyronine,Azilsartan medoxomil,APPROVED_DRUGBANK,0.324
Lodoxamide,Taurocholic_acid,GRAS_IIG,0.324
Lorpiprazole,Azilsartan medoxomil,APPROVED_DRUGBANK,0.324
Mangafodipir,Deoxycholic Acid,APPROVED_DRUGBANK,0.324
Mangafodipir,Desoxycholic_acid,GRAS_IIG,0.324
Mangafodipir,Vitamin A,APPROVED_DRUGBANK,0.324
Mangafodipir,Vitamin_A,GRAS_IIG,0.324
Maprotiline,Deoxycholic Acid,APPROVED_DRUGBANK,0.324
Maprotiline,Desoxycholic_acid,GRAS_IIG,0.324
Mefloquine,Deoxycholic Acid,APPROVED_DRUGBANK,0.324
Mefloquine,Desoxycholic_acid,GRAS_IIG,0.324
Moricizine,Azilsartan medoxomil,APPROVED_DRUGBANK,0.324
Nafarelin,Candesartan,APPROVED_DRUGBANK,0.324
Nelfinavir,Alfuzosin,APPROVED_DRUGBANK,0.324
Nelfinavir,Amoxicillin,APPROVED_DRUGBANK,0.324
Nelfinavir,Busulfan,APPROVED_DRUGBANK,0.324
Nelfinavir,Calcium_pyrophosphate,GRAS_IIG,0.324
Nelfinavir,Cephalexin,APPROVED_DRUGBANK,0.324
Nelfinavir,Citalopram,APPROVED_DRUGBANK,0.324
Nelfinavir,D&C_RED_NO._30,GRAS_IIG,0.324
Nelfinavir,Desloratadine,APPROVED_DRUGBANK,0.324
Nelfinavir,ETHYL_MALTOL,GRAS_IIG,0.324
Nelfinavir,Escitalopram,APPROVED_DRUGBANK,0.324
Nelfinavir,Flumazenil,APPROVED_DRUGBANK,0.324
Nelfinavir,Fluorouracil,APPROVED_DRUGBANK,0.324
Nelfinavir,Isoconazole,APPROVED_DRUGBANK,0.324
Nelfinavir,Letrozole,APPROVED_DRUGBANK,0.324
Nelfinavir,Lopinavir,APPROVED_DRUGBANK,0.324
Nelfinavir,Olmesartan,APPROVED_DRUGBANK,0.324
Nelfinavir,Propantheline,APPROVED_DRUGBANK,0.324
Nelfinavir,Sertindole,APPROVED_DRUGBANK,0.324
Nelfinavir,Setiptiline,APPROVED_DRUGBANK,0.324
Olopatadine,SODIUM_DESOXYCHOLATE,GRAS_IIG,0.324
Perospirone,Azilsartan medoxomil,APPROVED_DRUGBANK,0.324
Phosphatidyl serine,SODIUM_DESOXYCHOLATE,GRAS_IIG,0.324
Polidocanol,Azilsartan medoxomil,APPROVED_DRUGBANK,0.324
Potassium Citrate,Tannic_acid_(hydrolyzable_gallotannins),GRAS_IIG,0.324
Prednicarbate,Glycocholic_acid,GRAS_IIG,0.324
Propofol,Deoxycholic Acid,APPROVED_DRUGBANK,0.324
Propofol,Desoxycholic_acid,GRAS_IIG,0.324
Pyrvinium,Glycocholic_acid,GRAS_IIG,0.324
Rescinnamine,Vitamin_A_palmitate,GRAS_IIG,0.324
Rolapitant,Vitamin_A_acetate,GRAS_IIG,0.324
Silodosin,Vitamin_A_palmitate,GRAS_IIG,0.324
Sodium Citrate,Tannic_acid_(hydrolyzable_gallotannins),GRAS_IIG,0.324
Sodium Nitrite,Carotene_(beta-carotene),GRAS_IIG,0.324
Sodium bicarbonate,Deoxycholic Acid,APPROVED_DRUGBANK,0.324
Sodium bicarbonate,Desoxycholic_acid,GRAS_IIG,0.324
Sodium bicarbonate,Taurocholic_acid,GRAS_IIG,0.324
Sodium lauryl sulfate,Carotene_(beta-carotene),GRAS_IIG,0.324
Sodium lauryl sulfate,Vitamin A,APPROVED_DRUGBANK,0.324
Sodium lauryl sulfate,Vitamin_A,GRAS_IIG,0.324
Tamibarotene,Deoxycholic Acid,APPROVED_DRUGBANK,0.324
Tamibarotene,Desoxycholic_acid,GRAS_IIG,0.324
Technetium Tc-99m sodium pertechnetate,Carotene_(beta-carotene),GRAS_IIG,0.324
Testosterone Propionate,SODIUM_DESOXYCHOLATE,GRAS_IIG,0.324
Thallous Chloride,Vitamin A,APPROVED_DRUGBANK,0.324
Thallous Chloride,Vitamin_A,GRAS_IIG,0.324
Ticlopidine,Tannic_acid_(hydrolyzable_gallotannins),GRAS_IIG,0.324
Tolterodine,SODIUM_DESOXYCHOLATE,GRAS_IIG,0.324
Valsartan,Glycocholic_acid,GRAS_IIG,0.324
Vancomycin,Candesartan,APPROVED_DRUGBANK,0.324
Xanthophyll,Deoxycholic Acid,APPROVED_DRUGBANK,0.324
Xanthophyll,Desoxycholic_acid,GRAS_IIG,0.324
Zolpidem,Vitamin A,APPROVED_DRUGBANK,0.324
Zolpidem,Vitamin_A,GRAS_IIG,0.324
Adenosine triphosphate,Azilsartan medoxomil,APPROVED_DRUGBANK,0.322
Alverine,Vitamin_A_acetate,GRAS_IIG,0.322
Amikacin,Glycocholic_acid,GRAS_IIG,0.322
Aripiprazole,Tannic_acid_(hydrolyzable_gallotannins),GRAS_IIG,0.322
Atovaquone,Vincristine,APPROVED_DRUGBANK,0.322
Azithromycin,Glycocholic_acid,GRAS_IIG,0.322
Balsalazide,Glycocholic_acid,GRAS_IIG,0.322
Brotizolam,Azilsartan medoxomil,APPROVED_DRUGBANK,0.322
Buspirone,Glycocholic_acid,GRAS_IIG,0.322
Cabergoline,Deoxycholic Acid,APPROVED_DRUGBANK,0.322
Cabergoline,Desoxycholic_acid,GRAS_IIG,0.322
Calcium Acetate,Losartan,APPROVED_DRUGBANK,0.322
Calcium carbimide,Carotene_(beta-carotene),GRAS_IIG,0.322
Cangrelor,Vitamin_A_palmitate,GRAS_IIG,0.322
Carfilzomib,Indomethacin,APPROVED_DRUGBANK,0.322
Carprofen,Vitamin_A_acetate,GRAS_IIG,0.322
Cefpodoxime,Vitamin_A_acetate,GRAS_IIG,0.322
Ceftibuten,Azilsartan medoxomil,APPROVED_DRUGBANK,0.322
Chlorhexidine,Taurocholic_acid,GRAS_IIG,0.322
Cholecalciferol,Taurocholic_acid,GRAS_IIG,0.322
Choline C 11,Vitamin A,APPROVED_DRUGBANK,0.322
Choline C 11,Vitamin_A,GRAS_IIG,0.322
Cinacalcet,Azilsartan medoxomil,APPROVED_DRUGBANK,0.322
Cinnarizine,Azilsartan medoxomil,APPROVED_DRUGBANK,0.322
Copper,Carotene_(beta-carotene),GRAS_IIG,0.322
Crizotinib,Azilsartan medoxomil,APPROVED_DRUGBANK,0.322
Dalfopristin,Azilsartan medoxomil,APPROVED_DRUGBANK,0.322
Dextrothyroxine,Vitamin_A_acetate,GRAS_IIG,0.322
Dienogest,Carotene_(beta-carotene),GRAS_IIG,0.322
Digitoxin,Azilsartan medoxomil,APPROVED_DRUGBANK,0.322
Dipyridamole,Vitamin A,APPROVED_DRUGBANK,0.322
Dipyridamole,Vitamin_A,GRAS_IIG,0.322
Domperidone,SODIUM_DESOXYCHOLATE,GRAS_IIG,0.322
Domperidone,Taurocholic_acid,GRAS_IIG,0.322
Dosulepin,Vitamin_A_acetate,GRAS_IIG,0.322
Doxazosin,Vitamin_A_palmitate,GRAS_IIG,0.322
Doxercalciferol,Deoxycholic Acid,APPROVED_DRUGBANK,0.322
Doxercalciferol,Desoxycholic_acid,GRAS_IIG,0.322
Drospirenone,Azilsartan medoxomil,APPROVED_DRUGBANK,0.322
Drostanolone,Alitretinoin,APPROVED_DRUGBANK,0.322
Drostanolone,Isotretinoin,APPROVED_DRUGBANK,0.322
Drostanolone,Tretinoin,APPROVED_DRUGBANK,0.322
Eliglustat,Glycocholic_acid,GRAS_IIG,0.322
Ferric pyrophosphate,Alitretinoin,APPROVED_DRUGBANK,0.322
Ferric pyrophosphate,Isotretinoin,APPROVED_DRUGBANK,0.322
Ferric pyrophosphate,Tretinoin,APPROVED_DRUGBANK,0.322
Fidaxomicin,Indomethacin,APPROVED_DRUGBANK,0.322
Fluorometholone,Glycocholic_acid,GRAS_IIG,0.322
Gadopentetate dimeglumine,Azilsartan medoxomil,APPROVED_DRUGBANK,0.322
Gonadorelin,Candesartan,APPROVED_DRUGBANK,0.322
Goserelin,Indomethacin,APPROVED_DRUGBANK,0.322
Helium,Carotene_(beta-carotene),GRAS_IIG,0.322
Inulin,SODIUM_DESOXYCHOLATE,GRAS_IIG,0.322
Ioxaglic acid,Tannic_acid_(hydrolyzable_gallotannins),GRAS_IIG,0.322
Iron,Carotene_(beta-carotene),GRAS_IIG,0.322
Isoaminile,Vitamin_A_acetate,GRAS_IIG,0.322
Lenvatinib,SODIUM_DESOXYCHOLATE,GRAS_IIG,0.322
Levonordefrin,Deoxycholic Acid,APPROVED_DRUGBANK,0.322
Levonordefrin,Desoxycholic_acid,GRAS_IIG,0.322
Levothyroxine,Vitamin_A_acetate,GRAS_IIG,0.322
Lithium,Carotene_(beta-carotene),GRAS_IIG,0.322
Lorazepam,SODIUM_DESOXYCHOLATE,GRAS_IIG,0.322
Lorpiprazole,Vitamin_A_acetate,GRAS_IIG,0.322
Loxapine,SODIUM_DESOXYCHOLATE,GRAS_IIG,0.322
Luliconazole,Taurocholic_acid,GRAS_IIG,0.322
Macitentan,Azilsartan medoxomil,APPROVED_DRUGBANK,0.322
Magnesium hydroxide,Vitamin A,APPROVED_DRUGBANK,0.322
Magnesium hydroxide,Vitamin_A,GRAS_IIG,0.322
Manganese,Carotene_(beta-carotene),GRAS_IIG,0.322
Medrysone,SODIUM_DESOXYCHOLATE,GRAS_IIG,0.322
Mequitazine,Taurocholic_acid,GRAS_IIG,0.322
Methacycline,Glycocholic_acid,GRAS_IIG,0.322
Methyl cellulose,Carotene_(beta-carotene),GRAS_IIG,0.322
Methyl cellulose,SODIUM_DESOXYCHOLATE,GRAS_IIG,0.322
Miltefosine,SODIUM_DESOXYCHOLATE,GRAS_IIG,0.322
Monopotassium phosphate,Alitretinoin,APPROVED_DRUGBANK,0.322
Monopotassium phosphate,Carotene_(beta-carotene),GRAS_IIG,0.322
Monopotassium phosphate,Isotretinoin,APPROVED_DRUGBANK,0.322
Monopotassium phosphate,Tretinoin,APPROVED_DRUGBANK,0.322
Nelfinavir,Alcaftadine,APPROVED_DRUGBANK,0.322
Nelfinavir,Chloropyramine,APPROVED_DRUGBANK,0.322
Nelfinavir,Estazolam,APPROVED_DRUGBANK,0.322
Nelfinavir,Ketotifen,APPROVED_DRUGBANK,0.322
Nelfinavir,Leflunomide,APPROVED_DRUGBANK,0.322
Nelfinavir,Medroxyprogesterone acetate,APPROVED_DRUGBANK,0.322
Nelfinavir,Metaxalone,APPROVED_DRUGBANK,0.322
Nelfinavir,Olodaterol,APPROVED_DRUGBANK,0.322
Nelfinavir,PENTADECALACTONE,GRAS_IIG,0.322
Nelfinavir,POLYGLACTIN,GRAS_IIG,0.322
Nelfinavir,Pheniramine,APPROVED_DRUGBANK,0.322
Nelfinavir,Pregabalin,APPROVED_DRUGBANK,0.322
Nelfinavir,Propofol,APPROVED_DRUGBANK,0.322
Nelfinavir,Ramelteon,APPROVED_DRUGBANK,0.322
Nelfinavir,Testolactone,APPROVED_DRUGBANK,0.322
Nelfinavir,Trimethobenzamide,APPROVED_DRUGBANK,0.322
Netilmicin,Vitamin_A_acetate,GRAS_IIG,0.322
Norelgestromin,Azilsartan medoxomil,APPROVED_DRUGBANK,0.322
Nystatin,Glycocholic_acid,GRAS_IIG,0.322
Orlistat,Azilsartan medoxomil,APPROVED_DRUGBANK,0.322
Paliperidone,Indomethacin,APPROVED_DRUGBANK,0.322
Pancuronium,Vitamin_A_acetate,GRAS_IIG,0.322
Paricalcitol,Deoxycholic Acid,APPROVED_DRUGBANK,0.322
Paricalcitol,Desoxycholic_acid,GRAS_IIG,0.322
Phenylbutazone,SODIUM_DESOXYCHOLATE,GRAS_IIG,0.322
Phosphatidyl serine,Vitamin_A_acetate,GRAS_IIG,0.322
Phylloquinone,Azilsartan medoxomil,APPROVED_DRUGBANK,0.322
Phylloquinone,Vitamin_A_acetate,GRAS_IIG,0.322
Potassium Iodide,Carotene_(beta-carotene),GRAS_IIG,0.322
Probucol,Losartan,APPROVED_DRUGBANK,0.322
Probucol,Tannic_acid_(hydrolyzable_gallotannins),GRAS_IIG,0.322
Procaine benzylpenicillin,Vitamin_A_palmitate,GRAS_IIG,0.322
Progabide,Taurocholic_acid,GRAS_IIG,0.322
Propofol,Carotene_(beta-carotene),GRAS_IIG,0.322
Protriptyline,Tannic_acid_(hydrolyzable_gallotannins),GRAS_IIG,0.322
Pyrvinium,SODIUM_DESOXYCHOLATE,GRAS_IIG,0.322
Raltitrexed,Azilsartan medoxomil,APPROVED_DRUGBANK,0.322
Ribostamycin,SODIUM_DESOXYCHOLATE,GRAS_IIG,0.322
Rimonabant,Deoxycholic Acid,APPROVED_DRUGBANK,0.322
Rimonabant,Desoxycholic_acid,GRAS_IIG,0.322
Ritonavir,Vitamin_A_palmitate,GRAS_IIG,0.322
S-Adenosylmethionine,Azilsartan medoxomil,APPROVED_DRUGBANK,0.322
Saquinavir,Desipramine,APPROVED_DRUGBANK,0.322
Scopolamine butylbromide,Glycocholic_acid,GRAS_IIG,0.322
Sibutramine,Tannic_acid_(hydrolyzable_gallotannins),GRAS_IIG,0.322
Sodium Iodide I-131,Carotene_(beta-carotene),GRAS_IIG,0.322
Sodium acetate,Losartan,APPROVED_DRUGBANK,0.322
Sodium fluoride,Carotene_(beta-carotene),GRAS_IIG,0.322
Sorafenib,Losartan,APPROVED_DRUGBANK,0.322
Sucralfate,Glycocholic_acid,GRAS_IIG,0.322
Technetium Tc 99m Oxidronate,Deoxycholic Acid,APPROVED_DRUGBANK,0.322
Technetium Tc 99m Oxidronate,Desoxycholic_acid,GRAS_IIG,0.322
Tedizolid Phosphate,Azilsartan medoxomil,APPROVED_DRUGBANK,0.322
Testosterone,Alitretinoin,APPROVED_DRUGBANK,0.322
Testosterone,Isotretinoin,APPROVED_DRUGBANK,0.322
Testosterone,Tannic_acid_(hydrolyzable_gallotannins),GRAS_IIG,0.322
Testosterone,Tretinoin,APPROVED_DRUGBANK,0.322
Thioridazine,Taurocholic_acid,GRAS_IIG,0.322
Trihexyphenidyl,SODIUM_DESOXYCHOLATE,GRAS_IIG,0.322
Trimethaphan,Vitamin_A_acetate,GRAS_IIG,0.322
Ulipristal,Glycocholic_acid,GRAS_IIG,0.322
Verteporfin,Azilsartan medoxomil,APPROVED_DRUGBANK,0.322
Voacamine,Indomethacin,APPROVED_DRUGBANK,0.322
Xanthophyll,Taurocholic_acid,GRAS_IIG,0.322
Xenon-133,Carotene_(beta-carotene),GRAS_IIG,0.322
Zafirlukast,Vitamin_A_palmitate,GRAS_IIG,0.322
Zanamivir,Azilsartan medoxomil,APPROVED_DRUGBANK,0.322
Zanamivir,Glycocholic_acid,GRAS_IIG,0.322
Zinc,Carotene_(beta-carotene),GRAS_IIG,0.322
Ziprasidone,Glycocholic_acid,GRAS_IIG,0.322
Adapalene,Azilsartan medoxomil,APPROVED_DRUGBANK,0.32
Alendronic acid,Alitretinoin,APPROVED_DRUGBANK,0.32
Alendronic acid,Isotretinoin,APPROVED_DRUGBANK,0.32
Alendronic acid,Tretinoin,APPROVED_DRUGBANK,0.32
Aluminium,Carotene_(beta-carotene),GRAS_IIG,0.32
Aluminum hydroxide,Carotene_(beta-carotene),GRAS_IIG,0.32
Ammonia N-13,Carotene_(beta-carotene),GRAS_IIG,0.32
Ammonia N-13,Tannic_acid_(hydrolyzable_gallotannins),GRAS_IIG,0.32
Arbutamine,Azilsartan medoxomil,APPROVED_DRUGBANK,0.32
Atovaquone,Propyl_Paraben,GRAS_IIG,0.32
Atovaquone,Verteporfin,APPROVED_DRUGBANK,0.32
Avobenzone,Azilsartan medoxomil,APPROVED_DRUGBANK,0.32
Azlocillin,Azilsartan medoxomil,APPROVED_DRUGBANK,0.32
Bendamustine,Vitamin_A_acetate,GRAS_IIG,0.32
Bivalirudin,Candesartan,APPROVED_DRUGBANK,0.32
Bupranolol,Deoxycholic Acid,APPROVED_DRUGBANK,0.32
Bupranolol,Desoxycholic_acid,GRAS_IIG,0.32
Calcium Acetate,Tannic_acid_(hydrolyzable_gallotannins),GRAS_IIG,0.32
Candesartan,Glycocholic_acid,GRAS_IIG,0.32
Caspofungin,Glycocholic_acid,GRAS_IIG,0.32
Cefotiam,Glycocholic_acid,GRAS_IIG,0.32
Ceftizoxime,SODIUM_DESOXYCHOLATE,GRAS_IIG,0.32
Cetrimonium,Tannic_acid_(hydrolyzable_gallotannins),GRAS_IIG,0.32
Cetrimonium,Vitamin A,APPROVED_DRUGBANK,0.32
Cetrimonium,Vitamin_A,GRAS_IIG,0.32
Choline C 11,Tannic_acid_(hydrolyzable_gallotannins),GRAS_IIG,0.32
Chromic chloride,Vitamin A,APPROVED_DRUGBANK,0.32
Chromic chloride,Vitamin_A,GRAS_IIG,0.32
Clemastine,SODIUM_DESOXYCHOLATE,GRAS_IIG,0.32
Clobazam,Azilsartan medoxomil,APPROVED_DRUGBANK,0.32
Clomifene,Azilsartan medoxomil,APPROVED_DRUGBANK,0.32
Clozapine,Tannic_acid_(hydrolyzable_gallotannins),GRAS_IIG,0.32
Colestipol,Azilsartan medoxomil,APPROVED_DRUGBANK,0.32
Conivaptan,Azilsartan medoxomil,APPROVED_DRUGBANK,0.32
Cyproterone acetate,Vitamin_A_acetate,GRAS_IIG,0.32
Deferoxamine,Vitamin_A_acetate,GRAS_IIG,0.32
Desogestrel,Deoxycholic Acid,APPROVED_DRUGBANK,0.32
Desogestrel,Desoxycholic_acid,GRAS_IIG,0.32
Diatrizoate,Deoxycholic Acid,APPROVED_DRUGBANK,0.32
Diatrizoate,Desoxycholic_acid,GRAS_IIG,0.32
Diatrizoate,Taurocholic_acid,GRAS_IIG,0.32
Dienestrol,Vitamin A,APPROVED_DRUGBANK,0.32
Dienestrol,Vitamin_A,GRAS_IIG,0.32
Diphemanil Methylsulfate,Glycocholic_acid,GRAS_IIG,0.32
Disulfiram,Carotene_(beta-carotene),GRAS_IIG,0.32
Docosanol,Carotene_(beta-carotene),GRAS_IIG,0.32
Econazole,Mipomersen,APPROVED_DRUGBANK,0.32
Econazole,Rimexolone,APPROVED_DRUGBANK,0.32
Ertapenem,Azilsartan medoxomil,APPROVED_DRUGBANK,0.32
Etizolam,Azilsartan medoxomil,APPROVED_DRUGBANK,0.32
Etofenamate,Vitamin_A_palmitate,GRAS_IIG,0.32
Ferric pyrophosphate,Taurocholic_acid,GRAS_IIG,0.32
Framycetin,Glycocholic_acid,GRAS_IIG,0.32
Gallium nitrate,Carotene_(beta-carotene),GRAS_IIG,0.32
Hexoprenaline,Vitamin A,APPROVED_DRUGBANK,0.32
Hexoprenaline,Vitamin_A,GRAS_IIG,0.32
Ivermectin,Candesartan,APPROVED_DRUGBANK,0.32
Josamycin,Indomethacin,APPROVED_DRUGBANK,0.32
Levomethadyl Acetate,Taurocholic_acid,GRAS_IIG,0.32
Magnesium Sulfate,Carotene_(beta-carotene),GRAS_IIG,0.32
Medrysone,Tannic_acid_(hydrolyzable_gallotannins),GRAS_IIG,0.32
Mesna,Deoxycholic Acid,APPROVED_DRUGBANK,0.32
Mesna,Desoxycholic_acid,GRAS_IIG,0.32
Methadyl Acetate,Taurocholic_acid,GRAS_IIG,0.32
Methyltestosterone,Glycocholic_acid,GRAS_IIG,0.32
Mezlocillin,Azilsartan medoxomil,APPROVED_DRUGBANK,0.32
Nelfinavir,Amfecloral,APPROVED_DRUGBANK,0.32
Nelfinavir,Antazoline,APPROVED_DRUGBANK,0.32
Nelfinavir,CALCIUM_SALICYLATE,GRAS_IIG,0.32
Nelfinavir,Chlormerodrin,APPROVED_DRUGBANK,0.32
Nelfinavir,Cinacalcet,APPROVED_DRUGBANK,0.32
Nelfinavir,Cinoxacin,APPROVED_DRUGBANK,0.32
Nelfinavir,Colchicine,APPROVED_DRUGBANK,0.32
Nelfinavir,Cycrimine,APPROVED_DRUGBANK,0.32
Nelfinavir,HYDROXYETHYLPIPERAZINE_ETHANE_SULFONIC_ACID,GRAS_IIG,0.32
Nelfinavir,Ondansetron,APPROVED_DRUGBANK,0.32
Nelfinavir,Pindolol,APPROVED_DRUGBANK,0.32
Nelfinavir,Procaterol,APPROVED_DRUGBANK,0.32
Nelfinavir,Riluzole,APPROVED_DRUGBANK,0.32
Nelfinavir,Sapropterin,APPROVED_DRUGBANK,0.32
Neomycin,Glycocholic_acid,GRAS_IIG,0.32
Ouabain,Azilsartan medoxomil,APPROVED_DRUGBANK,0.32
Oxymetholone,Vitamin A,APPROVED_DRUGBANK,0.32
Oxymetholone,Vitamin_A,GRAS_IIG,0.32
Paricalcitol,Carotene_(beta-carotene),GRAS_IIG,0.32
Paromomycin,Vitamin_A_acetate,GRAS_IIG,0.32
Phenindamine,Vitamin_A_acetate,GRAS_IIG,0.32
Phenprocoumon,Vitamin_A_acetate,GRAS_IIG,0.32
Pipazethate,Azilsartan medoxomil,APPROVED_DRUGBANK,0.32
Polythiazide,Vitamin_A_acetate,GRAS_IIG,0.32
Probucol,Alitretinoin,APPROVED_DRUGBANK,0.32
Probucol,Isotretinoin,APPROVED_DRUGBANK,0.32
Probucol,Tretinoin,APPROVED_DRUGBANK,0.32
Quinestrol,Deoxycholic Acid,APPROVED_DRUGBANK,0.32
Quinestrol,Desoxycholic_acid,GRAS_IIG,0.32
Quinidine barbiturate,Vitamin_A_palmitate,GRAS_IIG,0.32
Sibutramine,Deoxycholic Acid,APPROVED_DRUGBANK,0.32
Sibutramine,Desoxycholic_acid,GRAS_IIG,0.32
Sibutramine,Losartan,APPROVED_DRUGBANK,0.32
Simvastatin,Glycocholic_acid,GRAS_IIG,0.32
Sodium Nitrite,Alitretinoin,APPROVED_DRUGBANK,0.32
Sodium Nitrite,Isotretinoin,APPROVED_DRUGBANK,0.32
Sodium Nitrite,Tretinoin,APPROVED_DRUGBANK,0.32
Sodium phenylbutyrate,Vitamin_A_acetate,GRAS_IIG,0.32
Sucralfate,SODIUM_DESOXYCHOLATE,GRAS_IIG,0.32
Sulfasalazine,Azilsartan medoxomil,APPROVED_DRUGBANK,0.32
Sulindac,Deoxycholic Acid,APPROVED_DRUGBANK,0.32
Sulindac,Desoxycholic_acid,GRAS_IIG,0.32
Technetium Tc 99m Oxidronate,Alitretinoin,APPROVED_DRUGBANK,0.32
Technetium Tc 99m Oxidronate,Carotene_(beta-carotene),GRAS_IIG,0.32
Technetium Tc 99m Oxidronate,Isotretinoin,APPROVED_DRUGBANK,0.32
Technetium Tc 99m Oxidronate,Tretinoin,APPROVED_DRUGBANK,0.32
Testosterone,Taurocholic_acid,GRAS_IIG,0.32
Ticlopidine,Vitamin_A_acetate,GRAS_IIG,0.32
Tolnaftate,Vitamin A,APPROVED_DRUGBANK,0.32
Tolnaftate,Vitamin_A,GRAS_IIG,0.32
Trichlormethiazide,Taurocholic_acid,GRAS_IIG,0.32
Triclosan,Taurocholic_acid,GRAS_IIG,0.32
Trypan blue,Alitretinoin,APPROVED_DRUGBANK,0.32
Trypan blue,Isotretinoin,APPROVED_DRUGBANK,0.32
Trypan blue,Tretinoin,APPROVED_DRUGBANK,0.32
Vecuronium,Glycocholic_acid,GRAS_IIG,0.32
Vinorelbine,Indomethacin,APPROVED_DRUGBANK,0.32
Amikacin,SODIUM_DESOXYCHOLATE,GRAS_IIG,0.318
Amikacin,Vitamin_A_acetate,GRAS_IIG,0.318
Aminophylline,Glycocholic_acid,GRAS_IIG,0.318
Ammonium lactate,Deoxycholic Acid,APPROVED_DRUGBANK,0.318
Ammonium lactate,Desoxycholic_acid,GRAS_IIG,0.318
Arbekacin,Vitamin_A_acetate,GRAS_IIG,0.318
Atazanavir,SODIUM_DESOXYCHOLATE,GRAS_IIG,0.318
Atomoxetine,SODIUM_DESOXYCHOLATE,GRAS_IIG,0.318
Atovaquone,Antrafenine,APPROVED_DRUGBANK,0.318
Atovaquone,Dalbavancin,APPROVED_DRUGBANK,0.318
Atovaquone,Vinorelbine,APPROVED_DRUGBANK,0.318
Balsalazide,Azilsartan medoxomil,APPROVED_DRUGBANK,0.318
Bromhexine,Losartan,APPROVED_DRUGBANK,0.318
Bupranolol,Taurocholic_acid,GRAS_IIG,0.318
Calcium Chloride,Tannic_acid_(hydrolyzable_gallotannins),GRAS_IIG,0.318
Carboprost Tromethamine,Losartan,APPROVED_DRUGBANK,0.318
Carprofen,Deoxycholic Acid,APPROVED_DRUGBANK,0.318
Carprofen,Desoxycholic_acid,GRAS_IIG,0.318
Cefepime,Azilsartan medoxomil,APPROVED_DRUGBANK,0.318
Celecoxib,Taurocholic_acid,GRAS_IIG,0.318
Clotiazepam,Taurocholic_acid,GRAS_IIG,0.318
Cyproterone acetate,Taurocholic_acid,GRAS_IIG,0.318
Dasabuvir,Glycocholic_acid,GRAS_IIG,0.318
Dextropropoxyphene,Tannic_acid_(hydrolyzable_gallotannins),GRAS_IIG,0.318
Difluprednate,Azilsartan medoxomil,APPROVED_DRUGBANK,0.318
Difluprednate,Vitamin_A_acetate,GRAS_IIG,0.318
Diiodohydroxyquinoline,Taurocholic_acid,GRAS_IIG,0.318
Dimetindene,Taurocholic_acid,GRAS_IIG,0.318
Dipyridamole,Taurocholic_acid,GRAS_IIG,0.318
Docosanol,Alitretinoin,APPROVED_DRUGBANK,0.318
Docosanol,Isotretinoin,APPROVED_DRUGBANK,0.318
Docosanol,Tretinoin,APPROVED_DRUGBANK,0.318
Dronabinol,Azilsartan medoxomil,APPROVED_DRUGBANK,0.318
Drostanolone,Deoxycholic Acid,APPROVED_DRUGBANK,0.318
Drostanolone,Desoxycholic_acid,GRAS_IIG,0.318
Dydrogesterone,Deoxycholic Acid,APPROVED_DRUGBANK,0.318
Dydrogesterone,Desoxycholic_acid,GRAS_IIG,0.318
Econazole,Tenofovir,APPROVED_DRUGBANK,0.318
Ertapenem,Glycocholic_acid,GRAS_IIG,0.318
Etacrynic acid,Deoxycholic Acid,APPROVED_DRUGBANK,0.318
Etacrynic acid,Desoxycholic_acid,GRAS_IIG,0.318
Fenoldopam,Carotene_(beta-carotene),GRAS_IIG,0.318
Fosaprepitant,Azilsartan medoxomil,APPROVED_DRUGBANK,0.318
Hexoprenaline,Carotene_(beta-carotene),GRAS_IIG,0.318
Homatropine Methylbromide,Glycocholic_acid,GRAS_IIG,0.318
Indinavir,Glycocholic_acid,GRAS_IIG,0.318
Ioversol,Taurocholic_acid,GRAS_IIG,0.318
Isoconazole,Pantoprazole,APPROVED_DRUGBANK,0.318
Ivabradine,Azilsartan medoxomil,APPROVED_DRUGBANK,0.318
Levopropoxyphene,Tannic_acid_(hydrolyzable_gallotannins),GRAS_IIG,0.318
Lincomycin,Vitamin_A_acetate,GRAS_IIG,0.318
Lobeglitazone,Vitamin_A_acetate,GRAS_IIG,0.318
Lorpiprazole,Deoxycholic Acid,APPROVED_DRUGBANK,0.318
Lorpiprazole,Desoxycholic_acid,GRAS_IIG,0.318
Magnesium Trisilicate,Taurocholic_acid,GRAS_IIG,0.318
Meclizine,Vitamin_A_acetate,GRAS_IIG,0.318
Medroxyprogesterone acetate,Vitamin A,APPROVED_DRUGBANK,0.318
Medroxyprogesterone acetate,Vitamin_A,GRAS_IIG,0.318
Mesna,Vitamin A,APPROVED_DRUGBANK,0.318
Mesna,Vitamin_A,GRAS_IIG,0.318
Metrizamide,Azilsartan medoxomil,APPROVED_DRUGBANK,0.318
Midazolam,Taurocholic_acid,GRAS_IIG,0.318
Nelfinavir,ALANINE,GRAS_IIG,0.318
Nelfinavir,Aliskiren,APPROVED_DRUGBANK,0.318
Nelfinavir,Ambenonium,APPROVED_DRUGBANK,0.318
Nelfinavir,Carbazochrome,APPROVED_DRUGBANK,0.318
Nelfinavir,Cyamemazine,APPROVED_DRUGBANK,0.318
Nelfinavir,Fosphenytoin,APPROVED_DRUGBANK,0.318
Nelfinavir,Idelalisib,APPROVED_DRUGBANK,0.318
Nelfinavir,L-Alanine,APPROVED_DRUGBANK,0.318
Nelfinavir,Latamoxef,APPROVED_DRUGBANK,0.318
Nelfinavir,METACRESOL,GRAS_IIG,0.318
Nelfinavir,POLYVINYL_ACETATE_PHTHALATE,GRAS_IIG,0.318
Nelfinavir,Paroxetine,APPROVED_DRUGBANK,0.318
Nelfinavir,Pemirolast,APPROVED_DRUGBANK,0.318
Nelfinavir,Perphenazine,APPROVED_DRUGBANK,0.318
Nelfinavir,Ramosetron,APPROVED_DRUGBANK,0.318
Nelfinavir,Ropivacaine,APPROVED_DRUGBANK,0.318
Nelfinavir,Rosoxacin,APPROVED_DRUGBANK,0.318
Nelfinavir,Ruxolitinib,APPROVED_DRUGBANK,0.318
Nelfinavir,SODIUM_PHOSPHATE_DIHYDRATE,GRAS_IIG,0.318
Nelfinavir,Sodium phenylbutyrate,APPROVED_DRUGBANK,0.318
Nelfinavir,Sodium_phosphate_tribasic,GRAS_IIG,0.318
Nelfinavir,Tipiracil,APPROVED_DRUGBANK,0.318
Nelfinavir,Tolbutamide,APPROVED_DRUGBANK,0.318
Nelfinavir,Trimethoprim,APPROVED_DRUGBANK,0.318
Nicardipine,Glycocholic_acid,GRAS_IIG,0.318
Nicergoline,Glycocholic_acid,GRAS_IIG,0.318
Olanzapine,Taurocholic_acid,GRAS_IIG,0.318
Olopatadine,Taurocholic_acid,GRAS_IIG,0.318
Perospirone,Glycocholic_acid,GRAS_IIG,0.318
Phenoxybenzamine,Azilsartan medoxomil,APPROVED_DRUGBANK,0.318
Ponatinib,Azilsartan medoxomil,APPROVED_DRUGBANK,0.318
Potassium alum,Alitretinoin,APPROVED_DRUGBANK,0.318
Potassium alum,Isotretinoin,APPROVED_DRUGBANK,0.318
Potassium alum,Tretinoin,APPROVED_DRUGBANK,0.318
Prednicarbate,Vitamin_A_acetate,GRAS_IIG,0.318
Remikiren,SODIUM_DESOXYCHOLATE,GRAS_IIG,0.318
Risperidone,Indomethacin,APPROVED_DRUGBANK,0.318
Saquinavir,Azilsartan medoxomil,APPROVED_DRUGBANK,0.318
Selexipag,Azilsartan medoxomil,APPROVED_DRUGBANK,0.318
Sertaconazole,Desonide,APPROVED_DRUGBANK,0.318
Sertraline,Tannic_acid_(hydrolyzable_gallotannins),GRAS_IIG,0.318
Silodosin,Azilsartan medoxomil,APPROVED_DRUGBANK,0.318
Sodium acetate,Tannic_acid_(hydrolyzable_gallotannins),GRAS_IIG,0.318
Sodium sulfate,Alitretinoin,APPROVED_DRUGBANK,0.318
Sodium sulfate,Isotretinoin,APPROVED_DRUGBANK,0.318
Sodium sulfate,Tretinoin,APPROVED_DRUGBANK,0.318
Spironolactone,Glycocholic_acid,GRAS_IIG,0.318
Sucralfate,Vitamin_A_acetate,GRAS_IIG,0.318
Sulfasalazine,SODIUM_DESOXYCHOLATE,GRAS_IIG,0.318
Tazarotene,Vitamin_A_acetate,GRAS_IIG,0.318
Technetium Tc-99m Medronate,Deoxycholic Acid,APPROVED_DRUGBANK,0.318
Technetium Tc-99m Medronate,Desoxycholic_acid,GRAS_IIG,0.318
Technetium Tc-99m sestamibi,Alitretinoin,APPROVED_DRUGBANK,0.318
Technetium Tc-99m sestamibi,Isotretinoin,APPROVED_DRUGBANK,0.318
Technetium Tc-99m sestamibi,Tretinoin,APPROVED_DRUGBANK,0.318
Technetium Tc-99m sodium pertechnetate,Alitretinoin,APPROVED_DRUGBANK,0.318
Technetium Tc-99m sodium pertechnetate,Isotretinoin,APPROVED_DRUGBANK,0.318
Technetium Tc-99m sodium pertechnetate,Tretinoin,APPROVED_DRUGBANK,0.318
Terbinafine,Deoxycholic Acid,APPROVED_DRUGBANK,0.318
Terbinafine,Desoxycholic_acid,GRAS_IIG,0.318
Tigecycline,SODIUM_DESOXYCHOLATE,GRAS_IIG,0.318
Tizanidine,Losartan,APPROVED_DRUGBANK,0.318
Triazolam,Azilsartan medoxomil,APPROVED_DRUGBANK,0.318
Trisodium citrate dihydrate,Tannic_acid_(hydrolyzable_gallotannins),GRAS_IIG,0.318
Trypan blue,Vitamin A,APPROVED_DRUGBANK,0.318
Trypan blue,Vitamin_A,GRAS_IIG,0.318
Unoprostone,Vitamin_A_acetate,GRAS_IIG,0.318
Valrubicin,Indomethacin,APPROVED_DRUGBANK,0.318
Zinc sulfate,Alitretinoin,APPROVED_DRUGBANK,0.318
Zinc sulfate,Isotretinoin,APPROVED_DRUGBANK,0.318
Zinc sulfate,Tretinoin,APPROVED_DRUGBANK,0.318
Adenosine monophosphate,SODIUM_DESOXYCHOLATE,GRAS_IIG,0.316
Alverine,Azilsartan medoxomil,APPROVED_DRUGBANK,0.316
Amfecloral,Deoxycholic Acid,APPROVED_DRUGBANK,0.316
Amfecloral,Desoxycholic_acid,GRAS_IIG,0.316
Amikacin,Azilsartan medoxomil,APPROVED_DRUGBANK,0.316
Argatroban,Taurocholic_acid,GRAS_IIG,0.316
Atovaquone,ACETYLTRIBUTYL_CITRATE,GRAS_IIG,0.316
Atovaquone,Clevidipine,APPROVED_DRUGBANK,0.316
Atovaquone,Vinblastine,APPROVED_DRUGBANK,0.316
Avobenzone,Carotene_(beta-carotene),GRAS_IIG,0.316
Benzthiazide,Azilsartan medoxomil,APPROVED_DRUGBANK,0.316
Bisacodyl,SODIUM_DESOXYCHOLATE,GRAS_IIG,0.316
Bivalirudin,Vitamin_A_palmitate,GRAS_IIG,0.316
Brompheniramine,Taurocholic_acid,GRAS_IIG,0.316
Butenafine,Deoxycholic Acid,APPROVED_DRUGBANK,0.316
Butenafine,Desoxycholic_acid,GRAS_IIG,0.316
Butoconazole,Mebendazole,APPROVED_DRUGBANK,0.316
Calcium carbonate,Losartan,APPROVED_DRUGBANK,0.316
Carbamazepine,Losartan,APPROVED_DRUGBANK,0.316
Ceftibuten,Glycocholic_acid,GRAS_IIG,0.316
Cinacalcet,Vitamin_A_acetate,GRAS_IIG,0.316
Cinalukast,Taurocholic_acid,GRAS_IIG,0.316
Cobimetinib,SODIUM_DESOXYCHOLATE,GRAS_IIG,0.316
Copper,Alitretinoin,APPROVED_DRUGBANK,0.316
Copper,Isotretinoin,APPROVED_DRUGBANK,0.316
Copper,Tretinoin,APPROVED_DRUGBANK,0.316
Cyamemazine,Taurocholic_acid,GRAS_IIG,0.316
Dabigatran etexilate,Azilsartan medoxomil,APPROVED_DRUGBANK,0.316
Dasabuvir,SODIUM_DESOXYCHOLATE,GRAS_IIG,0.316
Demexiptiline,Azilsartan medoxomil,APPROVED_DRUGBANK,0.316
Desmopressin,Vitamin_A_palmitate,GRAS_IIG,0.316
Dexbrompheniramine,Taurocholic_acid,GRAS_IIG,0.316
Dextropropoxyphene,Vitamin_A_acetate,GRAS_IIG,0.316
Dienogest,Losartan,APPROVED_DRUGBANK,0.316
Dienogest,Vitamin A,APPROVED_DRUGBANK,0.316
Dienogest,Vitamin_A,GRAS_IIG,0.316
Diphenidol,Tannic_acid_(hydrolyzable_gallotannins),GRAS_IIG,0.316
Disulfiram,Deoxycholic Acid,APPROVED_DRUGBANK,0.316
Disulfiram,Desoxycholic_acid,GRAS_IIG,0.316
Dobutamine,Deoxycholic Acid,APPROVED_DRUGBANK,0.316
Dobutamine,Desoxycholic_acid,GRAS_IIG,0.316
Doxycycline,Carotene_(beta-carotene),GRAS_IIG,0.316
Dydrogesterone,Vitamin A,APPROVED_DRUGBANK,0.316
Dydrogesterone,Vitamin_A,GRAS_IIG,0.316
Econazole,Grazoprevir,APPROVED_DRUGBANK,0.316
Econazole,Ledipasvir,APPROVED_DRUGBANK,0.316
Edoxaban,Taurocholic_acid,GRAS_IIG,0.316
Enviomycin,Vitamin_A_acetate,GRAS_IIG,0.316
Eplerenone,SODIUM_DESOXYCHOLATE,GRAS_IIG,0.316
Equilin,Losartan,APPROVED_DRUGBANK,0.316
Ezogabine,Glycocholic_acid,GRAS_IIG,0.316
Felypressin,Indomethacin,APPROVED_DRUGBANK,0.316
Fenoldopam,Deoxycholic Acid,APPROVED_DRUGBANK,0.316
Fenoldopam,Desoxycholic_acid,GRAS_IIG,0.316
Forasartan,Glycocholic_acid,GRAS_IIG,0.316
Fulvestrant,Sugammadex,APPROVED_DRUGBANK,0.316
Gentamicin,Azilsartan medoxomil,APPROVED_DRUGBANK,0.316
Helium,Alitretinoin,APPROVED_DRUGBANK,0.316
Helium,Isotretinoin,APPROVED_DRUGBANK,0.316
Helium,Tannic_acid_(hydrolyzable_gallotannins),GRAS_IIG,0.316
Helium,Tretinoin,APPROVED_DRUGBANK,0.316
Hydroxocobalamin,Vitamin_A_palmitate,GRAS_IIG,0.316
Ipratropium bromide,Vitamin_A_acetate,GRAS_IIG,0.316
Iron,Alitretinoin,APPROVED_DRUGBANK,0.316
Iron,Isotretinoin,APPROVED_DRUGBANK,0.316
Iron,Tretinoin,APPROVED_DRUGBANK,0.316
Isoaminile,Taurocholic_acid,GRAS_IIG,0.316
Lanthanum carbonate,Vitamin A,APPROVED_DRUGBANK,0.316
Lanthanum carbonate,Vitamin_A,GRAS_IIG,0.316
Lenvatinib,Glycocholic_acid,GRAS_IIG,0.316
Levopropoxyphene,Vitamin_A_acetate,GRAS_IIG,0.316
Liotrix,Azilsartan medoxomil,APPROVED_DRUGBANK,0.316
Lithium,Alitretinoin,APPROVED_DRUGBANK,0.316
Lithium,Isotretinoin,APPROVED_DRUGBANK,0.316
Lithium,Tretinoin,APPROVED_DRUGBANK,0.316
Lopinavir,Azilsartan medoxomil,APPROVED_DRUGBANK,0.316
Lornoxicam,Deoxycholic Acid,APPROVED_DRUGBANK,0.316
Lornoxicam,Desoxycholic_acid,GRAS_IIG,0.316
Manganese,Alitretinoin,APPROVED_DRUGBANK,0.316
Manganese,Isotretinoin,APPROVED_DRUGBANK,0.316
Manganese,Tretinoin,APPROVED_DRUGBANK,0.316
Medrogestone,SODIUM_DESOXYCHOLATE,GRAS_IIG,0.316
Medroxyprogesterone acetate,Carotene_(beta-carotene),GRAS_IIG,0.316
Mefloquine,Losartan,APPROVED_DRUGBANK,0.316
Metixene,SODIUM_DESOXYCHOLATE,GRAS_IIG,0.316
Mipomersen,Candesartan,APPROVED_DRUGBANK,0.316
Nabilone,Carotene_(beta-carotene),GRAS_IIG,0.316
Naftifine,Taurocholic_acid,GRAS_IIG,0.316
Nelfinavir,Alverine,APPROVED_DRUGBANK,0.316
Nelfinavir,Barnidipine,APPROVED_DRUGBANK,0.316
Nelfinavir,Carprofen,APPROVED_DRUGBANK,0.316
Nelfinavir,Cloxacillin,APPROVED_DRUGBANK,0.316
Nelfinavir,Cyclandelate,APPROVED_DRUGBANK,0.316
Nelfinavir,Dextromethorphan,APPROVED_DRUGBANK,0.316
Nelfinavir,Edoxaban,APPROVED_DRUGBANK,0.316
Nelfinavir,Eluxadoline,APPROVED_DRUGBANK,0.316
Nelfinavir,Fenoprofen,APPROVED_DRUGBANK,0.316
Nelfinavir,Glycodiazine,APPROVED_DRUGBANK,0.316
Nelfinavir,Ifosfamide,APPROVED_DRUGBANK,0.316
Nelfinavir,Imolamine,APPROVED_DRUGBANK,0.316
Nelfinavir,Ketoconazole,APPROVED_DRUGBANK,0.316
Nelfinavir,Leucovorin,APPROVED_DRUGBANK,0.316
Nelfinavir,Methadone,APPROVED_DRUGBANK,0.316
Nelfinavir,Phenylbutazone,APPROVED_DRUGBANK,0.316
Nelfinavir,Phenylephrine,APPROVED_DRUGBANK,0.316
Nelfinavir,Phylloquinone,APPROVED_DRUGBANK,0.316
Nelfinavir,Piperacillin,APPROVED_DRUGBANK,0.316
Nelfinavir,Propylhexedrine,APPROVED_DRUGBANK,0.316
Nelfinavir,Rivastigmine,APPROVED_DRUGBANK,0.316
Nelfinavir,SODIUM_POLYSTYRENE_SULFONATE,GRAS_IIG,0.316
Nelfinavir,Tymazoline,APPROVED_DRUGBANK,0.316
Norelgestromin,Taurocholic_acid,GRAS_IIG,0.316
Octreotide,Vitamin_A_palmitate,GRAS_IIG,0.316
Pamidronate,Carotene_(beta-carotene),GRAS_IIG,0.316
Paromomycin,Glycocholic_acid,GRAS_IIG,0.316
Perhexiline,Vitamin A,APPROVED_DRUGBANK,0.316
Perhexiline,Vitamin_A,GRAS_IIG,0.316
Polidocanol,Alitretinoin,APPROVED_DRUGBANK,0.316
Polidocanol,Isotretinoin,APPROVED_DRUGBANK,0.316
Polidocanol,Tretinoin,APPROVED_DRUGBANK,0.316
Potassium Chloride,Tannic_acid_(hydrolyzable_gallotannins),GRAS_IIG,0.316
Propofol,Alitretinoin,APPROVED_DRUGBANK,0.316
Propofol,Isotretinoin,APPROVED_DRUGBANK,0.316
Propofol,Tretinoin,APPROVED_DRUGBANK,0.316
Sodium Chloride,Tannic_acid_(hydrolyzable_gallotannins),GRAS_IIG,0.316
Sodium Iodide I-131,Alitretinoin,APPROVED_DRUGBANK,0.316
Sodium Iodide I-131,Isotretinoin,APPROVED_DRUGBANK,0.316
Sodium Iodide I-131,Tretinoin,APPROVED_DRUGBANK,0.316
Sodium acetate,Vitamin A,APPROVED_DRUGBANK,0.316
Sodium acetate,Vitamin_A,GRAS_IIG,0.316
Sodium fluoride,Alitretinoin,APPROVED_DRUGBANK,0.316
Sodium fluoride,Isotretinoin,APPROVED_DRUGBANK,0.316
Sodium fluoride,Tretinoin,APPROVED_DRUGBANK,0.316
Stanozolol,Taurocholic_acid,GRAS_IIG,0.316
Sulindac,Taurocholic_acid,GRAS_IIG,0.316
Sulindac,Vitamin_A_acetate,GRAS_IIG,0.316
Tamsulosin,Azilsartan medoxomil,APPROVED_DRUGBANK,0.316
Tazarotene,Glycocholic_acid,GRAS_IIG,0.316
Technetium Tc-99m Medronate,Alitretinoin,APPROVED_DRUGBANK,0.316
Technetium Tc-99m Medronate,Isotretinoin,APPROVED_DRUGBANK,0.316
Technetium Tc-99m Medronate,Tretinoin,APPROVED_DRUGBANK,0.316
Tenofovir alafenamide,Azilsartan medoxomil,APPROVED_DRUGBANK,0.316
Tetracycline,Vitamin_A_acetate,GRAS_IIG,0.316
Thioridazine,Indomethacin,APPROVED_DRUGBANK,0.316
Trioxsalen,Glycocholic_acid,GRAS_IIG,0.316
Tubocurarine,Vitamin_A_palmitate,GRAS_IIG,0.316
Tyropanoic acid,Deoxycholic Acid,APPROVED_DRUGBANK,0.316
Tyropanoic acid,Desoxycholic_acid,GRAS_IIG,0.316
Umeclidinium,SODIUM_DESOXYCHOLATE,GRAS_IIG,0.316
Verteporfin,Glycocholic_acid,GRAS_IIG,0.316
Vindesine,Azilsartan medoxomil,APPROVED_DRUGBANK,0.316
Xenon-133,Alitretinoin,APPROVED_DRUGBANK,0.316
Xenon-133,Isotretinoin,APPROVED_DRUGBANK,0.316
Xenon-133,Tretinoin,APPROVED_DRUGBANK,0.316
Zinc,Alitretinoin,APPROVED_DRUGBANK,0.316
Zinc,Isotretinoin,APPROVED_DRUGBANK,0.316
Zinc,Tretinoin,APPROVED_DRUGBANK,0.316
Zolpidem,Deoxycholic Acid,APPROVED_DRUGBANK,0.316
Zolpidem,Desoxycholic_acid,GRAS_IIG,0.316
Acitretin,Vitamin_A_acetate,GRAS_IIG,0.314
Adenosine triphosphate,SODIUM_DESOXYCHOLATE,GRAS_IIG,0.314
Alendronic acid,Carotene_(beta-carotene),GRAS_IIG,0.314
Alprazolam,Taurocholic_acid,GRAS_IIG,0.314
Aluminium,Alitretinoin,APPROVED_DRUGBANK,0.314
Aluminium,Isotretinoin,APPROVED_DRUGBANK,0.314
Aluminium,Tretinoin,APPROVED_DRUGBANK,0.314
Aluminum hydroxide,Alitretinoin,APPROVED_DRUGBANK,0.314
Aluminum hydroxide,Isotretinoin,APPROVED_DRUGBANK,0.314
Aluminum hydroxide,Tannic_acid_(hydrolyzable_gallotannins),GRAS_IIG,0.314
Aluminum hydroxide,Tretinoin,APPROVED_DRUGBANK,0.314
Ambenonium,Losartan,APPROVED_DRUGBANK,0.314
Amiodarone,Azilsartan medoxomil,APPROVED_DRUGBANK,0.314
Ammonia N-13,Alitretinoin,APPROVED_DRUGBANK,0.314
Ammonia N-13,Isotretinoin,APPROVED_DRUGBANK,0.314
Ammonia N-13,Tretinoin,APPROVED_DRUGBANK,0.314
Anagrelide,Losartan,APPROVED_DRUGBANK,0.314
Anidulafungin,Candesartan,APPROVED_DRUGBANK,0.314
Atazanavir,Glycocholic_acid,GRAS_IIG,0.314
Atorvastatin,Azilsartan medoxomil,APPROVED_DRUGBANK,0.314
Atovaquone,Capecitabine,APPROVED_DRUGBANK,0.314
Atovaquone,Propoxycaine,APPROVED_DRUGBANK,0.314
Bentoquatam,Alitretinoin,APPROVED_DRUGBANK,0.314
Bentoquatam,Isotretinoin,APPROVED_DRUGBANK,0.314
Bentoquatam,Tretinoin,APPROVED_DRUGBANK,0.314
Bexarotene,Deoxycholic Acid,APPROVED_DRUGBANK,0.314
Bexarotene,Desoxycholic_acid,GRAS_IIG,0.314
Bisacodyl,Glycocholic_acid,GRAS_IIG,0.314
Calcium Acetate,Vitamin A,APPROVED_DRUGBANK,0.314
Calcium Acetate,Vitamin_A,GRAS_IIG,0.314
Calcium Chloride,Carotene_(beta-carotene),GRAS_IIG,0.314
Calcium Chloride,Losartan,APPROVED_DRUGBANK,0.314
Calcium carbimide,Alitretinoin,APPROVED_DRUGBANK,0.314
Calcium carbimide,Isotretinoin,APPROVED_DRUGBANK,0.314
Calcium carbimide,Tretinoin,APPROVED_DRUGBANK,0.314
Carbamazepine,Taurocholic_acid,GRAS_IIG,0.314
Ceftibuten,SODIUM_DESOXYCHOLATE,GRAS_IIG,0.314
Ceruletide,Candesartan,APPROVED_DRUGBANK,0.314
Chromic chloride,Tannic_acid_(hydrolyzable_gallotannins),GRAS_IIG,0.314
Cinalukast,Losartan,APPROVED_DRUGBANK,0.314
Clotrimazole,Deoxycholic Acid,APPROVED_DRUGBANK,0.314
Clotrimazole,Desoxycholic_acid,GRAS_IIG,0.314
Clozapine,Deoxycholic Acid,APPROVED_DRUGBANK,0.314
Clozapine,Desoxycholic_acid,GRAS_IIG,0.314
Colfosceril palmitate,Glycocholic_acid,GRAS_IIG,0.314
Colistin,Azilsartan medoxomil,APPROVED_DRUGBANK,0.314
Colistin,Glycocholic_acid,GRAS_IIG,0.314
Copper,Tannic_acid_(hydrolyzable_gallotannins),GRAS_IIG,0.314
Cyanocobalamin,Candesartan,APPROVED_DRUGBANK,0.314
Dasatinib,Deoxycholic Acid,APPROVED_DRUGBANK,0.314
Dasatinib,Desoxycholic_acid,GRAS_IIG,0.314
Demexiptiline,SODIUM_DESOXYCHOLATE,GRAS_IIG,0.314
Diethylstilbestrol,Tannic_acid_(hydrolyzable_gallotannins),GRAS_IIG,0.314
Dihomo-gamma-linolenic acid,Deoxycholic Acid,APPROVED_DRUGBANK,0.314
Dihomo-gamma-linolenic acid,Desoxycholic_acid,GRAS_IIG,0.314
Disulfiram,Losartan,APPROVED_DRUGBANK,0.314
Doripenem,SODIUM_DESOXYCHOLATE,GRAS_IIG,0.314
Drospirenone,Glycocholic_acid,GRAS_IIG,0.314
Duloxetine,Vitamin_A_acetate,GRAS_IIG,0.314
Elbasvir,Azilsartan medoxomil,APPROVED_DRUGBANK,0.314
Enoxaparin,Azilsartan medoxomil,APPROVED_DRUGBANK,0.314
Ethynodiol diacetate,Deoxycholic Acid,APPROVED_DRUGBANK,0.314
Ethynodiol diacetate,Desoxycholic_acid,GRAS_IIG,0.314
Ethynodiol diacetate,Vitamin_A_acetate,GRAS_IIG,0.314
Etonogestrel,Alitretinoin,APPROVED_DRUGBANK,0.314
Etonogestrel,Isotretinoin,APPROVED_DRUGBANK,0.314
Etonogestrel,Tretinoin,APPROVED_DRUGBANK,0.314
Etoricoxib,Tannic_acid_(hydrolyzable_gallotannins),GRAS_IIG,0.314
Ferric Citrate,Carotene_(beta-carotene),GRAS_IIG,0.314
Ferric Citrate,Losartan,APPROVED_DRUGBANK,0.314
Fosamprenavir,Azilsartan medoxomil,APPROVED_DRUGBANK,0.314
Gallium nitrate,Alitretinoin,APPROVED_DRUGBANK,0.314
Gallium nitrate,Isotretinoin,APPROVED_DRUGBANK,0.314
Gallium nitrate,Losartan,APPROVED_DRUGBANK,0.314
Gallium nitrate,Tretinoin,APPROVED_DRUGBANK,0.314
Hexoprenaline,Alitretinoin,APPROVED_DRUGBANK,0.314
Hexoprenaline,Isotretinoin,APPROVED_DRUGBANK,0.314
Hexoprenaline,Tretinoin,APPROVED_DRUGBANK,0.314
Hydroxystilbamidine Isethionate,Glycocholic_acid,GRAS_IIG,0.314
Icatibant,Vitamin_A_palmitate,GRAS_IIG,0.314
Icosapent ethyl,Glycocholic_acid,GRAS_IIG,0.314
Iloprost,Taurocholic_acid,GRAS_IIG,0.314
Iron,Tannic_acid_(hydrolyzable_gallotannins),GRAS_IIG,0.314
Lercanidipine,SODIUM_DESOXYCHOLATE,GRAS_IIG,0.314
Levonorgestrel,Carotene_(beta-carotene),GRAS_IIG,0.314
Levonorgestrel,Vitamin A,APPROVED_DRUGBANK,0.314
Levonorgestrel,Vitamin_A,GRAS_IIG,0.314
Linaclotide,Indomethacin,APPROVED_DRUGBANK,0.314
Lithium,Tannic_acid_(hydrolyzable_gallotannins),GRAS_IIG,0.314
Luliconazole,Tannic_acid_(hydrolyzable_gallotannins),GRAS_IIG,0.314
Manganese,Tannic_acid_(hydrolyzable_gallotannins),GRAS_IIG,0.314
Nabilone,Vitamin A,APPROVED_DRUGBANK,0.314
Nabilone,Vitamin_A,GRAS_IIG,0.314
Naloxegol,SODIUM_DESOXYCHOLATE,GRAS_IIG,0.314
Nandrolone decanoate,Taurocholic_acid,GRAS_IIG,0.314
Nelfinavir,Allopurinol,APPROVED_DRUGBANK,0.314
Nelfinavir,Alosetron,APPROVED_DRUGBANK,0.314
Nelfinavir,Clemastine,APPROVED_DRUGBANK,0.314
Nelfinavir,Clonazepam,APPROVED_DRUGBANK,0.314
Nelfinavir,Cysteamine,APPROVED_DRUGBANK,0.314
Nelfinavir,DIMETHYL_ISOSORBIDE,GRAS_IIG,0.314
Nelfinavir,Ezetimibe,APPROVED_DRUGBANK,0.314
Nelfinavir,Ganirelix,APPROVED_DRUGBANK,0.314
Nelfinavir,Isoetarine,APPROVED_DRUGBANK,0.314
Nelfinavir,Lapatinib,APPROVED_DRUGBANK,0.314
Nelfinavir,"MAGNESIUM_PHOSPHATE,_TRIBASIC,_PENTAHYDRATE",GRAS_IIG,0.314
Nelfinavir,Remikiren,APPROVED_DRUGBANK,0.314
Nelfinavir,Sulfamethizole,APPROVED_DRUGBANK,0.314
Nelfinavir,Tiludronate,APPROVED_DRUGBANK,0.314
Nelfinavir,Triprolidine,APPROVED_DRUGBANK,0.314
Niclosamide,Deoxycholic Acid,APPROVED_DRUGBANK,0.314
Niclosamide,Desoxycholic_acid,GRAS_IIG,0.314
Niclosamide,Tannic_acid_(hydrolyzable_gallotannins),GRAS_IIG,0.314
Pamidronate,Tannic_acid_(hydrolyzable_gallotannins),GRAS_IIG,0.314
Potassium Chloride,Carotene_(beta-carotene),GRAS_IIG,0.314
Potassium Chloride,Losartan,APPROVED_DRUGBANK,0.314
Potassium Citrate,Carotene_(beta-carotene),GRAS_IIG,0.314
Potassium Citrate,Losartan,APPROVED_DRUGBANK,0.314
Potassium Iodide,Tannic_acid_(hydrolyzable_gallotannins),GRAS_IIG,0.314
Quinagolide,Taurocholic_acid,GRAS_IIG,0.314
Quinestrol,Alitretinoin,APPROVED_DRUGBANK,0.314
Quinestrol,Isotretinoin,APPROVED_DRUGBANK,0.314
Quinestrol,Tretinoin,APPROVED_DRUGBANK,0.314
Rolapitant,Azilsartan medoxomil,APPROVED_DRUGBANK,0.314
Romidepsin,Azilsartan medoxomil,APPROVED_DRUGBANK,0.314
Sertaconazole,Pantoprazole,APPROVED_DRUGBANK,0.314
Simeprevir,Vitamin_A_palmitate,GRAS_IIG,0.314
Sodium Chloride,Carotene_(beta-carotene),GRAS_IIG,0.314
Sodium Chloride,Losartan,APPROVED_DRUGBANK,0.314
Sodium Citrate,Carotene_(beta-carotene),GRAS_IIG,0.314
Sodium Citrate,Losartan,APPROVED_DRUGBANK,0.314
Sodium aurothiomalate,Taurocholic_acid,GRAS_IIG,0.314
Sodium fluoride,Tannic_acid_(hydrolyzable_gallotannins),GRAS_IIG,0.314
Sorafenib,Magnesium_glycerophosphate_(packaging),GRAS_IIG,0.314
Sorafenib,Manganese_glycerophosphate,GRAS_IIG,0.314
Sorafenib,Potassium_glycerophosphate,GRAS_IIG,0.314
Stanozolol,Carotene_(beta-carotene),GRAS_IIG,0.314
Sulfinpyrazone,Azilsartan medoxomil,APPROVED_DRUGBANK,0.314
Technetium Tc-99m sodium pertechnetate,Losartan,APPROVED_DRUGBANK,0.314
Technetium Tc-99m sodium pertechnetate,Tannic_acid_(hydrolyzable_gallotannins),GRAS_IIG,0.314
Technetium Tc-99m tetrofosmin,Vitamin A,APPROVED_DRUGBANK,0.314
Technetium Tc-99m tetrofosmin,Vitamin_A,GRAS_IIG,0.314
Testosterone,Deoxycholic Acid,APPROVED_DRUGBANK,0.314
Testosterone,Desoxycholic_acid,GRAS_IIG,0.314
Testosterone Propionate,Vitamin_A_acetate,GRAS_IIG,0.314
Thallous Chloride,Losartan,APPROVED_DRUGBANK,0.314
Thallous Chloride,Tannic_acid_(hydrolyzable_gallotannins),GRAS_IIG,0.314
Tigecycline,Azilsartan medoxomil,APPROVED_DRUGBANK,0.314
Tolterodine,Vitamin_A_acetate,GRAS_IIG,0.314
Travoprost,Azilsartan medoxomil,APPROVED_DRUGBANK,0.314
Trihexyphenidyl,Tannic_acid_(hydrolyzable_gallotannins),GRAS_IIG,0.314
Trisodium citrate dihydrate,Carotene_(beta-carotene),GRAS_IIG,0.314
Trisodium citrate dihydrate,Losartan,APPROVED_DRUGBANK,0.314
Vincristine,Indomethacin,APPROVED_DRUGBANK,0.314
Vindesine,Vitamin_A_palmitate,GRAS_IIG,0.314
Voacamine,Vitamin_A_palmitate,GRAS_IIG,0.314
Zanamivir,SODIUM_DESOXYCHOLATE,GRAS_IIG,0.314
Zinc,Tannic_acid_(hydrolyzable_gallotannins),GRAS_IIG,0.314
Zolpidem,Taurocholic_acid,GRAS_IIG,0.314
Acarbose,Glycocholic_acid,GRAS_IIG,0.312
Aliskiren,Azilsartan medoxomil,APPROVED_DRUGBANK,0.312
Aliskiren,Vitamin_A_palmitate,GRAS_IIG,0.312
Ambenonium,Deoxycholic Acid,APPROVED_DRUGBANK,0.312
Ambenonium,Desoxycholic_acid,GRAS_IIG,0.312
Ammonium lactate,Losartan,APPROVED_DRUGBANK,0.312
Anagrelide,Tannic_acid_(hydrolyzable_gallotannins),GRAS_IIG,0.312
Arbekacin,SODIUM_DESOXYCHOLATE,GRAS_IIG,0.312
Aripiprazole,SODIUM_DESOXYCHOLATE,GRAS_IIG,0.312
Atovaquone,Cinchocaine,APPROVED_DRUGBANK,0.312
Azithromycin,Azilsartan medoxomil,APPROVED_DRUGBANK,0.312
Benzatropine,Vitamin_A_acetate,GRAS_IIG,0.312
Bopindolol,Azilsartan medoxomil,APPROVED_DRUGBANK,0.312
Calcium Chloride,Alitretinoin,APPROVED_DRUGBANK,0.312
Calcium Chloride,Isotretinoin,APPROVED_DRUGBANK,0.312
Calcium Chloride,Tretinoin,APPROVED_DRUGBANK,0.312
Calcium carbonate,Tannic_acid_(hydrolyzable_gallotannins),GRAS_IIG,0.312
Cefdinir,Azilsartan medoxomil,APPROVED_DRUGBANK,0.312
Cefoxitin,Azilsartan medoxomil,APPROVED_DRUGBANK,0.312
Ceftazidime,Azilsartan medoxomil,APPROVED_DRUGBANK,0.312
Ceftazidime,SODIUM_DESOXYCHOLATE,GRAS_IIG,0.312
Ceftizoxime,Vitamin_A_acetate,GRAS_IIG,0.312
Celecoxib,Vitamin A,APPROVED_DRUGBANK,0.312
Celecoxib,Vitamin_A,GRAS_IIG,0.312
Chromic chloride,Carotene_(beta-carotene),GRAS_IIG,0.312
Chromic chloride,Losartan,APPROVED_DRUGBANK,0.312
Cilnidipine,Vitamin_A_acetate,GRAS_IIG,0.312
Clofedanol,Deoxycholic Acid,APPROVED_DRUGBANK,0.312
Clofedanol,Desoxycholic_acid,GRAS_IIG,0.312
Clomifene,Glycocholic_acid,GRAS_IIG,0.312
Clomocycline,Azilsartan medoxomil,APPROVED_DRUGBANK,0.312
Cobimetinib,Azilsartan medoxomil,APPROVED_DRUGBANK,0.312
Colistin,Vitamin_A_acetate,GRAS_IIG,0.312
Conivaptan,Vitamin_A_palmitate,GRAS_IIG,0.312
Conjugated Estrogens,Tannic_acid_(hydrolyzable_gallotannins),GRAS_IIG,0.312
Copper,Losartan,APPROVED_DRUGBANK,0.312
Dasabuvir,Vitamin_A_acetate,GRAS_IIG,0.312
Deferoxamine,Taurocholic_acid,GRAS_IIG,0.312
Deserpidine,Azilsartan medoxomil,APPROVED_DRUGBANK,0.312
Desmopressin,Candesartan,APPROVED_DRUGBANK,0.312
Diethylstilbestrol,Carotene_(beta-carotene),GRAS_IIG,0.312
Dihydrotachysterol,Deoxycholic Acid,APPROVED_DRUGBANK,0.312
Dihydrotachysterol,Desoxycholic_acid,GRAS_IIG,0.312
Dutasteride,Azilsartan medoxomil,APPROVED_DRUGBANK,0.312
Dutasteride,Glycocholic_acid,GRAS_IIG,0.312
Ecamsule,Taurocholic_acid,GRAS_IIG,0.312
Efavirenz,Losartan,APPROVED_DRUGBANK,0.312
Eliglustat,Azilsartan medoxomil,APPROVED_DRUGBANK,0.312
Erythromycin,Glycocholic_acid,GRAS_IIG,0.312
Ethanolamine Oleate,Deoxycholic Acid,APPROVED_DRUGBANK,0.312
Ethanolamine Oleate,Desoxycholic_acid,GRAS_IIG,0.312
Ferric Citrate,Alitretinoin,APPROVED_DRUGBANK,0.312
Ferric Citrate,Isotretinoin,APPROVED_DRUGBANK,0.312
Ferric Citrate,Tretinoin,APPROVED_DRUGBANK,0.312
Fimasartan,Glycocholic_acid,GRAS_IIG,0.312
Flavin adenine dinucleotide,Vitamin_A_palmitate,GRAS_IIG,0.312
Florbetapir (18F),Vitamin_A_acetate,GRAS_IIG,0.312
Flurandrenolide,Vitamin_A_acetate,GRAS_IIG,0.312
Framycetin,SODIUM_DESOXYCHOLATE,GRAS_IIG,0.312
Fulvestrant,Losartan,APPROVED_DRUGBANK,0.312
Gadopentetate dimeglumine,Deoxycholic Acid,APPROVED_DRUGBANK,0.312
Gadopentetate dimeglumine,Desoxycholic_acid,GRAS_IIG,0.312
Gadopentetate dimeglumine,Vitamin_A_acetate,GRAS_IIG,0.312
Gadoxetic acid,Deoxycholic Acid,APPROVED_DRUGBANK,0.312
Gadoxetic acid,Desoxycholic_acid,GRAS_IIG,0.312
Gentian Violet,Taurocholic_acid,GRAS_IIG,0.312
Hyaluronic acid,Glycocholic_acid,GRAS_IIG,0.312
Hydroxocobalamin,Candesartan,APPROVED_DRUGBANK,0.312
Icosapent,Taurocholic_acid,GRAS_IIG,0.312
Iopodic acid,Taurocholic_acid,GRAS_IIG,0.312
Isothipendyl,SODIUM_DESOXYCHOLATE,GRAS_IIG,0.312
Levomethadyl Acetate,Vitamin_A_acetate,GRAS_IIG,0.312
Lindane,Vitamin A,APPROVED_DRUGBANK,0.312
Lindane,Vitamin_A,GRAS_IIG,0.312
Magnesium Sulfate,Alitretinoin,APPROVED_DRUGBANK,0.312
Magnesium Sulfate,Isotretinoin,APPROVED_DRUGBANK,0.312
Magnesium Sulfate,Tretinoin,APPROVED_DRUGBANK,0.312
Magnesium Trisilicate,Vitamin A,APPROVED_DRUGBANK,0.312
Magnesium Trisilicate,Vitamin_A,GRAS_IIG,0.312
Mangafodipir,Alitretinoin,APPROVED_DRUGBANK,0.312
Mangafodipir,Isotretinoin,APPROVED_DRUGBANK,0.312
Mangafodipir,Tretinoin,APPROVED_DRUGBANK,0.312
Meclizine,Tannic_acid_(hydrolyzable_gallotannins),GRAS_IIG,0.312
Megestrol acetate,Vitamin A,APPROVED_DRUGBANK,0.312
Megestrol acetate,Vitamin_A,GRAS_IIG,0.312
Methadyl Acetate,Vitamin_A_acetate,GRAS_IIG,0.312
Miltefosine,Vitamin A,APPROVED_DRUGBANK,0.312
Miltefosine,Vitamin_A,GRAS_IIG,0.312
Nebivolol,Vitamin A,APPROVED_DRUGBANK,0.312
Nebivolol,Vitamin_A,GRAS_IIG,0.312
Nelfinavir,Aminosalicylic Acid,APPROVED_DRUGBANK,0.312
Nelfinavir,Aprindine,APPROVED_DRUGBANK,0.312
Nelfinavir,Avanafil,APPROVED_DRUGBANK,0.312
Nelfinavir,Azathioprine,APPROVED_DRUGBANK,0.312
Nelfinavir,CALCIUM_SULFATE_ANHYDROUS,GRAS_IIG,0.312
Nelfinavir,Carbidopa,APPROVED_DRUGBANK,0.312
Nelfinavir,Cloxazolam,APPROVED_DRUGBANK,0.312
Nelfinavir,Deferiprone,APPROVED_DRUGBANK,0.312
Nelfinavir,Dezocine,APPROVED_DRUGBANK,0.312
Nelfinavir,Efonidipine,APPROVED_DRUGBANK,0.312
Nelfinavir,Gadobenic acid,APPROVED_DRUGBANK,0.312
Nelfinavir,Lesinurad,APPROVED_DRUGBANK,0.312
Nelfinavir,Lidocaine,APPROVED_DRUGBANK,0.312
Nelfinavir,Methyprylon,APPROVED_DRUGBANK,0.312
Nelfinavir,Nisoldipine,APPROVED_DRUGBANK,0.312
Nelfinavir,Normethadone,APPROVED_DRUGBANK,0.312
Nelfinavir,Olanzapine,APPROVED_DRUGBANK,0.312
Nelfinavir,Pargyline,APPROVED_DRUGBANK,0.312
Nelfinavir,Plerixafor,APPROVED_DRUGBANK,0.312
Nelfinavir,Ponatinib,APPROVED_DRUGBANK,0.312
Nelfinavir,Sulfamic_acid_(packaging),GRAS_IIG,0.312
Nelfinavir,Tamibarotene,APPROVED_DRUGBANK,0.312
Nelfinavir,Tetrabenazine,APPROVED_DRUGBANK,0.312
Nelfinavir,Tolcapone,APPROVED_DRUGBANK,0.312
Nelfinavir,Xylometazoline,APPROVED_DRUGBANK,0.312
Neomycin,SODIUM_DESOXYCHOLATE,GRAS_IIG,0.312
Octreotide,Candesartan,APPROVED_DRUGBANK,0.312
Oxaprozin,Azilsartan medoxomil,APPROVED_DRUGBANK,0.312
Oxymetholone,Carotene_(beta-carotene),GRAS_IIG,0.312
Oxymetholone,Tannic_acid_(hydrolyzable_gallotannins),GRAS_IIG,0.312
Pamidronate,Alitretinoin,APPROVED_DRUGBANK,0.312
Pamidronate,Isotretinoin,APPROVED_DRUGBANK,0.312
Pamidronate,Tretinoin,APPROVED_DRUGBANK,0.312
Parecoxib,Vitamin_A_acetate,GRAS_IIG,0.312
Phenoxybenzamine,Vitamin_A_acetate,GRAS_IIG,0.312
Piperacillin,Azilsartan medoxomil,APPROVED_DRUGBANK,0.312
Piperonyl butoxide,Taurocholic_acid,GRAS_IIG,0.312
Potassium Chloride,Alitretinoin,APPROVED_DRUGBANK,0.312
Potassium Chloride,Isotretinoin,APPROVED_DRUGBANK,0.312
Potassium Chloride,Tretinoin,APPROVED_DRUGBANK,0.312
Potassium Citrate,Alitretinoin,APPROVED_DRUGBANK,0.312
Potassium Citrate,Isotretinoin,APPROVED_DRUGBANK,0.312
Potassium Citrate,Tretinoin,APPROVED_DRUGBANK,0.312
Potassium Iodide,Alitretinoin,APPROVED_DRUGBANK,0.312
Potassium Iodide,Isotretinoin,APPROVED_DRUGBANK,0.312
Potassium Iodide,Tretinoin,APPROVED_DRUGBANK,0.312
Progabide,Deoxycholic Acid,APPROVED_DRUGBANK,0.312
Progabide,Desoxycholic_acid,GRAS_IIG,0.312
Promethazine,Losartan,APPROVED_DRUGBANK,0.312
Quinestrol,Vitamin A,APPROVED_DRUGBANK,0.312
Quinestrol,Vitamin_A,GRAS_IIG,0.312
Rimexolone,Carotene_(beta-carotene),GRAS_IIG,0.312
Saquinavir,NAPHTHOL_BLUE_BLACK,GRAS_IIG,0.312
Setiptiline,Taurocholic_acid,GRAS_IIG,0.312
Silver sulfadiazine,Losartan,APPROVED_DRUGBANK,0.312
Sitaxentan,Taurocholic_acid,GRAS_IIG,0.312
Sitaxentan,Vitamin_A_acetate,GRAS_IIG,0.312
Sodium Chloride,Alitretinoin,APPROVED_DRUGBANK,0.312
Sodium Chloride,Isotretinoin,APPROVED_DRUGBANK,0.312
Sodium Chloride,Tretinoin,APPROVED_DRUGBANK,0.312
Sodium Citrate,Alitretinoin,APPROVED_DRUGBANK,0.312
Sodium Citrate,Isotretinoin,APPROVED_DRUGBANK,0.312
Sodium Citrate,Tretinoin,APPROVED_DRUGBANK,0.312
Sodium Iodide I-131,Tannic_acid_(hydrolyzable_gallotannins),GRAS_IIG,0.312
Sodium Nitrite,Losartan,APPROVED_DRUGBANK,0.312
Sodium Nitrite,Tannic_acid_(hydrolyzable_gallotannins),GRAS_IIG,0.312
Streptomycin,SODIUM_DESOXYCHOLATE,GRAS_IIG,0.312
Suramin,Deoxycholic Acid,APPROVED_DRUGBANK,0.312
Suramin,Desoxycholic_acid,GRAS_IIG,0.312
Tafluprost,Azilsartan medoxomil,APPROVED_DRUGBANK,0.312
Telavancin,Candesartan,APPROVED_DRUGBANK,0.312
Thallous Chloride,Carotene_(beta-carotene),GRAS_IIG,0.312
Ticlopidine,Budesonide,APPROVED_DRUGBANK,0.312
Tioconazole,Mipomersen,APPROVED_DRUGBANK,0.312
Tolnaftate,Alitretinoin,APPROVED_DRUGBANK,0.312
Tolnaftate,Isotretinoin,APPROVED_DRUGBANK,0.312
Tolnaftate,Tretinoin,APPROVED_DRUGBANK,0.312
Trisodium citrate dihydrate,Alitretinoin,APPROVED_DRUGBANK,0.312
Trisodium citrate dihydrate,Isotretinoin,APPROVED_DRUGBANK,0.312
Trisodium citrate dihydrate,Tretinoin,APPROVED_DRUGBANK,0.312
Tyropanoic acid,Taurocholic_acid,GRAS_IIG,0.312
Umeclidinium,Azilsartan medoxomil,APPROVED_DRUGBANK,0.312
Vitamin E,Taurocholic_acid,GRAS_IIG,0.312
Abiraterone,Losartan,APPROVED_DRUGBANK,0.31
Acarbose,Vitamin_A_acetate,GRAS_IIG,0.31
Acenocoumarol,Vitamin_A_acetate,GRAS_IIG,0.31
Alimemazine,Losartan,APPROVED_DRUGBANK,0.31
Aliskiren,Glycocholic_acid,GRAS_IIG,0.31
Aliskiren,SODIUM_DESOXYCHOLATE,GRAS_IIG,0.31
Aluminium,Losartan,APPROVED_DRUGBANK,0.31
Aluminum hydroxide,Losartan,APPROVED_DRUGBANK,0.31
Aminophylline,SODIUM_DESOXYCHOLATE,GRAS_IIG,0.31
Ammonia N-13,Losartan,APPROVED_DRUGBANK,0.31
Aprindine,Tannic_acid_(hydrolyzable_gallotannins),GRAS_IIG,0.31
Argatroban,Losartan,APPROVED_DRUGBANK,0.31
Atovaquone,Amiodarone,APPROVED_DRUGBANK,0.31
Atovaquone,Benzonatate,APPROVED_DRUGBANK,0.31
Atovaquone,Macitentan,APPROVED_DRUGBANK,0.31
Aztreonam,Losartan,APPROVED_DRUGBANK,0.31
Bazedoxifene,Azilsartan medoxomil,APPROVED_DRUGBANK,0.31
Bedaquiline,Glycocholic_acid,GRAS_IIG,0.31
Bifonazole,Vitamin_A_acetate,GRAS_IIG,0.31
Bromodiphenhydramine,SODIUM_DESOXYCHOLATE,GRAS_IIG,0.31
Cabozantinib,Azilsartan medoxomil,APPROVED_DRUGBANK,0.31
Calcidiol,Deoxycholic Acid,APPROVED_DRUGBANK,0.31
Calcidiol,Desoxycholic_acid,GRAS_IIG,0.31
Calcium Gluceptate,Taurocholic_acid,GRAS_IIG,0.31
Calcium carbimide,Tannic_acid_(hydrolyzable_gallotannins),GRAS_IIG,0.31
Cefpodoxime,SODIUM_DESOXYCHOLATE,GRAS_IIG,0.31
Celecoxib,Carotene_(beta-carotene),GRAS_IIG,0.31
Ceruletide,Indomethacin,APPROVED_DRUGBANK,0.31
Cetrimonium,Carotene_(beta-carotene),GRAS_IIG,0.31
Choline C 11,Losartan,APPROVED_DRUGBANK,0.31
Cilnidipine,Azilsartan medoxomil,APPROVED_DRUGBANK,0.31
Clemastine,Vitamin_A_acetate,GRAS_IIG,0.31
Cloperastine,Azilsartan medoxomil,APPROVED_DRUGBANK,0.31
Cyclobenzaprine,Tannic_acid_(hydrolyzable_gallotannins),GRAS_IIG,0.31
Cyclosporine,Glycocholic_acid,GRAS_IIG,0.31
Demeclocycline,Vitamin_A_acetate,GRAS_IIG,0.31
Demexiptiline,Glycocholic_acid,GRAS_IIG,0.31
Desogestrel,Carotene_(beta-carotene),GRAS_IIG,0.31
Dimetindene,Vitamin_A_acetate,GRAS_IIG,0.31
Dimetotiazine,Taurocholic_acid,GRAS_IIG,0.31
Dipotassium phosphate,Losartan,APPROVED_DRUGBANK,0.31
Dipotassium phosphate,Tannic_acid_(hydrolyzable_gallotannins),GRAS_IIG,0.31
Disodium phosphate,Losartan,APPROVED_DRUGBANK,0.31
Disodium phosphate,Tannic_acid_(hydrolyzable_gallotannins),GRAS_IIG,0.31
Docosanol,Losartan,APPROVED_DRUGBANK,0.31
Doxazosin,Azilsartan medoxomil,APPROVED_DRUGBANK,0.31
Droxidopa,Vitamin A,APPROVED_DRUGBANK,0.31
Droxidopa,Vitamin_A,GRAS_IIG,0.31
Ecabet,Carotene_(beta-carotene),GRAS_IIG,0.31
Eliglustat,Vitamin_A_acetate,GRAS_IIG,0.31
Eprosartan,SODIUM_DESOXYCHOLATE,GRAS_IIG,0.31
Etacrynic acid,Losartan,APPROVED_DRUGBANK,0.31
Etofenamate,Glycocholic_acid,GRAS_IIG,0.31
Exemestane,Vitamin A,APPROVED_DRUGBANK,0.31
Exemestane,Vitamin_A,GRAS_IIG,0.31
Fenoldopam,Alitretinoin,APPROVED_DRUGBANK,0.31
Fenoldopam,Isotretinoin,APPROVED_DRUGBANK,0.31
Fenoldopam,Tretinoin,APPROVED_DRUGBANK,0.31
Gadoteridol,Taurocholic_acid,GRAS_IIG,0.31
Gadoversetamide,Taurocholic_acid,GRAS_IIG,0.31
Gentian Violet,Tannic_acid_(hydrolyzable_gallotannins),GRAS_IIG,0.31
Grazoprevir,Indomethacin,APPROVED_DRUGBANK,0.31
Haloprogin,Tannic_acid_(hydrolyzable_gallotannins),GRAS_IIG,0.31
Helium,Losartan,APPROVED_DRUGBANK,0.31
Iopamidol,Vitamin A,APPROVED_DRUGBANK,0.31
Iopamidol,Vitamin_A,GRAS_IIG,0.31
Iron,Losartan,APPROVED_DRUGBANK,0.31
Isoaminile,Tannic_acid_(hydrolyzable_gallotannins),GRAS_IIG,0.31
Josamycin,Azilsartan medoxomil,APPROVED_DRUGBANK,0.31
Kappadione,Glycocholic_acid,GRAS_IIG,0.31
Lactulose,Glycocholic_acid,GRAS_IIG,0.31
Lanthanum carbonate,Losartan,APPROVED_DRUGBANK,0.31
Latanoprost,Glycocholic_acid,GRAS_IIG,0.31
Leucovorin,Azilsartan medoxomil,APPROVED_DRUGBANK,0.31
Lindane,Losartan,APPROVED_DRUGBANK,0.31
Liothyronine,Vitamin_A_acetate,GRAS_IIG,0.31
Lithium,Losartan,APPROVED_DRUGBANK,0.31
Lodoxamide,Vitamin_A_acetate,GRAS_IIG,0.31
Luliconazole,Budesonide,APPROVED_DRUGBANK,0.31
Lymecycline,Vitamin_A_palmitate,GRAS_IIG,0.31
Magnesium Trisilicate,Carotene_(beta-carotene),GRAS_IIG,0.31
Magnesium Trisilicate,Losartan,APPROVED_DRUGBANK,0.31
Magnesium hydroxide,Carotene_(beta-carotene),GRAS_IIG,0.31
Manganese,Losartan,APPROVED_DRUGBANK,0.31
Maprotiline,Tannic_acid_(hydrolyzable_gallotannins),GRAS_IIG,0.31
Megestrol acetate,Carotene_(beta-carotene),GRAS_IIG,0.31
Mestranol,Vitamin A,APPROVED_DRUGBANK,0.31
Mestranol,Vitamin_A,GRAS_IIG,0.31
Methyl cellulose,Vitamin A,APPROVED_DRUGBANK,0.31
Methyl cellulose,Vitamin_A,GRAS_IIG,0.31
Moricizine,Indomethacin,APPROVED_DRUGBANK,0.31
Nafarelin,Indomethacin,APPROVED_DRUGBANK,0.31
Naftifine,Deoxycholic Acid,APPROVED_DRUGBANK,0.31
Naftifine,Desoxycholic_acid,GRAS_IIG,0.31
Nandrolone phenpropionate,SODIUM_DESOXYCHOLATE,GRAS_IIG,0.31
Nebivolol,Taurocholic_acid,GRAS_IIG,0.31
Nelfinavir,1-(PHENYLAZO)-2-NAPHTHYLAMINE,GRAS_IIG,0.31
Nelfinavir,Atomoxetine,APPROVED_DRUGBANK,0.31
Nelfinavir,Cangrelor,APPROVED_DRUGBANK,0.31
Nelfinavir,DISODIUM_SULFOSALICYLATE,GRAS_IIG,0.31
Nelfinavir,Dextrothyroxine,APPROVED_DRUGBANK,0.31
Nelfinavir,Dienogest,APPROVED_DRUGBANK,0.31
Nelfinavir,Diphemanil Methylsulfate,APPROVED_DRUGBANK,0.31
Nelfinavir,Diphenhydramine,APPROVED_DRUGBANK,0.31
Nelfinavir,Dydrogesterone,APPROVED_DRUGBANK,0.31
Nelfinavir,Ethosuximide,APPROVED_DRUGBANK,0.31
Nelfinavir,Famotidine,APPROVED_DRUGBANK,0.31
Nelfinavir,GENTISIC_ACID,GRAS_IIG,0.31
Nelfinavir,Incadronic acid,APPROVED_DRUGBANK,0.31
Nelfinavir,Isoflurophate,APPROVED_DRUGBANK,0.31
Nelfinavir,Ketorolac,APPROVED_DRUGBANK,0.31
Nelfinavir,L-Tryptophan,APPROVED_DRUGBANK,0.31
Nelfinavir,Levothyroxine,APPROVED_DRUGBANK,0.31
Nelfinavir,Macitentan,APPROVED_DRUGBANK,0.31
Nelfinavir,Marimastat,APPROVED_DRUGBANK,0.31
Nelfinavir,NIOXIME,GRAS_IIG,0.31
Nelfinavir,Nifedipine,APPROVED_DRUGBANK,0.31
Nelfinavir,SODIUM_PYRROLIDONE_CARBOXYLATE,GRAS_IIG,0.31
Nelfinavir,Salicylic acid,APPROVED_DRUGBANK,0.31
Nelfinavir,TRYPTOPHAN,GRAS_IIG,0.31
Nelfinavir,Tranylcypromine,APPROVED_DRUGBANK,0.31
Nelfinavir,Uracil mustard,APPROVED_DRUGBANK,0.31
Oritavancin,Candesartan,APPROVED_DRUGBANK,0.31
Pasireotide,Candesartan,APPROVED_DRUGBANK,0.31
Potassium Iodide,Losartan,APPROVED_DRUGBANK,0.31
Potassium alum,Losartan,APPROVED_DRUGBANK,0.31
Prasugrel,Vitamin_A_acetate,GRAS_IIG,0.31
Protirelin,Azilsartan medoxomil,APPROVED_DRUGBANK,0.31
Prussian blue,Carotene_(beta-carotene),GRAS_IIG,0.31
Prussian blue,Losartan,APPROVED_DRUGBANK,0.31
Raltitrexed,Vitamin_A_palmitate,GRAS_IIG,0.31
Reserpine,Azilsartan medoxomil,APPROVED_DRUGBANK,0.31
Rilpivirine,Losartan,APPROVED_DRUGBANK,0.31
Rimexolone,Vitamin A,APPROVED_DRUGBANK,0.31
Rimexolone,Vitamin_A,GRAS_IIG,0.31
Ritonavir,Azilsartan medoxomil,APPROVED_DRUGBANK,0.31
Rolapitant,SODIUM_DESOXYCHOLATE,GRAS_IIG,0.31
Saprisartan,Candesartan,APPROVED_DRUGBANK,0.31
Silodosin,SODIUM_DESOXYCHOLATE,GRAS_IIG,0.31
Sodium Iodide I-131,Losartan,APPROVED_DRUGBANK,0.31
Sodium aurothiomalate,Deoxycholic Acid,APPROVED_DRUGBANK,0.31
Sodium aurothiomalate,Desoxycholic_acid,GRAS_IIG,0.31
Sodium bicarbonate,Vitamin A,APPROVED_DRUGBANK,0.31
Sodium bicarbonate,Vitamin_A,GRAS_IIG,0.31
Sodium fluoride,Losartan,APPROVED_DRUGBANK,0.31
Sodium sulfate,Losartan,APPROVED_DRUGBANK,0.31
Stanozolol,Vitamin A,APPROVED_DRUGBANK,0.31
Stanozolol,Vitamin_A,GRAS_IIG,0.31
Tacrolimus,Azilsartan medoxomil,APPROVED_DRUGBANK,0.31
Tacrolimus,Indomethacin,APPROVED_DRUGBANK,0.31
Talniflumate,Azilsartan medoxomil,APPROVED_DRUGBANK,0.31
Telaprevir,Glycocholic_acid,GRAS_IIG,0.31
Tetracycline,Azilsartan medoxomil,APPROVED_DRUGBANK,0.31
Thallous Chloride,Alitretinoin,APPROVED_DRUGBANK,0.31
Thallous Chloride,Isotretinoin,APPROVED_DRUGBANK,0.31
Thallous Chloride,Tretinoin,APPROVED_DRUGBANK,0.31
Tyropanoic acid,Vitamin_A_acetate,GRAS_IIG,0.31
Warfarin,Vitamin_A_acetate,GRAS_IIG,0.31
Xenon-133,Losartan,APPROVED_DRUGBANK,0.31
Zinc,Losartan,APPROVED_DRUGBANK,0.31
Zinc sulfate,Losartan,APPROVED_DRUGBANK,0.31
Acarbose,SODIUM_DESOXYCHOLATE,GRAS_IIG,0.308
Alfacalcidol,Deoxycholic Acid,APPROVED_DRUGBANK,0.308
Alfacalcidol,Desoxycholic_acid,GRAS_IIG,0.308
Alitretinoin,Deoxycholic Acid,APPROVED_DRUGBANK,0.308
Alitretinoin,Desoxycholic_acid,GRAS_IIG,0.308
Aluminium monostearate,Taurocholic_acid,GRAS_IIG,0.308
Aluminium monostearate,Vitamin A,APPROVED_DRUGBANK,0.308
Aluminium monostearate,Vitamin_A,GRAS_IIG,0.308
Ambenonium,Vitamin_A_acetate,GRAS_IIG,0.308
Amcinonide,Vitamin_A_acetate,GRAS_IIG,0.308
Amiloride,Losartan,APPROVED_DRUGBANK,0.308
Ammonium lactate,Vitamin A,APPROVED_DRUGBANK,0.308
Ammonium lactate,Vitamin_A,GRAS_IIG,0.308
Amphotericin B,Indomethacin,APPROVED_DRUGBANK,0.308
Anagrelide,Deoxycholic Acid,APPROVED_DRUGBANK,0.308
Anagrelide,Desoxycholic_acid,GRAS_IIG,0.308
Arsthinol,Taurocholic_acid,GRAS_IIG,0.308
Arsthinol,Vitamin_A_acetate,GRAS_IIG,0.308
Atovaquone,Mipomersen,APPROVED_DRUGBANK,0.308
Bacitracin,Vitamin_A_palmitate,GRAS_IIG,0.308
Bisoxatin,SODIUM_DESOXYCHOLATE,GRAS_IIG,0.308
Bupranolol,Vitamin_A_acetate,GRAS_IIG,0.308
Calcium carbimide,Losartan,APPROVED_DRUGBANK,0.308
Captodiame,Taurocholic_acid,GRAS_IIG,0.308
Cefmenoxime,Vitamin_A_palmitate,GRAS_IIG,0.308
Ceftizoxime,Losartan,APPROVED_DRUGBANK,0.308
Cephaloridine,Azilsartan medoxomil,APPROVED_DRUGBANK,0.308
Chlortetracycline,Azilsartan medoxomil,APPROVED_DRUGBANK,0.308
Chromic chloride,Alitretinoin,APPROVED_DRUGBANK,0.308
Chromic chloride,Isotretinoin,APPROVED_DRUGBANK,0.308
Chromic chloride,Tretinoin,APPROVED_DRUGBANK,0.308
Clarithromycin,Glycocholic_acid,GRAS_IIG,0.308
Clemastine,Tannic_acid_(hydrolyzable_gallotannins),GRAS_IIG,0.308
Clopidogrel,Tannic_acid_(hydrolyzable_gallotannins),GRAS_IIG,0.308
Colfosceril palmitate,Azilsartan medoxomil,APPROVED_DRUGBANK,0.308
Danazol,SODIUM_DESOXYCHOLATE,GRAS_IIG,0.308
Dasatinib,Azilsartan medoxomil,APPROVED_DRUGBANK,0.308
Delorazepam,SODIUM_DESOXYCHOLATE,GRAS_IIG,0.308
Deslanoside,Azilsartan medoxomil,APPROVED_DRUGBANK,0.308
Dicloxacillin,Vitamin_A_acetate,GRAS_IIG,0.308
Doripenem,Vitamin_A_acetate,GRAS_IIG,0.308
Ecabet,Losartan,APPROVED_DRUGBANK,0.308
Econazole,Atazanavir,APPROVED_DRUGBANK,0.308
Econazole,Corticorelin ovine triflutate,APPROVED_DRUGBANK,0.308
Eribulin,Azilsartan medoxomil,APPROVED_DRUGBANK,0.308
Etoricoxib,Vitamin A,APPROVED_DRUGBANK,0.308
Etoricoxib,Vitamin_A,GRAS_IIG,0.308
Ezetimibe,Taurocholic_acid,GRAS_IIG,0.308
Fenofibrate,Tannic_acid_(hydrolyzable_gallotannins),GRAS_IIG,0.308
Fenoldopam,Tannic_acid_(hydrolyzable_gallotannins),GRAS_IIG,0.308
Fenoprofen,Deoxycholic Acid,APPROVED_DRUGBANK,0.308
Fenoprofen,Desoxycholic_acid,GRAS_IIG,0.308
Fludiazepam,Tannic_acid_(hydrolyzable_gallotannins),GRAS_IIG,0.308
Flutemetamol (18F),Taurocholic_acid,GRAS_IIG,0.308
Fosaprepitant,Glycocholic_acid,GRAS_IIG,0.308
Fosaprepitant,Vitamin_A_acetate,GRAS_IIG,0.308
Fulvestrant,Pipecuronium,APPROVED_DRUGBANK,0.308
Fulvestrant,Telavancin,APPROVED_DRUGBANK,0.308
Gadobutrol,Azilsartan medoxomil,APPROVED_DRUGBANK,0.308
Gadofosveset trisodium,Vitamin_A_acetate,GRAS_IIG,0.308
Gadoteric acid,Deoxycholic Acid,APPROVED_DRUGBANK,0.308
Gadoteric acid,Desoxycholic_acid,GRAS_IIG,0.308
Gadoxetic acid,Vitamin_A_acetate,GRAS_IIG,0.308
Ganirelix,Azilsartan medoxomil,APPROVED_DRUGBANK,0.308
Isotretinoin,Deoxycholic Acid,APPROVED_DRUGBANK,0.308
Isotretinoin,Desoxycholic_acid,GRAS_IIG,0.308
Lanreotide,Candesartan,APPROVED_DRUGBANK,0.308
Levallorphan,Carotene_(beta-carotene),GRAS_IIG,0.308
Lornoxicam,Tannic_acid_(hydrolyzable_gallotannins),GRAS_IIG,0.308
Luliconazole,Losartan,APPROVED_DRUGBANK,0.308
Macitentan,Vitamin_A_acetate,GRAS_IIG,0.308
Magnesium Sulfate,Losartan,APPROVED_DRUGBANK,0.308
Magnesium hydroxide,Losartan,APPROVED_DRUGBANK,0.308
Magnesium hydroxide,Tannic_acid_(hydrolyzable_gallotannins),GRAS_IIG,0.308
Medrysone,Carotene_(beta-carotene),GRAS_IIG,0.308
Medrysone,Vitamin A,APPROVED_DRUGBANK,0.308
Medrysone,Vitamin_A,GRAS_IIG,0.308
Methyl cellulose,Alitretinoin,APPROVED_DRUGBANK,0.308
Methyl cellulose,Isotretinoin,APPROVED_DRUGBANK,0.308
Methyl cellulose,Tretinoin,APPROVED_DRUGBANK,0.308
Metixene,Taurocholic_acid,GRAS_IIG,0.308
Miconazole,Pralatrexate,APPROVED_DRUGBANK,0.308
Midazolam,Vitamin_A_acetate,GRAS_IIG,0.308
Mitotane,Tannic_acid_(hydrolyzable_gallotannins),GRAS_IIG,0.308
Mitoxantrone,SODIUM_DESOXYCHOLATE,GRAS_IIG,0.308
Monopotassium phosphate,Losartan,APPROVED_DRUGBANK,0.308
Monopotassium phosphate,Tannic_acid_(hydrolyzable_gallotannins),GRAS_IIG,0.308
Nabilone,Deoxycholic Acid,APPROVED_DRUGBANK,0.308
Nabilone,Desoxycholic_acid,GRAS_IIG,0.308
Nebivolol,Alitretinoin,APPROVED_DRUGBANK,0.308
Nebivolol,Isotretinoin,APPROVED_DRUGBANK,0.308
Nebivolol,Tretinoin,APPROVED_DRUGBANK,0.308
Nelfinavir,Anileridine,APPROVED_DRUGBANK,0.308
Nelfinavir,Atropine,APPROVED_DRUGBANK,0.308
Nelfinavir,Benzphetamine,APPROVED_DRUGBANK,0.308
Nelfinavir,Bosutinib,APPROVED_DRUGBANK,0.308
Nelfinavir,Bupivacaine,APPROVED_DRUGBANK,0.308
Nelfinavir,Cetrorelix,APPROVED_DRUGBANK,0.308
Nelfinavir,Chlorcyclizine,APPROVED_DRUGBANK,0.308
Nelfinavir,Cinolazepam,APPROVED_DRUGBANK,0.308
Nelfinavir,Copper_(cupric)_sulfate,GRAS_IIG,0.308
Nelfinavir,Diltiazem,APPROVED_DRUGBANK,0.308
Nelfinavir,Flavoxate,APPROVED_DRUGBANK,0.308
Nelfinavir,Furazolidone,APPROVED_DRUGBANK,0.308
Nelfinavir,Gadoxetic acid,APPROVED_DRUGBANK,0.308
Nelfinavir,Goserelin,APPROVED_DRUGBANK,0.308
Nelfinavir,Hyoscyamine,APPROVED_DRUGBANK,0.308
Nelfinavir,Iloperidone,APPROVED_DRUGBANK,0.308
Nelfinavir,Levobupivacaine,APPROVED_DRUGBANK,0.308
Nelfinavir,Liothyronine,APPROVED_DRUGBANK,0.308
Nelfinavir,Sodium_tetraphosphate,GRAS_IIG,0.308
Nelfinavir,Trazodone,APPROVED_DRUGBANK,0.308
Norelgestromin,Deoxycholic Acid,APPROVED_DRUGBANK,0.308
Norelgestromin,Desoxycholic_acid,GRAS_IIG,0.308
Orlistat,Vitamin_A_acetate,GRAS_IIG,0.308
Oxytetracycline,Carotene_(beta-carotene),GRAS_IIG,0.308
Pentosan Polysulfate,Azilsartan medoxomil,APPROVED_DRUGBANK,0.308
Phenoxybenzamine,Taurocholic_acid,GRAS_IIG,0.308
Pipazethate,Glycocholic_acid,GRAS_IIG,0.308
Polymyxin B Sulfate,Azilsartan medoxomil,APPROVED_DRUGBANK,0.308
Polymyxin B Sulfate,Indomethacin,APPROVED_DRUGBANK,0.308
Prasugrel,Taurocholic_acid,GRAS_IIG,0.308
Prednicarbate,SODIUM_DESOXYCHOLATE,GRAS_IIG,0.308
Riboflavin,Losartan,APPROVED_DRUGBANK,0.308
Sapropterin,Losartan,APPROVED_DRUGBANK,0.308
Setiptiline,Vitamin_A_acetate,GRAS_IIG,0.308
Sodium Tetradecyl Sulfate,Carotene_(beta-carotene),GRAS_IIG,0.308
Sodium lauryl sulfate,Alitretinoin,APPROVED_DRUGBANK,0.308
Sodium lauryl sulfate,Isotretinoin,APPROVED_DRUGBANK,0.308
Sodium lauryl sulfate,Tretinoin,APPROVED_DRUGBANK,0.308
Technetium Tc-99m sestamibi,Losartan,APPROVED_DRUGBANK,0.308
Technetium Tc-99m tetrofosmin,Carotene_(beta-carotene),GRAS_IIG,0.308
Tioconazole,Betaxolol,APPROVED_DRUGBANK,0.308
Tioconazole,Levobetaxolol,APPROVED_DRUGBANK,0.308
Tizanidine,Tannic_acid_(hydrolyzable_gallotannins),GRAS_IIG,0.308
Trazodone,Azilsartan medoxomil,APPROVED_DRUGBANK,0.308
Tretinoin,Deoxycholic Acid,APPROVED_DRUGBANK,0.308
Tretinoin,Desoxycholic_acid,GRAS_IIG,0.308
Trisalicylate-choline,Taurocholic_acid,GRAS_IIG,0.308
Umeclidinium,Budesonide,APPROVED_DRUGBANK,0.308
Vincristine,Azilsartan medoxomil,APPROVED_DRUGBANK,0.308
Vindesine,Indomethacin,APPROVED_DRUGBANK,0.308
Vitamin A,Taurocholic_acid,GRAS_IIG,0.308
Voacamine,Azilsartan medoxomil,APPROVED_DRUGBANK,0.308
Xenon-133,Tannic_acid_(hydrolyzable_gallotannins),GRAS_IIG,0.308
Acetrizoic acid,Losartan,APPROVED_DRUGBANK,0.306
Adenosine monophosphate,Vitamin_A_acetate,GRAS_IIG,0.306
Aluminium monostearate,Losartan,APPROVED_DRUGBANK,0.306
Amfecloral,Tannic_acid_(hydrolyzable_gallotannins),GRAS_IIG,0.306
Amoxapine,Losartan,APPROVED_DRUGBANK,0.306
Atorvastatin,Glycocholic_acid,GRAS_IIG,0.306
Atovaquone,Bedaquiline,APPROVED_DRUGBANK,0.306
Atovaquone,Nitrendipine,APPROVED_DRUGBANK,0.306
Barnidipine,Glycocholic_acid,GRAS_IIG,0.306
Bedaquiline,Vitamin_A_palmitate,GRAS_IIG,0.306
Bendamustine,Losartan,APPROVED_DRUGBANK,0.306
Boceprevir,Losartan,APPROVED_DRUGBANK,0.306
Buprenorphine,Azilsartan medoxomil,APPROVED_DRUGBANK,0.306
Carboprost Tromethamine,Deoxycholic Acid,APPROVED_DRUGBANK,0.306
Carboprost Tromethamine,Desoxycholic_acid,GRAS_IIG,0.306
Cetrimonium,Alitretinoin,APPROVED_DRUGBANK,0.306
Cetrimonium,Isotretinoin,APPROVED_DRUGBANK,0.306
Cetrimonium,Tretinoin,APPROVED_DRUGBANK,0.306
Cetrorelix,Glycocholic_acid,GRAS_IIG,0.306
Chlorpromazine,Losartan,APPROVED_DRUGBANK,0.306
Cholecalciferol,Losartan,APPROVED_DRUGBANK,0.306
Choline C 11,Alitretinoin,APPROVED_DRUGBANK,0.306
Choline C 11,Isotretinoin,APPROVED_DRUGBANK,0.306
Choline C 11,Tretinoin,APPROVED_DRUGBANK,0.306
Clevidipine,Tannic_acid_(hydrolyzable_gallotannins),GRAS_IIG,0.306
Clomipramine,Losartan,APPROVED_DRUGBANK,0.306
Cloperastine,SODIUM_DESOXYCHOLATE,GRAS_IIG,0.306
Clopidogrel,Taurocholic_acid,GRAS_IIG,0.306
Cloxazolam,Taurocholic_acid,GRAS_IIG,0.306
Dabrafenib,Taurocholic_acid,GRAS_IIG,0.306
Desogestrel,Losartan,APPROVED_DRUGBANK,0.306
Difluprednate,SODIUM_DESOXYCHOLATE,GRAS_IIG,0.306
Digoxin,Azilsartan medoxomil,APPROVED_DRUGBANK,0.306
Dimenhydrinate,Glycocholic_acid,GRAS_IIG,0.306
Etoricoxib,Losartan,APPROVED_DRUGBANK,0.306
Fenoterol,Vitamin A,APPROVED_DRUGBANK,0.306
Fenoterol,Vitamin_A,GRAS_IIG,0.306
Fexofenadine,SODIUM_DESOXYCHOLATE,GRAS_IIG,0.306
Fludiazepam,Vitamin_A_acetate,GRAS_IIG,0.306
Fluoxetine,Deoxycholic Acid,APPROVED_DRUGBANK,0.306
Fluoxetine,Desoxycholic_acid,GRAS_IIG,0.306
Flutemetamol (18F),Deoxycholic Acid,APPROVED_DRUGBANK,0.306
Flutemetamol (18F),Desoxycholic_acid,GRAS_IIG,0.306
Fulvestrant,NAPHTHOL_BLUE_BLACK,GRAS_IIG,0.306
Fulvestrant,Tasosartan,APPROVED_DRUGBANK,0.306
Gadofosveset trisodium,Azilsartan medoxomil,APPROVED_DRUGBANK,0.306
Gentian Violet,Vitamin A,APPROVED_DRUGBANK,0.306
Gentian Violet,Vitamin_A,GRAS_IIG,0.306
Hexafluronium,Tannic_acid_(hydrolyzable_gallotannins),GRAS_IIG,0.306
Hexafluronium,Vitamin A,APPROVED_DRUGBANK,0.306
Hexafluronium,Vitamin_A,GRAS_IIG,0.306
Histamine Phosphate,Vitamin A,APPROVED_DRUGBANK,0.306
Histamine Phosphate,Vitamin_A,GRAS_IIG,0.306
Hydroxocobalamin,Indomethacin,APPROVED_DRUGBANK,0.306
Iloprost,Deoxycholic Acid,APPROVED_DRUGBANK,0.306
Iloprost,Desoxycholic_acid,GRAS_IIG,0.306
Indinavir,NAPHTHOL_BLUE_BLACK,GRAS_IIG,0.306
Ioversol,Deoxycholic Acid,APPROVED_DRUGBANK,0.306
Ioversol,Desoxycholic_acid,GRAS_IIG,0.306
Ioxaglic acid,Vitamin_A_acetate,GRAS_IIG,0.306
Ivacaftor,SODIUM_DESOXYCHOLATE,GRAS_IIG,0.306
Levallorphan,Alitretinoin,APPROVED_DRUGBANK,0.306
Levallorphan,Isotretinoin,APPROVED_DRUGBANK,0.306
Levallorphan,Tretinoin,APPROVED_DRUGBANK,0.306
Lomitapide,Azilsartan medoxomil,APPROVED_DRUGBANK,0.306
Lorpiprazole,Taurocholic_acid,GRAS_IIG,0.306
Losartan,SODIUM_DESOXYCHOLATE,GRAS_IIG,0.306
Losartan,Taurocholic_acid,GRAS_IIG,0.306
Macitentan,SODIUM_DESOXYCHOLATE,GRAS_IIG,0.306
Magnesium Trisilicate,Deoxycholic Acid,APPROVED_DRUGBANK,0.306
Magnesium Trisilicate,Desoxycholic_acid,GRAS_IIG,0.306
Magnesium hydroxide,Alitretinoin,APPROVED_DRUGBANK,0.306
Magnesium hydroxide,Isotretinoin,APPROVED_DRUGBANK,0.306
Magnesium hydroxide,Tretinoin,APPROVED_DRUGBANK,0.306
Maprotiline,Vitamin A,APPROVED_DRUGBANK,0.306
Maprotiline,Vitamin_A,GRAS_IIG,0.306
Medrogestone,Taurocholic_acid,GRAS_IIG,0.306
Medroxyprogesterone acetate,Glycocholic_acid,GRAS_IIG,0.306
Medrysone,Losartan,APPROVED_DRUGBANK,0.306
Mestranol,Alitretinoin,APPROVED_DRUGBANK,0.306
Mestranol,Isotretinoin,APPROVED_DRUGBANK,0.306
Mestranol,Tretinoin,APPROVED_DRUGBANK,0.306
Methacycline,Vitamin_A_acetate,GRAS_IIG,0.306
Methylscopolamine bromide,Glycocholic_acid,GRAS_IIG,0.306
Metocurine,Azilsartan medoxomil,APPROVED_DRUGBANK,0.306
Metrizoic acid,Vitamin_A_acetate,GRAS_IIG,0.306
Nandrolone decanoate,Losartan,APPROVED_DRUGBANK,0.306
Nelfinavir,Acebutolol,APPROVED_DRUGBANK,0.306
Nelfinavir,Apremilast,APPROVED_DRUGBANK,0.306
Nelfinavir,Aztreonam,APPROVED_DRUGBANK,0.306
Nelfinavir,Bumetanide,APPROVED_DRUGBANK,0.306
Nelfinavir,Bupropion,APPROVED_DRUGBANK,0.306
Nelfinavir,Cisapride,APPROVED_DRUGBANK,0.306
Nelfinavir,Clofibrate,APPROVED_DRUGBANK,0.306
Nelfinavir,D&C_BLUE_NO._6,GRAS_IIG,0.306
Nelfinavir,Droperidol,APPROVED_DRUGBANK,0.306
Nelfinavir,Febuxostat,APPROVED_DRUGBANK,0.306
Nelfinavir,Ferric pyrophosphate,APPROVED_DRUGBANK,0.306
Nelfinavir,Ferric_pyrophosphate,GRAS_IIG,0.306
Nelfinavir,Ferric_sodium_pyrophosphate,GRAS_IIG,0.306
Nelfinavir,GENTISIC_ACID_ETHANOLAMIDE,GRAS_IIG,0.306
Nelfinavir,L-Leucine,APPROVED_DRUGBANK,0.306
Nelfinavir,L-Methionine,APPROVED_DRUGBANK,0.306
Nelfinavir,LEUCINE,GRAS_IIG,0.306
Nelfinavir,Levosimendan,APPROVED_DRUGBANK,0.306
Nelfinavir,MALTOL,GRAS_IIG,0.306
Nelfinavir,METHANESULFONIC_ACID,GRAS_IIG,0.306
Nelfinavir,METHIONINE,GRAS_IIG,0.306
Nelfinavir,METHYLPARABEN_SODIUM,GRAS_IIG,0.306
Nelfinavir,Magnesium salicylate,APPROVED_DRUGBANK,0.306
Nelfinavir,Maraviroc,APPROVED_DRUGBANK,0.306
Nelfinavir,Mazindol,APPROVED_DRUGBANK,0.306
Nelfinavir,Nicorandil,APPROVED_DRUGBANK,0.306
Nelfinavir,Pentolinium,APPROVED_DRUGBANK,0.306
Nelfinavir,Pidotimod,APPROVED_DRUGBANK,0.306
Nelfinavir,Rosiglitazone,APPROVED_DRUGBANK,0.306
Nelfinavir,TYLOXAPOL,GRAS_IIG,0.306
Nisoldipine,Vitamin_A_acetate,GRAS_IIG,0.306
Osimertinib,Vitamin_A_palmitate,GRAS_IIG,0.306
Oxymetholone,Alitretinoin,APPROVED_DRUGBANK,0.306
Oxymetholone,Isotretinoin,APPROVED_DRUGBANK,0.306
Oxymetholone,Tretinoin,APPROVED_DRUGBANK,0.306
Oxytetracycline,Azilsartan medoxomil,APPROVED_DRUGBANK,0.306
Oxytetracycline,Vitamin A,APPROVED_DRUGBANK,0.306
Oxytetracycline,Vitamin_A,GRAS_IIG,0.306
Parecoxib,SODIUM_DESOXYCHOLATE,GRAS_IIG,0.306
Paricalcitol,Alitretinoin,APPROVED_DRUGBANK,0.306
Paricalcitol,Isotretinoin,APPROVED_DRUGBANK,0.306
Paricalcitol,Tretinoin,APPROVED_DRUGBANK,0.306
Paritaprevir,Vitamin_A_palmitate,GRAS_IIG,0.306
Perhexiline,Losartan,APPROVED_DRUGBANK,0.306
Perhexiline,Taurocholic_acid,GRAS_IIG,0.306
Permethrin,SODIUM_DESOXYCHOLATE,GRAS_IIG,0.306
Ponatinib,Cholic Acid,APPROVED_DRUGBANK,0.306
Ponatinib,Cholic_acid,GRAS_IIG,0.306
Potassium alum,Tannic_acid_(hydrolyzable_gallotannins),GRAS_IIG,0.306
Progabide,Vitamin_A_acetate,GRAS_IIG,0.306
Propofol,Losartan,APPROVED_DRUGBANK,0.306
Propofol,Tannic_acid_(hydrolyzable_gallotannins),GRAS_IIG,0.306
Protirelin,Losartan,APPROVED_DRUGBANK,0.306
Prussian blue,Alitretinoin,APPROVED_DRUGBANK,0.306
Prussian blue,Isotretinoin,APPROVED_DRUGBANK,0.306
Prussian blue,Tretinoin,APPROVED_DRUGBANK,0.306
Remikiren,Vitamin_A_acetate,GRAS_IIG,0.306
Rifampicin,Indomethacin,APPROVED_DRUGBANK,0.306
Sertraline,Losartan,APPROVED_DRUGBANK,0.306
Simvastatin,SODIUM_DESOXYCHOLATE,GRAS_IIG,0.306
Sodium bicarbonate,Losartan,APPROVED_DRUGBANK,0.306
Sodium stibogluconate,Vitamin_A_acetate,GRAS_IIG,0.306
Sodium sulfate,Tannic_acid_(hydrolyzable_gallotannins),GRAS_IIG,0.306
Somatostatin,Vitamin_A_palmitate,GRAS_IIG,0.306
Streptomycin,Glycocholic_acid,GRAS_IIG,0.306
Streptomycin,Vitamin_A_acetate,GRAS_IIG,0.306
Tamibarotene,Taurocholic_acid,GRAS_IIG,0.306
Tasosartan,Azilsartan medoxomil,APPROVED_DRUGBANK,0.306
Technetium Tc 99m Mebrofenin,Losartan,APPROVED_DRUGBANK,0.306
Technetium Tc 99m Oxidronate,Losartan,APPROVED_DRUGBANK,0.306
Technetium Tc-99m sestamibi,Tannic_acid_(hydrolyzable_gallotannins),GRAS_IIG,0.306
Testosterone,Losartan,APPROVED_DRUGBANK,0.306
Tetracycline,SODIUM_DESOXYCHOLATE,GRAS_IIG,0.306
Tiagabine,Losartan,APPROVED_DRUGBANK,0.306
Toremifene,Azilsartan medoxomil,APPROVED_DRUGBANK,0.306
Travoprost,SODIUM_DESOXYCHOLATE,GRAS_IIG,0.306
Triamcinolone,Losartan,APPROVED_DRUGBANK,0.306
Triptorelin,Candesartan,APPROVED_DRUGBANK,0.306
Troleandomycin,Azilsartan medoxomil,APPROVED_DRUGBANK,0.306
Unoprostone,Taurocholic_acid,GRAS_IIG,0.306
Valsartan,Azilsartan medoxomil,APPROVED_DRUGBANK,0.306
Vinblastine,Indomethacin,APPROVED_DRUGBANK,0.306
Vincristine,Vitamin_A_palmitate,GRAS_IIG,0.306
Zinc sulfate,Tannic_acid_(hydrolyzable_gallotannins),GRAS_IIG,0.306
Zolpidem,Carotene_(beta-carotene),GRAS_IIG,0.306
Arbutamine,Taurocholic_acid,GRAS_IIG,0.304
Atovaquone,Anidulafungin,APPROVED_DRUGBANK,0.304
Atovaquone,Bumetanide,APPROVED_DRUGBANK,0.304
Avobenzone,Vitamin A,APPROVED_DRUGBANK,0.304
Avobenzone,Vitamin_A,GRAS_IIG,0.304
Azelnidipine,Vitamin_A_acetate,GRAS_IIG,0.304
Azilsartan medoxomil,Azilsartan medoxomil,APPROVED_DRUGBANK,0.304
Bendamustine,Tannic_acid_(hydrolyzable_gallotannins),GRAS_IIG,0.304
Bisacodyl,Vitamin_A_acetate,GRAS_IIG,0.304
Bisoxatin,Taurocholic_acid,GRAS_IIG,0.304
Brompheniramine,Vitamin_A_acetate,GRAS_IIG,0.304
Cabozantinib,Deoxycholic Acid,APPROVED_DRUGBANK,0.304
Cabozantinib,Desoxycholic_acid,GRAS_IIG,0.304
Calcium Gluceptate,Deoxycholic Acid,APPROVED_DRUGBANK,0.304
Calcium Gluceptate,Desoxycholic_acid,GRAS_IIG,0.304
Calcium carbonate,Alitretinoin,APPROVED_DRUGBANK,0.304
Calcium carbonate,Isotretinoin,APPROVED_DRUGBANK,0.304
Calcium carbonate,Tretinoin,APPROVED_DRUGBANK,0.304
Cannabidiol,Vitamin A,APPROVED_DRUGBANK,0.304
Cannabidiol,Vitamin_A,GRAS_IIG,0.304
Cefazolin,Azilsartan medoxomil,APPROVED_DRUGBANK,0.304
Cefixime,Azilsartan medoxomil,APPROVED_DRUGBANK,0.304
Cefmetazole,Azilsartan medoxomil,APPROVED_DRUGBANK,0.304
Ceftriaxone,Azilsartan medoxomil,APPROVED_DRUGBANK,0.304
Ceftriaxone,Vitamin_A_palmitate,GRAS_IIG,0.304
Cefuroxime,Vitamin_A_palmitate,GRAS_IIG,0.304
Cinnarizine,Taurocholic_acid,GRAS_IIG,0.304
Clarithromycin,Vitamin_A_acetate,GRAS_IIG,0.304
Conjugated Estrogens,Deoxycholic Acid,APPROVED_DRUGBANK,0.304
Conjugated Estrogens,Desoxycholic_acid,GRAS_IIG,0.304
Crizotinib,Taurocholic_acid,GRAS_IIG,0.304
Cyproterone acetate,Tannic_acid_(hydrolyzable_gallotannins),GRAS_IIG,0.304
Degarelix,Azilsartan medoxomil,APPROVED_DRUGBANK,0.304
Demexiptiline,Vitamin_A_acetate,GRAS_IIG,0.304
Dexbrompheniramine,Vitamin_A_acetate,GRAS_IIG,0.304
Dipyridamole,Deoxycholic Acid,APPROVED_DRUGBANK,0.304
Dipyridamole,Desoxycholic_acid,GRAS_IIG,0.304
Dipyridamole,Losartan,APPROVED_DRUGBANK,0.304
Disulfiram,Alitretinoin,APPROVED_DRUGBANK,0.304
Disulfiram,Isotretinoin,APPROVED_DRUGBANK,0.304
Disulfiram,Tretinoin,APPROVED_DRUGBANK,0.304
Droxidopa,Carotene_(beta-carotene),GRAS_IIG,0.304
Dydrogesterone,Carotene_(beta-carotene),GRAS_IIG,0.304
Ecabet,Vitamin A,APPROVED_DRUGBANK,0.304
Ecabet,Vitamin_A,GRAS_IIG,0.304
Econazole,Degarelix,APPROVED_DRUGBANK,0.304
Eltrombopag,Azilsartan medoxomil,APPROVED_DRUGBANK,0.304
Enoxaparin,SODIUM_DESOXYCHOLATE,GRAS_IIG,0.304
Eprosartan,Azilsartan medoxomil,APPROVED_DRUGBANK,0.304
Etoricoxib,Carotene_(beta-carotene),GRAS_IIG,0.304
Ferric pyrophosphate,Deoxycholic Acid,APPROVED_DRUGBANK,0.304
Ferric pyrophosphate,Desoxycholic_acid,GRAS_IIG,0.304
Fidaxomicin,Azilsartan medoxomil,APPROVED_DRUGBANK,0.304
Forasartan,SODIUM_DESOXYCHOLATE,GRAS_IIG,0.304
Fosamprenavir,Glycocholic_acid,GRAS_IIG,0.304
Fosinopril,Azilsartan medoxomil,APPROVED_DRUGBANK,0.304
Gadoteridol,Deoxycholic Acid,APPROVED_DRUGBANK,0.304
Gadoteridol,Desoxycholic_acid,GRAS_IIG,0.304
Gallium nitrate,Tannic_acid_(hydrolyzable_gallotannins),GRAS_IIG,0.304
Gentamicin,Glycocholic_acid,GRAS_IIG,0.304
Gentian Violet,Losartan,APPROVED_DRUGBANK,0.304
Iopamidol,Deoxycholic Acid,APPROVED_DRUGBANK,0.304
Iopamidol,Desoxycholic_acid,GRAS_IIG,0.304
Iopodic acid,Deoxycholic Acid,APPROVED_DRUGBANK,0.304
Iopodic acid,Desoxycholic_acid,GRAS_IIG,0.304
Irinotecan,Azilsartan medoxomil,APPROVED_DRUGBANK,0.304
Itraconazole,Azilsartan medoxomil,APPROVED_DRUGBANK,0.304
Lanthanum carbonate,Tannic_acid_(hydrolyzable_gallotannins),GRAS_IIG,0.304
Levonordefrin,Losartan,APPROVED_DRUGBANK,0.304
Liotrix,SODIUM_DESOXYCHOLATE,GRAS_IIG,0.304
Lodoxamide,Losartan,APPROVED_DRUGBANK,0.304
Luliconazole,Deoxycholic Acid,APPROVED_DRUGBANK,0.304
Luliconazole,Desoxycholic_acid,GRAS_IIG,0.304
Lumefantrine,Losartan,APPROVED_DRUGBANK,0.304
Lumefantrine,NAPHTHOL_BLUE_BLACK,GRAS_IIG,0.304
Medrogestone,Losartan,APPROVED_DRUGBANK,0.304
Mesna,Carotene_(beta-carotene),GRAS_IIG,0.304
Mesoridazine,Indomethacin,APPROVED_DRUGBANK,0.304
Metixene,Tannic_acid_(hydrolyzable_gallotannins),GRAS_IIG,0.304
Miltefosine,Carotene_(beta-carotene),GRAS_IIG,0.304
Moricizine,Vitamin_A_palmitate,GRAS_IIG,0.304
Nabilone,Alitretinoin,APPROVED_DRUGBANK,0.304
Nabilone,Isotretinoin,APPROVED_DRUGBANK,0.304
Nabilone,Tretinoin,APPROVED_DRUGBANK,0.304
Nelfinavir,Amiloride,APPROVED_DRUGBANK,0.304
Nelfinavir,Apraclonidine,APPROVED_DRUGBANK,0.304
Nelfinavir,Bromodiphenhydramine,APPROVED_DRUGBANK,0.304
Nelfinavir,Ergoloid mesylate,APPROVED_DRUGBANK,0.304
Nelfinavir,Fomepizole,APPROVED_DRUGBANK,0.304
Nelfinavir,Hexamethylenetetramine,APPROVED_DRUGBANK,0.304
Nelfinavir,Liotrix,APPROVED_DRUGBANK,0.304
Nelfinavir,Medrogestone,APPROVED_DRUGBANK,0.304
Nelfinavir,POLOXAMER_407,GRAS_IIG,0.304
Nelfinavir,Paramethadione,APPROVED_DRUGBANK,0.304
Nelfinavir,URETHANE,GRAS_IIG,0.304
Nelfinavir,Zaltoprofen,APPROVED_DRUGBANK,0.304
Netilmicin,Glycocholic_acid,GRAS_IIG,0.304
Netilmicin,SODIUM_DESOXYCHOLATE,GRAS_IIG,0.304
Norgestimate,Vitamin_A_acetate,GRAS_IIG,0.304
Nortriptyline,Taurocholic_acid,GRAS_IIG,0.304
Ospemifene,Azilsartan medoxomil,APPROVED_DRUGBANK,0.304
Ospemifene,Vitamin_A_acetate,GRAS_IIG,0.304
Oxiconazole,Taurocholic_acid,GRAS_IIG,0.304
Pamidronate,Losartan,APPROVED_DRUGBANK,0.304
Pancuronium,SODIUM_DESOXYCHOLATE,GRAS_IIG,0.304
Parecoxib,Glycocholic_acid,GRAS_IIG,0.304
Paromomycin,SODIUM_DESOXYCHOLATE,GRAS_IIG,0.304
Pentagastrin,Azilsartan medoxomil,APPROVED_DRUGBANK,0.304
Perampanel,Vitamin_A_acetate,GRAS_IIG,0.304
Piperonyl butoxide,Deoxycholic Acid,APPROVED_DRUGBANK,0.304
Piperonyl butoxide,Desoxycholic_acid,GRAS_IIG,0.304
Polidocanol,Taurocholic_acid,GRAS_IIG,0.304
Porfimer,Glycocholic_acid,GRAS_IIG,0.304
Prazepam,Tannic_acid_(hydrolyzable_gallotannins),GRAS_IIG,0.304
Quinagolide,Vitamin A,APPROVED_DRUGBANK,0.304
Quinagolide,Vitamin_A,GRAS_IIG,0.304
Rifaximin,Azilsartan medoxomil,APPROVED_DRUGBANK,0.304
Rimonabant,Losartan,APPROVED_DRUGBANK,0.304
Rotigotine,Deoxycholic Acid,APPROVED_DRUGBANK,0.304
Rotigotine,Desoxycholic_acid,GRAS_IIG,0.304
Sodium phenylbutyrate,Azilsartan medoxomil,APPROVED_DRUGBANK,0.304
Sulfasalazine,Vitamin_A_acetate,GRAS_IIG,0.304
Tacrolimus,Vitamin_A_acetate,GRAS_IIG,0.304
Tafluprost,SODIUM_DESOXYCHOLATE,GRAS_IIG,0.304
Tioconazole,Pralatrexate,APPROVED_DRUGBANK,0.304
Triclosan,Deoxycholic Acid,APPROVED_DRUGBANK,0.304
Triclosan,Desoxycholic_acid,GRAS_IIG,0.304
Triclosan,Tannic_acid_(hydrolyzable_gallotannins),GRAS_IIG,0.304
Vinblastine,Azilsartan medoxomil,APPROVED_DRUGBANK,0.304
Vitamin A,Vitamin A,APPROVED_DRUGBANK,0.304
Vitamin A,Vitamin_A,GRAS_IIG,0.304
Voglibose,Deoxycholic Acid,APPROVED_DRUGBANK,0.304
Voglibose,Desoxycholic_acid,GRAS_IIG,0.304
Zolpidem,Losartan,APPROVED_DRUGBANK,0.304
Alfacalcidol,Losartan,APPROVED_DRUGBANK,0.302
Allylestrenol,Losartan,APPROVED_DRUGBANK,0.302
Allylestrenol,Tannic_acid_(hydrolyzable_gallotannins),GRAS_IIG,0.302
Aluminium monostearate,Carotene_(beta-carotene),GRAS_IIG,0.302
Aluminium monostearate,Deoxycholic Acid,APPROVED_DRUGBANK,0.302
Aluminium monostearate,Desoxycholic_acid,GRAS_IIG,0.302
Amcinonide,Glycocholic_acid,GRAS_IIG,0.302
Amiloride,Tannic_acid_(hydrolyzable_gallotannins),GRAS_IIG,0.302
Atovaquone,Amlodipine,APPROVED_DRUGBANK,0.302
Atovaquone,Felodipine,APPROVED_DRUGBANK,0.302
Atovaquone,Levamlodipine,APPROVED_DRUGBANK,0.302
Atovaquone,Voacamine,APPROVED_DRUGBANK,0.302
Azlocillin,Glycocholic_acid,GRAS_IIG,0.302
Aztreonam,Vitamin_A_acetate,GRAS_IIG,0.302
Bepridil,Taurocholic_acid,GRAS_IIG,0.302
Bromodiphenhydramine,Taurocholic_acid,GRAS_IIG,0.302
Butoconazole,SODIUM_DESOXYCHOLATE,GRAS_IIG,0.302
Cabozantinib,Taurocholic_acid,GRAS_IIG,0.302
Calcidiol,Losartan,APPROVED_DRUGBANK,0.302
Calcitriol,Tannic_acid_(hydrolyzable_gallotannins),GRAS_IIG,0.302
Calcium carbonate,Carotene_(beta-carotene),GRAS_IIG,0.302
Cangrelor,Azilsartan medoxomil,APPROVED_DRUGBANK,0.302
Caspofungin,SODIUM_DESOXYCHOLATE,GRAS_IIG,0.302
Cefepime,Vitamin_A_acetate,GRAS_IIG,0.302
Cetrimonium,Losartan,APPROVED_DRUGBANK,0.302
Chloropyramine,Deoxycholic Acid,APPROVED_DRUGBANK,0.302
Chloropyramine,Desoxycholic_acid,GRAS_IIG,0.302
Chlorothiazide,Tannic_acid_(hydrolyzable_gallotannins),GRAS_IIG,0.302
Cholic Acid,Losartan,APPROVED_DRUGBANK,0.302
Choline C 11,Carotene_(beta-carotene),GRAS_IIG,0.302
Clomifene,SODIUM_DESOXYCHOLATE,GRAS_IIG,0.302
Cloperastine,Taurocholic_acid,GRAS_IIG,0.302
Cloperastine,Vitamin_A_acetate,GRAS_IIG,0.302
Clopidogrel,SODIUM_DESOXYCHOLATE,GRAS_IIG,0.302
Cloxazolam,SODIUM_DESOXYCHOLATE,GRAS_IIG,0.302
Cyanocobalamin,Indomethacin,APPROVED_DRUGBANK,0.302
Cyproheptadine,Tannic_acid_(hydrolyzable_gallotannins),GRAS_IIG,0.302
Dalfopristin,Glycocholic_acid,GRAS_IIG,0.302
Danazol,Vitamin_A_acetate,GRAS_IIG,0.302
Dasabuvir,Alitretinoin,APPROVED_DRUGBANK,0.302
Dasabuvir,Isotretinoin,APPROVED_DRUGBANK,0.302
Dasabuvir,Tretinoin,APPROVED_DRUGBANK,0.302
Delorazepam,Taurocholic_acid,GRAS_IIG,0.302
Diazepam,SODIUM_DESOXYCHOLATE,GRAS_IIG,0.302
Digitoxin,Glycocholic_acid,GRAS_IIG,0.302
Dipyridamole,Carotene_(beta-carotene),GRAS_IIG,0.302
Dipyridamole,Tannic_acid_(hydrolyzable_gallotannins),GRAS_IIG,0.302
Dirithromycin,Glycocholic_acid,GRAS_IIG,0.302
Doxycycline,Vitamin A,APPROVED_DRUGBANK,0.302
Doxycycline,Vitamin_A,GRAS_IIG,0.302
Droxidopa,Alitretinoin,APPROVED_DRUGBANK,0.302
Droxidopa,Isotretinoin,APPROVED_DRUGBANK,0.302
Droxidopa,Tretinoin,APPROVED_DRUGBANK,0.302
Ecamsule,Deoxycholic Acid,APPROVED_DRUGBANK,0.302
Ecamsule,Desoxycholic_acid,GRAS_IIG,0.302
Efavirenz,Vitamin A,APPROVED_DRUGBANK,0.302
Efavirenz,Vitamin_A,GRAS_IIG,0.302
Eribulin,Vitamin_A_acetate,GRAS_IIG,0.302
Etacrynic acid,Tannic_acid_(hydrolyzable_gallotannins),GRAS_IIG,0.302
Ethynodiol diacetate,Losartan,APPROVED_DRUGBANK,0.302
Etravirine,Losartan,APPROVED_DRUGBANK,0.302
Famotidine,Vitamin A,APPROVED_DRUGBANK,0.302
Famotidine,Vitamin_A,GRAS_IIG,0.302
Fenoterol,Tannic_acid_(hydrolyzable_gallotannins),GRAS_IIG,0.302
Ferric pyrophosphate,Losartan,APPROVED_DRUGBANK,0.302
Fluorometholone,Vitamin A,APPROVED_DRUGBANK,0.302
Fluorometholone,Vitamin_A,GRAS_IIG,0.302
Fulvestrant,Micafungin,APPROVED_DRUGBANK,0.302
Gadoteric acid,Losartan,APPROVED_DRUGBANK,0.302
Gadoxetic acid,Taurocholic_acid,GRAS_IIG,0.302
Hexachlorophene,Losartan,APPROVED_DRUGBANK,0.302
Hexafluronium,Deoxycholic Acid,APPROVED_DRUGBANK,0.302
Hexafluronium,Desoxycholic_acid,GRAS_IIG,0.302
Hexoprenaline,Deoxycholic Acid,APPROVED_DRUGBANK,0.302
Hexoprenaline,Desoxycholic_acid,GRAS_IIG,0.302
Indacaterol,Vitamin A,APPROVED_DRUGBANK,0.302
Indacaterol,Vitamin_A,GRAS_IIG,0.302
Iodixanol,Losartan,APPROVED_DRUGBANK,0.302
Iopamidol,Carotene_(beta-carotene),GRAS_IIG,0.302
Iopamidol,Taurocholic_acid,GRAS_IIG,0.302
Iophendylate,Losartan,APPROVED_DRUGBANK,0.302
Ipratropium bromide,SODIUM_DESOXYCHOLATE,GRAS_IIG,0.302
Kanamycin,Taurocholic_acid,GRAS_IIG,0.302
Latanoprost,Vitamin_A_acetate,GRAS_IIG,0.302
Lindane,Carotene_(beta-carotene),GRAS_IIG,0.302
Lodoxamide,Tannic_acid_(hydrolyzable_gallotannins),GRAS_IIG,0.302
Lomitapide,SODIUM_DESOXYCHOLATE,GRAS_IIG,0.302
Lorazepam,Vitamin_A_acetate,GRAS_IIG,0.302
Lovastatin,Glycocholic_acid,GRAS_IIG,0.302
Lumefantrine,Lixisenatide,APPROVED_DRUGBANK,0.302
Magnesium salicylate,Vitamin A,APPROVED_DRUGBANK,0.302
Magnesium salicylate,Vitamin_A,GRAS_IIG,0.302
Maprotiline,Losartan,APPROVED_DRUGBANK,0.302
Medroxyprogesterone acetate,Losartan,APPROVED_DRUGBANK,0.302
Mesna,Tannic_acid_(hydrolyzable_gallotannins),GRAS_IIG,0.302
Metixene,Losartan,APPROVED_DRUGBANK,0.302
Mitotane,Losartan,APPROVED_DRUGBANK,0.302
Nandrolone decanoate,Deoxycholic Acid,APPROVED_DRUGBANK,0.302
Nandrolone decanoate,Desoxycholic_acid,GRAS_IIG,0.302
Nelfinavir,Amlodipine,APPROVED_DRUGBANK,0.302
Nelfinavir,Cefotetan,APPROVED_DRUGBANK,0.302
Nelfinavir,Cinitapride,APPROVED_DRUGBANK,0.302
Nelfinavir,DINOSEB-AMMONIUM,GRAS_IIG,0.302
Nelfinavir,Diethylcarbamazine,APPROVED_DRUGBANK,0.302
Nelfinavir,Fluvoxamine,APPROVED_DRUGBANK,0.302
Nelfinavir,Ketobemidone,APPROVED_DRUGBANK,0.302
Nelfinavir,Levamlodipine,APPROVED_DRUGBANK,0.302
Nelfinavir,PHENYLETHYL_ALCOHOL,GRAS_IIG,0.302
Nelfinavir,Potassium_pyrophosphate,GRAS_IIG,0.302
Nelfinavir,Pravastatin,APPROVED_DRUGBANK,0.302
Nelfinavir,Prazosin,APPROVED_DRUGBANK,0.302
Nelfinavir,Raltitrexed,APPROVED_DRUGBANK,0.302
Nelfinavir,Regadenoson,APPROVED_DRUGBANK,0.302
Nelfinavir,SODIUM_BISULFATE_ACETONE,GRAS_IIG,0.302
Nelfinavir,SOLVENT_RED_49,GRAS_IIG,0.302
Nelfinavir,SQUALANE,GRAS_IIG,0.302
Nelfinavir,"Sodium_pyrophosphate,_tetrabasic",GRAS_IIG,0.302
Nelfinavir,Ticarcillin,APPROVED_DRUGBANK,0.302
Nelfinavir,Tofisopam,APPROVED_DRUGBANK,0.302
Nelfinavir,Vilazodone,APPROVED_DRUGBANK,0.302
Oxytetracycline,Glycocholic_acid,GRAS_IIG,0.302
Permethrin,Tannic_acid_(hydrolyzable_gallotannins),GRAS_IIG,0.302
Perospirone,Vitamin_A_acetate,GRAS_IIG,0.302
Pimecrolimus,Indomethacin,APPROVED_DRUGBANK,0.302
Polaprezinc,Vitamin A,APPROVED_DRUGBANK,0.302
Polaprezinc,Vitamin_A,GRAS_IIG,0.302
Rocuronium,Azilsartan medoxomil,APPROVED_DRUGBANK,0.302
Romidepsin,Vitamin_A_acetate,GRAS_IIG,0.302
Sevelamer,Deoxycholic Acid,APPROVED_DRUGBANK,0.302
Sevelamer,Desoxycholic_acid,GRAS_IIG,0.302
Sildenafil,Azilsartan medoxomil,APPROVED_DRUGBANK,0.302
Silver sulfadiazine,Deoxycholic Acid,APPROVED_DRUGBANK,0.302
Silver sulfadiazine,Desoxycholic_acid,GRAS_IIG,0.302
Silver sulfadiazine,Taurocholic_acid,GRAS_IIG,0.302
Sitaxentan,Deoxycholic Acid,APPROVED_DRUGBANK,0.302
Sitaxentan,Desoxycholic_acid,GRAS_IIG,0.302
Sorafenib,Lixisenatide,APPROVED_DRUGBANK,0.302
Tazarotene,Deoxycholic Acid,APPROVED_DRUGBANK,0.302
Tazarotene,Desoxycholic_acid,GRAS_IIG,0.302
Technetium Tc 99m Mebrofenin,Deoxycholic Acid,APPROVED_DRUGBANK,0.302
Technetium Tc 99m Mebrofenin,Desoxycholic_acid,GRAS_IIG,0.302
Technetium Tc 99m Mebrofenin,Vitamin A,APPROVED_DRUGBANK,0.302
Technetium Tc 99m Mebrofenin,Vitamin_A,GRAS_IIG,0.302
Technetium Tc-99m tetrofosmin,Losartan,APPROVED_DRUGBANK,0.302
Thioridazine,Losartan,APPROVED_DRUGBANK,0.302
Thiothixene,Taurocholic_acid,GRAS_IIG,0.302
Tobramycin,Taurocholic_acid,GRAS_IIG,0.302
Tolnaftate,Losartan,APPROVED_DRUGBANK,0.302
Triazolam,Taurocholic_acid,GRAS_IIG,0.302
Trimethaphan,Azilsartan medoxomil,APPROVED_DRUGBANK,0.302
Abiraterone,Deoxycholic Acid,APPROVED_DRUGBANK,0.3
Abiraterone,Desoxycholic_acid,GRAS_IIG,0.3
Abiraterone,Tannic_acid_(hydrolyzable_gallotannins),GRAS_IIG,0.3
Acarbose,Azilsartan medoxomil,APPROVED_DRUGBANK,0.3
Acetyldigitoxin,Glycocholic_acid,GRAS_IIG,0.3
Adinazolam,Tannic_acid_(hydrolyzable_gallotannins),GRAS_IIG,0.3
Afamelanotide,Vitamin_A_palmitate,GRAS_IIG,0.3
Alendronic acid,Losartan,APPROVED_DRUGBANK,0.3
Alitretinoin,Losartan,APPROVED_DRUGBANK,0.3
Anisotropine Methylbromide,Losartan,APPROVED_DRUGBANK,0.3
Atovaquone,Floctafenine,APPROVED_DRUGBANK,0.3
Atovaquone,Paclitaxel,APPROVED_DRUGBANK,0.3
Bisoxatin,Tannic_acid_(hydrolyzable_gallotannins),GRAS_IIG,0.3
Brompheniramine,Losartan,APPROVED_DRUGBANK,0.3
Calcitriol,Losartan,APPROVED_DRUGBANK,0.3
Calcium Gluceptate,Losartan,APPROVED_DRUGBANK,0.3
Cannabidiol,Deoxycholic Acid,APPROVED_DRUGBANK,0.3
Cannabidiol,Desoxycholic_acid,GRAS_IIG,0.3
Captodiame,Vitamin_A_acetate,GRAS_IIG,0.3
Carboplatin,Losartan,APPROVED_DRUGBANK,0.3
Carboplatin,Vitamin A,APPROVED_DRUGBANK,0.3
Carboplatin,Vitamin_A,GRAS_IIG,0.3
Carprofen,Losartan,APPROVED_DRUGBANK,0.3
Caspofungin,Azilsartan medoxomil,APPROVED_DRUGBANK,0.3
Caspofungin,Indomethacin,APPROVED_DRUGBANK,0.3
Cefotaxime,Vitamin_A_acetate,GRAS_IIG,0.3
Cefotiam,Azilsartan medoxomil,APPROVED_DRUGBANK,0.3
Cefpodoxime,Losartan,APPROVED_DRUGBANK,0.3
Chlortetracycline,Tannic_acid_(hydrolyzable_gallotannins),GRAS_IIG,0.3
Colistimethate,Indomethacin,APPROVED_DRUGBANK,0.3
Cyclosporine,SODIUM_DESOXYCHOLATE,GRAS_IIG,0.3
Cyproterone acetate,Losartan,APPROVED_DRUGBANK,0.3
Deoxycholic Acid,Vitamin A,APPROVED_DRUGBANK,0.3
Deoxycholic Acid,Vitamin_A,GRAS_IIG,0.3
Desogestrel,Vitamin A,APPROVED_DRUGBANK,0.3
Desogestrel,Vitamin_A,GRAS_IIG,0.3
Dexbrompheniramine,Losartan,APPROVED_DRUGBANK,0.3
Dienogest,Alitretinoin,APPROVED_DRUGBANK,0.3
Dienogest,Isotretinoin,APPROVED_DRUGBANK,0.3
Dienogest,Tretinoin,APPROVED_DRUGBANK,0.3
Diphemanil Methylsulfate,Carotene_(beta-carotene),GRAS_IIG,0.3
Diphemanil Methylsulfate,SODIUM_DESOXYCHOLATE,GRAS_IIG,0.3
Dosulepin,Tannic_acid_(hydrolyzable_gallotannins),GRAS_IIG,0.3
Drostanolone,Lixisenatide,APPROVED_DRUGBANK,0.3
Droxidopa,Taurocholic_acid,GRAS_IIG,0.3
Dutasteride,SODIUM_DESOXYCHOLATE,GRAS_IIG,0.3
Dydrogesterone,Losartan,APPROVED_DRUGBANK,0.3
Eletriptan,Vitamin_A_acetate,GRAS_IIG,0.3
Ergoloid mesylate,Azilsartan medoxomil,APPROVED_DRUGBANK,0.3
Erythromycin,Vitamin_A_acetate,GRAS_IIG,0.3
Ethopropazine,Losartan,APPROVED_DRUGBANK,0.3
Etonogestrel,Deoxycholic Acid,APPROVED_DRUGBANK,0.3
Etonogestrel,Desoxycholic_acid,GRAS_IIG,0.3
Fluorometholone,Losartan,APPROVED_DRUGBANK,0.3
Fluticasone Propionate,Glycocholic_acid,GRAS_IIG,0.3
Fluticasone furoate,Azilsartan medoxomil,APPROVED_DRUGBANK,0.3
Gadobenic acid,SODIUM_DESOXYCHOLATE,GRAS_IIG,0.3
Gadoteric acid,Taurocholic_acid,GRAS_IIG,0.3
Gadoteridol,Losartan,APPROVED_DRUGBANK,0.3
Gentian Violet,Deoxycholic Acid,APPROVED_DRUGBANK,0.3
Gentian Violet,Desoxycholic_acid,GRAS_IIG,0.3
Glutathione,Losartan,APPROVED_DRUGBANK,0.3
Gonadorelin,Indomethacin,APPROVED_DRUGBANK,0.3
Indacaterol,Carotene_(beta-carotene),GRAS_IIG,0.3
Iohexol,Losartan,APPROVED_DRUGBANK,0.3
Iohexol,Vitamin A,APPROVED_DRUGBANK,0.3
Iohexol,Vitamin_A,GRAS_IIG,0.3
Isavuconazonium,Glycocholic_acid,GRAS_IIG,0.3
Isoconazole,Mipomersen,APPROVED_DRUGBANK,0.3
Isoconazole,Pralatrexate,APPROVED_DRUGBANK,0.3
Isotretinoin,Losartan,APPROVED_DRUGBANK,0.3
Ledipasvir,Glycocholic_acid,GRAS_IIG,0.3
Levonorgestrel,Alitretinoin,APPROVED_DRUGBANK,0.3
Levonorgestrel,Isotretinoin,APPROVED_DRUGBANK,0.3
Levonorgestrel,Tretinoin,APPROVED_DRUGBANK,0.3
Lobeglitazone,Carotene_(beta-carotene),GRAS_IIG,0.3
Lobeglitazone,SODIUM_DESOXYCHOLATE,GRAS_IIG,0.3
Losartan,Azilsartan medoxomil,APPROVED_DRUGBANK,0.3
Magnesium Sulfate,Tannic_acid_(hydrolyzable_gallotannins),GRAS_IIG,0.3
Maprotiline,Carotene_(beta-carotene),GRAS_IIG,0.3
Methacycline,Azilsartan medoxomil,APPROVED_DRUGBANK,0.3
Methyltestosterone,Carotene_(beta-carotene),GRAS_IIG,0.3
Metrizamide,Deoxycholic Acid,APPROVED_DRUGBANK,0.3
Metrizamide,Desoxycholic_acid,GRAS_IIG,0.3
Metrizoic acid,Deoxycholic Acid,APPROVED_DRUGBANK,0.3
Metrizoic acid,Desoxycholic_acid,GRAS_IIG,0.3
Miconazole,Mipomersen,APPROVED_DRUGBANK,0.3
Mitotane,Budesonide,APPROVED_DRUGBANK,0.3
Montelukast,Deoxycholic Acid,APPROVED_DRUGBANK,0.3
Montelukast,Desoxycholic_acid,GRAS_IIG,0.3
Nandrolone decanoate,Vitamin A,APPROVED_DRUGBANK,0.3
Nandrolone decanoate,Vitamin_A,GRAS_IIG,0.3
Natamycin,Glycocholic_acid,GRAS_IIG,0.3
Nebivolol,Carotene_(beta-carotene),GRAS_IIG,0.3
Nelfinavir,".ALPHA.-TOCOPHEROL_ACETATE,_DL-",GRAS_IIG,0.3
Nelfinavir,Acetylsalicylic acid,APPROVED_DRUGBANK,0.3
Nelfinavir,Avobenzone,APPROVED_DRUGBANK,0.3
Nelfinavir,Bevantolol,APPROVED_DRUGBANK,0.3
Nelfinavir,Brimonidine,APPROVED_DRUGBANK,0.3
Nelfinavir,ETHYLENEDIAMINE_DIHYDROCHLORIDE,GRAS_IIG,0.3
Nelfinavir,Estrone sulfate,APPROVED_DRUGBANK,0.3
Nelfinavir,Isradipine,APPROVED_DRUGBANK,0.3
Nelfinavir,Loperamide,APPROVED_DRUGBANK,0.3
Nelfinavir,Lurasidone,APPROVED_DRUGBANK,0.3
Nelfinavir,Monobenzone,APPROVED_DRUGBANK,0.3
Nelfinavir,POLYLACTIDE,GRAS_IIG,0.3
Nelfinavir,POLYURETHANE,GRAS_IIG,0.3
Nelfinavir,Potassium_tripolyphosphate,GRAS_IIG,0.3
Nelfinavir,Quinupristin,APPROVED_DRUGBANK,0.3
Nelfinavir,Sevelamer,APPROVED_DRUGBANK,0.3
Nelfinavir,Sodium_tripolyphosphate,GRAS_IIG,0.3
Nelfinavir,alpha-Tocopherol_acetate,GRAS_IIG,0.3
Nicardipine,Azilsartan medoxomil,APPROVED_DRUGBANK,0.3
Nortriptyline,Losartan,APPROVED_DRUGBANK,0.3
Novobiocin,Vitamin_A_palmitate,GRAS_IIG,0.3
Olanzapine,Losartan,APPROVED_DRUGBANK,0.3
Oxytetracycline,Alitretinoin,APPROVED_DRUGBANK,0.3
Oxytetracycline,Isotretinoin,APPROVED_DRUGBANK,0.3
Oxytetracycline,Tretinoin,APPROVED_DRUGBANK,0.3
Paroxetine,Deoxycholic Acid,APPROVED_DRUGBANK,0.3
Paroxetine,Desoxycholic_acid,GRAS_IIG,0.3
Pazopanib,Vitamin_A_acetate,GRAS_IIG,0.3
Pemetrexed,SODIUM_DESOXYCHOLATE,GRAS_IIG,0.3
Permethrin,Taurocholic_acid,GRAS_IIG,0.3
Phenprocoumon,Azilsartan medoxomil,APPROVED_DRUGBANK,0.3
Phenprocoumon,Glycocholic_acid,GRAS_IIG,0.3
Pimecrolimus,Azilsartan medoxomil,APPROVED_DRUGBANK,0.3
Piperonyl butoxide,Vitamin A,APPROVED_DRUGBANK,0.3
Piperonyl butoxide,Vitamin_A,GRAS_IIG,0.3
Protriptyline,Losartan,APPROVED_DRUGBANK,0.3
Quinestrol,Taurocholic_acid,GRAS_IIG,0.3
Regadenoson,Taurocholic_acid,GRAS_IIG,0.3
Regorafenib,MONOTHIOGLYCEROL,GRAS_IIG,0.3
Rescinnamine,Azilsartan medoxomil,APPROVED_DRUGBANK,0.3
Ritonavir,Glycocholic_acid,GRAS_IIG,0.3
Roxithromycin,Glycocholic_acid,GRAS_IIG,0.3
Salmeterol,Vitamin_A_acetate,GRAS_IIG,0.3
Setiptiline,Tannic_acid_(hydrolyzable_gallotannins),GRAS_IIG,0.3
Sodium Tetradecyl Sulfate,Vitamin A,APPROVED_DRUGBANK,0.3
Sodium Tetradecyl Sulfate,Vitamin_A,GRAS_IIG,0.3
Sodium bicarbonate,Tannic_acid_(hydrolyzable_gallotannins),GRAS_IIG,0.3
Somatostatin,Indomethacin,APPROVED_DRUGBANK,0.3
Sulconazole,NAPHTHOL_BLUE_BLACK,GRAS_IIG,0.3
Tamoxifen,Azilsartan medoxomil,APPROVED_DRUGBANK,0.3
Tegafur-uracil,Losartan,APPROVED_DRUGBANK,0.3
Tegafur-uracil,SODIUM_DESOXYCHOLATE,GRAS_IIG,0.3
Telaprevir,Vitamin_A_acetate,GRAS_IIG,0.3
Temsirolimus,Azilsartan medoxomil,APPROVED_DRUGBANK,0.3
Tenofovir alafenamide,Glycocholic_acid,GRAS_IIG,0.3
Thiothixene,SODIUM_DESOXYCHOLATE,GRAS_IIG,0.3
Tioconazole,Grazoprevir,APPROVED_DRUGBANK,0.3
Tioconazole,Ledipasvir,APPROVED_DRUGBANK,0.3
Tipranavir,SODIUM_DESOXYCHOLATE,GRAS_IIG,0.3
Tolnaftate,Deoxycholic Acid,APPROVED_DRUGBANK,0.3
Tolnaftate,Desoxycholic_acid,GRAS_IIG,0.3
Trazodone,Vitamin_A_acetate,GRAS_IIG,0.3
Tretinoin,Losartan,APPROVED_DRUGBANK,0.3
Triamcinolone,Tannic_acid_(hydrolyzable_gallotannins),GRAS_IIG,0.3
Vecuronium,SODIUM_DESOXYCHOLATE,GRAS_IIG,0.3
Vitamin A,Losartan,APPROVED_DRUGBANK,0.3
Voglibose,Taurocholic_acid,GRAS_IIG,0.3
